Date,Open,High,Low,Close,Volume,Adj Close
1970-01-02,39.50001,39.87501,39.12501,39.75,20600,0.624356
1970-01-05,39.75,40.37499,39.75,40.37499,11600,0.634172
1970-01-06,40.25001,40.25001,39.24999,39.62499,12800,0.622392
1970-01-07,39.50001,39.50001,38.12499,39.0,9000,0.612575
1970-01-08,39.0,39.0,38.625,39.0,15200,0.612575
1970-01-09,39.0,39.0,38.75001,38.75001,6000,0.608649
1970-01-12,39.24999,39.62499,39.24999,39.62499,11000,0.622392
1970-01-13,39.62499,39.75,39.375,39.50001,15200,0.620429
1970-01-14,39.50001,39.50001,39.0,39.0,20600,0.612575
1970-01-15,39.0,39.50001,38.49999,38.49999,9200,0.604722
1970-01-16,38.49999,39.0,38.25,39.0,21200,0.612575
1970-01-19,39.0,39.0,38.25,38.25,16800,0.600795
1970-01-20,38.25,39.0,38.25,38.49999,7400,0.604722
1970-01-21,38.49999,38.49999,38.00001,38.49999,15000,0.604722
1970-01-22,38.49999,38.49999,38.12499,38.12499,9600,0.598831
1970-01-23,38.12499,38.49999,37.37499,37.5,27600,0.589015
1970-01-26,37.5,37.74999,37.125,37.125,8400,0.583125
1970-01-27,37.125,37.37499,36.99999,37.25001,2600,0.585088
1970-01-28,37.125,37.125,36.99999,36.99999,19200,0.581161
1970-01-29,37.37499,37.62501,37.37499,37.37499,12200,0.587051
1970-01-30,37.37499,38.00001,37.25001,37.25001,17400,0.585088
1970-02-02,37.25001,37.25001,36.75,37.25001,10400,0.585088
1970-02-03,37.37499,37.875,37.37499,37.62501,11600,0.590978
1970-02-04,37.62501,38.49999,37.5,37.875,24600,0.594905
1970-02-05,37.875,38.12499,36.75,37.37499,24800,0.587051
1970-02-06,36.99999,36.99999,36.62499,36.75,28800,0.581905
1970-02-09,36.75,38.00001,36.62499,37.125,14000,0.587843
1970-02-10,36.99999,36.99999,36.62499,36.62499,17400,0.579926
1970-02-11,36.62499,36.99999,36.375,36.99999,18600,0.585864
1970-02-12,36.99999,36.99999,36.75,36.75,3200,0.581905
1970-02-13,36.99999,37.37499,36.99999,36.99999,7800,0.585864
1970-02-16,36.99999,38.12499,36.75,38.00001,75000,0.601698
1970-02-17,38.00001,38.37501,37.875,38.37501,9800,0.607636
1970-02-18,38.37501,39.0,38.00001,39.0,83400,0.617532
1970-02-19,39.0,39.12501,38.49999,39.12501,36600,0.619511
1970-02-20,39.12501,39.62499,39.12501,39.62499,11400,0.627428
1970-02-24,39.62499,41.49999,39.50001,39.99999,31800,0.633366
1970-02-25,40.5,41.75001,40.5,41.25,46400,0.653159
1970-02-26,41.25,42.0,40.62501,41.49999,53000,0.657117
1970-02-27,41.49999,42.0,41.49999,41.75001,55800,0.661076
1970-03-02,42.0,42.75,42.0,42.375,31200,0.670972
1970-03-03,42.375,43.74999,41.37501,43.74999,33600,0.692744
1970-03-04,43.5,43.5,42.375,42.375,21200,0.670972
1970-03-05,42.375,42.375,41.625,42.0,18600,0.665035
1970-03-06,42.50001,42.87501,42.50001,42.87501,10400,0.67889
1970-03-09,42.87501,43.25001,42.62499,42.75,8400,0.67691
1970-03-10,42.75,43.25001,42.50001,42.87501,16200,0.67889
1970-03-11,42.87501,42.99999,42.50001,42.99999,19400,0.680869
1970-03-12,42.99999,43.37499,42.99999,42.99999,15800,0.680869
1970-03-13,42.99999,42.99999,42.24999,42.99999,17000,0.680869
1970-03-16,42.87501,42.87501,41.625,42.0,12800,0.665035
1970-03-17,42.0,42.24999,42.0,42.0,12200,0.665035
1970-03-18,42.0,42.50001,42.0,42.50001,11400,0.672952
1970-03-19,42.50001,42.99999,42.24999,42.75,12600,0.67691
1970-03-20,42.75,42.87501,42.50001,42.50001,30600,0.672952
1970-03-23,42.50001,42.87501,42.24999,42.87501,7400,0.67889
1970-03-24,42.87501,43.125,42.87501,42.99999,8600,0.680869
1970-03-25,43.25001,44.25,43.25001,44.00001,51000,0.696703
1970-03-26,44.00001,44.25,44.00001,44.12499,84200,0.698682
1970-03-30,44.12499,44.49999,44.00001,44.25,24800,0.700661
1970-03-31,44.25,44.49999,44.00001,44.49999,25200,0.70462
1970-04-01,44.49999,44.75001,44.49999,44.625,15600,0.706599
1970-04-02,44.625,44.625,44.00001,44.00001,14000,0.696703
1970-04-03,44.00001,44.00001,43.5,43.875,19200,0.694724
1970-04-06,43.62501,43.62501,42.62499,43.37499,41600,0.686806
1970-04-07,43.37499,43.875,42.99999,43.125,11600,0.682848
1970-04-08,43.25001,43.875,43.25001,43.5,15600,0.688786
1970-04-09,43.5,44.00001,43.25001,43.25001,24800,0.684827
1970-04-10,43.25001,43.875,43.125,43.25001,14000,0.684827
1970-04-13,43.25001,43.5,42.99999,42.99999,13800,0.680869
1970-04-14,42.99999,42.99999,42.62499,42.99999,13200,0.680869
1970-04-15,42.99999,42.99999,42.375,42.99999,7400,0.680869
1970-04-16,42.50001,42.50001,42.0,42.0,11400,0.665035
1970-04-17,41.49999,41.49999,40.25001,40.37499,18600,0.639304
1970-04-20,40.37499,41.00001,39.99999,40.5,7800,0.641283
1970-04-21,40.5,41.625,40.5,40.5,14000,0.641283
1970-04-22,40.125,40.125,39.50001,39.99999,46800,0.633366
1970-04-23,39.99999,40.37499,39.99999,40.37499,62000,0.639304
1970-04-24,40.25001,40.25001,39.99999,40.25001,3000,0.637325
1970-04-27,40.25001,40.5,40.25001,40.25001,11600,0.637325
1970-04-28,40.25001,40.37499,39.99999,39.99999,23400,0.633366
1970-04-29,39.99999,40.37499,39.24999,39.99999,47600,0.633366
1970-04-30,39.99999,40.5,39.99999,39.99999,29600,0.633366
1970-05-01,39.99999,39.99999,38.75001,38.87499,39200,0.615553
1970-05-04,38.75001,38.75001,38.00001,38.37501,71400,0.607636
1970-05-05,38.37501,38.625,38.00001,38.12499,39200,0.603677
1970-05-06,38.12499,38.49999,37.74999,37.74999,23400,0.597739
1970-05-07,37.74999,38.37501,37.125,37.875,15800,0.599719
1970-05-08,37.875,38.00001,37.5,37.62501,6000,0.59576
1970-05-11,37.62501,38.00001,37.62501,37.62501,5600,0.600549
1970-05-12,37.62501,37.875,37.5,37.5,8000,0.598553
1970-05-13,37.5,37.62501,36.99999,36.99999,13800,0.590572
1970-05-14,36.99999,37.5,36.50001,37.5,4800,0.598553
1970-05-15,37.5,37.875,36.99999,36.99999,23400,0.590572
1970-05-18,37.25001,37.74999,37.25001,37.74999,2600,0.602544
1970-05-19,37.74999,37.875,36.99999,36.99999,28800,0.590572
1970-05-20,36.50001,36.50001,36.0,36.0,23400,0.574611
1970-05-21,36.0,36.24999,35.25,36.0,35000,0.574611
1970-05-22,36.0,36.0,35.625,36.0,14000,0.574611
1970-05-25,36.0,36.0,35.49999,35.49999,14400,0.56663
1970-05-26,35.49999,35.49999,35.00001,35.49999,11600,0.56663
1970-05-27,35.49999,36.99999,35.00001,36.99999,21200,0.590572
1970-05-28,36.99999,37.37499,36.12501,36.12501,9000,0.576607
1970-05-29,36.12501,36.99999,35.75001,36.24999,20600,0.578601
1970-06-01,36.24999,36.87501,35.75001,36.87501,12200,0.588578
1970-06-02,36.87501,36.99999,36.24999,36.50001,20000,0.582592
1970-06-03,36.50001,36.99999,36.24999,36.99999,34400,0.590572
1970-06-04,37.5,38.75001,37.5,37.62501,17600,0.600549
1970-06-05,37.62501,37.875,36.0,36.99999,28800,0.590572
1970-06-08,36.75,36.75,36.375,36.375,9000,0.580597
1970-06-09,36.24999,36.24999,35.75001,35.75001,16400,0.570621
1970-06-10,36.0,36.24999,36.0,36.0,17600,0.574611
1970-06-11,35.87499,35.87499,35.49999,35.49999,6800,0.56663
1970-06-12,35.625,36.0,35.625,36.0,33000,0.574611
1970-06-15,35.49999,35.49999,33.99999,34.74999,19400,0.554659
1970-06-16,34.74999,35.12499,34.5,34.5,10200,0.550669
1970-06-17,34.5,35.25,34.125,35.25,21800,0.56264
1970-06-18,35.25,36.24999,35.00001,35.00001,19200,0.55865
1970-06-19,35.00001,35.87499,35.00001,35.00001,20400,0.55865
1970-06-22,35.00001,35.75001,34.74999,35.12499,16200,0.560645
1970-06-23,35.12499,35.37501,35.00001,35.00001,15600,0.55865
1970-06-24,35.12499,36.0,35.12499,36.0,23600,0.574611
1970-06-25,36.0,36.50001,36.0,36.0,7800,0.574611
1970-06-26,36.0,36.0,35.75001,35.75001,4800,0.570621
1970-06-29,35.75001,36.0,35.75001,36.0,18000,0.574611
1970-06-30,36.0,36.375,35.625,35.87499,24200,0.572616
1970-07-01,35.87499,36.75,35.625,36.75,27200,0.586582
1970-07-02,36.75,38.25,36.62499,38.25,8600,0.610524
1970-07-06,38.25,38.37501,37.5,38.00001,18200,0.606534
1970-07-07,38.00001,38.49999,38.00001,38.12499,5600,0.608529
1970-07-08,38.25,38.87499,38.25,38.87499,7400,0.6205
1970-07-09,39.62499,40.37499,39.62499,39.99999,55200,0.638457
1970-07-10,39.99999,40.5,39.99999,40.125,16400,0.640452
1970-07-13,40.125,40.37499,39.87501,39.87501,26000,0.636462
1970-07-14,39.99999,40.25001,39.99999,40.125,6000,0.640452
1970-07-15,40.125,40.25001,39.62499,40.25001,22800,0.642447
1970-07-16,40.25001,40.5,40.25001,40.25001,17000,0.642447
1970-07-17,40.25001,40.25001,38.75001,39.0,13800,0.622495
1970-07-20,39.50001,40.37499,39.50001,40.37499,39800,0.644442
1970-07-21,40.25001,40.25001,39.87501,39.99999,29400,0.638457
1970-07-22,39.99999,40.25001,39.99999,39.99999,15000,0.638457
1970-07-23,40.25001,41.87499,40.25001,41.75001,55200,0.66639
1970-07-24,41.75001,42.375,41.25,41.49999,21600,0.662399
1970-07-27,41.12499,41.12499,41.00001,41.00001,8000,0.654418
1970-07-28,41.00001,41.625,41.00001,41.00001,86600,0.654418
1970-07-29,41.00001,41.37501,40.5,40.5,22400,0.646438
1970-07-30,40.5,40.5,39.99999,39.99999,29000,0.638457
1970-07-31,39.99999,40.74999,39.62499,40.74999,18200,0.650428
1970-08-03,40.74999,40.875,40.5,40.74999,3600,0.650428
1970-08-04,40.5,40.5,39.375,39.375,11400,0.628481
1970-08-05,39.375,40.25001,39.375,40.25001,7200,0.642447
1970-08-06,40.25001,40.25001,39.75,39.99999,15600,0.638457
1970-08-07,39.99999,40.25001,39.75,40.25001,24000,0.642447
1970-08-10,40.25001,40.25001,39.87501,39.99999,28800,0.643251
1970-08-11,39.99999,39.99999,39.62499,39.87501,11000,0.641241
1970-08-12,39.99999,40.37499,39.99999,40.25001,7800,0.647272
1970-08-13,40.25001,40.62501,40.125,40.62501,11600,0.653302
1970-08-14,40.5,40.5,39.99999,40.25001,10800,0.647272
1970-08-17,40.62501,41.25,40.62501,41.00001,9600,0.659333
1970-08-18,41.00001,41.00001,40.25001,40.74999,22200,0.655312
1970-08-19,40.74999,41.12499,40.74999,41.12499,7400,0.661343
1970-08-20,41.49999,42.50001,41.49999,41.75001,16400,0.671394
1970-08-21,41.75001,42.12501,41.75001,41.75001,19200,0.671394
1970-08-24,42.50001,42.99999,42.50001,42.99999,22400,0.691495
1970-08-25,42.87501,42.87501,41.12499,41.12499,21600,0.661343
1970-08-26,41.12499,41.75001,40.62501,41.49999,6800,0.667373
1970-08-27,41.49999,41.87499,41.37501,41.75001,9000,0.671394
1970-08-28,41.75001,42.24999,41.37501,42.0,10200,0.675414
1970-08-31,42.0,42.375,41.49999,41.49999,5600,0.667373
1970-09-01,41.49999,41.87499,41.00001,41.75001,14000,0.671394
1970-09-02,41.75001,41.87499,41.25,41.87499,5600,0.673404
1970-09-03,41.87499,42.375,41.49999,41.49999,25400,0.667373
1970-09-04,41.49999,42.0,41.00001,41.37501,14600,0.665363
1970-09-08,41.00001,41.00001,39.99999,40.5,36000,0.651292
1970-09-09,40.5,40.5,40.125,40.37499,5400,0.649282
1970-09-10,40.37499,40.74999,39.99999,40.74999,45600,0.655312
1970-09-11,40.74999,41.625,40.5,41.00001,12800,0.659333
1970-09-14,41.00001,41.25,40.5,40.5,282600,0.651292
1970-09-15,40.5,40.74999,40.5,40.5,7400,0.651292
1970-09-16,40.5,40.74999,39.99999,40.5,13800,0.651292
1970-09-17,40.5,40.62501,39.75,40.25001,314000,0.647272
1970-09-18,40.5,40.875,40.5,40.74999,12200,0.655312
1970-09-21,40.5,40.5,39.99999,39.99999,43400,0.643251
1970-09-22,39.99999,39.99999,39.62499,39.87501,6600,0.641241
1970-09-23,39.87501,40.25001,39.50001,39.87501,13400,0.641241
1970-09-24,39.87501,40.5,39.375,40.125,11400,0.645262
1970-09-25,40.5,41.00001,40.5,41.00001,38000,0.659333
1970-09-28,41.00001,41.00001,40.62501,40.62501,3200,0.653302
1970-09-29,40.62501,41.37501,40.25001,41.12499,13400,0.661343
1970-09-30,41.00001,41.00001,40.875,40.875,4200,0.657322
1970-10-01,40.875,41.25,40.875,41.25,20400,0.663353
1970-10-02,41.25,41.49999,41.12499,41.12499,9000,0.661343
1970-10-05,41.12499,41.625,41.12499,41.625,55800,0.669383
1970-10-06,41.49999,41.49999,41.37501,41.37501,26000,0.665363
1970-10-07,41.25,41.25,40.5,41.00001,41600,0.659333
1970-10-08,41.00001,41.25,40.62501,40.62501,16800,0.653302
1970-10-09,40.62501,41.37501,40.5,40.875,20600,0.657322
1970-10-12,40.875,41.12499,40.74999,41.12499,38000,0.661343
1970-10-13,41.00001,41.00001,40.74999,41.00001,18800,0.659333
1970-10-14,40.875,40.875,40.5,40.875,31400,0.657322
1970-10-15,40.74999,40.74999,40.25001,40.5,13400,0.651292
1970-10-16,40.62501,41.25,40.62501,41.00001,12800,0.659333
1970-10-19,40.875,40.875,40.125,40.125,5400,0.645262
1970-10-20,40.5,41.37501,40.5,41.25,8400,0.663353
1970-10-21,41.25,41.75001,41.25,41.25,28400,0.663353
1970-10-22,41.25,41.25,40.37499,40.37499,4200,0.649282
1970-10-23,40.37499,40.74999,40.125,40.5,11600,0.651292
1970-10-26,40.5,40.74999,39.99999,40.5,8400,0.651292
1970-10-27,40.5,40.74999,40.5,40.74999,35400,0.655312
1970-10-28,40.25001,40.25001,39.75,40.125,7400,0.645262
1970-10-29,39.99999,39.99999,39.0,39.24999,17600,0.63119
1970-10-30,39.24999,39.99999,38.87499,39.99999,15000,0.643251
1970-11-02,39.99999,40.37499,39.99999,39.99999,8600,0.643251
1970-11-03,39.99999,40.5,39.75,40.125,5000,0.645262
1970-11-04,40.25001,41.00001,40.25001,40.62501,428000,0.653302
1970-11-05,40.62501,41.00001,40.125,40.74999,59400,0.655312
1970-11-06,41.00001,41.75001,41.00001,41.49999,11000,0.672323
1970-11-09,41.49999,41.625,40.74999,41.625,16200,0.674348
1970-11-10,41.625,42.0,41.625,42.0,6200,0.680423
1970-11-11,42.50001,44.00001,42.50001,43.5,26000,0.704724
1970-11-12,43.5,43.62501,43.125,43.62501,16800,0.706749
1970-11-13,43.25001,43.25001,42.375,42.99999,28400,0.696624
1970-11-16,43.125,43.37499,43.125,43.125,3600,0.698649
1970-11-17,43.125,43.62501,42.99999,43.5,23600,0.704724
1970-11-18,43.125,43.125,41.75001,41.75001,31200,0.676373
1970-11-19,42.0,42.75,42.0,42.12501,13200,0.682448
1970-11-20,42.24999,43.5,42.24999,43.5,12200,0.704724
1970-11-23,43.74999,44.00001,43.74999,43.74999,31200,0.708774
1970-11-24,43.74999,44.00001,43.5,43.875,26600,0.710799
1970-11-25,43.875,44.00001,43.37499,43.5,7800,0.704724
1970-11-27,43.5,44.12499,43.37499,44.12499,12000,0.714849
1970-11-30,44.00001,44.00001,43.5,44.00001,12200,0.712824
1970-12-01,44.00001,44.87499,43.62501,44.87499,30800,0.727
1970-12-02,44.87499,45.24999,44.49999,44.75001,39000,0.724975
1970-12-03,45.24999,46.5,45.24999,45.87501,21200,0.7432
1970-12-04,45.87501,45.87501,44.75001,45.12501,13800,0.73105
1970-12-07,45.12501,45.87501,44.87499,45.0,24000,0.729025
1970-12-08,44.87499,44.87499,43.74999,44.00001,14600,0.712824
1970-12-09,44.12499,44.49999,44.12499,44.49999,12800,0.720924
1970-12-10,44.625,45.24999,44.625,45.24999,9200,0.733075
1970-12-11,45.50001,45.99999,45.50001,45.75,64800,0.741175
1970-12-14,45.375,45.375,44.00001,44.12499,13400,0.714849
1970-12-15,44.37501,44.75001,44.37501,44.75001,8600,0.724975
1970-12-16,44.75001,44.75001,44.12499,44.49999,6200,0.720924
1970-12-17,44.49999,44.75001,44.00001,44.00001,9200,0.712824
1970-12-18,44.25,45.75,44.25,45.12501,48000,0.73105
1970-12-21,45.12501,45.24999,44.49999,45.12501,47400,0.73105
1970-12-22,45.12501,45.87501,45.12501,45.12501,18600,0.73105
1970-12-23,45.12501,45.75,45.0,45.12501,15000,0.73105
1970-12-24,45.50001,46.37499,45.50001,46.37499,16200,0.7513
1970-12-28,46.37499,46.37499,45.375,45.62499,21600,0.73915
1970-12-29,45.62499,45.87501,45.50001,45.87501,4800,0.7432
1970-12-30,45.87501,46.25001,45.62499,45.99999,41600,0.745225
1970-12-31,45.99999,45.99999,45.75,45.87501,4400,0.7432
1971-01-04,45.87501,45.87501,45.0,45.12501,10800,0.73105
1971-01-05,45.12501,45.375,45.0,45.12501,6800,0.73105
1971-01-06,45.12501,45.75,45.0,45.24999,16200,0.733075
1971-01-07,45.24999,45.24999,45.0,45.0,7800,0.729025
1971-01-08,45.12501,45.87501,45.12501,45.50001,12800,0.737125
1971-01-11,45.50001,45.50001,45.12501,45.12501,4200,0.73105
1971-01-12,45.24999,45.99999,45.24999,45.50001,59400,0.737125
1971-01-13,45.99999,46.74999,45.99999,46.37499,78600,0.7513
1971-01-14,46.37499,46.5,46.125,46.5,32000,0.753326
1971-01-15,46.5,46.5,45.99999,45.99999,38600,0.745225
1971-01-18,46.25001,46.74999,46.25001,46.62501,10400,0.755351
1971-01-19,46.74999,47.00001,46.74999,46.74999,49800,0.757376
1971-01-20,46.74999,47.37501,46.25001,46.875,39800,0.759401
1971-01-21,46.5,46.5,45.99999,45.99999,8000,0.745225
1971-01-22,45.99999,46.5,45.99999,46.5,438000,0.753326
1971-01-25,46.5,46.74999,45.75,45.75,150600,0.741175
1971-01-26,46.25001,47.00001,46.25001,46.37499,34400,0.7513
1971-01-27,46.37499,46.62501,45.99999,46.125,115400,0.74725
1971-01-28,46.125,46.37499,45.75,45.99999,24000,0.745225
1971-01-29,45.99999,46.25001,45.50001,45.50001,82800,0.737125
1971-02-01,45.50001,45.99999,45.50001,45.99999,64800,0.745225
1971-02-02,45.99999,45.99999,45.24999,45.99999,15200,0.745225
1971-02-03,45.87501,45.87501,45.50001,45.87501,6600,0.7432
1971-02-04,45.87501,45.87501,45.62499,45.75,19200,0.741175
1971-02-05,45.62499,45.62499,45.24999,45.62499,156000,0.744029
1971-02-08,45.62499,45.87501,45.50001,45.87501,16800,0.748106
1971-02-09,45.87501,46.5,45.87501,46.37499,38600,0.756259
1971-02-10,46.25001,46.25001,45.99999,46.25001,261600,0.754221
1971-02-11,46.5,47.00001,46.5,46.74999,99600,0.762375
1971-02-12,46.74999,47.12499,46.25001,47.12499,47000,0.76849
1971-02-16,47.12499,47.37501,46.62501,47.37501,18000,0.772567
1971-02-17,47.37501,48.0,47.00001,47.87499,133200,0.780721
1971-02-18,48.24999,49.74999,48.24999,48.24999,60800,0.786836
1971-02-19,48.12501,48.12501,47.49999,47.75001,54200,0.778683
1971-02-22,47.625,47.625,47.00001,47.49999,20400,0.774605
1971-02-23,47.49999,48.0,47.25,47.625,37400,0.776644
1971-02-24,47.49999,47.49999,47.00001,47.00001,19400,0.766452
1971-02-25,47.00001,47.25,46.5,47.00001,11000,0.766452
1971-02-26,46.875,46.875,46.125,46.125,164600,0.752183
1971-03-01,46.125,46.37499,45.87501,46.125,61200,0.752183
1971-03-02,46.125,46.125,45.75,45.75,40800,0.746067
1971-03-03,45.75,46.125,45.75,46.125,14400,0.752183
1971-03-04,46.5,47.25,46.5,47.25,33800,0.770529
1971-03-05,47.25,47.625,47.00001,47.00001,24200,0.766452
1971-03-08,47.00001,47.49999,47.00001,47.49999,14400,0.774605
1971-03-09,47.49999,47.625,47.00001,47.12499,11600,0.76849
1971-03-10,47.12499,47.625,47.00001,47.00001,30800,0.766452
1971-03-11,47.00001,47.49999,47.00001,47.37501,15600,0.772567
1971-03-12,47.25,47.25,46.5,46.62501,22200,0.760337
1971-03-15,46.62501,46.74999,46.25001,46.62501,184800,0.760337
1971-03-16,46.62501,46.62501,46.25001,46.25001,242000,0.754221
1971-03-17,46.25001,46.62501,45.99999,46.62501,21200,0.760337
1971-03-18,46.62501,47.00001,46.62501,47.00001,23400,0.766452
1971-03-19,47.00001,47.37501,47.00001,47.12499,28200,0.76849
1971-03-22,47.12499,47.37501,47.00001,47.00001,22400,0.766452
1971-03-23,47.00001,47.12499,47.00001,47.00001,21200,0.766452
1971-03-24,47.00001,47.25,47.00001,47.12499,21200,0.76849
1971-03-25,47.12499,47.49999,47.00001,47.00001,30200,0.766452
1971-03-26,47.25,47.87499,47.25,47.87499,96800,0.780721
1971-03-29,47.87499,47.87499,47.00001,47.00001,44600,0.766452
1971-03-30,47.00001,47.625,47.00001,47.00001,167400,0.766452
1971-03-31,47.12499,47.49999,47.12499,47.12499,15600,0.76849
1971-04-01,47.25,47.625,47.25,47.625,9200,0.776644
1971-04-02,47.625,47.625,47.37501,47.49999,7800,0.774605
1971-04-05,47.49999,47.75001,47.25,47.25,12000,0.770529
1971-04-06,47.25,47.49999,47.00001,47.00001,30000,0.766452
1971-04-07,47.49999,47.75001,47.49999,47.75001,9000,0.778683
1971-04-08,47.75001,47.87499,47.37501,47.37501,9200,0.772567
1971-04-12,47.37501,47.625,46.74999,47.25,26600,0.770529
1971-04-13,47.12499,47.12499,46.5,46.875,25200,0.764413
1971-04-14,46.875,47.49999,46.62501,46.875,13200,0.764413
1971-04-15,46.875,47.25,46.74999,47.25,12200,0.770529
1971-04-16,47.25,47.625,47.25,47.49999,23400,0.774605
1971-04-19,47.49999,47.49999,47.25,47.49999,7200,0.774605
1971-04-20,47.49999,48.50001,47.49999,48.50001,17600,0.790913
1971-04-21,48.62499,49.25001,48.62499,48.99999,13800,0.799067
1971-04-22,48.50001,48.50001,47.75001,47.75001,7800,0.778683
1971-04-23,47.625,47.625,46.74999,47.00001,61400,0.766452
1971-04-26,47.00001,47.625,46.5,47.00001,7200,0.766452
1971-04-27,47.00001,47.49999,47.00001,47.12499,6800,0.76849
1971-04-28,47.12499,47.12499,45.62499,46.74999,33800,0.762375
1971-04-29,46.74999,46.74999,45.50001,45.50001,34800,0.741991
1971-04-30,45.50001,46.25001,45.0,45.375,30800,0.739952
1971-05-03,45.375,45.75,44.00001,44.49999,11000,0.725683
1971-05-04,44.49999,45.99999,44.12499,45.99999,10200,0.750144
1971-05-05,45.75,45.75,45.0,45.50001,12800,0.741991
1971-05-06,44.87499,44.87499,44.00001,44.00001,20400,0.71753
1971-05-07,44.00001,44.49999,43.5,43.875,9800,0.715491
1971-05-10,43.875,44.37501,43.74999,43.74999,18200,0.718859
1971-05-11,43.74999,45.375,43.62501,44.75001,11600,0.735291
1971-05-12,44.625,44.625,43.74999,44.00001,25400,0.722967
1971-05-13,44.00001,44.25,43.74999,44.25,16800,0.727075
1971-05-14,44.25,44.25,44.00001,44.25,19800,0.727075
1971-05-17,44.25,44.37501,43.74999,44.00001,5000,0.722967
1971-05-18,44.00001,44.49999,43.74999,44.25,16800,0.727075
1971-05-19,44.25,44.625,44.00001,44.625,8000,0.733236
1971-05-20,44.625,44.87499,44.00001,44.25,19400,0.727075
1971-05-21,44.25,44.87499,44.00001,44.00001,17000,0.722967
1971-05-24,44.00001,45.0,43.74999,44.75001,11400,0.735291
1971-05-25,44.75001,44.75001,43.74999,44.00001,11600,0.722967
1971-05-26,44.00001,44.87499,43.875,44.49999,21800,0.731182
1971-05-27,44.49999,44.49999,44.12499,44.12499,9200,0.725021
1971-05-28,44.12499,44.625,44.00001,44.00001,16200,0.722967
1971-06-01,44.00001,44.00001,43.5,43.5,26600,0.714752
1971-06-02,43.5,44.00001,43.37499,43.37499,24800,0.712697
1971-06-03,42.99999,42.99999,41.625,42.50001,21800,0.698321
1971-06-04,42.50001,42.99999,42.24999,42.99999,20600,0.706536
1971-06-07,42.87501,42.87501,42.50001,42.62499,9000,0.700374
1971-06-08,42.62499,42.87501,42.50001,42.62499,21800,0.700374
1971-06-09,42.62499,42.99999,42.375,42.87501,12000,0.704482
1971-06-10,43.125,43.5,43.125,43.37499,14600,0.712697
1971-06-11,43.74999,44.37501,43.74999,44.25,27000,0.727075
1971-06-14,44.25,44.25,43.74999,44.25,83400,0.727075
1971-06-15,44.25,44.75001,44.00001,44.625,9600,0.733236
1971-06-16,44.625,44.87499,44.25,44.625,14400,0.733236
1971-06-17,44.625,45.99999,44.625,45.99999,12200,0.755829
1971-06-18,45.99999,46.25001,45.99999,45.99999,18600,0.755829
1971-06-21,45.99999,46.125,45.24999,45.24999,12600,0.743506
1971-06-22,45.24999,45.375,45.12501,45.12501,153000,0.741452
1971-06-23,45.12501,45.24999,44.625,45.24999,24800,0.743506
1971-06-24,45.24999,45.24999,44.75001,44.87499,149600,0.737344
1971-06-25,45.0,45.50001,45.0,45.50001,40800,0.747614
1971-06-28,45.50001,45.50001,45.375,45.50001,11000,0.747614
1971-06-29,45.50001,45.87501,45.24999,45.87501,62600,0.753775
1971-06-30,45.99999,46.74999,45.99999,46.74999,30200,0.768152
1971-07-01,46.74999,47.00001,45.99999,46.62501,21000,0.766099
1971-07-02,46.62501,46.62501,45.99999,45.99999,14000,0.755829
1971-07-06,45.99999,46.37499,45.99999,46.37499,15000,0.761991
1971-07-07,46.5,47.25,46.5,46.74999,64400,0.768152
1971-07-08,47.25,48.12501,47.25,47.75001,24800,0.784584
1971-07-09,47.75001,48.75,47.75001,48.375,7400,0.794853
1971-07-12,48.375,48.75,48.375,48.75,21000,0.801015
1971-07-13,48.75,48.75,47.49999,47.49999,24600,0.780476
1971-07-14,47.49999,47.49999,46.25001,46.875,249600,0.770206
1971-07-15,46.875,47.00001,46.37499,46.875,61400,0.770206
1971-07-16,46.875,47.00001,46.74999,47.00001,13400,0.77226
1971-07-19,46.875,46.875,46.5,46.5,18800,0.764045
1971-07-20,46.5,46.875,46.5,46.875,23600,0.770206
1971-07-21,46.875,47.25,46.74999,47.00001,16800,0.77226
1971-07-22,46.875,46.875,45.87501,45.99999,10200,0.755829
1971-07-23,45.99999,46.25001,45.99999,45.99999,34400,0.755829
1971-07-26,45.99999,46.25001,45.99999,46.25001,27600,0.759937
1971-07-27,46.125,46.125,45.99999,45.99999,3600,0.755829
1971-07-28,45.99999,46.37499,45.99999,45.99999,4400,0.755829
1971-07-29,45.99999,46.25001,45.50001,45.50001,30600,0.747614
1971-07-30,45.50001,45.75,44.75001,44.75001,9000,0.735291
1971-08-02,44.75001,45.0,44.49999,45.0,4400,0.739398
1971-08-03,45.24999,45.50001,45.24999,45.50001,3800,0.747614
1971-08-04,45.0,45.0,44.49999,44.49999,24800,0.731182
1971-08-05,44.49999,45.0,44.00001,44.25,30200,0.727075
1971-08-06,44.25,44.25,44.00001,44.25,27600,0.727075
1971-08-09,44.25,44.37501,44.12499,44.12499,5600,0.730468
1971-08-10,44.12499,44.12499,43.875,43.875,19800,0.72633
1971-08-11,43.875,44.00001,43.62501,44.00001,18800,0.728399
1971-08-12,44.00001,44.12499,43.5,44.00001,24000,0.728399
1971-08-13,44.00001,44.00001,43.74999,44.00001,31400,0.728399
1971-08-16,45.12501,45.87501,45.12501,45.50001,25200,0.753231
1971-08-17,45.50001,45.50001,44.75001,44.75001,36200,0.740815
1971-08-18,44.75001,44.75001,44.25,44.49999,4200,0.736676
1971-08-19,44.49999,44.87499,43.37499,43.875,20400,0.72633
1971-08-20,43.875,43.875,42.75,42.75,18200,0.707706
1971-08-23,42.99999,43.875,42.99999,43.875,11600,0.72633
1971-08-24,43.875,44.75001,43.5,44.49999,21800,0.736676
1971-08-25,44.49999,45.12501,44.00001,45.12501,33800,0.747023
1971-08-26,45.12501,46.25001,45.0,46.125,40800,0.763578
1971-08-27,45.99999,45.99999,45.24999,45.24999,16200,0.749092
1971-08-30,45.24999,45.375,44.87499,45.12501,7200,0.747023
1971-08-31,44.87499,44.87499,44.625,44.625,7200,0.738746
1971-09-01,44.625,44.87499,44.25,44.25,13200,0.732538
1971-09-02,44.25,44.37501,43.74999,43.875,10800,0.72633
1971-09-03,44.00001,45.24999,44.00001,45.24999,15800,0.749092
1971-09-07,45.50001,46.25001,45.50001,45.87501,27000,0.759439
1971-09-08,45.87501,45.87501,45.75,45.75,5000,0.75737
1971-09-09,45.75,45.75,44.49999,45.0,35000,0.744954
1971-09-10,45.12501,45.50001,45.12501,45.12501,25400,0.747023
1971-09-13,45.12501,45.24999,44.625,44.625,8000,0.738746
1971-09-14,44.625,45.12501,44.625,44.625,15600,0.738746
1971-09-15,44.625,44.87499,44.25,44.87499,7800,0.742884
1971-09-16,44.87499,44.87499,44.37501,44.37501,5000,0.734607
1971-09-17,44.37501,44.75001,44.25,44.25,6800,0.732538
1971-09-20,44.37501,44.75001,44.37501,44.37501,20000,0.734607
1971-09-21,44.37501,44.625,44.37501,44.37501,12800,0.734607
1971-09-22,44.37501,44.625,43.74999,43.74999,16200,0.72426
1971-09-23,43.74999,44.00001,42.99999,43.25001,20000,0.715983
1971-09-24,43.25001,43.74999,42.87501,42.87501,9200,0.709776
1971-09-27,42.87501,43.25001,42.75,43.25001,7800,0.715983
1971-09-28,43.25001,43.5,42.75,43.37499,11600,0.718052
1971-09-29,43.37499,44.00001,43.37499,43.74999,9600,0.72426
1971-09-30,43.37499,43.37499,42.75,42.75,13400,0.707706
1971-10-01,42.75,43.5,42.75,43.5,65600,0.720122
1971-10-04,43.5,43.875,43.5,43.74999,289800,0.72426
1971-10-05,43.74999,43.875,43.62501,43.62501,13200,0.722191
1971-10-06,43.62501,44.12499,43.5,44.12499,32600,0.730468
1971-10-07,44.25,44.75001,44.25,44.625,50000,0.738746
1971-10-08,45.12501,45.99999,45.12501,45.50001,16400,0.753231
1971-10-11,45.50001,45.62499,45.375,45.375,8000,0.751162
1971-10-12,45.375,45.87501,45.12501,45.62499,71600,0.7553
1971-10-13,46.25001,47.00001,46.25001,46.875,90800,0.775993
1971-10-14,46.875,47.12499,46.62501,46.74999,35400,0.773924
1971-10-15,46.74999,47.12499,46.5,47.00001,6200,0.778063
1971-10-18,47.00001,47.00001,46.74999,46.74999,34400,0.773924
1971-10-19,46.74999,46.875,46.37499,46.5,8400,0.769786
1971-10-20,46.5,46.875,46.37499,46.37499,23400,0.767716
1971-10-21,46.37499,46.5,46.125,46.5,11400,0.769786
1971-10-22,46.5,46.5,46.25001,46.25001,7800,0.765647
1971-10-25,46.25001,46.5,45.99999,46.5,9200,0.769786
1971-10-26,46.25001,46.25001,45.99999,45.99999,4400,0.761508
1971-10-27,45.87501,45.87501,45.50001,45.87501,6200,0.759439
1971-10-28,45.87501,45.99999,45.375,45.50001,10800,0.753231
1971-10-29,45.50001,46.25001,45.50001,45.99999,17000,0.761508
1971-11-01,45.75,45.75,45.375,45.375,5000,0.751162
1971-11-02,45.375,45.375,45.375,45.375,2400,0.751162
1971-11-03,45.375,45.75,45.0,45.375,9800,0.751162
1971-11-04,45.375,45.75,45.0,45.75,25200,0.75737
1971-11-05,45.75,45.75,45.50001,45.50001,6200,0.753231
1971-11-08,45.50001,45.62499,45.50001,45.50001,5000,0.758734
1971-11-09,45.50001,46.5,45.50001,46.5,33600,0.775409
1971-11-10,46.25001,46.25001,45.99999,45.99999,5600,0.767071
1971-11-11,45.99999,45.99999,45.50001,45.50001,43200,0.758734
1971-11-12,45.50001,45.50001,44.25,44.25,26000,0.73789
1971-11-15,44.25,44.37501,43.74999,43.74999,7400,0.729552
1971-11-16,43.74999,44.49999,42.75,44.49999,60600,0.742058
1971-11-17,44.25,44.25,43.74999,44.12499,15600,0.735805
1971-11-18,44.12499,44.37501,44.00001,44.37501,8400,0.739974
1971-11-19,44.37501,45.0,44.37501,44.625,18000,0.744143
1971-11-22,44.625,44.625,43.74999,44.25,6200,0.73789
1971-11-23,43.875,43.875,43.25001,43.5,10200,0.725383
1971-11-24,43.5,44.00001,43.25001,43.62501,108600,0.727468
1971-11-26,43.62501,44.37501,43.5,44.00001,40200,0.733721
1971-11-29,44.25,44.49999,44.25,44.49999,13200,0.742058
1971-11-30,44.49999,45.87501,44.25,45.87501,36800,0.764987
1971-12-01,45.50001,45.50001,44.625,44.625,42200,0.744143
1971-12-02,44.625,44.75001,44.12499,44.49999,33600,0.742058
1971-12-03,44.49999,44.49999,44.00001,44.00001,65000,0.733721
1971-12-06,44.00001,44.12499,42.62499,42.99999,274800,0.717045
1971-12-07,42.99999,43.37499,42.99999,43.25001,25400,0.721214
1971-12-08,43.25001,43.37499,42.87501,42.99999,34400,0.717045
1971-12-09,42.99999,43.37499,42.87501,43.37499,7200,0.723298
1971-12-10,43.37499,44.25,43.25001,43.62501,19800,0.727468
1971-12-13,43.74999,44.12499,43.74999,44.00001,21000,0.733721
1971-12-14,44.00001,44.37501,43.74999,44.00001,27000,0.733721
1971-12-15,44.00001,44.00001,43.25001,43.74999,35600,0.729552
1971-12-16,43.74999,44.75001,43.74999,44.49999,13800,0.742058
1971-12-17,44.49999,44.75001,43.5,43.74999,30800,0.729552
1971-12-20,44.00001,44.625,44.00001,44.37501,13200,0.739974
1971-12-21,44.37501,44.37501,44.00001,44.25,53600,0.73789
1971-12-22,44.25,44.75001,44.25,44.75001,37200,0.746227
1971-12-23,45.0,45.24999,45.0,45.0,21000,0.750396
1971-12-27,45.24999,45.75,45.24999,45.62499,25800,0.760818
1971-12-28,45.62499,45.87501,45.375,45.87501,12000,0.764987
1971-12-29,46.25001,47.00001,46.25001,47.00001,18600,0.783747
1971-12-30,47.00001,47.37501,46.62501,47.00001,14600,0.783747
1971-12-31,46.875,46.875,45.99999,45.99999,13400,0.767071
1972-01-03,45.99999,46.5,45.99999,46.125,5400,0.769156
1972-01-04,46.125,47.00001,45.75,47.00001,26000,0.783747
1972-01-05,47.00001,47.00001,46.62501,46.875,13400,0.781663
1972-01-06,46.875,47.12499,46.62501,46.74999,12200,0.779578
1972-01-07,46.74999,47.00001,46.37499,46.74999,17000,0.779578
1972-01-10,46.875,47.12499,46.875,46.875,11000,0.781663
1972-01-11,46.875,47.12499,46.74999,47.12499,10800,0.785831
1972-01-12,47.37501,48.62499,47.37501,48.375,19200,0.806676
1972-01-13,48.375,48.75,47.87499,48.75,12000,0.812929
1972-01-14,48.99999,49.62501,48.99999,49.62501,15800,0.82752
1972-01-17,49.62501,49.74999,48.99999,49.5,35400,0.825436
1972-01-18,49.5,50.00001,48.50001,48.50001,131400,0.80876
1972-01-19,48.50001,48.50001,47.49999,47.75001,53400,0.796254
1972-01-20,47.75001,47.75001,47.00001,47.00001,23400,0.783747
1972-01-21,47.00001,47.00001,46.37499,46.5,61400,0.775409
1972-01-24,46.5,46.62501,45.99999,45.99999,11000,0.767071
1972-01-25,45.99999,46.25001,45.375,45.375,13800,0.756649
1972-01-26,45.375,46.5,45.24999,46.5,18800,0.775409
1972-01-27,46.5,46.74999,45.24999,45.75,12600,0.762903
1972-01-28,45.75,45.75,45.0,45.24999,13400,0.754565
1972-01-31,45.24999,45.50001,44.49999,45.50001,12800,0.758734
1972-02-01,45.50001,45.75,44.75001,44.75001,26400,0.746227
1972-02-02,44.75001,45.50001,44.49999,45.50001,15000,0.758734
1972-02-03,45.50001,45.99999,44.87499,45.62499,21000,0.760818
1972-02-04,45.62499,45.87501,45.12501,45.24999,12000,0.754565
1972-02-07,45.24999,45.24999,44.25,45.0,16200,0.750396
1972-02-08,45.0,45.0,44.49999,44.87499,28200,0.748312
1972-02-09,44.87499,45.0,44.49999,45.0,25800,0.750396
1972-02-10,45.0,45.50001,44.75001,45.0,24200,0.750396
1972-02-11,44.75001,44.75001,44.37501,44.49999,20600,0.742058
1972-02-14,44.49999,44.625,44.37501,44.37501,24800,0.745671
1972-02-15,44.37501,44.37501,43.74999,43.74999,180000,0.735169
1972-02-16,43.5,43.5,42.99999,43.25001,49200,0.726767
1972-02-17,43.25001,44.75001,43.25001,43.74999,34400,0.735169
1972-02-18,43.5,43.5,43.125,43.37499,16800,0.728867
1972-02-22,43.74999,44.87499,43.74999,44.625,41000,0.749872
1972-02-23,44.75001,45.0,44.75001,44.75001,8600,0.751973
1972-02-24,44.75001,44.75001,44.625,44.75001,9000,0.751973
1972-02-25,44.75001,44.87499,44.37501,44.87499,139400,0.754073
1972-02-28,44.87499,45.12501,44.49999,44.625,42000,0.749872
1972-02-29,44.625,44.75001,44.49999,44.49999,9600,0.747771
1972-03-01,44.75001,45.375,44.75001,45.12501,42200,0.758274
1972-03-02,45.12501,45.24999,45.0,45.12501,20600,0.758274
1972-03-03,45.12501,45.75,45.0,45.50001,20400,0.764576
1972-03-06,45.50001,45.50001,44.75001,45.50001,34400,0.764576
1972-03-07,45.99999,46.37499,45.99999,45.99999,48600,0.772977
1972-03-08,45.99999,46.37499,45.87501,46.37499,42600,0.779279
1972-03-09,46.37499,46.875,45.99999,46.875,16400,0.787681
1972-03-10,46.875,46.875,45.99999,46.875,17600,0.787681
1972-03-13,46.62501,46.62501,46.25001,46.25001,13400,0.777178
1972-03-14,46.25001,46.5,45.75,46.5,12200,0.781379
1972-03-15,46.5,46.74999,45.99999,45.99999,38400,0.772977
1972-03-16,45.99999,46.25001,45.99999,45.99999,128600,0.772977
1972-03-17,46.25001,47.00001,46.25001,46.62501,69200,0.78348
1972-03-20,46.62501,46.875,46.25001,46.5,61800,0.781379
1972-03-21,46.37499,46.37499,45.75,45.99999,25400,0.772977
1972-03-22,45.99999,45.99999,45.375,45.50001,10400,0.764576
1972-03-23,45.50001,45.62499,45.12501,45.62499,7800,0.766676
1972-03-24,45.62499,45.62499,44.25,44.49999,29600,0.747771
1972-03-27,44.49999,44.87499,44.25,44.25,18600,0.743571
1972-03-28,44.00001,44.00001,43.5,43.5,8000,0.730968
1972-03-29,43.5,44.12499,43.5,44.12499,15000,0.74147
1972-03-30,44.12499,44.49999,44.00001,44.37501,34800,0.745671
1972-04-03,44.37501,44.625,44.25,44.25,24200,0.743571
1972-04-04,44.25,44.49999,44.00001,44.49999,37800,0.747771
1972-04-05,44.49999,44.625,43.5,44.00001,779400,0.73937
1972-04-06,44.12499,44.87499,44.12499,44.75001,99000,0.751973
1972-04-07,44.75001,45.50001,44.25,45.375,49200,0.762475
1972-04-10,45.12501,45.12501,44.75001,45.12501,44600,0.758274
1972-04-11,45.12501,45.12501,44.87499,44.87499,27200,0.754073
1972-04-12,44.87499,45.0,44.75001,45.0,28400,0.756174
1972-04-13,44.87499,44.87499,44.49999,44.87499,23000,0.754073
1972-04-14,44.87499,44.87499,43.74999,44.75001,25200,0.751973
1972-04-17,44.49999,44.49999,43.62501,43.62501,31800,0.733068
1972-04-18,43.62501,43.875,43.25001,43.875,135600,0.737269
1972-04-19,43.875,43.875,43.5,43.62501,9200,0.733068
1972-04-20,43.62501,44.49999,43.5,44.00001,49400,0.73937
1972-04-21,44.12499,44.75001,44.12499,44.37501,68600,0.745671
1972-04-24,44.37501,44.37501,43.62501,44.00001,18000,0.73937
1972-04-25,44.00001,44.25,43.875,44.12499,15000,0.74147
1972-04-26,44.12499,44.49999,44.00001,44.00001,27800,0.73937
1972-04-27,44.00001,44.625,44.00001,44.12499,76800,0.74147
1972-04-28,44.12499,44.625,44.00001,44.37501,28800,0.745671
1972-05-01,44.49999,44.87499,44.49999,44.49999,31200,0.747771
1972-05-02,44.49999,44.87499,44.37501,44.49999,31400,0.747771
1972-05-03,44.49999,44.625,44.12499,44.25,32000,0.743571
1972-05-04,44.25,44.87499,44.25,44.625,42000,0.749872
1972-05-05,44.625,44.87499,44.25,44.37501,18000,0.745671
1972-05-08,44.37501,44.49999,44.12499,44.37501,27000,0.745671
1972-05-09,44.37501,44.49999,44.00001,44.25,52200,0.743571
1972-05-10,44.25,44.87499,44.25,44.625,134000,0.749872
1972-05-11,44.625,44.87499,44.25,44.25,169800,0.743571
1972-05-12,44.25,44.49999,43.875,43.875,9200,0.737269
1972-05-15,43.74999,43.74999,43.5,43.5,18800,0.736676
1972-05-16,43.74999,44.49999,43.74999,44.25,15800,0.749378
1972-05-17,44.25,44.49999,44.00001,44.00001,43800,0.745144
1972-05-18,44.00001,44.37501,44.00001,44.00001,44600,0.745144
1972-05-19,44.00001,44.12499,43.875,43.875,33600,0.743027
1972-05-22,44.00001,44.37501,44.00001,44.12499,16400,0.747261
1972-05-23,44.25,44.49999,44.25,44.37501,23400,0.751495
1972-05-24,44.37501,44.49999,44.12499,44.37501,39800,0.751495
1972-05-25,44.37501,44.37501,44.25,44.37501,156800,0.751495
1972-05-26,44.49999,44.87499,44.49999,44.625,10400,0.755728
1972-05-30,45.0,45.62499,45.0,45.12501,16400,0.764196
1972-05-31,45.0,45.0,44.75001,45.0,19200,0.762079
1972-06-01,45.0,45.0,44.75001,45.0,69000,0.762079
1972-06-02,45.0,45.12501,44.75001,45.0,103200,0.762079
1972-06-05,45.0,45.12501,44.87499,45.0,4200,0.762079
1972-06-06,45.0,45.50001,45.0,45.50001,15800,0.770547
1972-06-07,45.50001,45.75,44.75001,45.0,95400,0.762079
1972-06-08,45.0,45.0,44.75001,44.75001,15000,0.757845
1972-06-09,44.75001,44.75001,44.37501,44.49999,3000,0.753611
1972-06-12,44.49999,44.75001,44.25,44.49999,21200,0.753611
1972-06-13,44.25,44.25,44.00001,44.00001,42800,0.745144
1972-06-14,44.00001,44.75001,43.875,43.875,21200,0.743027
1972-06-15,43.875,44.75001,43.74999,44.625,45000,0.755728
1972-06-16,44.625,44.75001,44.25,44.25,9200,0.749378
1972-06-19,44.25,44.49999,44.12499,44.12499,15000,0.747261
1972-06-20,44.12499,44.625,43.875,44.49999,38400,0.753611
1972-06-21,44.49999,44.625,44.12499,44.25,56400,0.749378
1972-06-22,44.25,44.75001,44.25,44.75001,10400,0.757845
1972-06-23,44.75001,44.87499,44.12499,44.12499,38000,0.747261
1972-06-26,44.12499,44.25,44.00001,44.12499,7800,0.747261
1972-06-27,44.12499,44.12499,44.00001,44.00001,15800,0.745144
1972-06-28,44.00001,44.25,43.875,43.875,21800,0.743027
1972-06-29,43.875,44.00001,42.75,43.37499,40800,0.734559
1972-06-30,43.37499,43.62501,42.87501,42.99999,12200,0.728209
1972-07-03,43.125,43.74999,43.125,43.74999,58400,0.74091
1972-07-05,43.74999,43.74999,43.62501,43.62501,20600,0.738793
1972-07-06,43.74999,44.25,43.74999,44.12499,44600,0.747261
1972-07-07,44.25,44.49999,44.25,44.37501,9800,0.751495
1972-07-10,44.37501,44.75001,44.00001,44.49999,18800,0.753611
1972-07-11,44.49999,44.75001,44.25,44.625,13200,0.755728
1972-07-12,44.49999,44.49999,43.74999,43.74999,11600,0.74091
1972-07-13,43.74999,44.00001,43.5,44.00001,13400,0.745144
1972-07-14,44.00001,44.00001,43.5,43.74999,31400,0.74091
1972-07-17,43.74999,44.25,43.62501,43.62501,28800,0.738793
1972-07-18,43.62501,44.00001,43.5,43.62501,261200,0.738793
1972-07-19,43.62501,43.875,43.5,43.5,130800,0.736676
1972-07-20,43.62501,44.625,43.62501,44.25,23000,0.749378
1972-07-21,43.875,43.875,43.62501,43.62501,5400,0.738793
1972-07-24,43.62501,43.62501,43.5,43.5,21800,0.736676
1972-07-25,43.5,43.62501,43.125,43.125,9200,0.730326
1972-07-26,43.25001,43.62501,43.25001,43.25001,54200,0.732443
1972-07-27,43.25001,43.5,42.99999,43.5,15200,0.736676
1972-07-28,43.62501,43.875,43.62501,43.74999,65000,0.74091
1972-07-31,43.5,43.5,43.5,43.5,7800,0.736676
1972-08-01,43.5,43.5,42.75,42.99999,32000,0.728209
1972-08-02,42.99999,43.25001,42.75,43.125,23000,0.730326
1972-08-03,43.25001,43.74999,43.25001,43.62501,31400,0.738793
1972-08-04,43.62501,44.00001,43.62501,43.875,85400,0.743027
1972-08-07,43.875,44.00001,43.37499,43.62501,33200,0.738793
1972-08-08,43.62501,43.74999,43.37499,43.74999,56000,0.74091
1972-08-09,43.74999,43.74999,43.37499,43.74999,26600,0.74091
1972-08-10,43.74999,44.12499,43.74999,44.12499,9800,0.747261
1972-08-11,44.12499,44.49999,44.12499,44.37501,28200,0.751495
1972-08-14,44.37501,44.75001,44.12499,44.37501,18200,0.757297
1972-08-15,44.37501,44.75001,44.12499,44.625,20000,0.761563
1972-08-16,44.87499,45.24999,44.87499,44.87499,17400,0.765829
1972-08-17,44.87499,45.375,44.75001,45.375,24800,0.774363
1972-08-18,45.375,45.50001,45.24999,45.24999,11600,0.772229
1972-08-21,45.62499,47.25,45.62499,47.00001,37400,0.802095
1972-08-22,47.00001,48.12501,46.875,47.87499,24200,0.817027
1972-08-23,48.50001,49.25001,48.50001,48.99999,24800,0.836226
1972-08-24,48.99999,48.99999,48.24999,48.50001,33200,0.827693
1972-08-25,48.50001,48.50001,48.0,48.0,30000,0.81916
1972-08-28,48.0,48.12501,47.625,47.625,25400,0.812761
1972-08-29,47.625,48.0,47.25,47.49999,32600,0.810627
1972-08-30,47.49999,47.87499,47.49999,47.625,23600,0.812761
1972-08-31,47.625,48.0,47.49999,47.49999,10200,0.810627
1972-09-01,47.49999,47.625,47.49999,47.49999,8000,0.810627
1972-09-05,47.625,48.0,47.625,48.0,13800,0.81916
1972-09-06,47.87499,47.87499,47.12499,47.25,33000,0.806361
1972-09-07,47.25,47.25,46.74999,46.74999,61800,0.797828
1972-09-08,46.74999,47.00001,45.99999,46.125,15600,0.787162
1972-09-11,45.75,45.75,45.375,45.50001,19200,0.776496
1972-09-12,45.50001,45.87501,45.50001,45.87501,7400,0.782896
1972-09-13,45.87501,46.125,45.62499,45.62499,10400,0.778629
1972-09-14,45.75,45.87501,45.75,45.75,12800,0.780762
1972-09-15,45.87501,46.125,45.87501,45.99999,5000,0.785028
1972-09-18,45.99999,45.99999,45.87501,45.87501,800,0.782896
1972-09-19,45.99999,46.37499,45.99999,46.125,8000,0.787162
1972-09-20,46.125,46.37499,45.99999,46.125,15200,0.787162
1972-09-21,46.125,46.125,45.75,45.87501,27200,0.782896
1972-09-22,45.99999,46.25001,45.99999,46.25001,24600,0.789295
1972-09-25,46.25001,46.62501,45.99999,46.62501,23600,0.795695
1972-09-26,46.62501,46.74999,45.99999,46.5,42600,0.793562
1972-09-27,46.5,46.74999,46.25001,46.74999,15600,0.797828
1972-09-28,46.74999,47.25,46.74999,47.00001,23000,0.802095
1972-09-29,47.00001,47.00001,46.5,46.5,8400,0.793562
1972-10-02,46.5,46.875,46.25001,46.74999,9200,0.797828
1972-10-03,46.74999,46.74999,46.25001,46.74999,12600,0.797828
1972-10-04,46.74999,48.0,46.74999,48.0,29000,0.81916
1972-10-05,48.24999,48.50001,48.24999,48.50001,12000,0.827693
1972-10-06,48.375,48.375,47.87499,48.0,95000,0.81916
1972-10-09,47.625,47.625,47.49999,47.49999,9600,0.810627
1972-10-10,47.49999,48.375,47.25,48.12501,9800,0.821294
1972-10-11,48.12501,48.375,48.0,48.24999,25200,0.823427
1972-10-12,48.24999,48.375,47.87499,47.87499,43800,0.817027
1972-10-13,48.0,48.0,48.0,48.0,61800,0.81916
1972-10-16,48.0,48.12501,48.0,48.0,12000,0.81916
1972-10-17,48.24999,48.375,48.24999,48.375,7200,0.82556
1972-10-18,48.50001,49.62501,48.50001,49.5,30200,0.844759
1972-10-19,49.74999,50.00001,49.74999,49.875,66600,0.851159
1972-10-20,50.25,50.75001,50.25,50.75001,33600,0.866092
1972-10-23,50.75001,51.0,50.49999,50.87499,18000,0.868224
1972-10-24,50.87499,51.0,50.87499,50.87499,11000,0.868224
1972-10-25,51.12501,51.99999,51.12501,51.75,150000,0.883157
1972-10-26,51.75,52.125,51.50001,51.87501,73800,0.885291
1972-10-27,51.87501,52.25001,51.50001,52.25001,28400,0.89169
1972-10-30,52.25001,52.5,51.99999,51.99999,32400,0.887424
1972-10-31,52.25001,54.0,52.25001,53.49999,108000,0.913022
1972-11-01,53.87499,54.50001,53.87499,54.375,83400,0.927955
1972-11-02,54.375,54.75,54.24999,54.75,201600,0.934355
1972-11-03,54.75,54.75,53.25,53.37501,90200,0.910889
1972-11-06,53.25,53.25,52.37499,52.37499,31400,0.893823
1972-11-08,52.37499,53.49999,52.37499,53.49999,64400,0.913022
1972-11-09,53.49999,53.75001,53.00001,53.75001,11600,0.917289
1972-11-10,53.75001,54.50001,53.49999,54.0,28400,0.921555
1972-11-13,54.24999,55.125,54.24999,54.99999,109400,0.944568
1972-11-14,54.99999,55.25001,54.24999,55.25001,93200,0.948862
1972-11-15,55.25001,55.25001,54.87501,54.99999,31200,0.944568
1972-11-16,54.99999,55.37499,54.99999,54.99999,29600,0.944568
1972-11-17,55.25001,55.875,55.25001,55.875,30000,0.959596
1972-11-20,56.00001,56.49999,56.00001,56.49999,107400,0.970329
1972-11-21,56.49999,56.49999,56.00001,56.37501,50600,0.968183
1972-11-22,56.37501,56.75001,55.74999,56.00001,88400,0.961742
1972-11-24,55.875,55.875,55.25001,55.25001,20000,0.948862
1972-11-27,55.125,55.125,54.50001,54.50001,31400,0.935982
1972-11-28,54.50001,54.75,54.375,54.50001,66800,0.935982
1972-11-29,54.24999,54.24999,53.49999,54.0,15800,0.927394
1972-11-30,54.24999,54.375,54.24999,54.375,7800,0.933835
1972-12-01,54.12501,54.12501,53.625,53.625,12800,0.920954
1972-12-04,53.625,54.0,53.00001,53.00001,93600,0.910221
1972-12-05,53.00001,53.00001,52.62501,53.00001,19800,0.910221
1972-12-06,52.74999,52.74999,51.62499,51.62499,17400,0.886606
1972-12-07,51.62499,52.5,51.0,51.99999,92600,0.893046
1972-12-08,51.99999,52.25001,51.87501,51.99999,42200,0.893046
1972-12-11,51.99999,52.875,51.87501,52.5,66600,0.901633
1972-12-12,52.5,52.5,51.75,51.75,17400,0.888753
1972-12-13,51.75,52.125,51.12501,51.12501,7800,0.878019
1972-12-14,51.12501,51.62499,50.625,51.50001,21200,0.88446
1972-12-15,51.50001,52.125,51.375,51.62499,21600,0.886606
1972-12-18,51.62499,52.5,51.0,51.50001,34800,0.88446
1972-12-19,51.62499,52.5,51.62499,52.25001,7400,0.89734
1972-12-20,51.99999,51.99999,51.62499,51.62499,4200,0.886606
1972-12-21,51.62499,51.75,51.24999,51.75,12600,0.888753
1972-12-22,51.75,52.25001,51.62499,51.62499,15000,0.886606
1972-12-26,51.62499,51.62499,51.24999,51.375,3600,0.882313
1972-12-27,51.24999,51.24999,50.49999,50.49999,313800,0.867285
1972-12-29,50.75001,51.24999,50.75001,51.12501,35600,0.878019
1973-01-02,51.12501,51.24999,50.75001,50.75001,60000,0.871579
1973-01-03,50.625,50.625,50.12499,50.25,20000,0.862992
1973-01-04,50.25,50.37501,50.00001,50.12499,104600,0.860845
1973-01-05,50.12499,50.12499,50.00001,50.00001,25200,0.858699
1973-01-08,50.00001,50.00001,49.62501,50.00001,26400,0.858699
1973-01-09,50.00001,50.12499,49.875,50.12499,63200,0.860845
1973-01-10,50.12499,50.25,50.00001,50.12499,24200,0.860845
1973-01-11,50.12499,50.12499,49.5,50.12499,23000,0.860845
1973-01-12,50.12499,50.49999,50.12499,50.12499,20600,0.860845
1973-01-15,50.12499,50.37501,48.62499,48.99999,24800,0.841524
1973-01-16,48.99999,49.25001,47.625,48.50001,19800,0.832938
1973-01-17,48.50001,48.87501,48.24999,48.50001,56000,0.832938
1973-01-18,48.50001,48.62499,48.0,48.0,33800,0.824351
1973-01-19,48.0,48.12501,47.49999,48.12501,40200,0.826497
1973-01-22,48.12501,48.24999,47.49999,47.625,24200,0.81791
1973-01-23,47.625,48.0,46.5,47.12499,49800,0.809323
1973-01-24,47.12499,47.625,47.12499,47.625,47400,0.81791
1973-01-26,47.625,47.75001,47.12499,47.49999,29600,0.815763
1973-01-29,47.25,47.25,46.25001,46.5,24000,0.804518
1973-01-30,46.25001,46.25001,45.375,45.62499,42200,0.789379
1973-01-31,45.62499,45.62499,44.75001,45.0,46200,0.778566
1973-02-01,45.0,45.62499,45.0,45.375,21000,0.785054
1973-02-02,45.375,45.75,45.375,45.62499,133200,0.789379
1973-02-05,45.62499,46.37499,45.375,45.75,21600,0.791542
1973-02-06,45.75,46.37499,45.375,46.25001,79800,0.800193
1973-02-07,46.25001,46.37499,46.25001,46.25001,53600,0.800193
1973-02-08,46.25001,46.74999,46.25001,46.5,90000,0.804518
1973-02-09,46.5,46.5,46.25001,46.37499,22400,0.802355
1973-02-12,46.37499,46.5,46.25001,46.5,36800,0.804518
1973-02-13,46.5,47.37501,46.5,46.62501,37200,0.806681
1973-02-14,46.62501,47.12499,46.62501,47.00001,19800,0.813169
1973-02-15,47.00001,47.25,46.62501,46.62501,12000,0.806681
1973-02-16,46.74999,47.00001,46.74999,46.74999,35400,0.808843
1973-02-20,46.74999,47.49999,46.74999,47.00001,33600,0.813169
1973-02-21,47.00001,48.0,46.875,47.87499,40200,0.828307
1973-02-22,48.0,48.50001,48.0,48.375,66000,0.836958
1973-02-23,48.375,48.87501,48.12501,48.12501,25400,0.832633
1973-02-26,47.625,47.625,47.37501,47.37501,47400,0.819657
1973-02-27,47.00001,47.00001,45.87501,45.87501,20600,0.793705
1973-02-28,45.87501,45.87501,45.24999,45.87501,27200,0.793705
1973-03-01,45.99999,46.74999,45.99999,46.74999,39200,0.808843
1973-03-02,46.74999,46.875,46.62501,46.62501,14400,0.806681
1973-03-05,46.62501,46.875,46.5,46.62501,15000,0.806681
1973-03-06,46.62501,46.875,45.75,45.75,41600,0.791542
1973-03-07,45.75,45.99999,45.375,45.75,175800,0.791542
1973-03-08,45.75,45.87501,45.24999,45.375,47400,0.785054
1973-03-09,45.375,45.375,45.0,45.0,66800,0.778566
1973-03-12,45.0,45.24999,44.75001,45.0,21200,0.778566
1973-03-13,45.0,45.50001,45.0,45.24999,150000,0.782891
1973-03-14,45.24999,45.62499,45.24999,45.375,251400,0.785054
1973-03-15,45.375,45.62499,45.375,45.50001,8000,0.787216
1973-03-16,45.50001,45.87501,45.24999,45.24999,64400,0.782891
1973-03-19,45.24999,45.62499,45.24999,45.62499,25200,0.789379
1973-03-20,45.62499,45.62499,45.24999,45.50001,27200,0.787216
1973-03-21,45.50001,45.50001,45.24999,45.24999,27000,0.782891
1973-03-22,45.24999,45.24999,44.49999,44.49999,39800,0.769915
1973-03-23,44.49999,44.625,44.00001,44.37501,17000,0.767752
1973-03-26,44.37501,44.75001,44.25,44.25,76400,0.765589
1973-03-27,44.37501,44.75001,44.37501,44.75001,75200,0.77424
1973-03-28,44.75001,45.0,44.625,44.625,27600,0.772078
1973-03-29,44.625,44.75001,44.49999,44.75001,23600,0.77424
1973-03-30,44.75001,45.0,44.625,44.75001,27600,0.77424
1973-04-02,44.625,44.625,44.25,44.25,47400,0.765589
1973-04-03,44.00001,44.00001,42.99999,42.99999,29400,0.743963
1973-04-04,42.99999,42.99999,41.75001,42.0,347600,0.726661
1973-04-05,42.0,42.375,41.25,41.49999,24200,0.71801
1973-04-06,41.87499,42.12501,41.87499,42.12501,6800,0.728824
1973-04-09,42.12501,43.125,41.87499,42.87501,15800,0.7418
1973-04-10,43.25001,44.49999,43.25001,44.49999,66800,0.769915
1973-04-11,44.49999,45.24999,44.25,45.0,122400,0.778566
1973-04-12,45.0,45.50001,44.625,45.0,48200,0.778566
1973-04-13,45.0,45.0,44.49999,44.75001,14000,0.77424
1973-04-16,44.75001,44.75001,44.12499,44.37501,44000,0.767752
1973-04-17,44.49999,45.0,44.49999,44.49999,7400,0.769915
1973-04-18,44.49999,44.75001,44.49999,44.75001,11000,0.77424
1973-04-19,44.75001,45.0,44.49999,44.87499,57000,0.776403
1973-04-23,44.87499,44.87499,44.625,44.87499,50000,0.776403
1973-04-24,44.87499,45.0,44.49999,44.49999,14000,0.769915
1973-04-25,44.49999,44.49999,43.74999,43.74999,24000,0.756939
1973-04-26,42.99999,42.99999,42.50001,42.50001,29400,0.735312
1973-04-27,42.24999,42.24999,41.25,41.25,69000,0.713685
1973-04-30,41.25,42.75,40.5,41.87499,27800,0.724498
1973-05-01,41.49999,41.49999,40.5,40.62501,24200,0.702872
1973-05-02,41.75001,42.50001,41.75001,42.0,15200,0.726661
1973-05-03,42.0,42.375,41.625,41.75001,85200,0.722336
1973-05-04,42.0,42.375,42.0,42.0,118400,0.726661
1973-05-07,42.0,42.24999,41.75001,42.0,21600,0.726661
1973-05-08,42.0,42.0,41.87499,42.0,14000,0.726661
1973-05-09,42.0,42.50001,42.0,42.24999,71400,0.730986
1973-05-10,42.24999,42.50001,42.12501,42.12501,21600,0.728824
1973-05-11,42.24999,42.50001,42.24999,42.50001,9000,0.735312
1973-05-14,42.24999,42.24999,41.87499,41.87499,16800,0.730515
1973-05-15,41.87499,42.50001,41.87499,42.375,9800,0.739237
1973-05-16,42.375,42.75,42.0,42.375,35400,0.739237
1973-05-17,42.375,42.62499,42.12501,42.12501,18000,0.734876
1973-05-18,42.12501,42.62499,42.12501,42.12501,54200,0.734876
1973-05-21,42.0,42.0,41.625,41.75001,21200,0.728334
1973-05-22,41.87499,42.375,41.87499,42.24999,14600,0.737056
1973-05-23,42.24999,42.50001,42.12501,42.12501,6600,0.734876
1973-05-24,42.12501,42.50001,42.12501,42.375,7800,0.739237
1973-05-25,42.375,42.99999,42.375,42.75,34400,0.745779
1973-05-29,42.75,42.99999,42.50001,42.62499,18000,0.743598
1973-05-30,42.62499,42.87501,42.50001,42.50001,6200,0.741418
1973-05-31,42.50001,42.99999,42.12501,42.99999,14000,0.75014
1973-06-01,42.99999,43.74999,42.62499,43.74999,11400,0.763224
1973-06-04,43.5,43.5,42.99999,42.99999,29400,0.75014
1973-06-05,42.99999,43.5,42.99999,43.5,15600,0.758863
1973-06-06,43.62501,44.00001,43.62501,43.875,40200,0.765405
1973-06-07,43.875,44.12499,43.74999,43.74999,3200,0.763224
1973-06-08,43.74999,44.37501,43.62501,44.37501,23000,0.774128
1973-06-11,44.37501,44.37501,44.12499,44.37501,12200,0.774128
1973-06-12,44.25,44.25,43.125,43.25001,21200,0.754502
1973-06-13,43.25001,43.25001,42.99999,42.99999,6000,0.75014
1973-06-14,42.99999,43.25001,42.50001,42.50001,71400,0.741418
1973-06-15,42.50001,42.50001,41.00001,41.49999,288000,0.723973
1973-06-18,41.12499,41.12499,40.125,40.5,33800,0.706528
1973-06-19,40.5,41.25,40.5,41.25,66800,0.719611
1973-06-20,41.25,41.37501,40.875,40.875,6800,0.71307
1973-06-21,39.99999,39.99999,39.62499,39.62499,17400,0.691263
1973-06-22,39.87501,40.875,39.87501,40.62501,27600,0.708708
1973-06-25,40.5,40.5,40.125,40.37499,18000,0.704347
1973-06-26,40.37499,40.37499,40.25001,40.25001,11000,0.702167
1973-06-27,40.125,40.125,39.50001,39.62499,10200,0.691263
1973-06-28,39.50001,39.50001,39.0,39.24999,16800,0.684721
1973-06-29,39.0,39.0,38.12499,38.12499,36800,0.665095
1973-07-02,37.62501,37.62501,36.99999,36.99999,38400,0.64547
1973-07-03,36.99999,36.99999,36.75,36.75,16200,0.641108
1973-07-05,36.75,36.99999,36.0,36.99999,63600,0.64547
1973-07-06,37.25001,37.74999,37.25001,37.5,42000,0.654192
1973-07-09,37.62501,38.37501,37.62501,38.25,21000,0.667276
1973-07-10,38.25,38.37501,38.12499,38.25,4800,0.667276
1973-07-11,38.25,38.37501,38.12499,38.37501,7400,0.669457
1973-07-12,38.37501,38.75001,38.12499,38.75001,17400,0.675999
1973-07-13,38.75001,39.62499,38.75001,38.87499,70400,0.678179
1973-07-16,38.49999,38.49999,37.74999,38.37501,7200,0.669457
1973-07-17,38.37501,39.0,38.37501,38.37501,38400,0.669457
1973-07-18,38.37501,38.625,37.62501,38.625,14000,0.673818
1973-07-19,38.625,38.75001,38.00001,38.00001,14400,0.662915
1973-07-20,38.00001,39.0,38.00001,38.25,50600,0.667276
1973-07-23,38.25,38.75001,38.12499,38.75001,28400,0.675999
1973-07-24,38.75001,39.50001,38.49999,38.49999,12800,0.671637
1973-07-25,38.625,40.62501,38.625,39.50001,30800,0.689083
1973-07-26,39.375,39.375,38.49999,38.75001,7400,0.675999
1973-07-27,38.75001,39.62499,38.625,39.0,11400,0.68036
1973-07-30,39.0,39.24999,38.625,38.87499,4200,0.678179
1973-07-31,38.87499,38.87499,38.12499,38.12499,65400,0.665095
1973-08-01,38.00001,38.00001,37.62501,37.62501,31400,0.656373
1973-08-02,37.62501,37.875,37.62501,37.62501,16400,0.656373
1973-08-03,37.62501,37.74999,37.62501,37.74999,15000,0.658553
1973-08-06,37.74999,37.875,37.62501,37.74999,15600,0.658553
1973-08-07,38.00001,38.625,38.00001,38.625,11600,0.673818
1973-08-08,38.625,38.87499,37.74999,38.25,25400,0.667276
1973-08-09,38.25,38.49999,37.74999,37.74999,99200,0.658553
1973-08-10,37.74999,38.37501,37.62501,38.37501,23600,0.669457
1973-08-13,38.25,38.25,37.875,38.00001,8000,0.669017
1973-08-14,38.00001,38.00001,37.74999,37.74999,30800,0.664615
1973-08-15,37.74999,38.12499,37.62501,37.62501,10800,0.662415
1973-08-16,37.62501,38.00001,37.62501,37.62501,28800,0.662415
1973-08-17,37.62501,38.00001,37.62501,38.00001,19800,0.669017
1973-08-20,37.875,37.875,37.25001,37.25001,87000,0.655813
1973-08-21,37.25001,37.37499,37.125,37.125,16800,0.653612
1973-08-22,37.125,37.25001,36.99999,37.25001,37200,0.655813
1973-08-23,36.99999,36.99999,36.87501,36.99999,12800,0.651411
1973-08-24,36.99999,36.99999,36.87501,36.87501,18600,0.649211
1973-08-27,36.87501,36.99999,36.50001,36.50001,45000,0.642608
1973-08-28,36.50001,36.87501,36.24999,36.50001,51600,0.642608
1973-08-29,36.50001,36.87501,36.375,36.375,35600,0.640408
1973-08-30,36.375,36.62499,36.375,36.50001,15200,0.642608
1973-08-31,36.50001,36.87501,36.50001,36.87501,54800,0.649211
1973-09-04,36.87501,37.25001,36.62499,36.62499,65000,0.644809
1973-09-05,36.75,38.00001,36.75,37.62501,11600,0.662415
1973-09-06,38.00001,39.75,38.00001,39.50001,6200,0.695426
1973-09-07,39.62499,42.375,39.62499,42.12501,21000,0.741641
1973-09-10,41.625,41.625,39.99999,39.99999,16400,0.704228
1973-09-11,39.75,39.75,39.24999,39.50001,9200,0.695426
1973-09-12,39.50001,40.74999,39.50001,40.74999,11600,0.717432
1973-09-13,40.74999,40.74999,39.75,40.74999,31800,0.717432
1973-09-14,40.25001,40.25001,39.75,39.99999,41600,0.704228
1973-09-17,40.25001,41.00001,40.25001,40.37499,21000,0.71083
1973-09-18,40.37499,40.37499,39.99999,40.125,5600,0.706429
1973-09-19,40.125,40.74999,39.99999,40.62501,45200,0.715232
1973-09-20,41.00001,41.37501,41.00001,41.25,69800,0.726235
1973-09-21,41.49999,42.75,41.49999,42.75,97200,0.752644
1973-09-24,42.75,42.99999,41.87499,42.50001,237000,0.748243
1973-09-25,42.50001,43.25001,42.0,42.0,27600,0.73944
1973-09-26,42.0,42.50001,41.49999,42.50001,11600,0.748243
1973-09-27,42.50001,42.87501,42.12501,42.375,17600,0.746042
1973-09-28,42.375,42.62499,41.00001,41.625,15600,0.732838
1973-10-01,41.625,41.75001,41.00001,41.75001,10800,0.735038
1973-10-02,41.625,41.625,41.25,41.25,7400,0.726235
1973-10-03,41.12499,41.12499,40.5,40.5,28400,0.713031
1973-10-04,40.5,40.5,40.125,40.37499,19200,0.71083
1973-10-05,40.37499,41.37501,40.25001,40.875,27000,0.719633
1973-10-08,41.12499,41.37501,41.12499,41.12499,20000,0.724034
1973-10-09,41.12499,41.37501,40.74999,40.875,22800,0.719633
1973-10-10,41.00001,41.625,41.00001,41.00001,32600,0.721834
1973-10-11,41.00001,41.625,40.5,41.49999,30000,0.730637
1973-10-12,41.49999,41.49999,41.12499,41.12499,5400,0.724034
1973-10-15,41.00001,41.00001,39.75,39.75,5600,0.699827
1973-10-16,39.62499,39.62499,38.75001,38.75001,14600,0.682221
1973-10-17,38.75001,39.0,36.99999,38.25,25400,0.673418
1973-10-18,38.12499,38.12499,37.25001,37.25001,10800,0.655813
1973-10-19,37.25001,37.875,36.50001,36.50001,126000,0.642608
1973-10-22,36.50001,36.87501,36.375,36.62499,16200,0.644809
1973-10-23,36.75,38.12499,36.75,37.74999,19800,0.664615
1973-10-24,38.12499,39.12501,38.12499,38.12499,10200,0.671217
1973-10-25,38.12499,38.25,38.12499,38.25,6000,0.673418
1973-10-26,38.25,38.75001,38.00001,38.75001,40400,0.682221
1973-10-29,38.75001,39.0,38.75001,39.0,27800,0.686623
1973-10-30,39.0,39.0,37.875,38.25,27000,0.673418
1973-10-31,38.25,38.49999,37.5,37.62501,31400,0.662415
1973-11-01,37.62501,37.74999,37.125,37.25001,21800,0.655813
1973-11-02,37.25001,37.5,36.99999,36.99999,13200,0.651411
1973-11-05,36.99999,36.99999,36.0,36.12501,120800,0.636006
1973-11-06,36.12501,36.24999,36.0,36.12501,8600,0.636006
1973-11-07,36.12501,36.99999,36.12501,36.99999,43400,0.651411
1973-11-08,36.87501,36.87501,36.24999,36.50001,20600,0.642608
1973-11-09,36.24999,36.24999,35.37501,35.625,24600,0.627203
1973-11-12,35.25,35.25,32.75001,32.75001,24800,0.582308
1973-11-13,32.75001,32.75001,31.5,32.49999,27600,0.577863
1973-11-14,32.49999,32.49999,30.99999,31.875,74000,0.56675
1973-11-15,31.875,32.00001,31.25001,32.00001,11600,0.568973
1973-11-16,32.00001,32.00001,30.0,31.125,244200,0.553415
1973-11-19,30.75,30.75,28.62501,29.00001,14400,0.515632
1973-11-20,29.00001,29.75001,29.00001,29.49999,50600,0.524521
1973-11-21,29.75001,30.0,29.75001,29.87499,26000,0.531189
1973-11-23,29.87499,29.87499,28.5,28.5,46400,0.506741
1973-11-26,27.99999,27.99999,27.50001,27.99999,38000,0.497851
1973-11-27,27.99999,28.25001,27.75,27.75,40400,0.493406
1973-11-28,27.75,27.99999,27.0,27.24999,47400,0.484516
1973-11-29,27.24999,27.375,26.87499,27.24999,48600,0.484516
1973-11-30,27.24999,27.75,27.0,27.375,118400,0.486738
1973-12-03,27.375,27.99999,26.87499,27.0,44600,0.480071
1973-12-04,26.87499,26.87499,26.25,26.37501,38400,0.468958
1973-12-05,26.37501,27.62499,26.00001,26.00001,27800,0.46229
1973-12-06,26.00001,27.0,25.875,26.00001,30600,0.46229
1973-12-07,26.12499,27.0,26.12499,26.75001,35400,0.475626
1973-12-10,27.12501,29.00001,27.12501,29.00001,140600,0.515632
1973-12-11,29.00001,29.49999,28.37499,28.62501,98600,0.508964
1973-12-12,28.25001,28.25001,27.62499,27.99999,27600,0.497851
1973-12-13,27.75,27.75,26.00001,26.37501,44400,0.468958
1973-12-14,26.37501,27.75,26.00001,26.75001,47600,0.475626
1973-12-17,26.75001,27.12501,26.75001,27.0,30200,0.480071
1973-12-18,27.0,27.50001,27.0,27.0,42200,0.480071
1973-12-19,27.75,28.5,27.75,28.25001,58800,0.502296
1973-12-20,28.25001,28.62501,27.75,28.125,263400,0.500074
1973-12-21,28.125,28.25001,27.87501,28.125,19800,0.500074
1973-12-24,28.125,28.37499,27.87501,28.125,28400,0.500074
1973-12-26,28.125,28.62501,27.99999,27.99999,32400,0.497851
1973-12-27,27.99999,28.875,27.99999,28.37499,116000,0.504519
1973-12-28,28.37499,28.37499,27.24999,27.87501,49200,0.495629
1973-12-31,27.87501,28.25001,27.24999,27.62499,30600,0.491183
1974-01-02,27.62499,28.125,27.62499,28.125,36200,0.500074
1974-01-03,28.5,28.62501,28.5,28.62501,35600,0.508964
1974-01-04,28.62501,29.25,28.25001,29.25,36600,0.520077
1974-01-07,29.25,29.25,28.74999,29.25,14600,0.520077
1974-01-08,29.25,29.49999,28.5,28.5,25800,0.506741
1974-01-09,28.5,28.74999,28.125,28.37499,17000,0.504519
1974-01-10,28.37499,29.75001,28.37499,29.25,18000,0.520077
1974-01-11,29.25,29.25,28.125,28.125,52400,0.500074
1974-01-14,28.125,28.5,27.50001,27.50001,7800,0.488961
1974-01-15,27.75,28.875,27.75,27.75,13400,0.493406
1974-01-16,27.75,27.99999,27.75,27.87501,6200,0.495629
1974-01-17,27.87501,27.99999,27.0,27.0,20600,0.480071
1974-01-18,27.12501,28.25001,27.12501,27.12501,26000,0.482293
1974-01-21,27.12501,27.87501,27.0,27.62499,18600,0.491183
1974-01-22,28.125,28.74999,28.125,28.5,22200,0.506741
1974-01-23,28.62501,29.12499,28.62501,29.00001,41400,0.515632
1974-01-24,29.00001,29.00001,28.62501,28.875,34200,0.513409
1974-01-25,28.74999,28.74999,28.25001,28.5,22800,0.506741
1974-01-28,28.5,29.00001,28.5,29.00001,35600,0.515632
1974-01-29,29.00001,29.25,28.62501,29.25,11400,0.520077
1974-01-30,29.25,29.49999,29.00001,29.49999,56000,0.524521
1974-01-31,29.37501,29.37501,29.12499,29.12499,27200,0.517854
1974-02-01,29.12499,29.49999,29.12499,29.49999,11600,0.524521
1974-02-04,29.49999,29.49999,28.74999,28.875,54600,0.513409
1974-02-05,28.5,28.5,27.75,27.87501,38000,0.495629
1974-02-06,27.87501,27.99999,27.75,27.99999,18000,0.497851
1974-02-07,28.37499,28.74999,28.37499,28.74999,15600,0.511186
1974-02-08,28.74999,28.74999,28.125,28.62501,53400,0.515599
1974-02-11,28.62501,28.62501,28.5,28.5,8400,0.513348
1974-02-12,28.125,28.125,27.12501,27.50001,18000,0.495336
1974-02-13,27.50001,28.25001,27.375,27.50001,41000,0.495336
1974-02-14,27.50001,27.99999,27.24999,27.50001,42000,0.495336
1974-02-15,27.50001,27.87501,27.12501,27.87501,17600,0.50209
1974-02-19,27.87501,27.99999,27.12501,27.24999,73400,0.490832
1974-02-20,27.0,27.0,25.5,26.49999,85200,0.477323
1974-02-21,27.0,28.125,27.0,27.75,26400,0.499839
1974-02-22,27.75,27.75,27.12501,27.62499,14400,0.497587
1974-02-25,27.62499,27.99999,27.24999,27.375,22400,0.493084
1974-02-26,27.375,27.62499,27.24999,27.375,11400,0.493084
1974-02-27,27.375,27.99999,27.375,27.99999,45200,0.504341
1974-02-28,27.99999,27.99999,27.12501,27.24999,26000,0.490832
1974-03-01,27.24999,27.62499,26.87499,27.375,27000,0.493084
1974-03-04,27.375,27.87501,27.12501,27.375,15000,0.493084
1974-03-05,27.375,27.62499,26.625,27.62499,71600,0.497587
1974-03-06,27.62499,27.62499,26.625,27.50001,109800,0.495336
1974-03-07,27.24999,27.24999,26.75001,27.12501,84600,0.488581
1974-03-08,27.12501,27.12501,26.625,27.12501,50000,0.488581
1974-03-11,26.87499,26.87499,26.625,26.87499,27800,0.484078
1974-03-12,26.87499,27.0,26.49999,26.75001,21000,0.481826
1974-03-13,26.75001,27.12501,26.12499,27.12501,49800,0.488581
1974-03-14,27.24999,27.50001,27.24999,27.50001,49400,0.495336
1974-03-15,27.24999,27.24999,27.0,27.0,48200,0.486329
1974-03-18,27.0,27.0,26.49999,26.625,62000,0.479575
1974-03-19,26.625,26.75001,26.49999,26.75001,79800,0.481826
1974-03-20,26.75001,27.0,26.25,26.49999,35600,0.477323
1974-03-21,26.49999,26.75001,26.49999,26.625,20600,0.479575
1974-03-22,26.625,26.625,26.00001,26.00001,38600,0.468317
1974-03-25,26.00001,26.37501,25.5,25.5,11600,0.459311
1974-03-26,25.5,26.75001,25.25001,26.37501,32600,0.475072
1974-03-27,26.37501,26.75001,26.00001,26.75001,137600,0.481826
1974-03-28,26.49999,26.49999,26.00001,26.37501,23400,0.475072
1974-03-29,26.25,26.25,25.25001,25.5,94200,0.459311
1974-04-01,25.25001,25.25001,24.99999,25.25001,44400,0.454808
1974-04-02,25.25001,25.62501,25.25001,25.5,35400,0.459311
1974-04-03,25.5,25.5,25.125,25.5,18000,0.459311
1974-04-04,25.5,25.5,25.5,25.5,15000,0.459311
1974-04-05,25.125,25.125,24.62499,24.87501,45000,0.448054
1974-04-08,24.87501,24.87501,24.50001,24.75,11000,0.445802
1974-04-09,24.75,24.75,24.50001,24.50001,19200,0.441299
1974-04-10,24.75,25.25001,24.75,24.99999,8400,0.450305
1974-04-11,24.99999,24.99999,24.375,24.375,66000,0.439047
1974-04-15,24.375,24.62499,23.49999,24.50001,40200,0.441299
1974-04-16,24.50001,24.50001,23.625,24.50001,19200,0.441299
1974-04-17,24.50001,24.50001,23.87499,24.375,29400,0.439047
1974-04-18,24.375,24.375,23.75001,24.12501,235400,0.434544
1974-04-19,24.12501,24.12501,23.87499,23.87499,60600,0.430041
1974-04-22,23.87499,24.0,23.87499,23.87499,31200,0.430041
1974-04-23,23.87499,24.12501,22.74999,23.00001,43200,0.414281
1974-04-24,22.74999,22.74999,21.87501,21.99999,32400,0.396268
1974-04-25,21.99999,21.99999,21.24999,21.99999,25800,0.396268
1974-04-26,21.99999,21.99999,21.50001,21.99999,18600,0.396268
1974-04-29,22.25001,22.875,22.25001,22.37499,12000,0.403023
1974-04-30,22.37499,22.74999,21.62499,21.87501,25400,0.394017
1974-05-01,21.99999,22.5,21.99999,22.5,18800,0.405274
1974-05-02,22.5,23.49999,22.5,23.49999,42000,0.423286
1974-05-03,23.49999,23.49999,23.12499,23.12499,33800,0.416532
1974-05-06,23.25,23.87499,23.25,23.625,12200,0.425538
1974-05-07,23.625,24.0,23.37501,23.49999,58400,0.423286
1974-05-08,23.49999,23.87499,23.25,23.87499,21000,0.430041
1974-05-09,23.87499,24.75,23.75001,24.50001,40200,0.441299
1974-05-10,24.50001,24.87501,24.50001,24.50001,31200,0.441299
1974-05-13,24.50001,24.50001,24.12501,24.50001,29600,0.448066
1974-05-14,24.24999,24.24999,23.49999,23.75001,25400,0.434349
1974-05-15,23.00001,23.00001,22.74999,23.00001,23400,0.420633
1974-05-16,23.00001,23.75001,23.00001,23.49999,46400,0.429777
1974-05-17,23.37501,23.37501,22.37499,22.37499,23000,0.409202
1974-05-20,22.37499,23.12499,22.125,23.00001,15200,0.420633
1974-05-21,23.00001,23.37501,23.00001,23.25,22200,0.425205
1974-05-22,23.25,23.37501,22.62501,22.62501,10800,0.413775
1974-05-23,22.62501,23.25,22.5,23.00001,72600,0.420633
1974-05-24,23.00001,23.12499,22.875,23.00001,16400,0.420633
1974-05-28,23.00001,23.12499,22.125,22.125,27000,0.40463
1974-05-29,22.25001,22.62501,22.25001,22.25001,95000,0.406917
1974-05-30,22.25001,22.25001,21.99999,22.125,19800,0.40463
1974-05-31,22.125,22.125,21.50001,21.62499,19200,0.395486
1974-06-03,21.62499,22.37499,21.62499,22.37499,122600,0.409202
1974-06-04,22.37499,22.5,22.125,22.5,30800,0.411489
1974-06-05,22.5,22.5,21.99999,22.5,36200,0.411489
1974-06-06,22.5,22.74999,22.37499,22.74999,42200,0.416061
1974-06-07,22.74999,23.00001,22.5,22.875,63200,0.418347
1974-06-10,22.875,23.12499,22.37499,22.875,35600,0.418347
1974-06-11,22.875,23.12499,22.875,23.12499,28200,0.422919
1974-06-12,23.00001,23.00001,22.25001,22.62501,17000,0.413775
1974-06-13,22.62501,22.875,22.5,22.62501,33800,0.413775
1974-06-14,22.25001,22.25001,21.87501,21.87501,34400,0.400059
1974-06-17,21.87501,21.99999,20.37501,21.24999,117600,0.388628
1974-06-18,21.24999,21.375,20.87499,21.24999,16800,0.388628
1974-06-19,21.24999,21.24999,20.87499,21.12501,21800,0.386342
1974-06-20,21.12501,21.75,20.49999,20.49999,69200,0.374912
1974-06-21,20.49999,21.12501,20.49999,21.0,55200,0.384056
1974-06-24,21.0,21.24999,20.75001,21.12501,20000,0.386342
1974-06-25,21.12501,21.12501,20.75001,21.0,30200,0.384056
1974-06-26,21.0,21.0,20.49999,21.0,23400,0.384056
1974-06-27,21.0,21.0,20.49999,20.49999,21800,0.374912
1974-06-28,20.49999,20.75001,20.49999,20.75001,7400,0.379484
1974-07-01,21.0,21.50001,21.0,21.50001,5600,0.3932
1974-07-02,21.50001,21.99999,21.12501,21.12501,17600,0.386342
1974-07-03,21.12501,21.375,20.625,20.625,16400,0.377198
1974-07-05,20.625,21.0,20.625,21.0,3000,0.384056
1974-07-08,21.0,21.0,20.12499,20.25,18200,0.37034
1974-07-09,20.25,20.625,20.00001,20.00001,20400,0.365768
1974-07-10,20.00001,20.12499,19.74999,19.74999,56000,0.361195
1974-07-11,19.74999,20.25,19.5,20.12499,148400,0.368054
1974-07-12,20.37501,21.12501,20.37501,21.0,37200,0.384056
1974-07-15,21.50001,22.125,21.50001,22.125,38600,0.40463
1974-07-16,22.125,22.125,21.62499,21.75,16800,0.397772
1974-07-17,21.75,22.74999,21.75,22.125,18600,0.40463
1974-07-18,22.125,23.25,22.125,23.25,31400,0.425205
1974-07-19,23.37501,24.75,23.37501,24.75,43800,0.452637
1974-07-22,24.24999,24.24999,23.49999,23.625,18600,0.432063
1974-07-23,24.62499,25.62501,24.62499,25.62501,51600,0.46864
1974-07-24,25.62501,25.62501,24.62499,24.99999,29600,0.457209
1974-07-25,25.37499,25.74999,25.37499,25.74999,14400,0.470926
1974-07-26,25.74999,26.00001,25.5,25.5,19200,0.466354
1974-07-29,25.37499,25.37499,24.0,24.0,54600,0.438921
1974-07-30,24.0,24.24999,23.37501,23.625,27200,0.432063
1974-07-31,23.625,24.12501,23.49999,23.625,14600,0.432063
1974-08-01,23.49999,23.49999,23.00001,23.00001,18000,0.420633
1974-08-02,22.62501,22.62501,21.24999,21.99999,124400,0.402344
1974-08-05,21.99999,22.25001,21.0,21.99999,20400,0.402344
1974-08-06,22.25001,23.00001,22.25001,22.62501,43400,0.413775
1974-08-07,22.62501,22.74999,22.5,22.74999,51200,0.416061
1974-08-08,22.74999,23.00001,22.62501,22.62501,40400,0.413775
1974-08-09,22.62501,23.00001,22.5,22.62501,35400,0.413775
1974-08-12,22.5,22.5,22.125,22.37499,7400,0.416005
1974-08-13,22.37499,22.5,21.62499,21.87501,13800,0.40671
1974-08-14,21.87501,22.37499,21.62499,21.99999,9800,0.409033
1974-08-15,21.99999,21.99999,21.75,21.87501,24800,0.40671
1974-08-16,22.125,22.5,22.125,22.25001,9800,0.413682
1974-08-19,22.25001,22.875,22.125,22.25001,19800,0.413682
1974-08-20,22.25001,22.62501,21.50001,21.50001,41000,0.399737
1974-08-21,21.375,21.375,20.75001,20.75001,44400,0.385793
1974-08-22,20.75001,21.375,20.12499,21.375,28800,0.397413
1974-08-23,21.375,21.375,20.49999,20.75001,6800,0.385793
1974-08-26,20.75001,21.0,20.49999,20.75001,11400,0.385793
1974-08-27,20.75001,21.0,20.625,20.75001,15200,0.385793
1974-08-28,20.75001,20.75001,19.74999,20.00001,135000,0.371849
1974-08-29,20.00001,20.00001,18.99999,19.25001,34400,0.357904
1974-08-30,19.25001,19.74999,18.50001,19.62501,24000,0.364877
1974-09-03,19.62501,20.37501,19.37499,19.74999,31400,0.3672
1974-09-04,19.74999,20.49999,19.5,20.12499,8600,0.374172
1974-09-05,20.12499,20.49999,19.875,19.875,74600,0.369524
1974-09-06,19.875,20.12499,19.875,20.00001,3600,0.371849
1974-09-09,20.00001,20.00001,18.99999,18.99999,10400,0.353256
1974-09-10,18.99999,19.37499,18.99999,19.125,33000,0.35558
1974-09-11,18.87501,18.87501,18.50001,18.50001,14400,0.34396
1974-09-12,18.50001,18.50001,16.5,17.49999,25400,0.325367
1974-09-13,17.49999,17.75001,17.00001,17.625,37200,0.327692
1974-09-16,17.625,18.75,17.37501,18.75,20600,0.348608
1974-09-17,18.75,18.99999,18.12501,18.12501,26400,0.336988
1974-09-18,18.12501,18.24999,17.25,17.75001,112400,0.330016
1974-09-19,17.75001,18.50001,17.37501,18.50001,39000,0.34396
1974-09-20,18.75,19.74999,18.75,19.74999,38000,0.3672
1974-09-23,19.875,20.625,19.875,20.12499,75000,0.374172
1974-09-24,20.12499,20.75001,20.00001,20.25,27800,0.376497
1974-09-25,20.25,20.87499,20.00001,20.00001,33200,0.371849
1974-09-26,20.00001,20.625,19.5,20.625,185400,0.383469
1974-09-27,20.625,20.625,20.00001,20.25,31400,0.376497
1974-09-30,20.25,20.49999,19.875,20.12499,45200,0.374172
1974-10-01,20.00001,20.00001,19.5,20.00001,35400,0.371849
1974-10-02,20.00001,20.49999,19.875,20.49999,14600,0.381145
1974-10-03,20.49999,20.49999,20.12499,20.49999,51200,0.381145
1974-10-04,20.625,21.24999,20.625,21.12501,13800,0.392765
1974-10-07,21.12501,21.62499,21.12501,21.24999,38400,0.395089
1974-10-08,21.50001,21.99999,21.50001,21.75,22800,0.404385
1974-10-09,21.75,22.74999,20.87499,22.37499,17400,0.416005
1974-10-10,23.00001,24.12501,23.00001,23.75001,222600,0.44157
1974-10-11,23.75001,24.75,23.00001,24.50001,67200,0.455515
1974-10-14,25.25001,26.37501,25.25001,26.12499,106200,0.485727
1974-10-15,26.12499,26.12499,25.37499,26.00001,49400,0.483403
1974-10-16,26.00001,26.00001,25.62501,26.00001,45200,0.483403
1974-10-17,26.00001,26.87499,25.5,26.75001,48000,0.497348
1974-10-18,26.75001,26.87499,26.12499,26.49999,83000,0.492699
1974-10-21,26.25,26.25,24.75,25.25001,123800,0.469459
1974-10-22,25.25001,25.5,25.25001,25.37499,8000,0.471783
1974-10-23,25.25001,25.25001,24.75,24.87501,11400,0.462487
1974-10-24,24.50001,24.50001,24.12501,24.375,45000,0.45319
1974-10-25,24.62499,24.99999,24.62499,24.99999,49800,0.464811
1974-10-28,24.75,24.75,24.62499,24.75,2000,0.460163
1974-10-29,24.75,24.87501,24.50001,24.75,7800,0.460163
1974-10-30,24.75,25.5,24.75,25.5,111200,0.474107
1974-10-31,25.5,25.74999,25.125,25.74999,43800,0.478755
1974-11-01,25.74999,25.74999,24.87501,25.74999,65000,0.478755
1974-11-04,25.62501,25.62501,25.125,25.125,9200,0.467135
1974-11-05,25.125,25.74999,25.125,25.62501,19400,0.476431
1974-11-06,25.74999,26.25,25.74999,26.25,30000,0.488051
1974-11-07,26.25,27.0,26.00001,27.0,20400,0.501996
1974-11-08,27.0,27.24999,26.75001,27.24999,14600,0.514069
1974-11-11,27.24999,27.50001,26.75001,27.24999,50400,0.514069
1974-11-12,27.24999,28.25001,27.24999,27.75,22400,0.523502
1974-11-13,27.75,27.99999,27.375,27.50001,12800,0.518785
1974-11-14,27.50001,27.99999,27.0,27.0,83600,0.509353
1974-11-15,27.0,27.0,25.875,25.875,13400,0.48813
1974-11-18,25.875,26.00001,25.25001,25.25001,13800,0.476339
1974-11-19,24.99999,24.99999,24.75,24.99999,14600,0.471623
1974-11-20,24.99999,25.125,24.50001,25.125,16800,0.473981
1974-11-21,25.125,25.5,24.75,25.5,15600,0.481055
1974-11-22,25.5,25.62501,25.37499,25.62501,20000,0.483414
1974-11-25,25.37499,25.37499,24.12501,24.12501,9000,0.455116
1974-11-26,24.12501,24.375,23.87499,23.87499,29400,0.4504
1974-11-27,23.87499,24.12501,23.12499,23.12499,24800,0.436251
1974-11-29,23.12499,23.37501,22.74999,23.37501,9800,0.440968
1974-12-02,23.25,23.25,22.5,22.5,9000,0.424461
1974-12-03,22.5,23.00001,22.125,23.00001,15200,0.433893
1974-12-04,23.00001,23.00001,22.74999,22.74999,38600,0.429177
1974-12-05,22.74999,23.00001,22.5,22.5,130800,0.424461
1974-12-06,22.5,22.875,21.99999,21.99999,24800,0.415028
1974-12-09,21.99999,22.37499,21.87501,22.125,202400,0.417386
1974-12-10,22.125,22.37499,22.125,22.25001,19200,0.419745
1974-12-11,22.37499,23.12499,22.37499,22.74999,121200,0.429177
1974-12-12,22.74999,22.74999,22.5,22.74999,10200,0.429177
1974-12-13,22.5,22.5,20.625,20.87499,106200,0.393805
1974-12-16,20.87499,21.50001,20.49999,20.49999,22400,0.386731
1974-12-17,20.625,21.375,20.625,21.375,47000,0.403238
1974-12-18,21.375,21.75,21.24999,21.75,54200,0.410312
1974-12-19,21.75,22.25001,21.12501,21.87501,33800,0.41267
1974-12-20,21.87501,21.99999,21.50001,21.50001,60000,0.405596
1974-12-23,21.50001,21.75,21.375,21.75,65000,0.410312
1974-12-24,21.99999,22.875,21.99999,22.37499,10800,0.422102
1974-12-26,22.25001,22.25001,21.87501,22.125,10800,0.417386
1974-12-27,22.125,22.125,21.75,21.99999,49200,0.415028
1974-12-30,21.99999,22.125,21.62499,21.99999,21000,0.415028
1974-12-31,21.99999,22.62501,21.75,22.62501,171800,0.426819
1975-01-02,22.875,23.625,22.875,23.49999,50600,0.443325
1975-01-03,23.49999,25.74999,23.12499,25.5,26000,0.481055
1975-01-06,25.5,26.00001,25.5,26.00001,53000,0.490488
1975-01-07,26.00001,26.00001,25.25001,25.25001,35400,0.476339
1975-01-08,25.25001,25.37499,24.75,24.75,33200,0.466907
1975-01-09,24.75,24.99999,24.24999,24.99999,78800,0.471623
1975-01-10,25.37499,26.37501,25.37499,26.00001,75800,0.490488
1975-01-13,26.00001,26.12499,25.125,25.37499,63600,0.478697
1975-01-14,25.37499,25.62501,24.62499,25.5,25200,0.481055
1975-01-15,25.5,26.00001,25.5,26.00001,5600,0.490488
1975-01-16,25.875,25.875,25.5,25.74999,30200,0.485772
1975-01-17,25.74999,26.00001,25.62501,25.74999,15600,0.485772
1975-01-20,25.74999,25.74999,24.99999,25.37499,26400,0.478697
1975-01-21,25.37499,25.74999,25.37499,25.62501,90800,0.483414
1975-01-22,25.62501,25.62501,25.125,25.125,166800,0.473981
1975-01-23,25.125,25.25001,24.87501,24.87501,21600,0.469265
1975-01-24,24.87501,25.62501,24.62499,25.5,23400,0.481055
1975-01-27,25.37499,25.37499,24.62499,24.87501,457200,0.469265
1975-01-28,24.87501,24.99999,24.62499,24.75,29400,0.466907
1975-01-29,24.75,25.125,24.62499,24.75,238400,0.466907
1975-01-30,24.75,24.75,23.25,23.25,212000,0.438609
1975-01-31,23.25,24.75,23.25,24.12501,18000,0.455116
1975-02-03,24.12501,24.75,24.12501,24.75,21000,0.466907
1975-02-04,24.75,24.75,24.50001,24.50001,22800,0.462191
1975-02-05,24.50001,25.125,24.375,25.125,53600,0.473981
1975-02-06,24.99999,24.99999,23.87499,23.87499,42800,0.4504
1975-02-07,23.37501,23.37501,22.5,23.37501,153600,0.448291
1975-02-10,23.37501,24.0,23.25,23.49999,53000,0.450687
1975-02-11,23.12499,23.12499,22.74999,22.875,89400,0.438701
1975-02-12,22.74999,22.74999,22.62501,22.62501,14000,0.433907
1975-02-13,22.74999,23.75001,22.74999,23.75001,94200,0.455482
1975-02-14,23.75001,23.87499,23.37501,23.75001,116400,0.455482
1975-02-18,23.75001,24.12501,23.75001,24.0,54800,0.460277
1975-02-19,24.0,24.375,23.625,24.375,87200,0.467469
1975-02-20,24.375,24.75,24.24999,24.50001,15800,0.469866
1975-02-21,24.50001,24.87501,24.0,24.12501,36800,0.462674
1975-02-24,24.12501,24.50001,24.12501,24.24999,51000,0.465071
1975-02-25,24.12501,24.12501,23.49999,23.625,49800,0.453085
1975-02-26,23.625,23.625,22.875,23.25,58200,0.445893
1975-02-27,23.25,23.37501,23.00001,23.00001,19200,0.441099
1975-02-28,23.00001,23.12499,21.99999,22.5,132600,0.431509
1975-03-03,22.5,22.5,21.75,22.25001,78600,0.426715
1975-03-04,22.5,23.12499,22.5,22.74999,199200,0.436304
1975-03-05,22.74999,22.875,21.99999,22.74999,53000,0.436304
1975-03-06,22.74999,23.25,22.5,22.875,135800,0.438701
1975-03-07,22.875,23.12499,22.74999,22.74999,25400,0.436304
1975-03-10,22.74999,22.875,21.50001,21.99999,98400,0.42192
1975-03-11,21.99999,22.125,21.50001,21.50001,223800,0.412331
1975-03-12,21.50001,21.50001,20.87499,21.24999,79400,0.407537
1975-03-13,21.24999,22.25001,20.49999,21.99999,234200,0.42192
1975-03-14,21.99999,22.37499,21.12501,21.50001,44000,0.412331
1975-03-17,21.50001,21.99999,21.50001,21.99999,123600,0.42192
1975-03-18,21.99999,22.125,21.50001,21.50001,95400,0.412331
1975-03-19,21.0,21.0,20.625,20.87499,50000,0.400345
1975-03-20,20.87499,21.12501,20.00001,20.87499,43800,0.400345
1975-03-21,20.87499,21.24999,20.37501,21.12501,127800,0.40514
1975-03-24,21.0,21.0,20.49999,20.87499,81000,0.400345
1975-03-25,21.0,22.125,21.0,22.125,45200,0.424318
1975-03-26,22.125,22.5,21.62499,21.75,51600,0.417126
1975-03-27,21.99999,22.37499,21.99999,22.25001,55200,0.426715
1975-03-31,22.5,22.875,22.5,22.62501,55800,0.433907
1975-04-01,22.62501,22.875,22.5,22.5,16400,0.431509
1975-04-02,22.5,23.00001,22.5,22.74999,32600,0.436304
1975-04-03,22.74999,23.00001,22.74999,22.74999,17000,0.436304
1975-04-04,22.74999,22.74999,22.25001,22.37499,15800,0.429112
1975-04-07,22.37499,22.74999,22.25001,22.37499,8400,0.429112
1975-04-08,22.25001,22.25001,21.0,21.0,54000,0.402742
1975-04-09,21.0,21.375,21.0,21.0,63800,0.402742
1975-04-10,21.12501,21.87501,21.12501,21.24999,107600,0.407537
1975-04-11,21.50001,22.25001,21.50001,21.99999,19200,0.42192
1975-04-14,21.99999,21.99999,21.75,21.99999,30200,0.42192
1975-04-15,21.99999,22.125,21.75,21.87501,68400,0.419523
1975-04-16,21.62499,21.62499,21.375,21.50001,64800,0.412331
1975-04-17,21.75,21.99999,21.75,21.87501,40400,0.419523
1975-04-18,21.87501,22.25001,21.50001,21.50001,39600,0.412331
1975-04-21,21.62499,22.62501,21.62499,21.99999,50000,0.42192
1975-04-22,21.87501,21.87501,21.12501,21.12501,81800,0.40514
1975-04-23,21.12501,21.24999,20.87499,21.12501,39800,0.40514
1975-04-24,21.12501,21.375,21.0,21.0,33600,0.402742
1975-04-25,21.0,21.0,20.625,20.75001,24200,0.397948
1975-04-28,20.75001,21.0,20.625,20.75001,21200,0.397948
1975-04-29,20.75001,21.12501,20.75001,21.12501,57800,0.40514
1975-04-30,21.12501,21.12501,20.75001,20.87499,35600,0.400345
1975-05-01,20.87499,21.375,20.625,20.87499,40400,0.400345
1975-05-02,20.87499,21.0,20.37501,20.37501,72200,0.390756
1975-05-05,20.49999,20.87499,20.49999,20.87499,36600,0.400345
1975-05-06,20.87499,20.87499,20.625,20.75001,144600,0.397948
1975-05-07,20.75001,21.0,20.49999,20.625,1139000,0.39555
1975-05-08,20.625,21.375,20.49999,21.375,747800,0.409934
1975-05-09,21.50001,22.25001,21.50001,22.125,83400,0.424318
1975-05-12,22.125,22.125,21.375,21.87501,52800,0.427051
1975-05-13,21.87501,21.87501,21.375,21.62499,68000,0.42217
1975-05-14,21.62499,21.99999,21.375,21.375,453800,0.41729
1975-05-15,21.50001,21.87501,21.50001,21.75,53000,0.42461
1975-05-16,21.75,21.75,21.24999,21.24999,34200,0.414849
1975-05-19,21.24999,21.75,21.24999,21.75,27600,0.42461
1975-05-20,21.75,21.87501,21.62499,21.75,51200,0.42461
1975-05-21,21.75,21.75,21.24999,21.50001,72800,0.41973
1975-05-22,21.50001,21.75,21.375,21.62499,94400,0.42217
1975-05-23,21.62499,21.99999,21.50001,21.87501,277800,0.427051
1975-05-27,21.87501,22.5,21.87501,22.5,11600,0.439252
1975-05-28,22.5,23.25,22.37499,22.5,173000,0.439252
1975-05-29,22.5,23.25,22.5,23.12499,126800,0.451453
1975-05-30,23.12499,24.12501,23.12499,24.0,168800,0.468536
1975-06-02,24.12501,24.62499,24.12501,24.375,46200,0.475857
1975-06-03,24.50001,24.99999,24.50001,24.99999,77600,0.488058
1975-06-04,24.99999,25.125,24.75,24.75,39200,0.483177
1975-06-05,24.75,24.87501,24.50001,24.87501,17600,0.485618
1975-06-06,24.87501,25.125,24.24999,24.50001,36600,0.478297
1975-06-09,24.24999,24.24999,23.49999,23.49999,82200,0.458774
1975-06-10,23.49999,23.49999,23.12499,23.49999,6600,0.458774
1975-06-11,23.49999,24.375,23.49999,23.625,54000,0.461215
1975-06-12,23.87499,24.0,23.87499,23.87499,68600,0.466095
1975-06-13,23.87499,24.0,23.75001,23.75001,24800,0.463655
1975-06-16,23.87499,24.12501,23.87499,24.0,78800,0.468536
1975-06-17,24.12501,24.99999,24.12501,24.75,79200,0.483177
1975-06-18,24.87501,25.25001,24.87501,25.25001,56000,0.492939
1975-06-19,25.37499,26.00001,25.37499,25.875,343200,0.50514
1975-06-20,25.875,25.875,24.75,24.75,155000,0.483177
1975-06-23,24.75,24.87501,24.375,24.62499,67200,0.480737
1975-06-24,24.99999,25.875,24.99999,25.5,168800,0.497819
1975-06-25,25.5,26.00001,25.5,25.875,162200,0.50514
1975-06-26,25.875,25.875,25.37499,25.875,191600,0.50514
1975-06-27,25.875,26.00001,25.5,26.00001,42200,0.50758
1975-06-30,26.00001,26.00001,25.5,25.875,70200,0.50514
1975-07-01,25.875,26.49999,24.87501,24.87501,53000,0.485618
1975-07-02,24.87501,25.5,24.87501,25.25001,13800,0.492939
1975-07-03,25.25001,25.37499,24.87501,24.99999,119600,0.488058
1975-07-07,24.99999,24.99999,24.24999,24.24999,40400,0.473416
1975-07-08,24.24999,24.62499,23.75001,23.75001,32000,0.463655
1975-07-09,23.75001,24.0,23.75001,24.0,14600,0.468536
1975-07-10,24.0,24.0,23.75001,23.75001,10200,0.463655
1975-07-11,23.75001,23.87499,23.625,23.625,55800,0.461215
1975-07-14,23.625,23.625,23.37501,23.625,48600,0.461215
1975-07-15,23.625,23.75001,23.12499,23.12499,199200,0.451453
1975-07-16,23.00001,23.00001,21.87501,22.25001,30600,0.434372
1975-07-17,22.25001,22.875,22.125,22.875,41600,0.446573
1975-07-18,22.875,23.00001,22.37499,22.37499,64200,0.436812
1975-07-21,22.37499,23.49999,22.37499,23.12499,26000,0.451453
1975-07-22,22.74999,22.74999,22.5,22.5,9200,0.439252
1975-07-23,22.5,22.5,21.87501,22.125,51200,0.431931
1975-07-24,21.99999,21.99999,20.87499,20.87499,48800,0.407528
1975-07-25,20.87499,21.375,20.87499,21.24999,46200,0.414849
1975-07-28,21.24999,21.62499,21.24999,21.50001,33200,0.41973
1975-07-29,21.50001,21.87501,21.0,21.0,92400,0.409969
1975-07-30,21.0,21.50001,21.0,21.375,20000,0.41729
1975-07-31,21.375,21.62499,21.12501,21.50001,43200,0.41973
1975-08-01,21.24999,21.24999,20.75001,21.0,48800,0.409969
1975-08-04,21.0,21.24999,20.37501,20.37501,111000,0.397767
1975-08-05,20.37501,20.87499,20.37501,20.87499,18000,0.407528
1975-08-06,20.87499,21.24999,20.625,21.0,16400,0.409969
1975-08-07,21.0,21.375,20.87499,21.0,18600,0.409969
1975-08-08,21.0,21.0,20.49999,20.49999,27200,0.400207
1975-08-11,20.49999,21.0,20.25,20.25,13800,0.402994
1975-08-12,20.25,21.0,20.25,20.25,18200,0.402994
1975-08-13,20.25,20.37501,19.74999,19.74999,35000,0.393043
1975-08-14,19.74999,19.74999,18.99999,19.25001,260400,0.383093
1975-08-15,19.25001,19.25001,18.99999,19.25001,211200,0.383093
1975-08-18,19.25001,19.37499,19.125,19.25001,30200,0.383093
1975-08-19,19.25001,19.37499,19.125,19.25001,33200,0.383093
1975-08-20,19.25001,19.25001,18.75,19.125,38400,0.380605
1975-08-21,19.125,19.25001,18.75,18.99999,109400,0.378117
1975-08-22,18.99999,18.99999,18.75,18.99999,127400,0.378117
1975-08-25,18.99999,19.875,18.99999,19.875,19200,0.395531
1975-08-26,19.875,20.12499,19.875,19.875,73400,0.395531
1975-08-27,19.875,19.875,19.37499,19.74999,96800,0.393043
1975-08-28,19.74999,20.12499,19.74999,20.12499,43200,0.400506
1975-08-29,20.12499,20.12499,19.74999,20.00001,105800,0.398019
1975-09-02,20.00001,20.00001,19.5,19.5,16400,0.388068
1975-09-03,19.5,19.5,18.99999,19.37499,39000,0.38558
1975-09-04,19.37499,19.5,18.87501,18.99999,53000,0.378117
1975-09-05,18.87501,18.87501,18.75,18.87501,33200,0.37563
1975-09-08,18.87501,19.25001,18.75,19.25001,26400,0.383093
1975-09-09,19.37499,19.62501,19.37499,19.5,46400,0.388068
1975-09-10,19.5,19.62501,19.37499,19.62501,119400,0.390556
1975-09-11,19.62501,19.875,19.62501,19.62501,23400,0.390556
1975-09-12,19.62501,19.875,19.25001,19.25001,30200,0.383093
1975-09-15,19.25001,19.5,19.125,19.25001,50000,0.383093
1975-09-16,19.25001,19.25001,18.62499,18.99999,29000,0.378117
1975-09-17,18.87501,18.87501,18.0,18.50001,176000,0.368167
1975-09-18,18.50001,18.75,18.12501,18.24999,29600,0.363192
1975-09-19,18.24999,18.75,18.24999,18.24999,43800,0.363192
1975-09-22,18.375,18.75,18.375,18.375,47000,0.365679
1975-09-23,18.375,18.62499,18.0,18.24999,103200,0.363192
1975-09-24,18.62499,18.99999,18.62499,18.87501,48200,0.37563
1975-09-25,18.87501,18.99999,18.62499,18.75,24600,0.373142
1975-09-26,18.75,19.25001,18.62499,18.99999,28800,0.378117
1975-09-29,18.99999,18.99999,18.62499,18.62499,28200,0.370655
1975-09-30,18.62499,18.62499,18.12501,18.24999,47000,0.363192
1975-10-01,18.24999,18.62499,18.12501,18.375,45800,0.365679
1975-10-02,18.375,18.62499,18.375,18.62499,13400,0.370655
1975-10-03,18.75,19.62501,18.75,18.99999,23600,0.378117
1975-10-06,19.25001,20.25,19.25001,19.875,33800,0.395531
1975-10-07,19.875,20.12499,19.875,20.00001,62400,0.398019
1975-10-08,20.00001,20.25,20.00001,20.00001,49800,0.398019
1975-10-09,20.00001,20.25,19.875,20.00001,56400,0.398019
1975-10-10,20.12499,20.49999,20.12499,20.37501,53000,0.405481
1975-10-13,20.37501,21.12501,20.37501,21.0,35400,0.417919
1975-10-14,21.0,21.375,20.12499,21.0,71600,0.417919
1975-10-15,21.0,21.24999,20.75001,21.12501,57200,0.420407
1975-10-16,21.62499,21.87501,21.62499,21.75,36600,0.432845
1975-10-17,21.75,22.25001,21.75,22.25001,25400,0.442796
1975-10-20,21.87501,21.87501,20.87499,21.0,24200,0.417919
1975-10-21,21.24999,21.99999,21.24999,21.99999,40400,0.43782
1975-10-22,21.87501,21.87501,21.50001,21.50001,27600,0.42787
1975-10-23,21.50001,21.50001,20.625,21.24999,20000,0.422894
1975-10-24,21.24999,21.375,21.24999,21.24999,153000,0.422894
1975-10-27,21.24999,21.375,21.24999,21.375,54000,0.425382
1975-10-28,21.375,21.87501,21.375,21.87501,159800,0.435333
1975-10-29,21.87501,22.62501,21.87501,21.87501,141800,0.435333
1975-10-30,21.87501,22.37499,21.87501,22.37499,78800,0.445283
1975-10-31,22.37499,22.74999,22.37499,22.74999,107400,0.452746
1975-11-03,22.74999,22.875,22.5,22.74999,49400,0.452746
1975-11-04,22.74999,22.875,22.62501,22.74999,50000,0.452746
1975-11-05,22.74999,23.12499,21.99999,22.5,219000,0.447771
1975-11-06,22.5,23.12499,22.25001,22.74999,67200,0.452746
1975-11-07,22.74999,22.74999,22.25001,22.5,75200,0.455581
1975-11-10,22.5,22.5,22.37499,22.5,70400,0.455581
1975-11-11,22.5,22.74999,22.5,22.5,81600,0.455581
1975-11-12,22.62501,23.25,22.62501,23.00001,123600,0.465705
1975-11-13,23.12499,23.87499,23.12499,23.49999,153800,0.475829
1975-11-14,23.49999,23.87499,23.25,23.625,63000,0.47836
1975-11-17,23.625,23.75001,23.25,23.75001,64400,0.480891
1975-11-18,23.75001,23.87499,23.25,23.25,131000,0.470767
1975-11-19,23.00001,23.00001,22.37499,22.37499,14400,0.45305
1975-11-20,22.37499,23.12499,22.125,22.62501,62000,0.458112
1975-11-21,22.62501,23.00001,22.62501,22.62501,20000,0.458112
1975-11-24,22.62501,23.00001,22.5,22.875,53000,0.463174
1975-11-25,22.875,23.12499,22.74999,22.875,36600,0.463174
1975-11-26,22.875,23.12499,22.74999,23.00001,44600,0.465705
1975-11-28,23.00001,23.00001,22.62501,22.74999,42800,0.460643
1975-12-01,22.74999,23.00001,22.5,22.62501,21000,0.458112
1975-12-02,22.62501,22.74999,22.37499,22.5,57000,0.455581
1975-12-03,22.5,22.5,21.62499,21.62499,91400,0.437863
1975-12-04,21.62499,21.75,21.375,21.62499,152000,0.437863
1975-12-05,21.62499,21.99999,21.62499,21.75,15200,0.440395
1975-12-08,21.75,21.99999,21.50001,21.62499,77600,0.437863
1975-12-09,21.62499,21.75,21.24999,21.62499,80000,0.437863
1975-12-10,21.62499,21.62499,21.24999,21.62499,60600,0.437863
1975-12-11,21.62499,21.87501,21.12501,21.75,83600,0.440395
1975-12-12,21.99999,22.25001,21.99999,21.99999,86600,0.445457
1975-12-15,22.125,22.62501,22.125,22.37499,105800,0.45305
1975-12-16,22.37499,22.74999,22.125,22.5,51800,0.455581
1975-12-17,22.5,22.5,22.37499,22.37499,35400,0.45305
1975-12-18,22.37499,22.5,22.25001,22.37499,26400,0.45305
1975-12-19,22.37499,22.62501,22.37499,22.5,42200,0.455581
1975-12-22,22.5,22.875,22.5,22.74999,30000,0.460643
1975-12-23,22.74999,22.875,22.62501,22.62501,20000,0.458112
1975-12-24,22.875,23.25,22.875,23.12499,26400,0.468236
1975-12-26,23.25,23.75001,23.25,23.75001,18600,0.480891
1975-12-29,23.75001,24.12501,23.37501,23.49999,36800,0.475829
1975-12-30,23.49999,23.49999,22.74999,23.12499,29000,0.468236
1975-12-31,23.12499,23.625,23.12499,23.625,19800,0.47836
1976-01-02,23.625,23.75001,23.37501,23.75001,21000,0.480891
1976-01-05,23.75001,24.24999,23.49999,24.24999,64200,0.491015
1976-01-06,24.24999,24.99999,24.12501,24.50001,135600,0.496077
1976-01-07,24.50001,24.62499,23.25,23.49999,171600,0.475829
1976-01-08,23.49999,24.12501,23.25,23.37501,96600,0.473298
1976-01-09,23.37501,23.75001,23.25,23.49999,38400,0.475829
1976-01-12,23.49999,23.49999,23.00001,23.25,272600,0.470767
1976-01-13,23.25,23.37501,23.00001,23.12499,78600,0.468236
1976-01-14,23.12499,23.49999,23.00001,23.49999,160200,0.475829
1976-01-15,23.49999,24.0,23.37501,23.37501,84000,0.473298
1976-01-16,23.49999,24.12501,23.49999,23.75001,93800,0.480891
1976-01-19,23.75001,24.50001,23.49999,24.50001,69800,0.496077
1976-01-20,24.50001,24.87501,24.375,24.50001,107000,0.496077
1976-01-21,24.50001,24.87501,24.375,24.50001,59400,0.496077
1976-01-22,24.50001,24.62499,23.75001,24.0,183800,0.485953
1976-01-23,24.0,24.24999,24.0,24.12501,96600,0.488484
1976-01-26,24.12501,24.375,24.12501,24.24999,109400,0.491015
1976-01-27,24.24999,24.24999,24.0,24.24999,99000,0.491015
1976-01-28,24.24999,24.50001,24.12501,24.24999,29000,0.491015
1976-01-29,24.24999,24.375,24.0,24.375,105000,0.493546
1976-01-30,24.375,24.50001,23.625,23.625,57000,0.47836
1976-02-02,23.625,24.375,23.25,24.24999,43200,0.491015
1976-02-03,24.24999,24.375,23.87499,24.375,53400,0.493546
1976-02-04,24.375,24.375,23.49999,23.87499,52800,0.483422
1976-02-05,23.87499,24.375,23.87499,24.12501,104400,0.488484
1976-02-06,23.75001,23.75001,23.25,23.25,52200,0.478502
1976-02-09,23.25,23.37501,23.00001,23.25,52200,0.478502
1976-02-10,23.25,23.75001,23.12499,23.49999,30200,0.483647
1976-02-11,23.49999,23.87499,23.12499,23.75001,55400,0.488793
1976-02-12,23.75001,23.75001,23.37501,23.75001,25200,0.488793
1976-02-13,23.75001,23.75001,23.25,23.49999,120800,0.483647
1976-02-17,23.49999,23.625,23.12499,23.12499,24000,0.475929
1976-02-18,23.12499,23.75001,23.00001,23.00001,55200,0.473357
1976-02-19,23.00001,23.75001,23.00001,23.49999,38400,0.483647
1976-02-20,23.49999,23.49999,23.12499,23.12499,18200,0.475929
1976-02-23,23.12499,23.37501,23.12499,23.12499,19800,0.475929
1976-02-24,23.12499,23.25,22.62501,22.875,36600,0.470784
1976-02-25,22.875,23.00001,22.875,22.875,494000,0.470784
1976-02-26,22.875,23.00001,22.875,22.875,99200,0.470784
1976-02-27,22.875,22.875,22.875,22.875,184400,0.470784
1976-03-01,22.875,22.875,22.74999,22.875,47400,0.470784
1976-03-02,22.875,22.875,22.875,22.875,77000,0.470784
1976-03-03,21.99999,21.99999,21.62499,21.87501,191000,0.450204
1976-03-04,21.87501,21.87501,20.75001,21.0,289400,0.432195
1976-03-05,21.0,21.12501,20.75001,21.0,115400,0.432195
1976-03-08,21.0,21.24999,21.0,21.12501,104600,0.434768
1976-03-09,21.12501,21.375,21.0,21.24999,155400,0.43734
1976-03-10,21.24999,21.24999,21.0,21.24999,332600,0.43734
1976-03-11,21.24999,21.50001,21.12501,21.24999,56400,0.43734
1976-03-12,21.24999,21.24999,21.0,21.0,107600,0.432195
1976-03-15,21.0,21.50001,20.75001,20.87499,115800,0.429623
1976-03-16,20.87499,20.87499,20.49999,20.625,180000,0.424478
1976-03-17,20.625,20.75001,20.25,20.625,275400,0.424478
1976-03-18,20.625,20.625,20.37501,20.625,145400,0.424478
1976-03-19,20.625,21.12501,20.625,20.87499,213000,0.429623
1976-03-22,20.87499,21.12501,20.625,20.87499,83400,0.429623
1976-03-23,20.87499,20.87499,20.625,20.87499,100200,0.429623
1976-03-24,20.87499,21.12501,20.625,20.625,186600,0.424478
1976-03-25,20.625,20.87499,20.625,20.75001,121200,0.42705
1976-03-26,20.75001,21.0,20.625,21.0,120800,0.432195
1976-03-29,21.0,21.24999,20.87499,21.24999,189600,0.43734
1976-03-30,21.24999,21.375,21.0,21.0,84000,0.432195
1976-03-31,21.0,21.375,20.75001,21.12501,333600,0.434768
1976-04-01,21.12501,21.62499,21.0,21.50001,87000,0.442486
1976-04-02,21.50001,21.50001,21.375,21.50001,48600,0.442486
1976-04-05,21.50001,21.62499,21.24999,21.62499,117800,0.445058
1976-04-06,21.62499,21.75,21.50001,21.75,85800,0.447631
1976-04-07,21.75,21.75,21.12501,21.24999,142800,0.43734
1976-04-08,21.24999,21.375,20.87499,20.87499,213200,0.429623
1976-04-09,20.87499,21.0,20.625,20.75001,90200,0.42705
1976-04-12,20.75001,21.12501,20.625,21.0,98600,0.432195
1976-04-13,21.0,21.62499,21.0,21.50001,91400,0.442486
1976-04-14,21.50001,22.37499,21.50001,22.25001,433800,0.457922
1976-04-15,22.5,23.25,22.5,23.12499,329400,0.475929
1976-04-19,23.12499,23.49999,23.12499,23.49999,203400,0.483647
1976-04-20,23.49999,24.24999,23.49999,24.24999,378800,0.499083
1976-04-21,24.24999,24.99999,24.0,24.24999,527400,0.499083
1976-04-22,24.24999,24.62499,23.87499,23.87499,176400,0.491365
1976-04-23,23.87499,24.50001,23.625,24.12501,153800,0.49651
1976-04-26,24.12501,24.24999,23.75001,24.0,194400,0.493938
1976-04-27,24.0,24.12501,23.75001,23.87499,131400,0.491365
1976-04-28,23.87499,24.0,23.625,23.625,101400,0.48622
1976-04-29,23.75001,24.24999,23.75001,24.24999,193200,0.499083
1976-04-30,24.24999,24.50001,24.0,24.12501,85200,0.49651
1976-05-03,24.12501,24.375,23.75001,23.87499,39200,0.491365
1976-05-04,23.87499,24.0,23.75001,23.87499,48800,0.491365
1976-05-05,23.87499,23.87499,23.625,23.87499,84000,0.491365
1976-05-06,23.87499,24.12501,23.49999,24.12501,90200,0.49651
1976-05-07,24.12501,24.375,23.87499,24.24999,54600,0.499083
1976-05-10,24.12501,24.12501,23.75001,23.75001,69800,0.496782
1976-05-11,23.87499,24.0,23.87499,24.0,81800,0.502011
1976-05-12,24.0,24.0,23.75001,24.0,66600,0.502011
1976-05-13,24.0,24.0,23.75001,23.75001,56600,0.496782
1976-05-14,23.75001,23.87499,23.25,23.25,247200,0.486323
1976-05-17,23.25,23.37501,22.62501,23.00001,123000,0.481094
1976-05-18,22.875,22.875,22.125,22.125,154200,0.462792
1976-05-19,22.125,22.125,21.375,21.75,89400,0.454948
1976-05-20,21.75,22.125,21.62499,21.99999,71600,0.460177
1976-05-21,21.87501,21.87501,21.50001,21.50001,116000,0.449719
1976-05-24,21.50001,21.62499,21.24999,21.50001,48600,0.449719
1976-05-25,21.50001,21.50001,21.0,21.0,45600,0.43926
1976-05-26,21.0,21.75,20.87499,21.75,89400,0.454948
1976-05-27,21.75,22.25001,21.75,21.99999,64800,0.460177
1976-05-28,21.99999,22.125,21.87501,21.99999,124400,0.460177
1976-06-01,22.125,22.37499,22.125,22.125,30200,0.462792
1976-06-02,22.125,22.5,22.125,22.37499,48000,0.468021
1976-06-03,22.37499,22.74999,22.25001,22.74999,55200,0.475865
1976-06-04,22.62501,22.62501,22.25001,22.62501,94200,0.47325
1976-06-07,22.62501,22.875,22.5,22.875,18000,0.478479
1976-06-08,22.875,22.875,22.5,22.74999,60200,0.475865
1976-06-09,22.74999,22.74999,22.5,22.5,36800,0.470636
1976-06-10,22.74999,23.00001,22.74999,23.00001,61800,0.481094
1976-06-11,23.00001,23.49999,23.00001,23.37501,40400,0.488938
1976-06-14,23.37501,23.49999,22.74999,23.12499,84800,0.483709
1976-06-15,23.12499,23.25,22.62501,22.74999,112800,0.475865
1976-06-16,22.74999,22.875,22.5,22.5,149600,0.470636
1976-06-17,22.5,22.74999,22.25001,22.5,129600,0.470636
1976-06-18,22.74999,23.25,22.74999,22.74999,82400,0.475865
1976-06-21,22.74999,23.00001,22.62501,22.875,47600,0.478479
1976-06-22,22.875,22.875,22.25001,22.25001,121200,0.465406
1976-06-23,22.25001,22.62501,21.99999,22.37499,75800,0.468021
1976-06-24,22.37499,22.74999,22.25001,22.62501,196400,0.47325
1976-06-25,22.875,23.625,22.875,23.49999,118400,0.491552
1976-06-28,23.49999,23.75001,23.12499,23.25,49200,0.486323
1976-06-29,23.25,23.625,23.25,23.49999,49200,0.491552
1976-06-30,23.49999,23.625,23.25,23.49999,43200,0.491552
1976-07-01,23.37501,23.37501,23.12499,23.12499,675000,0.483709
1976-07-02,23.12499,23.37501,23.12499,23.25,17000,0.486323
1976-07-06,23.25,23.37501,23.12499,23.37501,72000,0.488938
1976-07-07,23.37501,23.75001,23.25,23.625,64800,0.494167
1976-07-08,23.625,24.0,23.37501,23.87499,79800,0.499396
1976-07-09,23.87499,23.87499,23.49999,23.75001,49400,0.496782
1976-07-12,23.75001,23.75001,23.25,23.25,130200,0.486323
1976-07-13,23.625,23.87499,23.625,23.87499,42200,0.499396
1976-07-14,23.87499,24.12501,23.625,23.87499,153800,0.499396
1976-07-15,24.24999,24.62499,24.24999,24.375,144800,0.509855
1976-07-16,24.375,24.375,23.75001,24.0,484400,0.502011
1976-07-19,24.0,24.24999,23.75001,24.24999,104600,0.50724
1976-07-20,24.50001,24.75,24.50001,24.62499,194000,0.515084
1976-07-21,24.62499,24.75,24.50001,24.75,114800,0.517699
1976-07-22,24.75,24.87501,24.62499,24.87501,87600,0.520314
1976-07-23,24.87501,25.125,24.50001,24.75,590600,0.517699
1976-07-26,24.75,24.87501,24.62499,24.87501,82400,0.520314
1976-07-27,24.87501,24.87501,24.62499,24.75,55800,0.517699
1976-07-28,24.75,24.75,24.50001,24.75,84600,0.517699
1976-07-29,24.75,25.125,24.62499,24.99999,103400,0.522928
1976-07-30,24.99999,25.25001,24.99999,24.99999,62000,0.522928
1976-08-02,25.125,25.875,25.125,25.875,210800,0.541231
1976-08-03,25.875,26.25,25.74999,26.25,197000,0.549075
1976-08-04,26.25,26.625,26.25,26.625,217200,0.556919
1976-08-05,26.49999,26.49999,26.25,26.49999,72600,0.554304
1976-08-06,26.49999,26.87499,25.37499,26.625,98400,0.556919
1976-08-09,26.625,26.87499,26.625,26.75001,73400,0.559534
1976-08-10,26.75001,27.0,26.49999,26.49999,223200,0.554304
1976-08-11,26.49999,26.75001,26.37501,26.75001,138200,0.559534
1976-08-12,26.49999,26.49999,26.12499,26.25,54200,0.549075
1976-08-13,26.25,26.75001,26.12499,26.49999,62000,0.554304
1976-08-16,26.25,26.25,25.875,26.12499,86400,0.554622
1976-08-17,26.12499,26.25,26.12499,26.12499,197400,0.554622
1976-08-18,26.12499,26.25,25.5,25.74999,43200,0.546661
1976-08-19,25.74999,26.00001,25.37499,25.5,119000,0.541354
1976-08-20,25.5,25.62501,25.37499,25.5,147800,0.541354
1976-08-23,25.5,25.62501,25.37499,25.62501,158000,0.544008
1976-08-24,25.62501,26.37501,25.62501,26.12499,93800,0.554622
1976-08-25,26.12499,26.75001,26.12499,26.49999,145200,0.562583
1976-08-26,26.49999,26.49999,26.00001,26.12499,112200,0.554622
1976-08-27,26.12499,26.25,25.875,26.00001,51600,0.551969
1976-08-30,26.00001,26.25,25.74999,26.00001,47400,0.551969
1976-08-31,26.00001,26.49999,26.00001,26.25,72000,0.557276
1976-09-01,26.25,26.87499,26.00001,26.625,104600,0.565237
1976-09-02,26.625,27.24999,26.49999,26.49999,87800,0.562583
1976-09-03,26.49999,27.375,26.49999,27.375,155600,0.581159
1976-09-07,27.375,27.75,27.12501,27.75,244400,0.589121
1976-09-08,27.75,27.75,27.12501,27.375,151200,0.581159
1976-09-09,27.375,27.50001,26.49999,26.75001,114600,0.567891
1976-09-10,26.75001,27.375,26.75001,27.12501,114200,0.575852
1976-09-13,27.12501,27.375,26.625,26.625,111800,0.565237
1976-09-14,26.625,27.0,26.37501,26.87499,92000,0.570544
1976-09-15,26.75001,26.75001,26.25,26.25,80400,0.557276
1976-09-16,26.25,27.62499,26.25,27.62499,280200,0.586467
1976-09-17,27.62499,27.62499,27.24999,27.24999,236600,0.578506
1976-09-20,27.24999,27.87501,27.24999,27.75,285000,0.589121
1976-09-21,27.87501,28.25001,27.87501,28.125,196400,0.597082
1976-09-22,28.25001,28.875,28.25001,28.62501,324000,0.607697
1976-09-23,28.37499,28.37499,27.87501,27.99999,446600,0.594428
1976-09-24,27.99999,28.125,27.50001,27.99999,122400,0.594428
1976-09-27,27.99999,28.125,27.62499,27.99999,85200,0.594428
1976-09-28,27.99999,28.125,27.75,27.99999,122600,0.594428
1976-09-29,27.99999,28.125,27.62499,27.99999,61200,0.594428
1976-09-30,27.87501,27.87501,27.62499,27.87501,62000,0.591774
1976-10-01,27.87501,27.99999,27.75,27.99999,113600,0.594428
1976-10-04,27.99999,28.125,27.87501,28.125,158400,0.597082
1976-10-05,28.125,28.25001,27.87501,28.125,121800,0.597082
1976-10-06,27.99999,27.99999,27.87501,27.87501,166800,0.591774
1976-10-07,27.87501,27.99999,27.62499,27.75,132200,0.589121
1976-10-08,27.75,28.125,27.75,27.99999,81000,0.594428
1976-10-11,27.87501,27.87501,27.24999,27.375,45000,0.581159
1976-10-12,27.375,27.50001,27.12501,27.12501,64800,0.575852
1976-10-13,27.12501,27.99999,27.12501,27.99999,155600,0.594428
1976-10-14,27.99999,27.99999,27.50001,27.87501,301400,0.591774
1976-10-15,27.87501,27.87501,27.375,27.62499,219000,0.586467
1976-10-18,27.62499,27.87501,27.62499,27.62499,213800,0.586467
1976-10-19,27.62499,27.87501,27.62499,27.62499,150600,0.586467
1976-10-20,27.62499,27.75,27.50001,27.50001,51200,0.583813
1976-10-21,27.50001,27.75,27.375,27.50001,186600,0.583813
1976-10-22,27.50001,27.62499,27.375,27.375,78800,0.581159
1976-10-25,27.375,27.75,27.24999,27.62499,91400,0.586467
1976-10-26,27.62499,27.99999,27.375,27.99999,161000,0.594428
1976-10-27,27.87501,27.87501,27.62499,27.62499,89000,0.586467
1976-10-28,27.62499,28.125,27.62499,27.99999,173400,0.594428
1976-10-29,27.99999,28.74999,27.87501,28.62501,167600,0.607697
1976-11-01,28.62501,29.49999,28.62501,29.37501,294600,0.623619
1976-11-03,29.00001,29.00001,28.25001,28.74999,131600,0.61035
1976-11-04,28.74999,29.625,28.74999,29.625,307400,0.628926
1976-11-05,29.625,29.75001,28.5,29.00001,123000,0.615658
1976-11-08,29.00001,29.25,28.62501,28.875,316400,0.613004
1976-11-09,28.875,29.25,28.74999,29.00001,113000,0.615658
1976-11-10,29.00001,29.25,28.875,29.00001,95000,0.615658
1976-11-11,29.00001,29.00001,28.74999,28.74999,105200,0.61035
1976-11-12,28.74999,29.25,28.62501,29.12499,129000,0.618311
1976-11-15,29.12499,29.25,28.74999,29.00001,122000,0.625102
1976-11-16,29.00001,29.37501,29.00001,29.25,353600,0.63049
1976-11-17,29.25,29.25,29.12499,29.25,100200,0.63049
1976-11-18,29.25,29.37501,29.12499,29.25,174800,0.63049
1976-11-19,29.49999,29.87499,29.49999,29.625,294200,0.638573
1976-11-22,29.625,30.50001,29.625,30.50001,388800,0.657434
1976-11-23,30.50001,30.87501,30.375,30.87501,218600,0.665518
1976-11-24,30.87501,31.74999,30.75,31.74999,481400,0.684378
1976-11-26,31.875,32.25,31.875,32.25,102600,0.695156
1976-11-29,32.00001,32.00001,31.62501,31.875,203400,0.687073
1976-11-30,31.875,31.875,31.62501,31.74999,162800,0.684378
1976-12-01,31.74999,32.49999,30.99999,31.5,302600,0.678989
1976-12-02,31.5,31.74999,31.125,31.37499,180200,0.676295
1976-12-03,31.37499,31.74999,31.25001,31.5,172400,0.678989
1976-12-06,31.5,32.12499,31.5,32.00001,222000,0.689767
1976-12-07,32.00001,32.12499,31.62501,31.62501,129800,0.681684
1976-12-08,31.62501,32.00001,31.62501,31.62501,103200,0.681684
1976-12-09,31.875,32.37501,31.875,32.37501,113400,0.69785
1976-12-10,32.37501,32.75001,32.00001,32.37501,160400,0.69785
1976-12-13,32.37501,32.37501,31.875,32.25,162600,0.695156
1976-12-14,32.25,32.37501,31.37499,31.62501,611600,0.681684
1976-12-15,31.37499,31.37499,30.75,31.125,257000,0.670906
1976-12-16,30.99999,30.99999,30.62499,30.75,210800,0.662823
1976-12-17,30.75,30.87501,30.62499,30.62499,149000,0.660128
1976-12-20,30.62499,30.87501,30.375,30.62499,98000,0.660128
1976-12-21,30.62499,30.99999,30.50001,30.87501,225600,0.665518
1976-12-22,31.25001,31.62501,31.25001,31.5,225800,0.678989
1976-12-23,31.5,31.875,31.25001,31.5,185400,0.678989
1976-12-27,31.5,31.74999,31.25001,31.62501,420600,0.681684
1976-12-28,31.62501,31.875,31.37499,31.74999,100400,0.684378
1976-12-29,31.74999,31.74999,31.37499,31.62501,121800,0.681684
1976-12-30,31.62501,31.74999,31.5,31.62501,100200,0.681684
1976-12-31,31.62501,31.875,31.5,31.74999,100200,0.684378
1977-01-03,31.74999,31.875,31.62501,31.62501,87600,0.681684
1977-01-04,31.62501,31.62501,31.5,31.62501,83000,0.681684
1977-01-05,31.62501,31.62501,31.125,31.25001,182400,0.673601
1977-01-06,31.25001,31.875,31.25001,31.62501,195800,0.681684
1977-01-07,31.875,32.37501,31.875,32.25,100200,0.695156
1977-01-10,32.25,32.37501,32.12499,32.37501,63800,0.69785
1977-01-11,32.37501,32.49999,32.12499,32.25,115200,0.695156
1977-01-12,32.25,32.25,32.00001,32.00001,140400,0.689767
1977-01-13,32.12499,32.625,32.12499,32.49999,213000,0.700544
1977-01-14,32.49999,34.62501,32.49999,34.125,290400,0.735572
1977-01-17,34.125,34.125,33.75,33.75,168000,0.727489
1977-01-18,33.75,33.99999,33.62499,33.87501,148400,0.730183
1977-01-19,33.87501,34.875,33.87501,34.74999,331200,0.749044
1977-01-20,34.74999,35.12499,34.37499,34.5,313800,0.743655
1977-01-21,34.5,34.875,34.5,34.62501,163800,0.74635
1977-01-24,34.74999,35.49999,34.74999,35.37501,182400,0.762516
1977-01-25,35.37501,36.12501,35.37501,35.625,389600,0.767905
1977-01-26,35.625,35.625,34.62501,34.62501,391200,0.74635
1977-01-27,34.62501,34.62501,34.125,34.25001,173400,0.738266
1977-01-28,33.50001,33.50001,33.0,33.24999,177000,0.716711
1977-01-31,32.87499,32.87499,32.25,32.37501,133800,0.69785
1977-02-01,32.625,33.75,32.625,33.50001,184400,0.7221
1977-02-02,33.75,34.125,33.75,34.125,150600,0.735572
1977-02-03,34.125,34.125,33.375,33.75,221000,0.727489
1977-02-04,33.75,33.99999,33.62499,33.99999,178400,0.732877
1977-02-07,33.99999,34.125,33.87501,33.99999,203000,0.742486
1977-02-08,33.99999,34.25001,33.99999,34.25001,154400,0.747946
1977-02-09,34.25001,34.25001,33.75,33.75,171600,0.737027
1977-02-10,33.75,33.87501,33.62499,33.62499,138200,0.734297
1977-02-11,33.62499,33.75,33.12501,33.24999,162800,0.726108
1977-02-14,33.24999,33.50001,33.12501,33.375,225200,0.728838
1977-02-15,33.375,33.50001,33.0,33.375,333000,0.728838
1977-02-16,33.375,33.99999,33.375,33.99999,616400,0.742486
1977-02-17,33.99999,34.125,33.99999,33.99999,490800,0.742486
1977-02-18,33.99999,33.99999,33.99999,33.99999,332400,0.742486
1977-02-22,33.99999,34.125,33.99999,33.99999,119000,0.742486
1977-02-23,33.99999,33.99999,33.62499,33.62499,303000,0.734297
1977-02-24,33.62499,33.87501,33.12501,33.24999,282600,0.726108
1977-02-25,33.24999,33.50001,33.24999,33.24999,295800,0.726108
1977-02-28,33.24999,33.50001,33.24999,33.375,159000,0.728838
1977-03-01,33.375,33.50001,33.24999,33.50001,91800,0.731568
1977-03-02,33.50001,33.75,33.375,33.62499,195000,0.734297
1977-03-03,33.62499,33.75,33.375,33.62499,111200,0.734297
1977-03-04,33.62499,34.875,33.62499,34.74999,259400,0.758864
1977-03-07,35.00001,35.75001,35.00001,35.625,253800,0.777973
1977-03-08,35.625,35.75001,35.00001,35.12499,389000,0.767054
1977-03-09,34.875,34.875,34.25001,34.25001,168000,0.747946
1977-03-10,34.25001,35.12499,33.99999,35.00001,164600,0.764324
1977-03-11,35.00001,35.49999,34.74999,35.00001,260400,0.764324
1977-03-14,35.00001,35.625,35.00001,35.37501,215400,0.772514
1977-03-15,35.37501,35.625,35.12499,35.12499,102200,0.767054
1977-03-16,35.12499,35.37501,35.00001,35.12499,160400,0.767054
1977-03-17,35.12499,35.25,35.00001,35.12499,69000,0.767054
1977-03-18,35.12499,35.12499,34.62501,34.74999,72200,0.758864
1977-03-21,34.74999,34.74999,33.99999,34.25001,115800,0.747946
1977-03-22,33.99999,33.99999,33.50001,33.87501,207600,0.739757
1977-03-23,33.87501,33.87501,33.12501,33.375,177200,0.728838
1977-03-24,33.375,33.62499,33.24999,33.50001,80000,0.731568
1977-03-25,33.50001,33.50001,32.625,32.87499,139800,0.717919
1977-03-28,32.87499,32.87499,31.74999,32.37501,111600,0.707
1977-03-29,32.37501,32.87499,32.37501,32.625,84600,0.712459
1977-03-30,32.625,32.75001,32.25,32.25,50600,0.70427
1977-03-31,32.25,32.75001,32.12499,32.625,126600,0.712459
1977-04-01,32.625,33.375,32.25,33.375,121400,0.728838
1977-04-04,33.375,33.50001,33.12501,33.24999,82200,0.726108
1977-04-05,33.12501,33.12501,32.75001,33.0,114800,0.720648
1977-04-06,33.0,33.12501,32.625,32.625,340800,0.712459
1977-04-07,32.625,32.625,32.25,32.37501,44000,0.707
1977-04-11,32.37501,32.49999,32.25,32.37501,75800,0.707
1977-04-12,32.37501,32.49999,32.12499,32.25,211200,0.70427
1977-04-13,31.74999,31.74999,31.37499,31.62501,287400,0.690622
1977-04-14,31.62501,32.12499,31.37499,31.37499,209600,0.685162
1977-04-15,31.25001,31.25001,30.375,30.75,210000,0.671513
1977-04-18,30.87501,31.62501,30.87501,31.5,171200,0.687892
1977-04-19,31.5,31.62501,30.87501,31.125,150800,0.679703
1977-04-20,31.125,31.74999,30.99999,31.74999,308000,0.693351
1977-04-21,31.74999,32.00001,31.5,31.62501,126200,0.690622
1977-04-22,31.5,31.5,31.125,31.25001,42800,0.682432
1977-04-25,31.25001,31.37499,30.99999,31.125,260600,0.679703
1977-04-26,30.99999,30.99999,30.75,30.75,66200,0.671513
1977-04-27,30.75,30.99999,30.75,30.99999,112400,0.676973
1977-04-28,30.87501,30.87501,30.0,30.62499,48800,0.668783
1977-04-29,30.62499,30.62499,30.375,30.50001,101600,0.666054
1977-05-02,30.50001,30.99999,30.50001,30.87501,130200,0.674243
1977-05-03,30.87501,31.5,30.87501,31.25001,165000,0.682432
1977-05-04,31.25001,31.62501,31.125,31.62501,70800,0.690622
1977-05-05,31.62501,32.25,31.5,32.12499,89400,0.70154
1977-05-06,32.12499,32.49999,32.00001,32.49999,88400,0.709729
1977-05-09,32.00001,32.00001,31.5,31.62501,170000,0.7001
1977-05-10,31.62501,32.00001,31.62501,32.00001,72600,0.708402
1977-05-11,32.00001,32.00001,31.74999,31.875,58800,0.705634
1977-05-12,31.875,32.00001,31.74999,31.875,163400,0.705634
1977-05-13,31.875,32.00001,31.74999,31.875,45800,0.705634
1977-05-16,31.875,32.25,31.74999,32.25,98400,0.713936
1977-05-17,32.25,32.49999,32.00001,32.37501,151800,0.716703
1977-05-18,32.49999,33.12501,32.49999,33.12501,62600,0.733306
1977-05-19,33.12501,33.24999,32.87499,33.12501,196400,0.733306
1977-05-20,33.12501,33.24999,32.49999,32.625,93200,0.722237
1977-05-23,32.625,33.0,32.49999,32.625,36200,0.722237
1977-05-24,32.49999,32.49999,32.12499,32.37501,46400,0.716703
1977-05-25,32.37501,32.49999,31.62501,31.74999,174200,0.702867
1977-05-26,31.74999,31.74999,31.25001,31.5,117200,0.697333
1977-05-27,31.5,32.00001,31.5,31.875,49800,0.705634
1977-05-31,31.875,32.37501,31.74999,32.00001,87600,0.708402
1977-06-01,32.00001,32.75001,32.00001,32.49999,43800,0.71947
1977-06-02,32.49999,33.12501,32.37501,33.12501,98000,0.733306
1977-06-03,33.24999,34.125,33.24999,33.87501,131400,0.74991
1977-06-06,33.87501,33.87501,33.24999,33.24999,52400,0.736073
1977-06-07,33.24999,33.87501,33.24999,33.62499,96200,0.744375
1977-06-08,33.62499,33.87501,33.62499,33.62499,95400,0.744375
1977-06-09,33.62499,33.75,33.50001,33.75,131000,0.747142
1977-06-10,33.75,33.75,33.50001,33.50001,106800,0.741608
1977-06-13,33.50001,33.62499,33.12501,33.375,45800,0.738841
1977-06-14,33.375,34.125,33.375,34.125,134400,0.755444
1977-06-15,34.125,34.125,33.75,33.75,84000,0.747142
1977-06-16,33.75,33.75,33.375,33.50001,50600,0.741608
1977-06-17,33.50001,33.75,33.24999,33.62499,39600,0.744375
1977-06-20,33.62499,33.75,33.375,33.375,47000,0.738841
1977-06-21,33.62499,34.25001,33.62499,34.25001,169800,0.758211
1977-06-22,34.25001,34.62501,33.99999,34.5,283400,0.763745
1977-06-23,34.5,34.62501,34.125,34.62501,152600,0.766513
1977-06-24,34.62501,34.62501,34.37499,34.37499,41600,0.760978
1977-06-27,34.37499,34.62501,34.37499,34.5,58400,0.763745
1977-06-28,34.5,34.5,33.99999,34.125,111200,0.755444
1977-06-29,34.125,34.125,33.75,33.75,90600,0.747142
1977-06-30,33.75,34.125,33.62499,33.87501,54800,0.74991
1977-07-01,33.87501,33.99999,33.50001,33.75,209600,0.747142
1977-07-05,33.75,33.87501,33.50001,33.50001,83000,0.741608
1977-07-06,33.50001,33.99999,33.50001,33.87501,189800,0.74991
1977-07-07,33.87501,34.125,33.87501,33.99999,92000,0.752676
1977-07-08,33.99999,34.125,33.62499,33.99999,135800,0.752676
1977-07-11,33.99999,34.125,33.87501,34.125,90800,0.755444
1977-07-12,34.125,34.62501,34.125,34.5,162800,0.763745
1977-07-13,34.5,35.12499,34.5,35.00001,299400,0.774814
1977-07-15,35.25,35.37501,35.25,35.25,428000,0.780349
1977-07-18,35.25,35.37501,35.25,35.25,122400,0.780349
1977-07-19,35.25,35.625,35.25,35.49999,216800,0.785883
1977-07-20,35.49999,35.49999,34.62501,34.62501,170400,0.766513
1977-07-21,34.62501,34.875,34.37499,34.62501,116000,0.766513
1977-07-22,34.62501,35.00001,34.62501,35.00001,96200,0.774814
1977-07-25,35.00001,35.37501,34.875,35.00001,135000,0.774814
1977-07-26,35.00001,35.12499,35.00001,35.12499,63600,0.777581
1977-07-27,35.12499,35.25,34.62501,34.62501,87200,0.766513
1977-07-28,34.62501,34.875,34.62501,34.62501,82200,0.766513
1977-07-29,34.62501,34.62501,34.37499,34.37499,59000,0.760978
1977-08-01,34.37499,34.62501,34.125,34.62501,61200,0.766513
1977-08-02,34.5,34.5,33.99999,33.99999,32600,0.752676
1977-08-03,33.99999,34.125,33.24999,33.75,104600,0.747142
1977-08-04,33.75,33.99999,33.62499,33.87501,74600,0.74991
1977-08-05,33.87501,33.99999,33.75,33.75,43800,0.747142
1977-08-08,33.375,33.375,32.37501,32.49999,73400,0.730069
1977-08-09,32.49999,32.75001,32.37501,32.49999,122400,0.730069
1977-08-10,32.49999,32.49999,32.37501,32.49999,91200,0.730069
1977-08-11,32.49999,32.75001,32.49999,32.75001,102600,0.735686
1977-08-12,32.625,32.625,32.37501,32.37501,61800,0.727262
1977-08-15,32.37501,32.87499,32.37501,32.87499,51000,0.738493
1977-08-16,32.75001,32.75001,32.49999,32.75001,59400,0.735686
1977-08-17,32.625,32.625,31.74999,31.74999,75800,0.713222
1977-08-18,31.74999,32.12499,31.62501,31.74999,81000,0.713222
1977-08-19,31.74999,31.875,31.74999,31.74999,62600,0.713222
1977-08-22,31.875,32.12499,31.875,31.875,34400,0.71603
1977-08-23,32.12499,32.625,32.12499,32.25,237000,0.724454
1977-08-24,32.25,32.49999,32.00001,32.25,86000,0.724454
1977-08-25,32.25,32.25,32.00001,32.25,49400,0.724454
1977-08-26,32.25,32.87499,31.875,31.875,60800,0.71603
1977-08-29,31.875,32.25,31.875,32.25,39600,0.724454
1977-08-30,32.25,32.25,32.12499,32.25,34400,0.724454
1977-08-31,32.25,32.49999,32.25,32.25,53400,0.724454
1977-09-01,32.25,32.49999,32.25,32.37501,70400,0.727262
1977-09-02,32.37501,32.49999,32.25,32.37501,155400,0.727262
1977-09-06,32.37501,32.49999,32.00001,32.37501,34400,0.727262
1977-09-07,32.37501,32.49999,32.25,32.37501,27800,0.727262
1977-09-08,32.37501,32.37501,32.12499,32.12499,51000,0.721646
1977-09-09,32.12499,32.25,32.00001,32.00001,39600,0.718838
1977-09-12,32.00001,32.12499,31.37499,31.875,38600,0.71603
1977-09-13,31.875,31.875,31.5,31.62501,102600,0.710414
1977-09-14,31.62501,31.62501,31.25001,31.62501,54800,0.710414
1977-09-15,31.62501,32.25,31.5,32.12499,119400,0.721646
1977-09-16,32.12499,32.37501,32.00001,32.12499,21200,0.721646
1977-09-19,32.12499,32.12499,31.875,31.875,60200,0.71603
1977-09-20,31.875,32.12499,31.875,32.12499,43200,0.721646
1977-09-21,32.12499,32.37501,32.12499,32.25,33000,0.724454
1977-09-22,32.25,32.49999,32.12499,32.49999,42800,0.730069
1977-09-23,32.75001,33.87501,32.75001,33.50001,117200,0.752534
1977-09-26,33.375,33.375,32.75001,32.87499,59000,0.738493
1977-09-27,32.87499,33.12501,32.625,32.87499,167400,0.738493
1977-09-28,33.0,33.24999,33.0,33.12501,55400,0.74411
1977-09-29,33.12501,33.87501,33.0,33.87501,108000,0.760957
1977-09-30,33.87501,33.87501,33.62499,33.75,36800,0.758149
1977-10-03,33.75,33.99999,33.50001,33.50001,63200,0.752534
1977-10-04,33.50001,33.75,33.12501,33.24999,60600,0.746917
1977-10-05,33.24999,33.375,33.0,33.24999,18200,0.746917
1977-10-06,33.24999,33.375,33.0,33.375,25400,0.749725
1977-10-07,33.375,33.62499,33.12501,33.375,51000,0.749725
1977-10-10,33.375,33.50001,33.12501,33.24999,51200,0.746917
1977-10-11,33.24999,33.50001,33.24999,33.375,77400,0.749725
1977-10-12,33.375,33.50001,33.12501,33.375,105800,0.749725
1977-10-13,33.375,33.375,32.12499,32.37501,121200,0.727262
1977-10-14,32.37501,32.49999,31.74999,31.875,65600,0.71603
1977-10-17,31.875,31.875,31.5,31.5,71600,0.707606
1977-10-18,31.62501,32.00001,31.62501,31.62501,35400,0.710414
1977-10-19,31.62501,31.875,31.5,31.5,50400,0.707606
1977-10-20,31.37499,31.37499,30.99999,31.37499,50600,0.704798
1977-10-21,31.25001,31.25001,30.87501,31.125,36800,0.699182
1977-10-24,31.125,31.37499,30.87501,31.25001,246800,0.70199
1977-10-25,31.125,31.125,30.375,30.62499,66600,0.68795
1977-10-26,30.62499,31.125,30.50001,30.99999,79800,0.696374
1977-10-27,30.99999,31.37499,30.99999,31.37499,59600,0.704798
1977-10-28,31.37499,31.5,31.125,31.125,101400,0.699182
1977-10-31,31.125,31.25001,30.62499,30.62499,124200,0.68795
1977-11-01,30.12501,30.12501,29.87499,30.0,71600,0.67391
1977-11-02,29.75001,29.75001,29.25,29.49999,165800,0.662678
1977-11-03,29.49999,30.0,29.49999,29.625,105000,0.665487
1977-11-04,29.625,30.0,29.625,30.0,23000,0.67391
1977-11-07,30.0,30.375,30.0,30.24999,36600,0.679526
1977-11-08,30.50001,30.75,30.50001,30.50001,46400,0.685143
1977-11-09,30.50001,30.75,30.50001,30.62499,44400,0.68795
1977-11-10,30.75,32.12499,30.75,32.12499,97200,0.721646
1977-11-11,32.37501,32.87499,32.37501,32.75001,99200,0.735686
1977-11-14,32.25,32.25,31.62501,31.74999,42800,0.724055
1977-11-15,31.74999,32.37501,31.62501,32.12499,85200,0.732606
1977-11-16,32.12499,32.49999,31.875,32.25,55200,0.735457
1977-11-17,32.25,32.49999,32.00001,32.00001,48000,0.729756
1977-11-18,32.00001,32.12499,31.74999,32.00001,43200,0.729756
1977-11-21,32.00001,32.00001,31.74999,31.875,38000,0.726905
1977-11-22,31.875,32.12499,31.62501,32.00001,61400,0.729756
1977-11-23,32.12499,32.625,32.12499,32.49999,39000,0.741158
1977-11-25,32.49999,33.12501,32.00001,32.87499,93200,0.74971
1977-11-28,32.87499,33.12501,32.87499,33.0,88400,0.752561
1977-11-29,33.0,33.12501,32.37501,32.49999,67400,0.741158
1977-11-30,32.49999,32.75001,32.37501,32.75001,65000,0.74686
1977-12-01,32.75001,32.87499,32.49999,32.49999,43800,0.741158
1977-12-02,32.49999,32.49999,32.00001,32.37501,44000,0.738308
1977-12-05,32.37501,32.37501,32.12499,32.12499,20000,0.732606
1977-12-06,32.12499,32.25,31.62501,31.62501,70800,0.721204
1977-12-07,31.62501,31.74999,31.37499,31.62501,62600,0.721204
1977-12-08,31.62501,32.00001,31.62501,32.00001,63600,0.729756
1977-12-09,32.00001,32.49999,31.875,32.12499,96600,0.732606
1977-12-12,32.12499,32.37501,32.00001,32.25,22400,0.735457
1977-12-13,32.25,32.37501,31.875,32.00001,237000,0.729756
1977-12-14,32.00001,32.25,31.875,32.00001,47600,0.729756
1977-12-15,32.00001,32.12499,31.875,32.00001,92400,0.729756
1977-12-16,32.00001,32.00001,31.62501,31.875,33200,0.726905
1977-12-19,31.875,32.37501,31.74999,32.00001,75000,0.729756
1977-12-20,31.74999,31.74999,30.99999,30.99999,99000,0.706951
1977-12-21,30.99999,31.125,30.62499,30.99999,102200,0.706951
1977-12-22,31.125,31.5,31.125,31.25001,71400,0.712653
1977-12-23,31.25001,31.37499,30.99999,31.25001,88400,0.712653
1977-12-27,31.25001,31.25001,30.99999,31.125,39200,0.709802
1977-12-28,31.125,31.25001,30.99999,30.99999,37800,0.706951
1977-12-29,30.99999,31.125,30.62499,30.99999,30000,0.706951
1977-12-30,30.99999,31.25001,30.62499,30.62499,91400,0.698399
1978-01-03,30.62499,31.37499,30.24999,30.24999,65400,0.689847
1978-01-04,30.24999,30.50001,30.12501,30.375,33200,0.692698
1978-01-05,30.375,30.75,29.25,29.625,74600,0.675594
1978-01-06,29.625,29.75001,29.00001,29.12499,231600,0.664192
1978-01-09,29.00001,29.00001,27.99999,28.5,373400,0.649939
1978-01-10,28.5,28.62501,28.125,28.5,170400,0.649939
1978-01-11,28.5,29.625,28.25001,28.25001,152400,0.644238
1978-01-12,28.25001,30.12501,28.25001,29.49999,158000,0.672744
1978-01-13,29.49999,30.50001,29.37501,30.0,112200,0.684146
1978-01-16,30.0,30.50001,30.0,30.12501,67200,0.686997
1978-01-17,30.12501,30.99999,30.12501,30.99999,43800,0.706951
1978-01-18,30.99999,31.37499,30.375,30.50001,163800,0.695549
1978-01-19,30.50001,30.50001,30.0,30.0,94200,0.684146
1978-01-20,30.0,30.375,29.87499,30.375,17000,0.692698
1978-01-23,30.375,30.375,29.75001,30.0,93600,0.684146
1978-01-24,30.0,30.12501,29.75001,30.0,37200,0.684146
1978-01-25,30.0,30.62499,29.75001,29.87499,38600,0.681295
1978-01-26,29.87499,30.375,29.625,29.75001,34400,0.678445
1978-01-27,29.75001,29.75001,29.37501,29.75001,32600,0.678445
1978-01-30,29.75001,30.12501,29.49999,29.75001,82800,0.678445
1978-01-31,29.75001,30.0,29.25,29.37501,18200,0.669893
1978-02-01,29.37501,29.49999,29.25,29.49999,66000,0.672744
1978-02-02,29.49999,29.75001,29.12499,29.12499,90200,0.664192
1978-02-03,29.12499,29.49999,29.00001,29.49999,120600,0.672744
1978-02-06,29.25,29.25,28.74999,29.25,12600,0.679246
1978-02-07,29.25,29.37501,28.875,29.00001,32600,0.673441
1978-02-08,29.00001,29.12499,28.875,29.12499,57200,0.676343
1978-02-09,29.12499,29.12499,28.875,29.00001,58400,0.673441
1978-02-10,29.00001,29.49999,29.00001,29.37501,22200,0.682149
1978-02-13,29.37501,29.87499,29.25,29.625,33800,0.687955
1978-02-14,29.625,29.75001,29.25,29.75001,47400,0.690858
1978-02-15,29.75001,29.75001,29.25,29.25,121400,0.679246
1978-02-16,29.25,29.625,29.25,29.49999,87600,0.685052
1978-02-17,29.49999,29.625,29.25,29.49999,57000,0.685052
1978-02-21,29.49999,29.625,28.875,29.25,45800,0.679246
1978-02-22,29.25,29.25,29.00001,29.12499,18000,0.676343
1978-02-23,29.12499,29.25,29.12499,29.12499,464400,0.676343
1978-02-24,29.12499,29.37501,28.875,29.37501,166800,0.682149
1978-02-27,29.37501,29.49999,29.12499,29.25,342600,0.679246
1978-02-28,29.25,29.37501,28.875,29.37501,125000,0.682149
1978-03-01,29.37501,29.37501,29.12499,29.37501,75600,0.682149
1978-03-02,29.37501,29.37501,29.12499,29.12499,85800,0.676343
1978-03-03,29.12499,29.25,29.00001,29.12499,62400,0.676343
1978-03-06,29.12499,29.49999,29.12499,29.25,57200,0.679246
1978-03-07,29.25,29.49999,29.25,29.49999,72200,0.685052
1978-03-08,29.49999,29.87499,29.49999,29.625,147200,0.687955
1978-03-09,29.625,29.87499,29.37501,29.75001,87200,0.690858
1978-03-10,29.625,29.625,29.25,29.49999,49200,0.685052
1978-03-13,29.49999,29.87499,29.49999,29.87499,89600,0.69376
1978-03-14,29.87499,29.87499,29.625,29.87499,35400,0.69376
1978-03-15,29.87499,30.0,29.75001,29.87499,59400,0.69376
1978-03-16,29.87499,30.0,29.75001,30.0,39000,0.696663
1978-03-17,30.0,30.24999,29.87499,30.12501,209400,0.699566
1978-03-20,30.12501,30.12501,29.87499,30.12501,89000,0.699566
1978-03-21,30.12501,30.12501,29.87499,30.0,36200,0.696663
1978-03-22,30.0,30.0,29.75001,29.87499,60200,0.69376
1978-03-23,29.625,29.625,29.37501,29.37501,72200,0.682149
1978-03-27,29.37501,29.75001,29.12499,29.75001,52200,0.690858
1978-03-28,29.75001,29.87499,29.25,29.75001,28200,0.690858
1978-03-29,29.75001,29.87499,29.75001,29.87499,27600,0.69376
1978-03-30,29.87499,29.87499,29.49999,29.87499,38600,0.69376
1978-03-31,29.87499,30.0,29.75001,29.87499,57200,0.69376
1978-04-03,29.87499,29.87499,29.49999,29.625,38400,0.687955
1978-04-04,29.625,30.0,29.49999,30.0,23000,0.696663
1978-04-05,30.0,30.12501,30.0,30.12501,49800,0.699566
1978-04-06,30.12501,30.87501,30.12501,30.75,171600,0.714079
1978-04-07,30.75,31.37499,30.62499,31.37499,70800,0.728593
1978-04-10,31.37499,31.875,30.99999,31.5,96800,0.731496
1978-04-11,31.5,31.5,30.99999,31.37499,134400,0.728593
1978-04-12,31.37499,31.5,31.25001,31.37499,53000,0.728593
1978-04-13,31.37499,31.37499,30.75,31.25001,736400,0.725691
1978-04-14,31.25001,31.37499,30.87501,31.25001,135600,0.725691
1978-04-17,31.25001,31.25001,30.62499,30.99999,62600,0.719885
1978-04-18,30.87501,30.87501,30.24999,30.24999,84000,0.702468
1978-04-19,30.24999,30.62499,30.24999,30.375,156200,0.705371
1978-04-20,30.375,30.50001,30.12501,30.24999,167600,0.702468
1978-04-21,30.24999,30.375,30.12501,30.24999,130400,0.702468
1978-04-24,30.24999,30.24999,29.75001,30.12501,106800,0.699566
1978-04-25,30.12501,30.375,29.75001,30.0,139200,0.696663
1978-04-26,30.0,30.24999,29.75001,29.87499,88800,0.69376
1978-04-27,29.87499,30.12501,29.625,29.87499,98000,0.69376
1978-04-28,29.87499,30.12501,29.87499,29.87499,105800,0.69376
1978-05-01,30.0,30.50001,30.0,30.24999,193400,0.702468
1978-05-02,30.24999,30.50001,30.24999,30.50001,106800,0.708274
1978-05-03,30.50001,30.62499,30.375,30.50001,105800,0.708274
1978-05-04,30.50001,30.62499,30.24999,30.375,72200,0.705371
1978-05-05,30.375,30.50001,30.24999,30.24999,78200,0.702468
1978-05-08,30.24999,30.375,30.0,30.0,261800,0.696663
1978-05-09,30.0,30.12501,29.87499,29.87499,41400,0.69376
1978-05-10,29.87499,29.87499,28.875,29.00001,531200,0.673441
1978-05-11,28.875,28.875,28.25001,28.5,253200,0.66183
1978-05-12,28.5,28.74999,28.125,28.5,154200,0.66183
1978-05-15,28.5,28.5,27.99999,28.125,597600,0.665498
1978-05-16,28.125,28.62501,28.125,28.37499,165600,0.671413
1978-05-17,28.37499,28.74999,28.25001,28.5,213000,0.674371
1978-05-18,28.5,28.62501,28.37499,28.37499,392000,0.671413
1978-05-19,28.37499,29.25,28.25001,29.12499,139200,0.689159
1978-05-22,29.12499,30.0,29.12499,29.75001,146600,0.703949
1978-05-23,29.75001,30.0,29.37501,29.37501,175400,0.695075
1978-05-24,29.37501,30.0,29.25,30.0,145200,0.709864
1978-05-25,30.0,30.375,29.75001,29.75001,85800,0.703949
1978-05-26,29.75001,30.0,29.75001,29.75001,79400,0.703949
1978-05-30,29.75001,30.12501,29.625,30.0,44600,0.709864
1978-05-31,30.0,30.375,29.75001,29.75001,36800,0.703949
1978-06-01,29.87499,30.12501,29.87499,30.12501,42800,0.712822
1978-06-02,30.12501,30.375,30.12501,30.12501,71000,0.712822
1978-06-05,30.12501,30.375,29.87499,29.87499,186200,0.706906
1978-06-06,29.87499,30.0,29.75001,29.87499,81600,0.706906
1978-06-07,29.87499,29.87499,29.75001,29.87499,39200,0.706906
1978-06-08,29.87499,30.12501,29.75001,29.87499,65400,0.706906
1978-06-09,29.87499,30.0,29.49999,29.49999,33600,0.698033
1978-06-12,29.49999,30.0,29.49999,30.0,38600,0.709864
1978-06-13,30.0,30.24999,29.75001,30.12501,52200,0.712822
1978-06-14,30.12501,30.50001,30.0,30.12501,96000,0.712822
1978-06-15,30.12501,30.62499,30.12501,30.24999,162600,0.715779
1978-06-16,30.24999,30.375,30.0,30.0,96200,0.709864
1978-06-19,30.0,30.50001,30.0,30.24999,52400,0.715779
1978-06-20,30.24999,30.24999,30.12501,30.12501,111200,0.712822
1978-06-21,30.12501,30.12501,30.0,30.0,99200,0.709864
1978-06-22,30.0,30.375,30.0,30.24999,70400,0.715779
1978-06-23,30.24999,30.75,30.24999,30.375,91800,0.718737
1978-06-26,30.375,30.375,30.0,30.0,226400,0.709864
1978-06-27,30.0,30.24999,30.0,30.24999,73200,0.715779
1978-06-28,30.24999,30.62499,30.12501,30.50001,37800,0.721695
1978-06-29,30.50001,30.87501,30.50001,30.75,117000,0.727611
1978-06-30,30.62499,30.62499,30.375,30.375,65400,0.718737
1978-07-03,30.375,30.75,30.375,30.62499,15600,0.724653
1978-07-05,30.62499,30.75,30.50001,30.62499,18000,0.724653
1978-07-06,30.62499,30.75,30.375,30.50001,25200,0.721695
1978-07-07,30.50001,30.50001,30.24999,30.50001,70800,0.721695
1978-07-10,30.50001,30.75,30.375,30.62499,46800,0.724653
1978-07-11,30.62499,30.87501,30.50001,30.87501,42600,0.730569
1978-07-12,30.87501,30.99999,30.50001,30.50001,77000,0.721695
1978-07-13,30.50001,30.50001,30.12501,30.375,48200,0.718737
1978-07-14,30.375,30.62499,30.375,30.62499,42000,0.724653
1978-07-17,30.62499,30.75,30.24999,30.24999,130200,0.715779
1978-07-18,30.24999,30.375,30.12501,30.24999,26600,0.715779
1978-07-19,30.24999,30.375,30.0,30.24999,110600,0.715779
1978-07-20,30.375,30.75,30.375,30.50001,29000,0.721695
1978-07-21,30.50001,31.25001,30.50001,30.99999,118400,0.733526
1978-07-24,30.99999,31.125,30.87501,30.87501,43200,0.730569
1978-07-25,30.87501,31.37499,30.87501,31.37499,77000,0.742399
1978-07-26,31.37499,31.74999,31.37499,31.74999,94200,0.751273
1978-07-27,31.74999,32.25,31.62501,32.00001,54600,0.757189
1978-07-28,32.25,32.625,32.25,32.25,60600,0.763104
1978-07-31,32.25,32.625,32.00001,32.49999,87800,0.769019
1978-08-01,32.49999,32.625,32.12499,32.37501,102000,0.766062
1978-08-02,32.37501,33.12501,32.37501,32.87499,102200,0.777892
1978-08-03,32.87499,33.0,32.625,32.87499,60200,0.777892
1978-08-04,32.87499,32.87499,32.49999,32.625,222600,0.771977
1978-08-07,32.625,32.87499,32.49999,32.75001,30800,0.774935
1978-08-08,32.75001,33.0,32.75001,32.87499,42000,0.777892
1978-08-09,33.0,33.375,33.0,33.0,163800,0.78085
1978-08-10,33.0,33.375,32.12499,33.0,42200,0.78085
1978-08-11,33.0,33.24999,33.0,33.12501,28800,0.783808
1978-08-14,32.25,32.25,32.00001,32.00001,494000,0.769501
1978-08-15,32.12499,32.49999,32.12499,32.37501,111200,0.778518
1978-08-16,32.37501,32.49999,32.25,32.49999,110600,0.781524
1978-08-17,32.49999,32.75001,32.25,32.25,256800,0.775512
1978-08-18,32.25,32.49999,31.74999,31.74999,90600,0.763489
1978-08-21,31.74999,32.12499,31.62501,31.74999,76200,0.763489
1978-08-22,31.74999,32.37501,31.74999,32.12499,182400,0.772506
1978-08-23,32.25,32.87499,32.25,32.87499,28800,0.790541
1978-08-24,32.87499,33.12501,32.37501,32.37501,101400,0.778518
1978-08-25,32.37501,32.49999,32.25,32.37501,27200,0.778518
1978-08-28,32.37501,32.37501,32.12499,32.25,48200,0.775512
1978-08-29,32.25,32.49999,32.25,32.25,57200,0.775512
1978-08-30,32.25,32.49999,32.25,32.25,96600,0.775512
1978-08-31,32.25,32.37501,31.875,31.875,53000,0.766495
1978-09-01,31.875,32.37501,31.875,32.37501,165200,0.778518
1978-09-05,32.37501,32.75001,32.37501,32.625,21200,0.78453
1978-09-06,32.625,33.24999,32.49999,33.0,96200,0.793547
1978-09-07,33.0,33.24999,32.87499,33.0,133200,0.793547
1978-09-08,33.0,33.24999,32.87499,32.87499,24600,0.790541
1978-09-11,32.87499,33.24999,32.87499,33.0,101000,0.793547
1978-09-12,33.0,33.0,32.75001,32.87499,34200,0.790541
1978-09-13,32.87499,33.375,32.625,33.24999,49200,0.799559
1978-09-14,33.24999,33.24999,33.0,33.0,102000,0.793547
1978-09-15,33.0,33.0,32.75001,32.87499,61800,0.790541
1978-09-18,32.87499,33.0,32.49999,32.75001,223800,0.787536
1978-09-19,32.75001,32.75001,32.49999,32.49999,35400,0.781524
1978-09-20,32.49999,32.75001,32.49999,32.75001,24600,0.787536
1978-09-21,32.625,32.625,32.25,32.49999,81600,0.781524
1978-09-22,32.49999,32.625,32.37501,32.37501,31400,0.778518
1978-09-25,32.37501,32.625,32.37501,32.49999,44400,0.781524
1978-09-26,32.49999,32.625,32.49999,32.49999,51000,0.781524
1978-09-27,32.625,32.87499,32.625,32.625,66000,0.78453
1978-09-28,32.75001,32.87499,32.75001,32.87499,318800,0.790541
1978-09-29,33.0,33.24999,33.0,33.0,106200,0.793547
1978-10-02,33.0,33.0,32.75001,32.75001,78800,0.787536
1978-10-03,32.75001,32.87499,32.49999,32.49999,111000,0.781524
1978-10-04,32.49999,32.625,32.25,32.625,63000,0.78453
1978-10-05,32.625,32.625,32.37501,32.37501,17400,0.778518
1978-10-06,32.37501,32.49999,32.25,32.49999,25800,0.781524
1978-10-09,32.37501,32.37501,32.12499,32.12499,11400,0.772506
1978-10-10,32.12499,32.49999,31.875,32.00001,63800,0.769501
1978-10-11,32.00001,32.37501,32.00001,32.25,27200,0.775512
1978-10-12,32.25,32.37501,31.5,31.62501,66600,0.760483
1978-10-13,31.62501,31.875,31.62501,31.62501,55400,0.760483
1978-10-16,31.62501,31.62501,30.62499,30.87501,99200,0.742448
1978-10-17,30.87501,30.99999,30.375,30.50001,129200,0.73343
1978-10-18,30.50001,30.87501,30.24999,30.50001,108200,0.73343
1978-10-19,30.50001,30.62499,30.12501,30.12501,262200,0.724413
1978-10-20,30.12501,30.24999,29.75001,29.87499,60800,0.718401
1978-10-23,29.87499,30.375,29.87499,30.24999,72600,0.727418
1978-10-24,30.24999,30.50001,30.24999,30.24999,157400,0.727418
1978-10-25,30.24999,30.50001,30.24999,30.24999,13800,0.727418
1978-10-26,30.24999,30.375,29.75001,29.75001,110600,0.715395
1978-10-27,29.625,29.625,29.12499,29.12499,29400,0.700366
1978-10-30,29.12499,29.49999,28.62501,29.49999,86000,0.709383
1978-10-31,29.49999,29.75001,29.00001,29.49999,103200,0.709383
1978-11-01,29.49999,30.24999,29.49999,29.625,60600,0.712389
1978-11-02,29.625,30.0,29.625,29.87499,97800,0.718401
1978-11-03,29.87499,30.24999,29.625,29.75001,294600,0.715395
1978-11-06,29.75001,29.75001,29.37501,29.49999,44600,0.709383
1978-11-07,29.37501,29.37501,28.74999,29.00001,166200,0.69736
1978-11-08,28.875,28.875,28.5,28.875,209000,0.694354
1978-11-09,28.74999,28.74999,28.37499,28.5,78800,0.685336
1978-11-10,28.5,28.62501,28.5,28.5,147000,0.685336
1978-11-13,27.87501,27.87501,27.62499,27.62499,81000,0.676883
1978-11-14,27.62499,27.75,26.87499,27.0,173000,0.661569
1978-11-15,27.0,27.24999,26.87499,27.12501,37200,0.664632
1978-11-16,27.12501,27.50001,27.0,27.50001,191400,0.673821
1978-11-17,27.50001,27.62499,27.24999,27.375,1512000,0.670758
1978-11-20,27.375,27.62499,27.375,27.375,120200,0.670758
1978-11-21,27.50001,28.25001,27.50001,28.125,140400,0.689135
1978-11-22,28.125,28.25001,27.75,27.99999,65400,0.686072
1978-11-24,27.87501,27.87501,27.62499,27.75,19800,0.679946
1978-11-27,27.75,27.87501,27.62499,27.75,78000,0.679946
1978-11-28,27.75,27.87501,27.75,27.87501,55200,0.683009
1978-11-29,27.87501,27.87501,27.50001,27.50001,184200,0.673821
1978-11-30,27.50001,27.75,27.50001,27.75,49200,0.679946
1978-12-01,27.75,28.125,27.75,27.99999,31400,0.686072
1978-12-04,27.99999,28.125,27.62499,27.75,45200,0.679946
1978-12-05,27.87501,28.37499,27.87501,27.99999,62600,0.686072
1978-12-06,27.99999,28.5,27.99999,28.5,70200,0.698323
1978-12-07,28.5,28.74999,28.5,28.62501,223800,0.701386
1978-12-08,28.62501,28.74999,28.37499,28.5,185600,0.698323
1978-12-11,28.5,28.74999,28.37499,28.62501,48000,0.701386
1978-12-12,28.62501,28.62501,28.25001,28.5,121400,0.698323
1978-12-13,28.5,28.5,28.125,28.125,57000,0.689135
1978-12-14,28.125,28.25001,27.87501,28.125,137000,0.689135
1978-12-15,28.125,28.25001,28.125,28.125,83400,0.689135
1978-12-18,27.99999,27.99999,27.62499,27.75,129800,0.679946
1978-12-19,27.75,27.75,27.24999,27.50001,109800,0.673821
1978-12-20,27.50001,27.62499,27.24999,27.375,188000,0.670758
1978-12-21,27.375,27.50001,27.24999,27.24999,90000,0.667695
1978-12-22,27.24999,27.50001,27.12501,27.50001,38600,0.673821
1978-12-26,27.50001,27.75,27.50001,27.62499,51800,0.676883
1978-12-27,27.62499,27.62499,27.24999,27.62499,76200,0.676883
1978-12-28,27.62499,27.62499,27.24999,27.24999,78600,0.667695
1978-12-29,27.24999,27.50001,27.24999,27.375,73800,0.670758
1979-01-02,27.375,27.62499,27.12501,27.50001,216800,0.673821
1979-01-03,27.75,28.62501,27.75,28.62501,220200,0.701386
1979-01-04,28.62501,28.74999,28.37499,28.74999,97800,0.704448
1979-01-05,28.74999,29.00001,28.62501,29.00001,109800,0.710575
1979-01-08,29.00001,29.12499,28.74999,29.12499,93800,0.713637
1979-01-09,29.12499,29.12499,29.00001,29.12499,105600,0.713637
1979-01-10,29.00001,29.00001,28.5,28.5,84200,0.698323
1979-01-11,28.5,28.74999,28.37499,28.5,23000,0.698323
1979-01-12,28.5,28.74999,28.37499,28.5,98000,0.698323
1979-01-15,28.62501,29.00001,28.62501,29.00001,53000,0.710575
1979-01-16,29.00001,29.00001,28.5,28.74999,120800,0.704448
1979-01-17,28.74999,28.875,28.62501,28.875,82400,0.707512
1979-01-18,28.875,29.625,28.875,29.49999,64400,0.722825
1979-01-19,29.49999,29.49999,28.875,29.12499,69600,0.713637
1979-01-22,28.875,28.875,28.37499,28.875,83400,0.722141
1979-01-23,28.875,29.00001,28.62501,28.74999,82200,0.719014
1979-01-24,28.74999,29.00001,28.5,28.875,230600,0.722141
1979-01-25,28.875,29.12499,28.875,28.875,136200,0.722141
1979-01-26,28.875,29.00001,28.875,28.875,81800,0.722141
1979-01-29,28.875,29.00001,28.875,29.00001,19200,0.725267
1979-01-30,29.00001,29.00001,28.875,29.00001,43200,0.725267
1979-01-31,29.00001,29.00001,28.875,29.00001,55200,0.725267
1979-02-01,29.00001,29.12499,28.875,29.00001,128400,0.725267
1979-02-02,29.00001,29.12499,29.00001,29.12499,57600,0.728393
1979-02-05,29.12499,29.37501,29.12499,29.12499,32000,0.728393
1979-02-06,29.12499,29.625,28.875,29.00001,52200,0.725267
1979-02-07,29.00001,29.00001,28.875,29.00001,34200,0.725267
1979-02-08,29.00001,29.12499,29.00001,29.00001,105600,0.725267
1979-02-09,29.00001,29.25,29.00001,29.25,360000,0.731519
1979-02-12,29.25,29.25,29.00001,29.25,172200,0.731519
1979-02-13,29.25,29.25,29.12499,29.12499,198800,0.728393
1979-02-14,29.12499,29.25,29.12499,29.25,56400,0.731519
1979-02-15,29.25,29.25,29.00001,29.12499,131000,0.728393
1979-02-16,29.12499,29.25,29.12499,29.25,74400,0.731519
1979-02-20,29.25,29.49999,29.25,29.49999,100800,0.737771
1979-02-21,29.49999,29.87499,29.49999,29.49999,185600,0.737771
1979-02-22,29.49999,29.49999,29.25,29.25,63200,0.731519
1979-02-23,29.25,29.37501,29.12499,29.25,105000,0.731519
1979-02-26,29.25,29.25,28.74999,28.74999,341400,0.719014
1979-02-27,28.5,28.5,28.25001,28.37499,93000,0.709636
1979-02-28,28.37499,28.37499,28.125,28.25001,100400,0.70651
1979-03-01,28.25001,28.875,28.125,28.74999,117200,0.719014
1979-03-02,28.74999,29.00001,28.62501,29.00001,28400,0.725267
1979-03-05,29.00001,29.25,29.00001,29.25,109200,0.731519
1979-03-06,29.25,29.25,29.00001,29.25,96800,0.731519
1979-03-07,29.25,29.25,29.00001,29.12499,27000,0.728393
1979-03-08,29.12499,29.25,28.875,29.00001,36600,0.725267
1979-03-09,29.00001,29.12499,28.62501,28.875,57000,0.722141
1979-03-12,28.875,28.875,28.5,28.62501,86000,0.715889
1979-03-13,28.62501,28.875,28.5,28.875,70200,0.722141
1979-03-14,28.875,29.00001,28.62501,28.875,21000,0.722141
1979-03-15,28.875,29.00001,28.74999,29.00001,42000,0.725267
1979-03-16,29.00001,29.75001,28.74999,29.12499,144200,0.728393
1979-03-19,29.12499,29.75001,29.12499,29.625,97200,0.740897
1979-03-20,29.625,29.87499,29.625,29.625,102200,0.740897
1979-03-21,29.75001,30.0,29.75001,30.0,133400,0.750276
1979-03-22,30.0,30.24999,29.87499,29.87499,62000,0.74715
1979-03-23,29.87499,29.87499,29.625,29.75001,149000,0.744024
1979-03-26,29.625,29.625,29.49999,29.49999,36600,0.737771
1979-03-27,29.49999,29.625,29.37501,29.49999,54600,0.737771
1979-03-28,29.49999,29.75001,29.49999,29.625,159600,0.740897
1979-03-29,29.625,29.625,29.37501,29.49999,40200,0.737771
1979-03-30,29.49999,29.49999,29.37501,29.37501,18800,0.734645
1979-04-02,29.25,29.25,29.00001,29.00001,243600,0.725267
1979-04-03,29.00001,29.49999,29.00001,29.25,67200,0.731519
1979-04-04,29.37501,29.75001,29.37501,29.625,150200,0.740897
1979-04-05,29.625,30.12501,29.49999,29.87499,170000,0.74715
1979-04-06,30.0,30.375,30.0,30.12501,130400,0.753402
1979-04-09,30.12501,30.375,30.0,30.12501,50400,0.753402
1979-04-10,30.24999,30.99999,30.24999,30.99999,161400,0.775285
1979-04-11,30.99999,31.125,30.62499,30.62499,62400,0.765906
1979-04-12,30.62499,30.75,30.375,30.75,37400,0.769033
1979-04-16,30.62499,30.62499,30.375,30.50001,25400,0.762781
1979-04-17,30.50001,30.50001,30.0,30.0,165600,0.750276
1979-04-18,30.0,30.24999,30.0,30.0,26000,0.750276
1979-04-19,30.12501,30.62499,30.12501,30.62499,66200,0.765906
1979-04-20,30.62499,30.62499,30.0,30.12501,127400,0.753402
1979-04-23,30.12501,30.375,30.0,30.0,84600,0.750276
1979-04-24,30.0,30.24999,29.87499,30.0,256200,0.750276
1979-04-25,30.0,30.375,30.0,30.12501,112200,0.753402
1979-04-26,30.12501,30.375,30.0,30.0,78600,0.750276
1979-04-27,30.0,30.12501,29.75001,29.87499,294200,0.74715
1979-04-30,29.75001,29.75001,29.49999,29.49999,134000,0.737771
1979-05-01,29.625,29.87499,29.625,29.75001,95000,0.744024
1979-05-02,29.75001,29.87499,29.625,29.75001,113600,0.744024
1979-05-03,29.75001,30.12501,29.625,29.75001,36800,0.744024
1979-05-04,29.75001,29.87499,29.625,29.75001,39200,0.744024
1979-05-07,29.75001,29.75001,29.625,29.625,46400,0.740897
1979-05-08,29.625,29.625,29.625,29.625,48000,0.740897
1979-05-09,29.625,29.75001,29.625,29.75001,77000,0.744024
1979-05-10,29.75001,29.87499,29.625,29.75001,141200,0.744024
1979-05-11,29.75001,30.12501,29.75001,30.12501,30000,0.753402
1979-05-14,29.87499,29.87499,29.49999,29.49999,210200,0.752509
1979-05-15,29.37501,29.37501,29.12499,29.25,24000,0.746132
1979-05-16,29.25,29.37501,29.25,29.37501,25200,0.749321
1979-05-17,29.37501,29.625,29.37501,29.37501,213600,0.749321
1979-05-18,29.37501,29.49999,29.25,29.25,46800,0.746132
1979-05-21,29.25,29.37501,29.25,29.25,29600,0.746132
1979-05-22,29.25,29.25,28.74999,29.25,76800,0.746132
1979-05-23,29.25,29.25,29.00001,29.12499,39000,0.742943
1979-05-24,29.12499,29.25,28.875,29.00001,60600,0.739755
1979-05-25,29.00001,29.37501,29.00001,29.25,35000,0.746132
1979-05-29,29.25,29.25,28.875,29.12499,29400,0.742943
1979-05-30,29.12499,29.37501,29.00001,29.00001,25400,0.739755
1979-05-31,29.00001,29.12499,28.74999,28.74999,58200,0.733378
1979-06-01,28.875,29.12499,28.875,29.12499,17400,0.742943
1979-06-04,29.12499,29.12499,28.875,28.875,180600,0.736566
1979-06-05,28.875,29.87499,28.875,29.37501,45600,0.749321
1979-06-06,29.37501,29.625,29.25,29.625,88800,0.755698
1979-06-07,29.625,29.75001,29.37501,29.37501,35400,0.749321
1979-06-08,29.37501,29.49999,29.25,29.37501,70800,0.749321
1979-06-11,29.37501,29.49999,29.25,29.37501,65400,0.749321
1979-06-12,29.37501,29.75001,29.37501,29.75001,87200,0.758887
1979-06-13,29.75001,29.75001,29.625,29.625,34400,0.755698
1979-06-14,29.625,29.625,29.37501,29.49999,160200,0.752509
1979-06-15,29.49999,29.75001,29.49999,29.625,56000,0.755698
1979-06-18,29.75001,30.62499,29.75001,30.24999,130200,0.771641
1979-06-19,30.24999,30.62499,30.12501,30.62499,188000,0.781207
1979-06-20,30.62499,30.87501,30.50001,30.50001,51800,0.778019
1979-06-21,30.75,31.5,30.75,31.25001,47400,0.79715
1979-06-22,31.25001,31.5,31.25001,31.5,69200,0.803527
1979-06-25,31.25001,31.25001,30.75,30.75,79800,0.784395
1979-06-26,30.75,30.87501,30.50001,30.62499,48200,0.781207
1979-06-27,30.62499,31.125,30.62499,30.75,214400,0.784395
1979-06-28,30.75,31.25001,30.75,30.99999,67800,0.790772
1979-06-29,30.99999,31.125,30.62499,31.125,20600,0.793961
1979-07-02,31.125,31.125,30.75,30.99999,159200,0.790772
1979-07-03,31.125,31.37499,31.125,31.25001,236400,0.79715
1979-07-05,31.25001,31.37499,31.125,31.25001,138800,0.79715
1979-07-06,31.25001,31.37499,30.87501,31.25001,94800,0.79715
1979-07-09,31.25001,31.5,31.25001,31.37499,44000,0.800338
1979-07-10,31.37499,31.62501,31.25001,31.37499,48200,0.800338
1979-07-11,31.37499,31.37499,30.99999,31.125,67400,0.793961
1979-07-12,31.125,31.25001,30.87501,30.87501,42000,0.787584
1979-07-13,30.87501,31.125,30.62499,31.125,130400,0.793961
1979-07-16,31.125,31.125,30.99999,30.99999,89600,0.790772
1979-07-17,30.99999,30.99999,30.62499,30.75,54600,0.784395
1979-07-18,30.62499,30.62499,30.24999,30.375,80000,0.77483
1979-07-19,30.375,30.50001,30.0,30.375,49400,0.77483
1979-07-20,30.375,30.75,30.24999,30.75,48200,0.784395
1979-07-23,30.75,30.87501,30.0,30.24999,33600,0.771641
1979-07-24,30.24999,30.50001,30.12501,30.24999,35000,0.771641
1979-07-25,30.24999,30.50001,30.12501,30.24999,41400,0.771641
1979-07-26,30.24999,30.50001,30.12501,30.12501,201600,0.768453
1979-07-27,30.12501,30.24999,29.87499,29.87499,249000,0.762075
1979-07-30,29.87499,30.12501,29.75001,29.87499,185600,0.762075
1979-07-31,29.87499,30.12501,29.75001,30.12501,50600,0.768453
1979-08-01,30.0,30.0,29.75001,30.0,80000,0.765264
1979-08-02,30.0,30.0,29.75001,29.75001,137600,0.758887
1979-08-03,29.75001,29.75001,29.625,29.625,12200,0.755698
1979-08-06,29.625,30.12501,29.625,30.12501,47400,0.768453
1979-08-07,30.12501,30.375,30.0,30.12501,102800,0.768453
1979-08-08,30.12501,30.12501,29.87499,30.0,33800,0.765264
1979-08-09,30.0,30.24999,30.0,30.12501,44000,0.768453
1979-08-10,30.12501,30.12501,29.87499,29.87499,217800,0.762075
1979-08-13,29.87499,30.12501,29.49999,29.75001,69800,0.774176
1979-08-14,29.75001,29.87499,29.625,29.75001,17000,0.774176
1979-08-15,29.75001,29.87499,29.49999,29.75001,157400,0.774176
1979-08-16,29.75001,29.87499,29.625,29.87499,156200,0.777429
1979-08-17,29.87499,29.87499,29.49999,29.625,107000,0.770923
1979-08-20,29.625,29.75001,29.49999,29.49999,197000,0.76767
1979-08-21,29.49999,29.75001,29.49999,29.49999,34800,0.76767
1979-08-22,29.49999,29.75001,29.49999,29.75001,267800,0.774176
1979-08-23,29.75001,30.24999,29.625,30.24999,54200,0.787187
1979-08-24,30.24999,30.375,30.12501,30.12501,47600,0.783935
1979-08-27,30.12501,30.50001,30.12501,30.24999,14600,0.787187
1979-08-28,30.24999,30.75,29.625,30.0,84600,0.780682
1979-08-29,30.0,30.375,29.75001,30.375,166200,0.79044
1979-08-30,30.375,30.87501,30.12501,30.50001,81000,0.793693
1979-08-31,30.50001,30.87501,30.50001,30.75,26600,0.800199
1979-09-04,30.75,30.87501,29.87499,29.87499,189600,0.777429
1979-09-05,29.87499,30.12501,29.625,29.75001,198000,0.774176
1979-09-06,29.75001,30.12501,29.75001,29.75001,89000,0.774176
1979-09-07,29.75001,30.0,29.75001,29.75001,20600,0.774176
1979-09-10,29.75001,30.12501,29.75001,30.12501,33000,0.783935
1979-09-11,30.12501,30.12501,29.75001,30.0,28400,0.780682
1979-09-12,30.0,30.24999,30.0,30.24999,59000,0.787187
1979-09-13,30.24999,30.24999,29.87499,29.87499,175800,0.777429
1979-09-14,29.87499,30.12501,29.625,30.0,65600,0.780682
1979-09-17,30.0,30.12501,29.625,29.625,244200,0.770923
1979-09-18,29.49999,29.49999,29.12499,29.12499,125600,0.757912
1979-09-19,29.12499,29.37501,28.5,29.12499,50000,0.757912
1979-09-20,29.12499,29.12499,28.74999,29.00001,62400,0.754659
1979-09-21,29.00001,29.00001,28.5,28.875,48200,0.751406
1979-09-24,28.875,29.12499,28.62501,28.74999,72200,0.748153
1979-09-25,28.74999,29.00001,28.25001,28.74999,69600,0.748153
1979-09-26,28.74999,28.74999,28.5,28.74999,114200,0.748153
1979-09-27,28.74999,29.00001,28.62501,29.00001,87800,0.754659
1979-09-28,29.00001,29.25,29.00001,29.00001,15000,0.754659
1979-10-01,29.00001,29.00001,28.5,28.5,47400,0.741648
1979-10-02,28.5,28.74999,28.125,28.37499,111000,0.738395
1979-10-03,28.37499,28.62501,28.37499,28.62501,32400,0.744901
1979-10-04,28.5,28.5,28.25001,28.25001,75200,0.735142
1979-10-05,28.25001,28.5,27.99999,28.125,96200,0.731889
1979-10-08,28.125,28.125,27.87501,28.125,38400,0.731889
1979-10-09,27.99999,27.99999,27.375,27.50001,64400,0.715625
1979-10-10,27.24999,27.24999,26.25,27.0,240000,0.702614
1979-10-11,27.0,28.875,26.625,27.0,150200,0.702614
1979-10-12,27.375,27.75,27.375,27.75,88200,0.722131
1979-10-15,27.75,27.75,27.375,27.375,242000,0.712372
1979-10-16,27.375,27.50001,27.375,27.50001,29600,0.715625
1979-10-17,27.50001,27.50001,27.375,27.375,129600,0.712372
1979-10-18,27.375,27.50001,27.375,27.50001,145200,0.715625
1979-10-19,27.50001,27.50001,27.375,27.50001,57000,0.715625
1979-10-22,27.50001,27.50001,26.37501,26.625,421400,0.692855
1979-10-23,26.625,26.87499,26.37501,26.37501,117600,0.68635
1979-10-24,26.37501,26.625,26.37501,26.37501,144800,0.68635
1979-10-25,26.37501,26.625,26.25,26.49999,54000,0.689602
1979-10-26,26.625,27.375,26.625,27.0,115400,0.702614
1979-10-29,27.0,27.375,26.87499,27.0,45000,0.702614
1979-10-30,27.0,27.24999,27.0,27.24999,119000,0.709119
1979-10-31,27.24999,27.375,27.12501,27.24999,137600,0.709119
1979-11-01,27.24999,27.75,27.24999,27.75,59400,0.722131
1979-11-02,27.75,27.87501,27.62499,27.62499,98000,0.718878
1979-11-05,27.62499,27.87501,27.62499,27.75,32600,0.722131
1979-11-06,27.75,27.99999,27.62499,27.99999,72800,0.728636
1979-11-07,27.99999,27.99999,27.75,27.87501,244800,0.725384
1979-11-08,27.87501,27.99999,27.75,27.99999,106200,0.728636
1979-11-09,27.75,27.75,27.50001,27.50001,508200,0.731029
1979-11-12,27.50001,27.75,27.50001,27.75,258600,0.737675
1979-11-13,27.75,27.99999,27.75,27.87501,230400,0.740998
1979-11-14,27.87501,27.99999,27.87501,27.87501,56600,0.740998
1979-11-15,27.87501,27.99999,27.87501,27.99999,58400,0.74432
1979-11-16,27.99999,27.99999,27.87501,27.87501,264800,0.740998
1979-11-19,27.87501,28.125,27.87501,27.99999,99200,0.74432
1979-11-20,28.125,28.25001,28.125,28.25001,29400,0.750967
1979-11-21,28.25001,28.5,28.125,28.5,67200,0.757612
1979-11-23,28.62501,29.25,28.62501,29.25,65400,0.777549
1979-11-26,29.625,30.12501,29.625,29.75001,116600,0.790841
1979-11-27,29.75001,30.0,29.625,29.87499,105200,0.794163
1979-11-28,29.87499,30.375,29.49999,30.24999,640800,0.804132
1979-11-29,30.24999,30.375,30.0,30.24999,93000,0.804132
1979-11-30,30.24999,30.50001,30.12501,30.50001,483000,0.810778
1979-12-03,30.375,30.375,30.24999,30.24999,179400,0.804132
1979-12-04,30.24999,30.375,30.12501,30.24999,542400,0.804132
1979-12-05,30.24999,30.375,30.12501,30.12501,156000,0.800809
1979-12-06,30.12501,30.375,30.12501,30.24999,121200,0.804132
1979-12-07,30.24999,30.62499,30.12501,30.12501,261000,0.800809
1979-12-10,30.12501,30.24999,29.87499,30.0,205800,0.797486
1979-12-11,29.87499,29.87499,29.25,29.37501,164400,0.780872
1979-12-12,29.37501,29.625,29.12499,29.12499,53000,0.774226
1979-12-13,29.12499,29.37501,29.00001,29.25,50000,0.777549
1979-12-14,29.12499,29.12499,28.5,29.12499,372600,0.774226
1979-12-17,29.12499,29.25,28.62501,28.74999,88400,0.764257
1979-12-18,28.875,29.25,28.875,28.875,156200,0.767581
1979-12-19,28.875,28.875,28.5,28.5,206400,0.757612
1979-12-20,28.5,29.00001,28.5,28.875,131400,0.767581
1979-12-21,28.875,29.12499,28.74999,28.74999,115800,0.764257
1979-12-24,28.74999,29.12499,28.74999,28.875,29400,0.767581
1979-12-26,28.875,29.37501,28.875,29.25,40200,0.777549
1979-12-27,29.25,29.37501,29.00001,29.25,58400,0.777549
1979-12-28,29.25,29.25,29.00001,29.25,164600,0.777549
1979-12-31,29.25,29.25,28.875,29.12499,65600,0.774226
1980-01-02,29.12499,29.37501,28.74999,28.74999,203400,0.764257
1980-01-03,28.74999,29.00001,28.25001,28.74999,78800,0.764257
1980-01-04,28.74999,29.00001,28.74999,28.875,239400,0.767581
1980-01-07,28.875,29.25,28.74999,28.875,277400,0.767581
1980-01-08,29.00001,29.625,29.00001,29.625,466200,0.787518
1980-01-09,30.0,30.99999,30.0,30.87501,109200,0.820747
1980-01-10,30.87501,30.99999,30.375,30.62499,201200,0.8141
1980-01-11,30.62499,31.62501,30.50001,31.25001,165800,0.830715
1980-01-14,31.125,31.125,30.62499,30.75,343200,0.817423
1980-01-15,30.75,30.75,30.0,30.24999,88800,0.804132
1980-01-16,30.24999,30.375,29.75001,30.0,65600,0.797486
1980-01-17,29.75001,29.75001,29.37501,29.37501,137000,0.780872
1980-01-18,29.37501,29.87499,29.12499,29.37501,68600,0.780872
1980-01-21,29.37501,29.625,29.25,29.49999,165000,0.784195
1980-01-22,29.49999,29.49999,28.5,28.875,143400,0.767581
1980-01-23,29.00001,29.37501,29.00001,29.25,80400,0.777549
1980-01-24,29.25,29.25,29.00001,29.12499,104000,0.774226
1980-01-25,29.12499,29.12499,28.875,28.875,99000,0.767581
1980-01-28,29.00001,29.625,29.00001,29.37501,121800,0.780872
1980-01-29,29.37501,29.625,29.25,29.37501,72000,0.780872
1980-01-30,29.37501,29.75001,29.37501,29.75001,152000,0.790841
1980-01-31,29.75001,30.375,29.25,30.0,123000,0.797486
1980-02-01,30.0,30.0,29.49999,29.625,96200,0.787518
1980-02-04,29.625,29.625,29.25,29.25,136800,0.777549
1980-02-05,29.25,29.625,29.12499,29.25,58800,0.777549
1980-02-06,29.25,29.49999,28.37499,28.875,220200,0.767581
1980-02-07,28.875,29.37501,28.875,28.875,198200,0.767581
1980-02-08,28.62501,28.62501,28.125,28.5,73400,0.775609
1980-02-11,28.5,29.00001,28.37499,29.00001,159600,0.789216
1980-02-12,29.00001,29.25,28.74999,28.875,201600,0.785814
1980-02-13,28.875,29.00001,28.125,28.37499,153200,0.772206
1980-02-14,28.37499,28.74999,28.125,28.37499,57200,0.772206
1980-02-15,28.125,28.125,27.12501,27.50001,90600,0.748394
1980-02-19,27.24999,27.24999,26.25,26.25,117600,0.714376
1980-02-20,26.25,27.0,26.00001,26.75001,367400,0.727984
1980-02-21,26.75001,27.0,26.37501,26.37501,548000,0.717778
1980-02-22,26.37501,26.75001,26.25,26.49999,119600,0.72118
1980-02-25,26.49999,26.49999,26.12499,26.25,56400,0.714376
1980-02-26,26.25,26.49999,26.12499,26.25,42800,0.714376
1980-02-27,26.25,26.87499,25.74999,25.875,139800,0.704171
1980-02-28,25.74999,25.74999,24.62499,25.125,103200,0.68376
1980-02-29,25.125,26.37501,25.125,26.37501,135800,0.717778
1980-03-03,26.625,27.0,26.625,26.75001,157400,0.727984
1980-03-04,26.75001,26.87499,26.37501,26.37501,89000,0.717778
1980-03-05,26.37501,26.49999,26.12499,26.12499,108600,0.710974
1980-03-06,26.12499,26.37501,26.00001,26.00001,83000,0.707573
1980-03-07,26.00001,26.87499,25.62501,26.37501,170000,0.717778
1980-03-10,26.37501,26.87499,26.12499,26.87499,54600,0.731385
1980-03-11,26.87499,27.24999,26.625,27.24999,133800,0.74159
1980-03-12,27.24999,27.75,27.12501,27.75,55400,0.755198
1980-03-13,27.75,28.37499,27.75,27.87501,107400,0.7586
1980-03-14,27.87501,27.87501,27.50001,27.62499,71000,0.751796
1980-03-17,27.62499,27.87501,27.62499,27.62499,167600,0.751796
1980-03-18,27.62499,27.99999,27.12501,27.75,244800,0.755198
1980-03-19,27.99999,28.5,27.99999,28.37499,160200,0.772206
1980-03-20,28.37499,28.37499,27.87501,27.99999,116000,0.762001
1980-03-21,27.87501,27.87501,27.0,27.12501,222600,0.738189
1980-03-24,27.12501,27.12501,26.00001,26.12499,79400,0.710974
1980-03-25,26.12499,26.625,26.00001,26.25,176400,0.714376
1980-03-26,26.49999,26.87499,26.49999,26.625,62400,0.724582
1980-03-27,26.625,27.0,26.12499,27.0,104000,0.734787
1980-03-28,27.0,27.50001,26.49999,26.87499,81600,0.731385
1980-03-31,26.87499,27.24999,26.625,26.87499,138200,0.731385
1980-04-01,26.87499,27.50001,26.87499,27.24999,110600,0.74159
1980-04-02,27.24999,27.62499,27.12501,27.62499,205200,0.751796
1980-04-03,27.50001,27.50001,27.12501,27.24999,81000,0.74159
1980-04-07,27.24999,27.50001,26.625,26.87499,554600,0.731385
1980-04-08,26.87499,27.0,26.75001,27.0,77600,0.734787
1980-04-09,27.0,27.50001,26.75001,27.375,239600,0.744992
1980-04-10,27.375,27.50001,27.12501,27.24999,101400,0.74159
1980-04-11,27.24999,27.62499,27.24999,27.24999,473600,0.74159
1980-04-14,27.24999,27.50001,27.24999,27.24999,402800,0.74159
1980-04-15,27.375,27.50001,27.375,27.375,478200,0.744992
1980-04-16,27.375,27.87501,27.375,27.62499,473600,0.751796
1980-04-17,27.62499,27.87501,27.50001,27.87501,454400,0.7586
1980-04-18,27.99999,28.25001,27.99999,27.99999,725000,0.762001
1980-04-21,28.125,28.37499,28.125,28.25001,479600,0.768805
1980-04-22,28.25001,28.875,28.25001,28.74999,327600,0.782412
1980-04-23,28.74999,29.12499,28.74999,28.875,265200,0.785814
1980-04-24,28.875,29.37501,28.74999,29.25,264800,0.796019
1980-04-25,29.25,29.625,28.875,29.49999,937800,0.802823
1980-04-28,29.49999,29.75001,29.37501,29.49999,531800,0.802823
1980-04-29,29.49999,29.49999,29.25,29.25,112800,0.796019
1980-04-30,29.25,29.37501,28.25001,29.00001,160400,0.789216
1980-05-01,29.00001,29.00001,28.5,28.74999,461000,0.782412
1980-05-02,28.74999,29.00001,28.62501,29.00001,126200,0.789216
1980-05-05,29.00001,29.49999,29.00001,29.37501,430800,0.799421
1980-05-06,29.37501,29.49999,29.12499,29.37501,84000,0.799421
1980-05-07,29.37501,29.75001,29.37501,29.625,266600,0.806225
1980-05-08,29.625,29.625,28.875,29.12499,466200,0.792617
1980-05-09,28.37499,28.37499,27.75,28.125,198200,0.783425
1980-05-12,28.125,28.125,27.75,27.87501,110400,0.776461
1980-05-13,27.87501,28.25001,27.87501,27.99999,463200,0.779943
1980-05-14,27.99999,27.99999,27.87501,27.99999,213600,0.779943
1980-05-15,27.99999,28.125,27.75,27.87501,1054800,0.776461
1980-05-16,27.87501,27.87501,27.75,27.75,89000,0.772979
1980-05-19,27.75,27.75,27.50001,27.50001,465800,0.766016
1980-05-20,27.50001,27.75,27.50001,27.50001,80400,0.766016
1980-05-21,27.50001,27.75,27.50001,27.75,243000,0.772979
1980-05-22,27.75,27.99999,27.62499,27.87501,108000,0.776461
1980-05-23,27.87501,28.37499,27.87501,28.25001,161000,0.786907
1980-05-27,28.25001,28.25001,27.75,27.99999,299400,0.779943
1980-05-28,27.87501,27.87501,27.50001,27.87501,777600,0.776461
1980-05-29,27.99999,28.37499,27.99999,27.99999,517400,0.779943
1980-05-30,27.99999,28.25001,27.87501,28.125,582600,0.783425
1980-06-02,27.99999,27.99999,27.87501,27.87501,104600,0.776461
1980-06-03,27.87501,27.99999,27.0,27.24999,227400,0.759051
1980-06-04,27.24999,27.62499,27.0,27.0,380000,0.752088
1980-06-05,27.0,27.375,27.0,27.24999,390200,0.759051
1980-06-06,27.375,27.87501,27.375,27.75,417800,0.772979
1980-06-09,27.75,27.99999,27.375,27.75,202200,0.772979
1980-06-10,27.75,27.87501,25.74999,27.62499,361400,0.769497
1980-06-11,27.62499,27.99999,27.62499,27.87501,522600,0.776461
1980-06-12,27.87501,28.125,27.87501,27.99999,925400,0.779943
1980-06-13,28.25001,28.74999,28.25001,28.74999,728000,0.800834
1980-06-16,28.74999,29.49999,28.74999,29.49999,534000,0.821725
1980-06-17,29.49999,29.49999,29.25,29.25,240800,0.814762
1980-06-18,29.25,29.37501,28.25001,28.74999,485000,0.800834
1980-06-19,28.74999,29.00001,28.62501,29.00001,370200,0.807798
1980-06-20,29.00001,29.37501,28.875,29.25,89600,0.814762
1980-06-23,29.25,29.37501,29.12499,29.25,98600,0.814762
1980-06-24,29.25,29.25,29.12499,29.25,115200,0.814762
1980-06-25,29.25,29.87499,29.12499,29.75001,152000,0.82869
1980-06-26,29.75001,29.75001,29.25,29.37501,93200,0.818244
1980-06-27,29.37501,29.37501,29.00001,29.12499,79200,0.81128
1980-06-30,29.12499,29.12499,28.5,28.62501,88400,0.797353
1980-07-01,28.62501,28.62501,28.37499,28.5,121400,0.793871
1980-07-02,28.5,29.49999,28.37499,28.5,191400,0.793871
1980-07-03,28.5,29.00001,28.5,29.00001,100400,0.807798
1980-07-07,29.25,29.49999,29.25,29.37501,61800,0.818244
1980-07-08,29.37501,29.49999,29.12499,29.25,82400,0.814762
1980-07-09,29.25,29.37501,28.74999,28.875,100800,0.804316
1980-07-10,28.875,29.00001,28.62501,28.62501,130200,0.797353
1980-07-11,28.62501,28.875,28.62501,28.62501,55200,0.797353
1980-07-14,28.74999,29.625,28.74999,29.625,128400,0.825208
1980-07-15,29.625,29.87499,29.12499,29.37501,323400,0.818244
1980-07-16,29.37501,29.625,29.12499,29.625,125600,0.825208
1980-07-17,29.625,29.87499,29.37501,29.625,163800,0.825208
1980-07-18,29.625,29.75001,29.37501,29.625,403800,0.825208
1980-07-21,29.625,29.625,29.12499,29.625,291000,0.825208
1980-07-22,29.625,29.87499,29.49999,29.75001,198000,0.82869
1980-07-23,29.75001,29.87499,29.625,29.625,252800,0.825208
1980-07-24,29.625,29.75001,29.25,29.75001,338600,0.82869
1980-07-25,29.625,29.625,29.12499,29.37501,300000,0.818244
1980-07-28,29.37501,29.625,29.12499,29.12499,57000,0.81128
1980-07-29,29.12499,29.87499,29.00001,29.37501,161400,0.818244
1980-07-30,29.12499,29.12499,28.74999,28.74999,125000,0.800834
1980-07-31,28.74999,28.875,28.37499,28.875,107000,0.804316
1980-08-01,28.875,28.875,28.25001,28.5,293000,0.793871
1980-08-04,28.37499,28.37499,27.62499,27.87501,604800,0.776461
1980-08-05,27.87501,28.25001,27.62499,27.87501,1502600,0.776461
1980-08-06,27.87501,27.99999,27.75,27.87501,123600,0.776461
1980-08-07,27.87501,28.125,27.75,27.99999,229800,0.779943
1980-08-08,27.99999,28.25001,27.99999,28.25001,87000,0.786907
1980-08-11,27.99999,27.99999,27.75,27.87501,216800,0.795324
1980-08-12,27.87501,27.99999,27.62499,27.75,227000,0.791757
1980-08-13,27.75,27.99999,27.62499,27.62499,68000,0.78819
1980-08-14,27.62499,27.87501,27.50001,27.62499,46400,0.78819
1980-08-15,27.62499,27.87501,27.50001,27.87501,134600,0.795324
1980-08-18,27.87501,27.87501,27.62499,27.75,100800,0.791757
1980-08-19,27.75,27.87501,27.12501,27.24999,247400,0.777491
1980-08-20,27.12501,27.12501,26.37501,26.87499,174600,0.766791
1980-08-21,26.87499,27.0,26.25,26.625,645000,0.759659
1980-08-22,26.75001,27.12501,26.75001,27.12501,118200,0.773925
1980-08-25,27.12501,27.12501,26.75001,26.75001,108000,0.763226
1980-08-26,26.75001,27.0,26.49999,26.625,116600,0.759659
1980-08-27,27.0,27.24999,27.0,27.24999,481800,0.777491
1980-08-28,27.24999,27.24999,27.0,27.0,117800,0.770358
1980-08-29,27.0,27.375,27.0,27.12501,107000,0.773925
1980-09-02,27.12501,27.24999,26.87499,27.24999,231000,0.777491
1980-09-03,27.24999,27.99999,27.24999,27.75,197000,0.791757
1980-09-04,27.75,28.74999,27.75,28.25001,386400,0.806023
1980-09-05,28.25001,28.25001,27.87501,28.125,60600,0.802456
1980-09-08,28.125,28.125,27.24999,27.375,113600,0.781058
1980-09-09,27.375,27.99999,27.24999,27.87501,88200,0.795324
1980-09-10,27.87501,28.125,27.75,27.87501,494600,0.795324
1980-09-11,27.87501,27.87501,27.50001,27.62499,329400,0.78819
1980-09-12,27.62499,27.75,27.12501,27.12501,166400,0.773925
1980-09-15,27.12501,27.12501,27.0,27.0,101600,0.770358
1980-09-16,27.0,27.24999,26.87499,27.0,389000,0.770358
1980-09-17,27.0,27.50001,27.0,27.375,507600,0.781058
1980-09-18,27.50001,28.125,27.50001,27.62499,247400,0.78819
1980-09-19,27.62499,27.75,27.62499,27.62499,90800,0.78819
1980-09-22,27.62499,27.75,27.375,27.375,171800,0.781058
1980-09-23,27.375,27.375,26.87499,26.87499,117000,0.766791
1980-09-24,26.87499,27.0,26.75001,27.0,79400,0.770358
1980-09-25,27.0,27.12501,26.75001,26.87499,125400,0.766791
1980-09-26,26.87499,26.87499,26.25,26.49999,121800,0.756092
1980-09-29,26.49999,26.49999,26.25,26.25,76200,0.748959
1980-09-30,26.25,26.625,26.25,26.49999,39000,0.756092
1980-10-01,26.49999,26.625,26.25,26.49999,89400,0.756092
1980-10-02,26.49999,26.49999,26.25,26.25,898400,0.748959
1980-10-03,26.25,26.37501,26.25,26.37501,398600,0.752526
1980-10-06,26.37501,26.87499,26.00001,26.37501,2005400,0.752526
1980-10-07,26.49999,26.87499,26.49999,26.75001,524000,0.763226
1980-10-08,26.75001,26.75001,26.49999,26.49999,529800,0.756092
1980-10-09,26.49999,27.0,26.49999,26.87499,466200,0.766791
1980-10-10,26.87499,27.24999,26.625,27.0,391200,0.770358
1980-10-13,27.0,27.50001,27.0,27.0,92400,0.770358
1980-10-14,27.0,27.24999,26.75001,27.0,497600,0.770358
1980-10-15,27.0,27.24999,27.0,27.12501,164400,0.773925
1980-10-16,27.12501,27.375,27.12501,27.12501,340800,0.773925
1980-10-17,27.12501,27.24999,27.0,27.0,241800,0.770358
1980-10-20,27.0,27.24999,27.0,27.24999,69000,0.777491
1980-10-21,27.24999,27.375,27.0,27.12501,206000,0.773925
1980-10-22,27.12501,27.12501,26.75001,26.87499,271400,0.766791
1980-10-23,26.87499,27.50001,26.75001,27.0,112800,0.770358
1980-10-24,27.0,27.0,26.75001,26.87499,153800,0.766791
1980-10-27,26.87499,26.87499,26.49999,26.625,136400,0.759659
1980-10-28,26.625,26.87499,26.49999,26.75001,313200,0.763226
1980-10-29,26.75001,26.87499,26.49999,26.625,132200,0.759659
1980-10-30,26.625,26.75001,26.49999,26.75001,341400,0.763226
1980-10-31,26.75001,27.0,26.625,27.0,160400,0.770358
1980-11-03,27.0,27.24999,26.625,26.625,105000,0.759659
1980-11-05,26.75001,27.62499,26.75001,26.87499,220400,0.766791
1980-11-06,26.87499,26.87499,26.25,26.49999,196400,0.756092
1980-11-07,25.875,25.875,25.125,25.37499,440000,0.742773
1980-11-10,25.37499,26.25,25.37499,25.62501,211200,0.750092
1980-11-11,25.62501,25.875,25.5,25.74999,481200,0.75375
1980-11-12,25.875,26.25,25.875,26.12499,390600,0.764727
1980-11-13,26.12499,26.49999,26.12499,26.37501,285800,0.772045
1980-11-14,26.37501,26.75001,26.25,26.625,601200,0.779363
1980-11-17,26.625,27.0,26.49999,26.625,97400,0.779363
1980-11-18,26.75001,27.0,26.75001,26.87499,214800,0.786681
1980-11-19,26.87499,26.87499,26.75001,26.87499,192200,0.786681
1980-11-20,26.87499,26.87499,26.625,26.75001,190800,0.783022
1980-11-21,26.75001,26.75001,26.37501,26.625,142200,0.779363
1980-11-24,26.625,26.625,26.25,26.25,185400,0.768386
1980-11-25,26.25,26.625,26.00001,26.37501,370400,0.772045
1980-11-26,26.37501,26.49999,26.00001,26.00001,199400,0.761068
1980-11-28,26.00001,26.49999,26.00001,26.00001,66000,0.761068
1980-12-01,26.00001,26.37501,25.74999,26.00001,139200,0.761068
1980-12-02,26.00001,26.12499,25.875,26.00001,124400,0.761068
1980-12-03,26.00001,26.12499,25.875,26.00001,74000,0.761068
1980-12-04,26.00001,26.12499,25.875,26.00001,97400,0.761068
1980-12-05,26.00001,26.12499,25.62501,25.62501,254600,0.750092
1980-12-08,25.62501,25.875,25.62501,25.875,106800,0.757409
1980-12-09,25.875,26.00001,25.62501,26.00001,121200,0.761068
1980-12-10,26.00001,26.00001,25.74999,25.74999,107000,0.75375
1980-12-11,25.74999,25.875,25.5,25.74999,111200,0.75375
1980-12-12,25.74999,26.00001,25.62501,26.00001,190400,0.761068
1980-12-15,26.00001,26.37501,25.875,26.00001,728600,0.761068
1980-12-16,26.00001,26.37501,26.00001,26.37501,523800,0.772045
1980-12-17,26.37501,26.49999,26.00001,26.25,147200,0.768386
1980-12-18,26.25,27.12501,26.25,27.12501,482000,0.793999
1980-12-19,27.24999,28.37499,27.24999,28.125,445200,0.823271
1980-12-22,28.125,28.875,28.125,28.875,288800,0.845225
1980-12-23,29.00001,29.49999,29.00001,29.25,625800,0.856202
1980-12-24,29.12499,29.12499,28.74999,29.00001,175400,0.848884
1980-12-26,29.00001,29.00001,28.74999,28.74999,38000,0.841566
1980-12-29,28.74999,28.875,28.25001,28.25001,93600,0.82693
1980-12-30,28.25001,28.37499,28.125,28.37499,69800,0.830589
1980-12-31,28.37499,28.5,28.125,28.5,69600,0.834248
1981-01-02,28.37499,28.37499,27.99999,28.125,184400,0.823271
1981-01-05,28.125,28.62501,27.87501,28.62501,132200,0.837907
1981-01-06,28.62501,28.74999,28.25001,28.74999,417000,0.841566
1981-01-07,28.74999,28.74999,28.37499,28.62501,182400,0.837907
1981-01-08,28.62501,29.37501,28.37499,29.00001,268400,0.848884
1981-01-09,29.00001,29.25,28.37499,28.74999,202400,0.841566
1981-01-12,28.74999,29.25,28.62501,28.62501,170000,0.837907
1981-01-13,28.62501,28.74999,28.125,28.5,175800,0.834248
1981-01-14,28.5,28.74999,28.25001,28.62501,73400,0.837907
1981-01-15,28.62501,28.74999,28.25001,28.37499,154200,0.830589
1981-01-16,28.37499,28.62501,28.25001,28.62501,430800,0.837907
1981-01-19,28.62501,28.74999,28.37499,28.5,81800,0.834248
1981-01-20,28.5,28.875,28.5,28.875,219000,0.845225
1981-01-21,28.875,28.875,28.62501,28.74999,79200,0.841566
1981-01-22,28.74999,28.74999,28.125,28.25001,388200,0.82693
1981-01-23,28.25001,28.37499,27.87501,28.37499,102600,0.830589
1981-01-26,28.37499,28.37499,27.87501,28.125,145800,0.823271
1981-01-27,28.125,28.25001,27.99999,28.125,88800,0.823271
1981-01-28,28.125,28.125,27.62499,27.99999,77600,0.819612
1981-01-29,27.99999,27.99999,27.75,27.99999,38600,0.819612
1981-01-30,27.99999,28.25001,27.75,28.25001,171600,0.82693
1981-02-02,28.25001,28.37499,27.87501,28.37499,105600,0.830589
1981-02-03,28.37499,28.37499,28.125,28.125,67800,0.823271
1981-02-04,28.125,28.37499,27.87501,27.99999,169200,0.819612
1981-02-05,27.99999,28.125,27.62499,27.99999,209400,0.819612
1981-02-06,27.99999,28.25001,27.75,27.87501,85200,0.815953
1981-02-09,27.50001,27.50001,27.0,27.12501,184200,0.815653
1981-02-10,26.75001,26.75001,25.74999,26.00001,173400,0.781824
1981-02-11,26.00001,26.625,26.00001,26.37501,264600,0.7931
1981-02-12,26.37501,26.625,26.12499,26.25,74600,0.789341
1981-02-13,26.25,26.25,26.00001,26.00001,74000,0.781824
1981-02-17,26.00001,26.00001,25.74999,25.875,182400,0.778065
1981-02-18,25.875,25.875,25.62501,25.62501,95000,0.770548
1981-02-19,25.62501,25.74999,25.37499,25.5,459800,0.766789
1981-02-20,25.5,25.74999,25.25001,25.5,198600,0.766789
1981-02-23,25.5,25.74999,25.125,25.5,175200,0.766789
1981-02-24,25.5,25.875,25.5,25.62501,60000,0.770548
1981-02-25,25.62501,25.74999,25.37499,25.62501,95600,0.770548
1981-02-26,25.5,25.5,24.99999,25.25001,68000,0.759271
1981-02-27,25.25001,25.62501,25.25001,25.5,72000,0.766789
1981-03-02,25.5,25.875,25.37499,25.62501,109800,0.770548
1981-03-03,25.62501,25.875,25.62501,25.875,46800,0.778065
1981-03-04,25.62501,25.62501,24.99999,25.25001,181200,0.759271
1981-03-05,25.25001,25.37499,24.99999,25.25001,457800,0.759271
1981-03-06,25.25001,25.37499,25.125,25.25001,670800,0.759271
1981-03-09,25.25001,25.37499,25.125,25.37499,266000,0.763029
1981-03-10,25.37499,25.5,25.25001,25.25001,431600,0.759271
1981-03-11,25.37499,25.62501,25.37499,25.37499,519000,0.763029
1981-03-12,25.37499,25.875,25.37499,25.875,736200,0.778065
1981-03-13,26.00001,26.37501,26.00001,26.25,941600,0.789341
1981-03-16,26.25,26.37501,26.00001,26.37501,202400,0.7931
1981-03-17,26.37501,26.49999,26.25,26.25,234600,0.789341
1981-03-18,26.25,26.49999,26.12499,26.49999,851000,0.796858
1981-03-19,26.625,26.87499,26.625,26.87499,736800,0.808135
1981-03-20,26.87499,27.50001,26.75001,27.24999,464000,0.819411
1981-03-23,27.24999,27.24999,27.0,27.24999,902000,0.819411
1981-03-24,27.0,27.0,26.625,26.75001,197400,0.804376
1981-03-25,26.75001,26.75001,26.37501,26.625,126200,0.800617
1981-03-26,26.625,26.625,26.49999,26.625,129200,0.800617
1981-03-27,26.625,26.87499,26.49999,26.49999,90200,0.796858
1981-03-30,26.49999,26.75001,26.25,26.37501,391200,0.7931
1981-03-31,26.37501,26.49999,26.12499,26.12499,282800,0.785582
1981-04-01,26.12499,26.625,26.12499,26.49999,154800,0.796858
1981-04-02,26.49999,26.75001,26.49999,26.625,126600,0.800617
1981-04-03,26.625,26.625,26.37501,26.37501,163200,0.7931
1981-04-06,26.37501,26.49999,26.12499,26.12499,246200,0.785582
1981-04-07,26.12499,26.25,26.00001,26.25,100400,0.789341
1981-04-08,26.25,26.25,26.00001,26.12499,181400,0.785582
1981-04-09,26.12499,26.25,26.00001,26.00001,165200,0.781824
1981-04-10,26.00001,26.12499,25.875,26.00001,480200,0.781824
1981-04-13,26.00001,26.12499,25.62501,25.74999,323400,0.774306
1981-04-14,25.74999,26.37501,25.74999,26.37501,179000,0.7931
1981-04-15,26.37501,26.49999,26.12499,26.37501,129600,0.7931
1981-04-16,26.37501,27.0,26.37501,27.0,764600,0.811894
1981-04-20,27.0,27.75,26.75001,27.62499,156800,0.830687
1981-04-21,27.62499,27.75,27.24999,27.375,141200,0.82317
1981-04-22,27.24999,27.24999,26.87499,27.0,490200,0.811894
1981-04-23,27.0,27.375,27.0,27.375,202200,0.82317
1981-04-24,27.375,27.62499,27.375,27.50001,518000,0.826929
1981-04-27,27.50001,27.99999,27.375,27.75,335000,0.834446
1981-04-28,27.75,27.87501,27.50001,27.50001,410000,0.826929
1981-04-29,27.375,27.375,27.12501,27.24999,313800,0.819411
1981-04-30,27.24999,27.50001,27.12501,27.50001,257400,0.826929
1981-05-01,27.50001,27.62499,27.24999,27.50001,123200,0.826929
1981-05-04,27.375,27.375,26.87499,27.24999,515000,0.819411
1981-05-05,27.24999,27.24999,26.87499,26.87499,254000,0.808135
1981-05-06,26.87499,27.50001,26.87499,27.375,471600,0.82317
1981-05-07,27.375,27.62499,27.375,27.62499,1146200,0.830687
1981-05-08,27.62499,27.62499,27.375,27.62499,348600,0.830687
1981-05-11,27.62499,27.62499,27.375,27.50001,124800,0.826929
1981-05-12,27.50001,27.87501,27.375,27.87501,156800,0.838205
1981-05-13,27.87501,28.37499,27.87501,27.87501,242400,0.838205
1981-05-14,27.87501,28.25001,27.87501,28.125,144800,0.845723
1981-05-15,28.125,28.5,28.125,28.125,146400,0.845723
1981-05-18,28.25001,28.74999,28.25001,28.5,302600,0.856999
1981-05-19,27.99999,27.99999,27.50001,27.50001,198800,0.841696
1981-05-20,27.50001,27.62499,27.375,27.50001,196200,0.841696
1981-05-21,27.50001,27.62499,27.12501,27.24999,286800,0.834044
1981-05-22,27.24999,27.375,27.12501,27.24999,107400,0.834044
1981-05-26,27.24999,27.75,27.24999,27.24999,229200,0.834044
1981-05-27,27.375,27.62499,27.375,27.375,180000,0.83787
1981-05-28,27.375,27.62499,27.375,27.50001,271800,0.841696
1981-05-29,27.62499,27.87501,27.62499,27.75,167400,0.849347
1981-06-01,27.75,27.99999,27.62499,27.75,429800,0.849347
1981-06-02,27.75,27.75,27.50001,27.62499,77600,0.845521
1981-06-03,27.62499,27.62499,27.50001,27.50001,262200,0.841696
1981-06-04,27.50001,27.87501,27.50001,27.75,339800,0.849347
1981-06-05,27.75,27.87501,27.62499,27.62499,259200,0.845521
1981-06-08,27.75,28.125,27.75,27.99999,248400,0.856999
1981-06-09,27.99999,28.25001,27.99999,28.125,181400,0.860825
1981-06-10,28.125,28.74999,27.99999,28.62501,551600,0.876129
1981-06-11,28.62501,28.74999,28.5,28.62501,762200,0.876129
1981-06-12,28.62501,28.62501,28.125,28.37499,364400,0.868477
1981-06-15,20.0,20.0,19.0,19.875,766400,0.912475
1981-06-16,19.875,20.125,19.75,19.875,649600,0.912475
1981-06-17,19.875,20.0,19.625,19.875,164600,0.912475
1981-06-18,19.875,20.0,19.5,19.5,308000,0.895258
1981-06-19,19.5,19.625,19.375,19.5,442000,0.895258
1981-06-22,19.5,19.625,19.375,19.5,83800,0.895258
1981-06-23,19.5,19.875,19.0,19.875,678200,0.912475
1981-06-24,19.875,20.25,19.875,20.0,302600,0.918214
1981-06-25,20.0,20.0,19.75,19.75,324200,0.906736
1981-06-26,19.75,19.875,19.5,19.5,172400,0.895258
1981-06-29,19.5,19.75,19.5,19.625,64400,0.900997
1981-06-30,19.625,19.625,19.125,19.125,110800,0.878042
1981-07-01,19.125,19.25,18.875,19.25,281200,0.88378
1981-07-02,19.25,19.25,19.125,19.25,59000,0.88378
1981-07-06,19.25,19.375,18.125,19.125,220000,0.878042
1981-07-07,19.125,19.25,19.0,19.0,241000,0.872303
1981-07-08,19.25,19.625,19.25,19.375,345000,0.889519
1981-07-09,19.375,19.5,19.25,19.25,227600,0.88378
1981-07-10,19.25,19.625,19.25,19.375,608200,0.889519
1981-07-13,19.375,19.375,19.25,19.375,98200,0.889519
1981-07-14,19.375,19.375,19.125,19.375,85800,0.889519
1981-07-15,19.375,19.5,19.25,19.375,95200,0.889519
1981-07-16,19.375,19.625,19.0,19.375,132400,0.889519
1981-07-17,19.5,19.875,19.5,19.625,378400,0.900997
1981-07-20,19.625,19.75,19.5,19.5,73000,0.895258
1981-07-21,19.5,19.75,19.5,19.5,119600,0.895258
1981-07-22,19.5,19.75,19.125,19.25,217600,0.88378
1981-07-23,19.25,19.25,19.125,19.25,166600,0.88378
1981-07-24,19.25,19.5,19.25,19.5,49800,0.895258
1981-07-27,19.5,20.125,19.5,20.0,391600,0.918214
1981-07-28,20.0,20.375,19.875,20.25,125600,0.929691
1981-07-29,20.25,20.625,20.125,20.5,728200,0.941169
1981-07-30,20.5,20.875,20.5,20.625,699600,0.946908
1981-07-31,20.625,21.25,20.5,21.25,1573600,0.975602
1981-08-03,21.25,21.25,20.875,21.0,448600,0.964124
1981-08-04,20.875,20.875,20.625,20.875,442000,0.958385
1981-08-05,20.875,21.125,20.875,21.125,170800,0.969863
1981-08-06,21.25,21.75,21.25,21.5,338600,0.98708
1981-08-07,21.5,21.625,21.375,21.5,107400,0.98708
1981-08-10,21.0,21.0,20.25,20.625,260200,0.969453
1981-08-11,20.625,21.375,20.5,21.125,385600,0.992955
1981-08-12,21.125,21.625,21.0,21.0,450800,0.98708
1981-08-13,21.0,21.0,20.75,21.0,176400,0.98708
1981-08-14,21.0,21.0,20.625,20.625,202400,0.969453
1981-08-17,20.625,20.75,20.125,20.25,91000,0.951827
1981-08-18,20.25,20.375,20.0,20.25,672200,0.951827
1981-08-19,20.25,20.5,20.0,20.0,72800,0.940076
1981-08-20,20.0,20.125,19.625,19.875,194600,0.9342
1981-08-21,19.875,19.875,19.25,19.375,610200,0.910698
1981-08-24,19.375,19.375,19.0,19.125,151000,0.898947
1981-08-25,19.125,19.25,18.75,18.75,146200,0.881321
1981-08-26,18.75,19.25,18.75,19.0,260400,0.893072
1981-08-27,19.0,19.625,19.0,19.5,330800,0.916574
1981-08-28,19.625,20.125,19.625,20.125,128600,0.945951
1981-08-31,20.125,20.625,20.0,20.125,122400,0.945951
1981-09-01,20.125,20.125,19.875,19.875,403600,0.9342
1981-09-02,19.875,20.0,19.625,19.75,127400,0.928325
1981-09-03,19.75,19.875,19.5,19.5,145600,0.916574
1981-09-04,19.5,19.5,19.0,19.25,143200,0.904823
1981-09-08,19.125,19.125,18.625,18.75,218200,0.881321
1981-09-09,18.75,19.25,18.75,19.0,121400,0.893072
1981-09-10,19.0,19.375,19.0,19.125,50000,0.898947
1981-09-11,19.125,19.375,19.0,19.25,53000,0.904823
1981-09-14,19.0,19.0,18.75,19.0,90600,0.893072
1981-09-15,19.0,19.25,18.875,18.875,88800,0.887196
1981-09-16,18.875,19.25,18.75,19.25,61600,0.904823
1981-09-17,19.25,19.375,18.875,18.875,99400,0.887196
1981-09-18,18.875,19.25,18.75,19.25,89000,0.904823
1981-09-21,19.25,20.0,19.0,19.875,492600,0.9342
1981-09-22,19.875,20.125,19.75,20.0,102400,0.940076
1981-09-23,20.0,20.0,19.5,19.625,82400,0.922449
1981-09-24,19.625,20.0,19.625,19.875,234600,0.9342
1981-09-25,19.875,19.875,19.0,19.125,82600,0.898947
1981-09-28,18.75,18.75,18.125,18.625,89800,0.875446
1981-09-29,18.625,18.875,18.625,18.875,106000,0.887196
1981-09-30,18.75,18.75,18.375,18.5,121400,0.86957
1981-10-01,18.5,18.75,18.125,18.5,33200,0.86957
1981-10-02,18.5,19.0,18.5,18.875,178800,0.887196
1981-10-05,18.875,19.125,18.875,18.875,70000,0.887196
1981-10-06,18.875,19.0,18.625,18.875,69600,0.887196
1981-10-07,18.875,19.0,18.625,18.625,411200,0.875446
1981-10-08,18.625,18.875,18.625,18.625,47200,0.875446
1981-10-09,18.625,18.875,18.625,18.625,119000,0.875446
1981-10-12,18.625,18.875,18.625,18.625,140600,0.875446
1981-10-13,18.625,18.75,18.625,18.625,120400,0.875446
1981-10-14,18.625,19.0,18.625,18.75,39400,0.881321
1981-10-15,18.75,18.875,18.75,18.875,32400,0.887196
1981-10-16,18.875,19.0,18.75,19.0,44200,0.893072
1981-10-19,19.0,19.0,18.75,18.875,61200,0.887196
1981-10-20,18.875,19.0,18.75,19.0,81200,0.893072
1981-10-21,19.0,19.0,18.875,18.875,53800,0.887196
1981-10-22,18.875,19.0,18.75,18.875,60600,0.887196
1981-10-23,18.875,19.125,18.875,19.0,528400,0.893072
1981-10-26,19.0,19.125,19.0,19.0,440000,0.893072
1981-10-27,19.0,19.125,19.0,19.0,302600,0.893072
1981-10-28,19.125,19.5,19.125,19.375,173000,0.910698
1981-10-29,19.375,19.375,19.25,19.375,330800,0.910698
1981-10-30,19.375,20.0,19.25,20.0,379800,0.940076
1981-11-02,20.0,20.25,19.75,19.75,108600,0.928325
1981-11-03,19.75,19.875,19.5,19.625,63600,0.922449
1981-11-04,19.625,19.75,19.5,19.75,96800,0.928325
1981-11-05,19.75,20.0,19.625,19.875,224000,0.9342
1981-11-06,19.75,19.75,19.5,19.75,192400,0.928325
1981-11-09,19.75,19.75,19.0,19.625,600200,0.946409
1981-11-10,19.625,19.875,19.5,19.75,519000,0.952437
1981-11-11,19.75,19.75,19.125,19.375,797200,0.934353
1981-11-12,19.375,19.75,19.375,19.625,1071800,0.946409
1981-11-13,19.625,19.875,19.5,19.625,479600,0.946409
1981-11-16,19.625,19.75,19.375,19.5,265200,0.940381
1981-11-17,19.5,19.5,19.375,19.5,173000,0.940381
1981-11-18,19.5,19.875,19.375,19.75,633600,0.952437
1981-11-19,19.75,19.875,19.5,19.875,122000,0.958465
1981-11-20,19.875,19.875,19.5,19.625,498800,0.946409
1981-11-23,19.625,19.625,19.25,19.25,168400,0.928325
1981-11-24,19.25,19.375,19.125,19.375,407800,0.934353
1981-11-25,19.375,19.375,19.0,19.125,93400,0.922297
1981-11-27,19.125,19.375,19.125,19.25,338200,0.928325
1981-11-30,19.25,19.25,18.875,19.25,117800,0.928325
1981-12-01,19.125,19.125,18.75,19.125,565600,0.922297
1981-12-02,19.0,19.0,18.625,18.75,219600,0.904212
1981-12-03,18.75,18.875,18.5,18.625,368400,0.898184
1981-12-04,18.625,18.875,18.625,18.75,644600,0.904212
1981-12-07,18.75,18.875,18.625,18.75,319200,0.904212
1981-12-08,18.75,18.75,18.5,18.625,66800,0.898184
1981-12-09,18.625,18.75,18.625,18.75,647400,0.904212
1981-12-10,18.75,18.75,18.5,18.625,336000,0.898184
1981-12-11,18.625,18.625,18.25,18.375,311200,0.886128
1981-12-14,18.25,18.25,18.0,18.125,253000,0.874072
1981-12-15,18.0,18.0,17.75,18.0,140000,0.868044
1981-12-16,18.0,18.125,17.75,17.875,491600,0.862016
1981-12-17,17.875,17.875,17.5,17.625,247200,0.84996
1981-12-18,17.625,17.875,17.5,17.625,1239000,0.84996
1981-12-21,17.625,18.0,17.625,18.0,365600,0.868044
1981-12-22,18.0,18.25,18.0,18.25,226400,0.8801
1981-12-23,18.25,18.25,18.0,18.25,283800,0.8801
1981-12-24,18.25,18.25,18.0,18.25,27000,0.8801
1981-12-28,18.25,18.25,18.0,18.25,36800,0.8801
1981-12-29,18.25,18.25,17.875,18.125,54800,0.874072
1981-12-30,18.125,18.125,17.875,18.0,102800,0.868044
1981-12-31,18.0,18.125,17.875,18.125,331800,0.874072
1982-01-04,18.125,18.625,18.125,18.625,307800,0.898184
1982-01-05,18.625,18.625,18.25,18.375,189200,0.886128
1982-01-06,18.375,18.5,18.125,18.5,124400,0.892156
1982-01-07,18.5,18.5,18.25,18.375,76800,0.886128
1982-01-08,18.375,18.5,18.25,18.5,145200,0.892156
1982-01-11,18.5,18.5,18.0,18.125,360800,0.874072
1982-01-12,18.125,18.125,17.75,17.75,154000,0.855988
1982-01-13,17.75,17.875,17.75,17.75,69000,0.855988
1982-01-14,17.75,17.875,17.625,17.75,90600,0.855988
1982-01-15,17.75,18.0,17.75,18.0,127200,0.868044
1982-01-18,18.0,18.125,17.75,17.875,116200,0.862016
1982-01-19,17.875,18.125,17.75,18.0,159400,0.868044
1982-01-20,18.0,18.125,18.0,18.125,87400,0.874072
1982-01-21,18.125,18.375,18.0,18.25,282400,0.8801
1982-01-22,18.25,18.375,18.125,18.25,112000,0.8801
1982-01-25,18.25,18.25,18.125,18.125,51800,0.874072
1982-01-26,18.125,18.5,18.125,18.25,166800,0.8801
1982-01-27,18.25,18.625,18.125,18.5,484800,0.892156
1982-01-28,18.5,18.875,18.5,18.875,238000,0.910241
1982-01-29,18.875,19.0,18.625,18.75,151600,0.904212
1982-02-01,18.625,18.625,18.375,18.375,284000,0.886128
1982-02-02,18.375,18.625,18.375,18.5,187600,0.892156
1982-02-03,18.5,19.0,18.375,18.875,280600,0.910241
1982-02-04,18.875,18.875,18.5,18.75,253800,0.904212
1982-02-05,18.75,19.0,18.75,18.875,170800,0.910241
1982-02-08,18.375,18.375,18.125,18.375,248400,0.912226
1982-02-09,18.375,18.625,18.25,18.375,440200,0.912226
1982-02-10,18.375,18.625,18.25,18.5,75200,0.918432
1982-02-11,18.5,18.625,18.375,18.625,335000,0.924638
1982-02-12,18.625,18.75,18.5,18.625,187800,0.924638
1982-02-16,18.625,18.625,18.5,18.625,73800,0.924638
1982-02-17,18.625,18.625,18.375,18.5,168800,0.918432
1982-02-18,18.5,18.5,18.25,18.25,65200,0.906021
1982-02-19,18.25,18.5,18.25,18.375,99200,0.912226
1982-02-22,18.375,18.625,18.375,18.375,245000,0.912226
1982-02-23,18.375,18.625,18.25,18.625,323800,0.924638
1982-02-24,18.625,18.75,18.5,18.625,313400,0.924638
1982-02-25,18.875,19.0,18.875,18.875,888400,0.937049
1982-02-26,18.875,18.875,18.75,18.75,138200,0.930843
1982-03-01,18.75,18.875,18.625,18.75,223000,0.930843
1982-03-02,18.75,19.125,18.75,19.125,259000,0.94946
1982-03-03,19.0,19.0,18.75,18.875,359000,0.937049
1982-03-04,18.875,19.0,18.5,18.5,92000,0.918432
1982-03-05,18.5,19.0,18.5,18.875,428400,0.937049
1982-03-08,18.875,19.125,18.0,18.75,438000,0.930843
1982-03-09,18.875,19.125,18.875,19.0,282400,0.943254
1982-03-10,19.0,19.125,19.0,19.125,76200,0.94946
1982-03-11,19.125,19.25,19.0,19.0,60400,0.943254
1982-03-12,19.0,19.125,18.875,19.0,274800,0.943254
1982-03-15,19.0,19.0,18.75,18.875,116600,0.937049
1982-03-16,18.875,19.0,18.5,18.5,416800,0.918432
1982-03-17,18.625,18.875,18.625,18.75,141800,0.930843
1982-03-18,18.75,18.875,18.625,18.875,128400,0.937049
1982-03-19,18.875,18.875,18.625,18.75,52600,0.930843
1982-03-22,18.75,18.875,18.75,18.75,323600,0.930843
1982-03-23,18.75,19.0,18.75,19.0,178600,0.943254
1982-03-24,19.0,19.25,18.875,18.875,308400,0.937049
1982-03-25,18.875,19.0,18.875,18.875,147200,0.937049
1982-03-26,18.875,19.125,18.375,19.0,60600,0.943254
1982-03-29,19.0,19.0,18.75,18.75,63600,0.930843
1982-03-30,18.75,19.0,18.75,18.875,80000,0.937049
1982-03-31,18.875,19.0,18.875,19.0,166800,0.943254
1982-04-01,19.0,19.125,18.875,19.0,63600,0.943254
1982-04-02,19.0,19.125,18.875,19.0,60200,0.943254
1982-04-05,19.0,19.125,18.875,18.875,206400,0.937049
1982-04-06,18.875,19.0,18.875,18.875,174200,0.937049
1982-04-07,18.875,19.0,18.875,18.875,78400,0.937049
1982-04-08,18.875,19.375,18.875,19.25,9245600,0.955666
1982-04-12,19.25,19.375,19.125,19.25,383600,0.955666
1982-04-13,19.25,19.25,19.0,19.0,191000,0.943254
1982-04-14,19.0,19.125,18.875,19.125,256600,0.94946
1982-04-15,19.125,19.25,19.0,19.0,414600,0.943254
1982-04-16,19.0,19.25,19.0,19.25,715200,0.955666
1982-04-19,19.25,19.375,19.125,19.25,576400,0.955666
1982-04-20,19.25,19.625,19.25,19.625,238800,0.974283
1982-04-21,19.625,19.625,19.375,19.375,188000,0.961871
1982-04-22,19.375,19.625,19.375,19.5,229400,0.968077
1982-04-23,19.5,19.75,19.5,19.625,1535400,0.974283
1982-04-26,19.625,19.75,19.375,19.75,630400,0.980488
1982-04-27,19.625,19.625,19.375,19.5,357800,0.968077
1982-04-28,19.5,19.625,19.375,19.375,332200,0.961871
1982-04-29,19.375,19.5,19.25,19.375,343400,0.961871
1982-04-30,19.375,19.5,19.375,19.5,138800,0.968077
1982-05-03,19.5,19.625,19.375,19.5,101200,0.968077
1982-05-04,19.5,19.75,19.375,19.625,225000,0.974283
1982-05-05,19.625,19.75,19.625,19.75,1303200,0.980488
1982-05-06,19.75,20.125,19.75,20.125,1094000,0.999105
1982-05-07,20.125,20.125,20.0,20.125,320800,0.999105
1982-05-10,20.125,20.125,19.875,19.875,599800,0.986694
1982-05-11,19.25,19.25,19.0,19.25,850800,0.982356
1982-05-12,19.25,19.25,19.0,19.125,412400,0.975977
1982-05-13,19.125,19.125,18.875,19.125,307200,0.975977
1982-05-14,19.125,19.125,18.875,19.0,507600,0.969598
1982-05-17,19.0,19.0,18.875,19.0,1624400,0.969598
1982-05-18,19.0,19.0,18.75,18.75,394200,0.95684
1982-05-19,18.75,18.875,18.75,18.875,539400,0.963219
1982-05-20,18.875,19.125,18.75,19.125,253800,0.975977
1982-05-21,19.125,19.375,19.125,19.375,66600,0.988735
1982-05-24,19.375,19.375,19.125,19.25,867000,0.982356
1982-05-25,19.125,19.125,19.0,19.125,309800,0.975977
1982-05-26,19.0,19.0,18.875,19.0,167000,0.969598
1982-05-27,19.0,19.0,18.875,18.875,338800,0.963219
1982-05-28,18.875,19.0,18.875,19.0,152400,0.969598
1982-06-01,19.0,19.0,18.875,19.0,867000,0.969598
1982-06-02,19.0,19.125,18.875,19.125,50800,0.975977
1982-06-03,19.125,19.25,19.0,19.25,51400,0.982356
1982-06-04,19.25,19.375,19.125,19.25,427400,0.982356
1982-06-07,19.25,19.25,18.875,18.875,201000,0.963219
1982-06-08,18.875,19.0,18.75,18.875,95400,0.963219
1982-06-09,18.875,19.0,18.75,18.875,100200,0.963219
1982-06-10,18.875,18.875,18.625,18.875,67800,0.963219
1982-06-11,18.875,19.125,18.875,19.0,136600,0.969598
1982-06-14,19.0,19.0,18.625,18.875,136000,0.963219
1982-06-15,18.875,18.875,18.625,18.75,52800,0.95684
1982-06-16,18.75,18.875,18.5,18.5,237400,0.944082
1982-06-17,18.5,18.5,18.125,18.125,293800,0.924946
1982-06-18,18.125,18.25,18.0,18.25,725000,0.931325
1982-06-21,18.25,18.5,18.125,18.25,249800,0.931325
1982-06-22,18.25,18.375,18.125,18.25,188200,0.931325
1982-06-23,18.25,18.375,18.125,18.125,49800,0.924946
1982-06-24,18.125,18.375,18.125,18.25,686400,0.931325
1982-06-25,18.25,18.25,18.125,18.125,60600,0.924946
1982-06-28,18.125,18.375,18.125,18.125,251200,0.924946
1982-06-29,18.25,18.5,18.25,18.25,407800,0.931325
1982-06-30,18.25,18.5,18.25,18.5,663600,0.944082
1982-07-01,18.375,18.375,18.125,18.375,152200,0.937704
1982-07-02,18.375,18.375,18.25,18.375,118000,0.937704
1982-07-06,18.375,18.375,18.125,18.125,135400,0.924946
1982-07-07,18.125,18.375,18.125,18.25,415200,0.931325
1982-07-08,18.25,18.375,18.125,18.125,193600,0.924946
1982-07-09,18.125,18.625,18.125,18.5,217600,0.944082
1982-07-12,18.5,19.0,18.5,19.0,667400,0.969598
1982-07-13,19.0,19.0,18.625,18.75,124800,0.95684
1982-07-14,18.75,18.75,18.375,18.625,80200,0.950461
1982-07-15,18.625,18.625,18.375,18.5,329200,0.944082
1982-07-16,18.5,18.75,18.375,18.75,165600,0.95684
1982-07-19,18.75,18.875,18.5,18.625,88200,0.950461
1982-07-20,18.625,18.625,18.375,18.625,146400,0.950461
1982-07-21,18.625,18.75,18.5,18.5,268600,0.944082
1982-07-22,18.5,18.625,18.375,18.5,93800,0.944082
1982-07-23,18.5,18.625,18.375,18.5,91800,0.944082
1982-07-26,18.5,18.625,18.5,18.5,38400,0.944082
1982-07-27,18.5,18.625,18.375,18.375,311400,0.937704
1982-07-28,18.375,18.5,18.0,18.125,289800,0.924946
1982-07-29,18.125,18.125,18.0,18.125,120400,0.924946
1982-07-30,18.125,18.25,18.0,18.125,161800,0.924946
1982-08-02,18.125,18.375,18.125,18.25,431800,0.931325
1982-08-03,18.25,18.5,18.25,18.25,373200,0.931325
1982-08-04,18.25,18.5,18.0,18.0,228200,0.918567
1982-08-05,18.0,18.75,18.0,18.125,181600,0.924946
1982-08-06,18.125,18.125,17.875,18.0,503600,0.918567
1982-08-09,18.0,18.125,17.875,17.875,470200,0.912188
1982-08-10,17.75,17.75,17.5,17.625,183400,0.927448
1982-08-11,17.625,17.75,17.5,17.625,352600,0.927448
1982-08-12,17.625,18.0,17.625,17.875,323200,0.940603
1982-08-13,17.875,18.25,17.875,18.25,283400,0.960336
1982-08-16,18.375,18.875,18.375,18.75,460000,0.986647
1982-08-17,18.875,20.125,18.875,20.125,428200,1.059001
1982-08-18,20.125,21.0,19.875,19.875,807000,1.045846
1982-08-19,19.875,20.125,19.875,19.875,703400,1.045846
1982-08-20,20.0,20.5,20.0,20.375,550000,1.072156
1982-08-23,20.375,20.75,20.25,20.375,1139600,1.072156
1982-08-24,20.375,20.625,20.25,20.375,321600,1.072156
1982-08-25,20.375,20.5,20.125,20.125,153400,1.059001
1982-08-26,20.125,20.625,19.75,19.75,233000,1.039268
1982-08-27,19.75,20.375,19.625,19.75,949600,1.039268
1982-08-30,19.75,19.875,19.625,19.75,316000,1.039268
1982-08-31,19.875,20.0,19.875,20.0,600200,1.052423
1982-09-01,20.0,20.0,19.625,19.75,403000,1.039268
1982-09-02,19.75,19.875,19.625,19.875,441200,1.045846
1982-09-03,19.875,20.75,19.875,20.5,451000,1.078734
1982-09-07,20.5,20.75,20.125,20.125,477800,1.059001
1982-09-08,20.125,20.375,19.875,20.125,238200,1.059001
1982-09-09,20.125,20.25,20.0,20.125,364800,1.059001
1982-09-10,20.125,20.125,19.75,19.75,200800,1.039268
1982-09-13,19.75,20.25,19.75,20.0,576000,1.052423
1982-09-14,20.0,20.5,19.875,20.0,460800,1.052423
1982-09-15,20.0,20.375,20.0,20.375,351000,1.072156
1982-09-16,20.375,20.5,20.125,20.125,899800,1.059001
1982-09-17,20.125,20.125,19.75,19.875,450600,1.045846
1982-09-20,19.875,20.0,19.75,19.75,459600,1.039268
1982-09-21,19.875,20.25,19.875,20.25,127000,1.065578
1982-09-22,20.25,20.625,19.875,19.875,507800,1.045846
1982-09-23,19.875,20.125,19.75,20.0,161400,1.052423
1982-09-24,20.0,20.0,19.75,19.875,430600,1.045846
1982-09-27,19.875,20.125,19.75,20.0,182800,1.052423
1982-09-28,20.0,20.125,19.75,19.875,689800,1.045846
1982-09-29,19.875,19.875,19.5,19.625,262200,1.03269
1982-09-30,19.5,19.5,19.375,19.5,255400,1.026113
1982-10-01,19.5,19.625,19.25,19.625,174800,1.03269
1982-10-04,19.625,19.875,19.5,19.875,125400,1.045846
1982-10-05,19.875,20.0,19.75,19.75,133600,1.039268
1982-10-06,19.75,20.0,19.625,20.0,202400,1.052423
1982-10-07,20.0,20.5,20.0,20.375,795400,1.072156
1982-10-08,20.5,20.875,20.5,20.75,530400,1.091889
1982-10-11,20.875,21.375,20.875,21.125,999400,1.111622
1982-10-12,21.125,21.5,21.0,21.25,518600,1.1182
1982-10-13,21.25,21.25,20.875,21.0,652200,1.105044
1982-10-14,21.0,21.0,20.625,21.0,839400,1.105044
1982-10-15,20.875,20.875,20.625,20.625,504600,1.085311
1982-10-18,20.625,21.125,20.125,21.0,736200,1.105044
1982-10-19,21.0,21.125,20.875,21.0,429600,1.105044
1982-10-20,21.0,21.125,20.875,20.875,325000,1.098467
1982-10-21,20.875,21.25,20.375,20.375,590000,1.072156
1982-10-22,20.375,20.625,20.25,20.25,668600,1.065578
1982-10-25,20.25,20.375,20.0,20.125,529800,1.059001
1982-10-26,20.125,20.125,19.875,20.0,566000,1.052423
1982-10-27,20.0,20.125,19.75,20.0,535200,1.052423
1982-10-28,20.0,20.125,20.0,20.125,242600,1.059001
1982-10-29,20.125,20.25,20.0,20.125,892600,1.059001
1982-11-01,20.125,21.0,20.125,21.0,980600,1.105044
1982-11-02,21.0,21.625,21.0,21.375,782600,1.124777
1982-11-03,21.375,21.5,20.625,21.125,1970400,1.111622
1982-11-04,21.125,21.25,20.25,20.5,1812400,1.078734
1982-11-05,20.5,20.5,20.0,20.375,1334400,1.072156
1982-11-08,20.375,20.5,20.0,20.125,1076400,1.059001
1982-11-09,20.125,20.125,19.25,19.875,666000,1.074682
1982-11-10,19.875,20.0,19.625,19.875,570400,1.074682
1982-11-11,19.75,19.75,19.5,19.625,1319800,1.061164
1982-11-12,19.625,19.75,19.125,19.375,1148400,1.047646
1982-11-15,19.25,19.25,18.75,19.25,554000,1.040887
1982-11-16,19.25,19.25,18.625,19.125,735000,1.034128
1982-11-17,19.125,20.0,19.125,20.0,667000,1.081441
1982-11-18,20.0,20.375,19.5,19.75,912200,1.067923
1982-11-19,19.75,19.75,19.375,19.5,999000,1.054405
1982-11-22,19.5,19.75,19.375,19.5,381600,1.054405
1982-11-23,19.375,19.375,18.875,19.125,1251200,1.034128
1982-11-24,19.125,19.5,19.0,19.25,421800,1.040887
1982-11-26,19.375,19.625,19.375,19.5,177800,1.054405
1982-11-29,19.5,19.625,19.125,19.125,534000,1.034128
1982-11-30,19.125,19.25,18.875,18.875,1124800,1.02061
1982-12-01,18.875,18.875,18.125,18.75,2581600,1.013851
1982-12-02,18.75,19.25,18.75,18.875,475600,1.02061
1982-12-03,18.875,19.25,18.75,18.75,531000,1.013851
1982-12-06,18.75,19.25,18.625,19.25,695200,1.040887
1982-12-07,19.25,19.25,18.75,18.75,1462600,1.013851
1982-12-08,18.875,19.125,18.875,19.125,836600,1.034128
1982-12-09,19.125,19.25,18.875,19.125,300200,1.034128
1982-12-10,19.125,19.625,19.125,19.375,252400,1.047646
1982-12-13,19.375,19.375,19.0,19.125,743000,1.034128
1982-12-14,19.25,19.5,19.25,19.375,1513400,1.047646
1982-12-15,19.375,19.375,19.125,19.25,589000,1.040887
1982-12-16,19.25,19.625,19.25,19.25,606000,1.040887
1982-12-17,19.25,19.25,19.0,19.125,439800,1.034128
1982-12-20,19.125,19.25,19.0,19.125,282000,1.034128
1982-12-21,19.125,19.375,19.0,19.375,398000,1.047646
1982-12-22,19.375,19.625,19.25,19.5,311600,1.054405
1982-12-23,19.5,19.75,19.375,19.75,404800,1.067923
1982-12-27,19.75,19.875,19.5,19.75,332600,1.067923
1982-12-28,19.75,19.75,19.5,19.75,385400,1.067923
1982-12-29,19.75,19.875,19.625,19.875,184400,1.074682
1982-12-30,19.875,20.375,19.75,20.25,247600,1.094959
1982-12-31,20.25,20.375,20.0,20.0,149000,1.081441
1983-01-03,20.0,20.25,19.875,20.125,264600,1.0882
1983-01-04,20.125,20.875,20.125,20.875,360600,1.128754
1983-01-05,20.875,21.0,20.125,20.125,1104200,1.0882
1983-01-06,20.125,20.25,19.875,20.0,1257000,1.081441
1983-01-07,20.0,20.125,19.875,20.0,987200,1.081441
1983-01-10,20.0,20.125,19.75,20.125,1266600,1.0882
1983-01-11,20.125,20.5,20.125,20.25,388000,1.094959
1983-01-12,20.25,20.375,20.0,20.125,1228200,1.0882
1983-01-13,20.125,20.25,20.0,20.25,649600,1.094959
1983-01-14,20.25,20.25,20.0,20.0,1517400,1.081441
1983-01-17,20.0,20.125,20.0,20.125,1538200,1.0882
1983-01-18,20.125,20.75,20.125,20.625,1011400,1.115236
1983-01-19,20.625,20.75,20.375,20.625,501000,1.115236
1983-01-20,20.625,21.125,20.625,21.125,676600,1.142272
1983-01-21,21.125,21.125,20.75,21.0,552800,1.135513
1983-01-24,20.875,20.875,20.5,20.625,232800,1.115236
1983-01-25,20.75,20.875,20.75,20.75,270400,1.121995
1983-01-26,20.75,21.0,20.75,20.875,259200,1.128754
1983-01-27,20.75,20.75,20.5,20.625,1376600,1.115236
1983-01-28,20.625,20.75,20.375,20.75,1180400,1.121995
1983-01-31,20.75,20.875,20.5,20.75,190200,1.121995
1983-02-01,20.75,21.0,20.625,21.0,1011800,1.135513
1983-02-02,21.0,21.0,20.75,21.0,581400,1.135513
1983-02-03,21.0,21.0,20.75,21.0,384000,1.135513
1983-02-04,21.0,21.0,20.875,21.0,159200,1.135513
1983-02-07,21.0,21.25,20.875,21.25,522200,1.149031
1983-02-08,21.25,21.25,20.75,21.125,802600,1.142272
1983-02-09,21.125,21.125,20.5,20.5,1406000,1.108477
1983-02-10,20.0,20.0,19.75,19.875,464600,1.103756
1983-02-11,19.875,20.125,19.875,20.0,843000,1.110698
1983-02-14,20.0,20.0,19.875,20.0,559400,1.110698
1983-02-15,20.0,20.125,19.25,19.5,1327600,1.082931
1983-02-16,19.5,19.75,19.375,19.625,1067600,1.089873
1983-02-17,19.625,19.875,19.5,19.75,941600,1.096814
1983-02-18,19.75,20.0,19.75,19.875,610800,1.103756
1983-02-22,19.875,20.0,19.75,19.875,556800,1.103756
1983-02-23,19.875,19.875,19.125,19.625,1277800,1.089873
1983-02-24,19.625,19.75,19.25,19.5,387800,1.082931
1983-02-25,19.625,19.875,19.625,19.75,474200,1.096814
1983-02-28,19.75,19.875,19.625,19.75,386800,1.096814
1983-03-01,19.75,20.0,19.25,19.875,450600,1.103756
1983-03-02,19.875,20.125,19.875,20.0,1373400,1.110698
1983-03-03,20.125,20.75,20.125,20.625,1206400,1.145407
1983-03-04,20.625,20.75,20.125,20.75,519800,1.152349
1983-03-07,20.75,20.875,20.375,20.75,211600,1.152349
1983-03-08,20.75,20.75,20.5,20.625,216800,1.145407
1983-03-09,20.625,20.625,20.0,20.25,1168600,1.124582
1983-03-10,20.25,20.5,20.0,20.125,1827400,1.11764
1983-03-11,20.125,20.25,19.875,20.125,160200,1.11764
1983-03-14,20.125,20.125,19.875,20.125,206800,1.11764
1983-03-15,20.125,20.125,19.875,20.125,283800,1.11764
1983-03-16,20.125,20.125,19.875,20.125,383400,1.11764
1983-03-17,20.0,20.0,19.875,19.875,228600,1.103756
1983-03-18,20.0,20.125,20.0,20.125,125800,1.11764
1983-03-21,20.125,20.5,20.0,20.5,195800,1.138466
1983-03-22,20.5,20.625,20.25,20.5,595200,1.138466
1983-03-23,20.5,20.75,20.375,20.625,150600,1.145407
1983-03-24,20.625,20.75,20.5,20.625,408200,1.145407
1983-03-25,20.625,20.625,20.5,20.625,218200,1.145407
1983-03-28,20.625,20.75,20.5,20.75,128800,1.152349
1983-03-29,20.625,20.625,20.375,20.5,249600,1.138466
1983-03-30,20.5,20.625,20.25,20.375,206800,1.131524
1983-03-31,20.375,20.625,20.375,20.5,436000,1.138466
1983-04-04,20.5,20.75,20.375,20.75,494200,1.152349
1983-04-05,20.75,20.75,20.5,20.75,415600,1.152349
1983-04-06,20.75,20.75,20.5,20.75,384400,1.152349
1983-04-07,20.75,20.75,20.625,20.75,442400,1.152349
1983-04-08,20.75,20.875,20.625,20.625,301800,1.145407
1983-04-11,20.625,20.75,20.625,20.75,634000,1.152349
1983-04-12,20.75,20.875,20.625,20.75,398400,1.152349
1983-04-13,20.75,21.0,20.75,20.875,423000,1.159291
1983-04-14,20.875,21.25,20.875,21.0,599600,1.166233
1983-04-15,21.0,21.375,21.0,21.375,1045400,1.187059
1983-04-18,21.375,21.75,21.25,21.75,326200,1.207884
1983-04-19,21.75,21.875,21.625,21.75,293400,1.207884
1983-04-20,21.75,21.875,21.625,21.875,621200,1.214826
1983-04-21,21.875,21.875,21.625,21.75,597400,1.207884
1983-04-22,21.75,21.75,21.5,21.625,211000,1.200942
1983-04-25,21.625,21.75,20.875,21.375,688600,1.187059
1983-04-26,21.375,21.5,21.25,21.5,223400,1.194
1983-04-27,21.5,21.625,21.5,21.5,1525800,1.194
1983-04-28,21.5,21.75,21.5,21.625,841000,1.200942
1983-04-29,21.625,22.125,21.625,22.125,1177600,1.22871
1983-05-02,22.125,22.25,21.875,22.0,466800,1.221768
1983-05-03,22.0,22.125,21.75,21.75,702800,1.207884
1983-05-04,21.75,22.0,21.75,22.0,951200,1.221768
1983-05-05,22.0,22.375,21.875,22.375,808800,1.242594
1983-05-06,22.375,22.375,22.25,22.375,706000,1.242594
1983-05-09,22.375,22.375,22.25,22.25,1519800,1.235652
1983-05-10,21.75,21.75,21.375,21.5,1031200,1.225958
1983-05-11,21.5,21.625,21.375,21.5,594200,1.225958
1983-05-12,21.5,21.75,21.5,21.75,625600,1.240213
1983-05-13,21.75,21.75,21.5,21.75,368000,1.240213
1983-05-16,21.625,21.625,21.25,21.375,493600,1.21883
1983-05-17,21.375,21.625,21.25,21.625,458200,1.233086
1983-05-18,21.625,21.625,21.25,21.375,797200,1.21883
1983-05-19,21.375,21.5,21.0,21.375,431200,1.21883
1983-05-20,21.375,21.375,20.875,21.125,393800,1.204575
1983-05-23,21.125,21.25,21.0,21.25,229000,1.211703
1983-05-24,21.25,21.375,21.125,21.375,203800,1.21883
1983-05-25,21.375,21.375,21.125,21.25,594600,1.211703
1983-05-26,21.25,21.375,21.25,21.375,214800,1.21883
1983-05-27,21.375,21.375,21.125,21.375,409000,1.21883
1983-05-31,21.375,21.375,21.125,21.125,200200,1.204575
1983-06-01,21.125,21.25,20.875,21.0,1088600,1.197447
1983-06-02,21.0,21.0,20.75,21.0,265000,1.197447
1983-06-03,21.0,21.25,20.875,21.125,203200,1.204575
1983-06-06,21.125,21.25,21.0,21.25,3021400,1.211703
1983-06-07,21.25,21.375,21.0,21.25,265400,1.211703
1983-06-08,21.25,21.25,21.0,21.125,216200,1.204575
1983-06-09,21.125,21.375,20.875,21.25,507200,1.211703
1983-06-10,21.25,21.375,21.25,21.375,284200,1.21883
1983-06-13,21.375,21.5,21.25,21.375,180400,1.21883
1983-06-14,21.375,21.625,21.375,21.5,892400,1.225958
1983-06-15,21.5,21.5,21.25,21.375,448800,1.21883
1983-06-16,21.375,21.375,21.125,21.25,613200,1.211703
1983-06-17,21.25,21.25,21.0,21.25,315800,1.211703
1983-06-20,21.25,21.25,20.875,21.125,716800,1.204575
1983-06-21,21.0,21.0,20.75,20.75,230800,1.183192
1983-06-22,20.75,21.0,20.75,20.875,582600,1.19032
1983-06-23,20.875,21.125,20.625,20.75,449400,1.183192
1983-06-24,20.75,21.0,20.625,20.875,285200,1.19032
1983-06-27,20.875,20.875,20.625,20.625,221400,1.176064
1983-06-28,20.625,21.75,20.625,20.75,413200,1.183192
1983-06-29,20.75,20.75,20.625,20.75,188000,1.183192
1983-06-30,20.75,20.875,20.625,20.875,328400,1.19032
1983-07-01,20.875,21.0,20.75,21.0,231600,1.197447
1983-07-05,21.0,21.125,20.75,21.0,603200,1.197447
1983-07-06,21.0,21.125,20.875,21.0,311600,1.197447
1983-07-07,21.0,21.0,20.75,20.875,565000,1.19032
1983-07-08,20.875,21.125,20.875,20.875,519400,1.19032
1983-07-11,21.0,21.375,21.0,21.375,1237400,1.21883
1983-07-12,21.375,21.375,21.0,21.125,351400,1.204575
1983-07-13,21.125,21.25,21.0,21.25,112000,1.211703
1983-07-14,21.25,21.625,21.25,21.5,689000,1.225958
1983-07-15,21.5,21.625,21.375,21.375,155800,1.21883
1983-07-18,21.375,21.625,21.375,21.375,376000,1.21883
1983-07-19,21.5,21.625,21.5,21.625,322200,1.233086
1983-07-20,21.625,21.875,21.625,21.75,477800,1.240213
1983-07-21,21.875,22.0,21.875,22.0,361600,1.254469
1983-07-22,22.0,22.25,21.75,22.0,360600,1.254469
1983-07-25,22.0,22.125,21.875,21.875,185400,1.247341
1983-07-26,21.875,22.125,21.625,21.875,773800,1.247341
1983-07-27,21.875,22.0,21.625,21.75,284000,1.240213
1983-07-28,21.75,21.875,21.625,21.625,158400,1.233086
1983-07-29,21.625,21.875,21.5,21.625,370000,1.233086
1983-08-01,21.625,21.75,21.375,21.5,87600,1.225958
1983-08-02,21.5,21.625,21.5,21.625,597600,1.233086
1983-08-03,21.625,21.625,21.5,21.625,317600,1.233086
1983-08-04,21.625,21.625,21.375,21.5,161400,1.225958
1983-08-05,21.5,21.625,21.375,21.5,378800,1.225958
1983-08-08,21.5,21.5,21.125,21.25,341400,1.211703
1983-08-09,21.25,21.25,20.875,21.0,951800,1.197447
1983-08-10,20.5,20.5,20.125,20.375,393600,1.194809
1983-08-11,20.375,20.5,20.25,20.375,836400,1.194809
1983-08-12,20.375,20.625,20.375,20.625,270200,1.209469
1983-08-15,20.625,20.875,20.625,20.75,254400,1.216799
1983-08-16,20.75,20.75,20.625,20.75,110400,1.216799
1983-08-17,20.75,20.875,20.625,20.75,425200,1.216799
1983-08-18,20.75,20.75,20.5,20.625,321000,1.209469
1983-08-19,20.625,20.875,20.625,20.875,99200,1.224129
1983-08-22,20.875,21.0,20.625,20.875,293000,1.224129
1983-08-23,20.875,20.875,20.625,20.75,193200,1.216799
1983-08-24,20.75,20.75,20.5,20.625,639400,1.209469
1983-08-25,20.625,20.625,20.5,20.625,536200,1.209469
1983-08-26,20.625,21.0,20.625,21.0,140200,1.231459
1983-08-29,21.0,21.0,20.75,21.0,86000,1.231459
1983-08-30,20.875,20.875,20.75,20.875,205800,1.224129
1983-08-31,20.875,20.875,20.75,20.875,86400,1.224129
1983-09-01,20.875,21.0,20.75,21.0,151000,1.231459
1983-09-02,21.0,21.125,20.875,21.0,269800,1.231459
1983-09-06,21.0,21.375,21.0,21.25,683400,1.246119
1983-09-07,21.25,21.25,21.0,21.25,472200,1.246119
1983-09-08,21.25,21.25,21.125,21.125,372200,1.238789
1983-09-09,21.25,21.5,21.25,21.5,338800,1.26078
1983-09-12,21.5,21.75,21.375,21.625,278200,1.26811
1983-09-13,21.625,21.625,21.5,21.625,144000,1.26811
1983-09-14,21.625,21.625,21.5,21.5,176600,1.26078
1983-09-15,21.5,21.625,21.375,21.5,158000,1.26078
1983-09-16,21.5,21.625,21.375,21.375,161400,1.253449
1983-09-19,21.375,21.5,21.25,21.25,750200,1.246119
1983-09-20,21.375,21.625,21.375,21.625,371400,1.26811
1983-09-21,21.625,21.625,21.375,21.625,230800,1.26811
1983-09-22,21.625,21.875,21.5,21.875,768400,1.28277
1983-09-23,21.875,22.0,21.625,21.75,738200,1.27544
1983-09-26,21.75,22.0,21.75,22.0,364400,1.2901
1983-09-27,22.0,22.0,21.875,22.0,201200,1.2901
1983-09-28,22.0,22.25,22.0,22.125,173400,1.29743
1983-09-29,22.125,22.5,22.125,22.25,212800,1.30476
1983-09-30,22.25,22.375,22.125,22.375,222200,1.31209
1983-10-03,22.375,22.625,22.25,22.625,352800,1.326751
1983-10-04,22.625,23.25,22.625,23.0,353000,1.348741
1983-10-05,23.0,23.75,23.0,23.75,858600,1.392722
1983-10-06,23.75,24.25,23.75,23.75,570000,1.392722
1983-10-07,23.75,23.875,23.625,23.625,1490600,1.385392
1983-10-10,23.625,23.625,23.25,23.25,422000,1.363401
1983-10-11,23.25,23.375,22.875,23.0,632800,1.348741
1983-10-12,23.0,23.0,22.625,22.875,123400,1.341411
1983-10-13,22.875,22.875,22.625,22.625,351400,1.326751
1983-10-14,22.625,23.0,22.625,22.625,958800,1.326751
1983-10-17,22.75,23.25,22.75,23.125,376000,1.356071
1983-10-18,23.125,23.25,22.625,22.75,2897800,1.334081
1983-10-19,22.75,22.75,22.25,22.625,196000,1.326751
1983-10-20,22.75,23.125,22.75,23.125,842600,1.356071
1983-10-21,23.125,23.125,22.75,22.875,327000,1.341411
1983-10-24,22.875,23.0,22.625,23.0,703000,1.348741
1983-10-25,23.0,23.375,23.0,23.125,892400,1.356071
1983-10-26,23.125,23.25,22.875,23.125,1684800,1.356071
1983-10-27,23.125,23.25,23.0,23.125,71400,1.356071
1983-10-28,23.125,23.125,23.0,23.125,179000,1.356071
1983-10-31,23.125,23.125,22.875,23.0,192000,1.348741
1983-11-01,23.0,23.25,23.0,23.25,1146200,1.363401
1983-11-02,23.25,23.5,23.25,23.25,1166800,1.363401
1983-11-03,23.25,23.375,23.25,23.25,397400,1.363401
1983-11-04,23.25,23.375,23.125,23.25,233000,1.363401
1983-11-07,23.25,23.25,22.75,22.875,1232400,1.341411
1983-11-08,22.75,22.75,22.375,22.625,959800,1.326751
1983-11-09,22.125,22.125,21.875,22.125,323800,1.331565
1983-11-10,22.125,22.25,22.0,22.25,394000,1.339088
1983-11-11,22.25,22.25,21.875,22.25,575200,1.339088
1983-11-14,22.25,22.375,21.75,21.75,1503800,1.308996
1983-11-15,21.75,21.75,21.5,21.75,419000,1.308996
1983-11-16,21.75,21.875,21.5,21.875,2312200,1.316519
1983-11-17,21.875,21.875,21.75,21.875,676000,1.316519
1983-11-18,21.875,21.875,21.625,21.75,159200,1.308996
1983-11-21,21.75,21.75,21.5,21.75,145000,1.308996
1983-11-22,21.75,21.75,21.5,21.625,232800,1.301473
1983-11-23,21.625,21.75,21.375,21.625,143400,1.301473
1983-11-25,21.625,21.75,21.5,21.625,118200,1.301473
1983-11-28,21.625,21.625,21.5,21.625,115600,1.301473
1983-11-29,21.5,21.5,21.125,21.5,319800,1.293951
1983-11-30,21.5,21.5,21.125,21.125,880600,1.271382
1983-12-01,21.125,21.375,21.0,21.125,212200,1.271382
1983-12-02,21.125,21.125,20.5,21.125,709200,1.271382
1983-12-05,20.875,20.875,20.625,20.75,166800,1.248813
1983-12-06,20.75,20.75,20.25,20.375,382600,1.226244
1983-12-07,20.375,20.5,20.0,20.375,5336000,1.226244
1983-12-08,20.375,20.375,20.125,20.25,140800,1.218721
1983-12-09,20.25,20.625,20.25,20.625,2160200,1.24129
1983-12-12,20.625,20.75,20.5,20.75,117800,1.248813
1983-12-13,20.75,20.75,20.625,20.75,688800,1.248813
1983-12-14,20.75,20.75,20.5,20.625,945800,1.24129
1983-12-15,20.625,20.625,20.375,20.5,815400,1.233767
1983-12-16,20.5,20.5,20.25,20.5,405400,1.233767
1983-12-19,20.375,20.375,20.125,20.125,129600,1.211198
1983-12-20,20.125,20.25,20.125,20.25,631800,1.218721
1983-12-21,20.25,20.25,19.75,20.125,827400,1.211198
1983-12-22,20.0,20.0,19.0,19.125,978800,1.151014
1983-12-23,19.125,19.5,19.125,19.5,1532000,1.173583
1983-12-27,19.5,19.625,19.375,19.625,211800,1.181106
1983-12-28,19.625,19.75,19.25,19.375,1113000,1.16606
1983-12-29,19.375,19.5,19.25,19.5,329200,1.173583
1983-12-30,19.5,19.5,19.25,19.375,220400,1.16606
1984-01-03,19.375,19.875,19.375,19.875,409000,1.196152
1984-01-04,19.875,20.25,19.125,20.25,298600,1.218721
1984-01-05,20.25,20.625,20.25,20.625,729400,1.24129
1984-01-06,20.625,20.75,20.5,20.5,406000,1.233767
1984-01-09,20.5,20.625,20.375,20.5,435600,1.233767
1984-01-10,20.5,20.625,20.375,20.375,1632000,1.226244
1984-01-11,20.375,20.5,20.125,20.25,709200,1.218721
1984-01-12,20.375,20.5,20.375,20.5,220800,1.233767
1984-01-13,20.5,20.5,20.375,20.5,368200,1.233767
1984-01-16,20.375,20.375,20.0,20.25,1383600,1.218721
1984-01-17,20.25,20.375,20.125,20.25,408200,1.218721
1984-01-18,20.25,20.5,20.25,20.375,384800,1.226244
1984-01-19,20.375,20.375,20.125,20.25,458400,1.218721
1984-01-20,20.25,20.375,19.75,20.0,1342200,1.203675
1984-01-23,20.0,20.0,19.625,19.75,229000,1.188629
1984-01-24,19.75,19.875,19.75,19.75,991800,1.188629
1984-01-25,19.75,20.0,19.75,19.875,285600,1.196152
1984-01-26,19.875,19.875,19.75,19.875,462800,1.196152
1984-01-27,19.875,20.0,19.75,20.0,165600,1.203675
1984-01-30,20.0,20.125,19.875,20.0,289200,1.203675
1984-01-31,20.0,20.25,19.875,20.0,388200,1.203675
1984-02-01,20.0,20.125,19.875,20.0,354000,1.203675
1984-02-02,20.0,20.0,19.875,19.875,539200,1.196152
1984-02-03,19.875,20.25,19.875,20.125,531000,1.211198
1984-02-06,20.125,20.125,20.0,20.0,193800,1.203675
1984-02-07,20.0,20.125,20.0,20.0,419600,1.203675
1984-02-08,20.0,20.125,20.0,20.125,574800,1.211198
1984-02-09,19.5,19.5,19.125,19.125,1641600,1.185171
1984-02-10,19.125,19.125,18.625,18.75,1247400,1.161932
1984-02-13,18.625,18.625,18.0,18.25,1273800,1.130947
1984-02-14,18.25,18.5,18.125,18.5,409800,1.146439
1984-02-15,18.5,18.875,18.5,18.625,331200,1.154186
1984-02-16,18.625,18.75,18.375,18.375,1147600,1.138693
1984-02-17,18.375,18.5,18.25,18.375,194400,1.138693
1984-02-21,18.375,18.75,18.125,18.25,192200,1.130947
1984-02-22,18.25,18.25,17.875,18.0,1109800,1.115455
1984-02-23,18.0,18.125,17.625,17.75,467400,1.099962
1984-02-24,17.75,18.25,17.75,18.25,470600,1.130947
1984-02-27,18.25,18.5,18.125,18.375,516600,1.138693
1984-02-28,18.375,18.625,18.375,18.625,178400,1.154186
1984-02-29,18.625,18.875,18.625,18.875,262200,1.169678
1984-03-01,18.875,18.875,18.625,18.75,428000,1.161932
1984-03-02,18.75,18.875,18.625,18.75,279200,1.161932
1984-03-05,18.75,18.75,18.5,18.625,191000,1.154186
1984-03-06,18.625,18.75,18.5,18.625,155800,1.154186
1984-03-07,18.625,18.625,18.125,18.375,140400,1.138693
1984-03-08,18.375,18.5,18.125,18.25,211200,1.130947
1984-03-09,18.25,18.25,17.875,18.0,219600,1.115455
1984-03-12,18.0,18.125,17.75,18.0,195400,1.115455
1984-03-13,18.0,18.375,17.875,18.25,388400,1.130947
1984-03-14,18.25,18.25,18.0,18.25,205000,1.130947
1984-03-15,18.25,18.75,18.125,18.75,472800,1.161932
1984-03-16,18.75,19.125,18.625,18.75,530000,1.161932
1984-03-19,18.75,18.75,18.5,18.625,203400,1.154186
1984-03-20,18.625,19.25,18.625,19.125,1118400,1.185171
1984-03-21,19.125,19.125,19.0,19.0,130600,1.177424
1984-03-22,19.0,19.25,19.0,19.125,148000,1.185171
1984-03-23,19.125,19.25,19.0,19.125,175000,1.185171
1984-03-26,19.125,19.5,19.125,19.375,89600,1.200663
1984-03-27,19.375,19.875,19.375,19.75,1170800,1.223902
1984-03-28,19.75,19.75,19.5,19.625,274400,1.216155
1984-03-29,19.625,19.75,19.375,19.375,387800,1.200663
1984-03-30,19.375,19.375,19.125,19.25,115800,1.192917
1984-04-02,19.25,19.375,19.0,19.125,128400,1.185171
1984-04-03,19.125,19.25,18.75,18.875,489600,1.169678
1984-04-04,19.0,19.75,19.0,19.5,842600,1.208409
1984-04-05,19.5,19.75,19.5,19.5,314200,1.208409
1984-04-06,19.5,19.75,19.5,19.625,339400,1.216155
1984-04-09,19.625,19.625,19.375,19.5,270200,1.208409
1984-04-10,19.5,19.875,19.5,19.5,199600,1.208409
1984-04-11,19.5,19.625,19.5,19.5,359600,1.208409
1984-04-12,19.5,19.75,19.5,19.625,195000,1.216155
1984-04-13,19.625,20.0,19.625,19.625,197400,1.216155
1984-04-16,19.625,19.875,19.25,19.75,111600,1.223902
1984-04-17,19.75,20.25,19.75,20.25,213200,1.254886
1984-04-18,20.25,20.25,20.125,20.25,284000,1.254886
1984-04-19,20.25,20.25,20.125,20.25,119400,1.254886
1984-04-23,20.25,20.25,20.0,20.0,274600,1.239394
1984-04-24,20.0,20.125,20.0,20.0,194800,1.239394
1984-04-25,20.0,20.125,20.0,20.125,139000,1.24714
1984-04-26,20.125,20.125,19.875,19.875,189400,1.231648
1984-04-27,19.875,20.0,19.25,19.75,435800,1.223902
1984-04-30,19.75,19.875,19.625,19.75,319600,1.223902
1984-05-01,19.75,19.875,19.625,19.875,347000,1.231648
1984-05-02,19.875,20.0,19.75,19.875,585000,1.231648
1984-05-03,19.875,20.0,19.75,20.0,1578400,1.239394
1984-05-04,20.0,20.0,19.75,19.75,1014800,1.223902
1984-05-07,19.75,19.75,19.625,19.625,249200,1.216155
1984-05-08,19.625,20.0,19.625,20.0,379800,1.239394
1984-05-09,20.0,20.0,19.875,20.0,1996800,1.239394
1984-05-10,19.875,19.875,19.25,19.625,595800,1.255062
1984-05-11,19.625,19.75,19.375,19.375,564600,1.239074
1984-05-14,19.375,19.625,19.375,19.375,197800,1.239074
1984-05-15,19.375,19.5,19.25,19.375,278800,1.239074
1984-05-16,19.375,19.625,19.25,19.5,477200,1.247068
1984-05-17,19.5,19.5,19.25,19.25,212600,1.23108
1984-05-18,19.25,19.25,19.125,19.125,175200,1.223086
1984-05-21,19.125,19.25,18.875,18.875,260000,1.207098
1984-05-22,18.875,19.0,18.875,19.0,99200,1.215092
1984-05-23,19.0,19.0,18.75,18.875,352400,1.207098
1984-05-24,18.875,19.0,18.625,18.75,140600,1.199104
1984-05-25,18.75,18.875,18.625,18.875,140800,1.207098
1984-05-29,18.875,18.875,18.5,18.5,92400,1.183116
1984-05-30,18.5,18.625,18.375,18.625,187200,1.19111
1984-05-31,18.625,18.75,18.5,18.625,274400,1.19111
1984-06-01,18.75,19.125,18.75,18.875,166400,1.207098
1984-06-04,18.875,19.25,18.875,19.125,160000,1.223086
1984-06-05,19.125,19.25,19.0,19.125,56400,1.223086
1984-06-06,19.125,19.375,19.0,19.25,114600,1.23108
1984-06-07,19.25,19.5,19.25,19.25,133800,1.23108
1984-06-08,19.25,19.5,19.125,19.25,613400,1.23108
1984-06-11,19.25,19.375,19.125,19.25,55400,1.23108
1984-06-12,19.25,19.375,19.125,19.375,103000,1.239074
1984-06-13,19.375,19.375,19.125,19.375,101600,1.239074
1984-06-14,19.375,19.375,19.125,19.25,190200,1.23108
1984-06-15,19.25,19.25,18.875,18.875,105400,1.207098
1984-06-18,18.875,19.0,18.75,18.875,79000,1.207098
1984-06-19,18.875,19.0,18.75,18.875,276800,1.207098
1984-06-20,18.875,19.375,18.75,19.375,222200,1.239074
1984-06-21,19.375,19.375,19.125,19.25,305200,1.23108
1984-06-22,19.25,19.25,18.875,19.0,170800,1.215092
1984-06-25,19.0,19.0,18.75,18.875,90600,1.207098
1984-06-26,18.875,19.0,18.625,18.875,383800,1.207098
1984-06-27,18.875,18.875,18.75,18.875,65800,1.207098
1984-06-28,18.75,18.75,18.5,18.5,266600,1.183116
1984-06-29,18.5,18.625,18.5,18.5,121600,1.183116
1984-07-02,18.5,18.625,18.375,18.625,156200,1.19111
1984-07-03,18.625,18.75,18.5,18.75,801000,1.199104
1984-07-05,18.75,18.75,18.5,18.5,228400,1.183116
1984-07-06,18.5,18.75,18.375,18.75,126600,1.199104
1984-07-09,18.75,18.875,18.75,18.875,623800,1.207098
1984-07-10,18.875,19.0,18.75,18.875,84400,1.207098
1984-07-11,18.875,18.875,18.625,18.75,329800,1.199104
1984-07-12,18.75,18.875,18.625,18.875,549800,1.207098
1984-07-13,18.875,18.875,18.75,18.75,379000,1.199104
1984-07-16,18.75,18.875,18.75,18.875,189200,1.207098
1984-07-17,18.875,19.25,18.75,19.25,815800,1.23108
1984-07-18,19.25,19.375,19.125,19.25,157200,1.23108
1984-07-19,19.25,19.25,18.75,19.0,147000,1.215092
1984-07-20,19.0,19.0,18.75,19.0,524400,1.215092
1984-07-23,18.875,18.875,18.5,18.75,365000,1.199104
1984-07-24,18.75,18.875,18.625,18.75,232800,1.199104
1984-07-25,18.75,19.0,18.5,19.0,123600,1.215092
1984-07-26,19.0,19.125,18.875,19.0,129800,1.215092
1984-07-27,19.0,19.375,19.0,19.375,299800,1.239074
1984-07-30,19.375,19.5,19.25,19.375,80000,1.239074
1984-07-31,19.375,19.5,19.125,19.125,125800,1.223086
1984-08-01,19.25,19.5,19.25,19.5,101600,1.247068
1984-08-02,19.5,20.0,19.375,19.875,243600,1.27105
1984-08-03,19.875,20.0,19.75,19.875,280000,1.27105
1984-08-06,19.875,20.125,19.75,20.0,349400,1.279044
1984-08-07,20.0,20.125,19.875,19.875,586800,1.27105
1984-08-08,19.875,20.0,19.75,19.875,310400,1.27105
1984-08-09,19.875,19.875,19.625,19.75,130200,1.263056
1984-08-10,19.75,19.75,19.25,19.375,1356200,1.279232
1984-08-13,19.375,19.625,19.25,19.5,614600,1.287486
1984-08-14,19.5,19.625,19.375,19.5,343800,1.287486
1984-08-15,19.5,19.625,19.5,19.5,118800,1.287486
1984-08-16,19.5,19.75,19.375,19.75,131400,1.303992
1984-08-17,19.75,19.875,19.75,19.875,165600,1.312245
1984-08-20,19.875,20.0,19.75,19.875,68200,1.312245
1984-08-21,19.875,20.375,19.875,20.25,740400,1.337004
1984-08-22,20.25,20.5,20.25,20.375,326200,1.345257
1984-08-23,20.375,20.375,20.125,20.25,262800,1.337004
1984-08-24,20.25,20.25,19.875,20.0,117000,1.320498
1984-08-27,20.0,20.0,19.75,20.0,263200,1.320498
1984-08-28,20.0,20.0,19.75,19.875,157600,1.312245
1984-08-29,19.875,20.0,19.375,19.625,1738800,1.295739
1984-08-30,19.625,19.75,19.375,19.625,485800,1.295739
1984-08-31,19.625,19.625,19.5,19.625,177200,1.295739
1984-09-04,19.625,19.75,19.5,19.625,158600,1.295739
1984-09-05,19.625,19.625,19.375,19.625,321000,1.295739
1984-09-06,19.625,19.75,19.375,19.375,196200,1.279232
1984-09-07,19.375,19.625,19.375,19.625,886400,1.295739
1984-09-10,19.625,19.875,19.375,19.625,143000,1.295739
1984-09-11,19.625,19.75,19.375,19.5,141600,1.287486
1984-09-12,19.5,19.625,19.375,19.375,133400,1.279232
1984-09-13,19.375,19.625,19.375,19.625,152800,1.295739
1984-09-14,19.625,19.875,19.625,19.875,588400,1.312245
1984-09-17,19.875,20.0,19.75,19.75,240600,1.303992
1984-09-18,19.75,20.125,19.75,20.0,1255400,1.320498
1984-09-19,20.0,20.5,20.0,20.375,562000,1.345257
1984-09-20,20.375,20.625,20.375,20.5,414000,1.35351
1984-09-21,20.5,20.625,20.25,20.5,355000,1.35351
1984-09-24,20.5,20.625,20.125,20.125,275200,1.328751
1984-09-25,20.125,20.375,20.125,20.25,318000,1.337004
1984-09-26,20.25,20.625,20.25,20.625,260200,1.361764
1984-09-27,20.625,20.875,20.625,20.75,376000,1.370017
1984-09-28,20.75,20.875,20.625,20.875,506200,1.37827
1984-10-01,20.875,20.875,20.5,20.75,480400,1.370017
1984-10-02,20.75,20.75,20.625,20.625,172200,1.361764
1984-10-03,20.625,20.75,20.625,20.75,198400,1.370017
1984-10-04,20.75,20.875,20.625,20.75,106800,1.370017
1984-10-05,20.75,21.0,20.0,20.25,1737000,1.337004
1984-10-08,20.25,20.5,20.25,20.5,264200,1.35351
1984-10-09,20.5,20.625,20.375,20.375,255200,1.345257
1984-10-10,20.375,20.5,20.25,20.5,714600,1.35351
1984-10-11,20.5,20.75,20.375,20.5,797800,1.35351
1984-10-12,20.5,21.0,20.5,21.0,567400,1.386523
1984-10-15,21.0,21.375,20.875,21.25,737000,1.403029
1984-10-16,21.25,21.375,21.125,21.25,455000,1.403029
1984-10-17,21.25,21.5,21.25,21.375,234600,1.411282
1984-10-18,21.375,22.25,21.375,22.125,1423200,1.460801
1984-10-19,22.125,22.5,22.125,22.125,738000,1.460801
1984-10-22,22.125,22.25,22.0,22.125,132600,1.460801
1984-10-23,22.25,22.5,22.25,22.5,725000,1.48556
1984-10-24,22.375,22.375,21.875,22.25,230400,1.469054
1984-10-25,22.25,22.25,22.125,22.25,294200,1.469054
1984-10-26,22.125,22.125,21.75,21.875,586000,1.444295
1984-10-29,21.75,21.75,21.625,21.75,276400,1.436042
1984-10-30,21.875,22.0,21.75,21.875,713400,1.444295
1984-10-31,21.875,22.125,21.875,22.0,104600,1.452548
1984-11-01,22.0,22.25,21.875,22.0,273200,1.452548
1984-11-02,22.0,22.25,21.875,22.25,225600,1.469054
1984-11-05,22.0,22.125,22.0,22.0,1006800,1.452548
1984-11-06,22.125,22.125,22.0,22.125,1564400,1.460801
1984-11-07,22.125,22.125,22.0,22.0,323400,1.452548
1984-11-08,22.125,22.25,22.0,22.125,2418000,1.460801
1984-11-09,21.75,22.0,21.625,21.875,906600,1.485934
1984-11-12,21.75,21.875,21.625,21.75,148800,1.477443
1984-11-13,21.625,21.625,21.375,21.5,261400,1.460461
1984-11-14,21.5,21.875,21.25,21.25,115000,1.443479
1984-11-15,21.5,21.625,21.25,21.25,192000,1.443479
1984-11-16,21.375,21.375,20.875,21.125,336000,1.434988
1984-11-19,21.25,21.375,21.125,21.375,938800,1.45197
1984-11-20,21.25,21.5,21.25,21.25,546600,1.443479
1984-11-21,21.25,21.5,21.25,21.375,315000,1.45197
1984-11-23,21.5,21.75,21.5,21.625,186200,1.468952
1984-11-26,21.75,21.75,21.5,21.5,217800,1.460461
1984-11-27,21.375,21.625,21.375,21.5,332600,1.460461
1984-11-28,21.5,21.875,21.5,21.75,500200,1.477443
1984-11-29,21.625,22.0,21.625,21.875,404000,1.485934
1984-11-30,21.875,22.0,21.75,21.75,374200,1.477443
1984-12-03,21.875,21.875,21.75,21.875,485200,1.485934
1984-12-04,21.75,21.875,21.75,21.875,162400,1.485934
1984-12-05,21.75,21.875,21.625,21.75,310400,1.477443
1984-12-06,21.75,21.875,21.5,21.5,221800,1.460461
1984-12-07,21.625,21.75,21.5,21.5,169600,1.460461
1984-12-10,21.625,21.75,21.5,21.625,92400,1.468952
1984-12-11,21.75,21.875,21.625,21.875,136000,1.485934
1984-12-12,21.875,21.875,21.625,21.75,214000,1.477443
1984-12-13,21.875,21.875,21.625,21.75,1221200,1.477443
1984-12-14,21.875,21.875,21.625,21.75,523400,1.477443
1984-12-17,21.75,21.75,21.625,21.625,386600,1.468952
1984-12-18,21.75,21.875,21.75,21.875,2004000,1.485934
1984-12-19,21.875,22.0,21.75,21.875,533200,1.485934
1984-12-20,21.75,21.875,21.75,21.75,171400,1.477443
1984-12-21,21.75,22.0,21.75,21.875,825600,1.485934
1984-12-24,22.0,22.25,21.875,22.125,633800,1.502917
1984-12-26,22.125,22.125,22.0,22.125,308200,1.502917
1984-12-27,22.125,22.25,22.0,22.0,187200,1.494426
1984-12-28,22.0,22.25,22.0,22.125,198400,1.502917
1984-12-31,22.0,22.5,22.0,22.5,864200,1.52839
1985-01-02,22.5,22.5,22.0,22.125,523200,1.502917
1985-01-03,22.125,22.125,21.875,22.125,287000,1.502917
1985-01-04,22.125,22.125,22.0,22.125,443400,1.502917
1985-01-07,22.25,22.25,22.125,22.25,165000,1.511408
1985-01-08,22.25,22.25,22.125,22.25,258800,1.511408
1985-01-09,22.25,22.25,21.875,21.875,486200,1.485934
1985-01-10,21.75,22.0,21.75,22.0,875400,1.494426
1985-01-11,22.125,22.5,22.125,22.5,408800,1.52839
1985-01-14,22.5,22.5,22.375,22.375,143800,1.519899
1985-01-15,22.5,23.5,22.375,22.75,571400,1.545372
1985-01-16,22.625,22.875,22.5,22.75,1268600,1.545372
1985-01-17,22.75,22.875,22.5,22.75,586200,1.545372
1985-01-18,22.875,23.0,22.75,22.875,917200,1.553863
1985-01-21,22.75,23.0,22.75,22.75,538200,1.545372
1985-01-22,22.75,22.875,22.75,22.75,172600,1.545372
1985-01-23,22.875,23.125,22.75,22.875,386200,1.553863
1985-01-24,23.0,23.0,22.75,22.75,176000,1.545372
1985-01-25,23.0,23.125,22.875,23.0,645200,1.562354
1985-01-28,23.0,23.0,22.75,23.0,606200,1.562354
1985-01-29,23.0,23.0,22.875,22.875,131200,1.553863
1985-01-30,23.0,23.0,22.875,23.0,304800,1.562354
1985-01-31,23.0,23.0,22.75,22.75,774600,1.545372
1985-02-01,22.875,22.875,22.75,22.875,235200,1.553863
1985-02-04,22.75,22.875,22.625,22.875,187400,1.553863
1985-02-05,22.875,22.875,22.75,22.875,457600,1.553863
1985-02-06,22.875,23.0,22.75,22.875,1038000,1.553863
1985-02-07,23.0,23.125,22.875,23.125,2146000,1.570845
1985-02-08,22.5,22.75,22.375,22.625,1599400,1.579221
1985-02-11,22.75,22.75,22.375,22.375,933600,1.561771
1985-02-12,22.375,22.625,22.375,22.375,786600,1.561771
1985-02-13,22.375,22.625,22.375,22.5,488400,1.570496
1985-02-14,22.625,22.75,22.375,22.625,511000,1.579221
1985-02-15,22.75,22.75,22.5,22.5,1186800,1.570496
1985-02-19,22.625,22.75,22.5,22.5,367800,1.570496
1985-02-20,22.625,22.75,22.5,22.625,155200,1.579221
1985-02-21,22.625,22.625,22.5,22.5,284000,1.570496
1985-02-22,22.625,22.75,22.5,22.75,561000,1.587946
1985-02-25,22.625,22.75,22.5,22.625,383400,1.579221
1985-02-26,22.625,22.75,22.625,22.75,162400,1.587946
1985-02-27,22.625,22.75,22.5,22.75,299800,1.587946
1985-02-28,22.625,22.625,22.5,22.5,155600,1.570496
1985-03-01,22.625,22.75,22.5,22.5,145800,1.570496
1985-03-04,22.625,22.625,22.375,22.5,176600,1.570496
1985-03-05,22.5,22.5,22.375,22.5,403200,1.570496
1985-03-06,22.5,22.5,22.375,22.5,217800,1.570496
1985-03-07,22.5,22.625,22.25,22.625,148600,1.579221
1985-03-08,22.625,22.625,22.5,22.5,124800,1.570496
1985-03-11,22.625,22.625,22.375,22.5,153200,1.570496
1985-03-12,22.375,22.5,22.375,22.5,261800,1.570496
1985-03-13,22.5,22.625,22.5,22.625,304800,1.579221
1985-03-14,22.5,22.625,22.5,22.5,145400,1.570496
1985-03-15,22.5,22.75,22.5,22.625,185800,1.579221
1985-03-18,22.75,22.75,22.625,22.75,224000,1.587946
1985-03-19,22.75,22.75,22.625,22.75,125000,1.587946
1985-03-20,22.75,22.75,22.625,22.75,399600,1.587946
1985-03-21,22.75,23.0,22.625,22.875,490800,1.596671
1985-03-22,22.75,23.125,22.75,23.125,572800,1.614121
1985-03-25,23.125,23.125,22.875,23.0,368000,1.605396
1985-03-26,23.0,23.125,22.875,23.0,263600,1.605396
1985-03-27,23.0,23.375,23.0,23.25,453800,1.622846
1985-03-28,23.375,23.375,23.25,23.375,152200,1.631571
1985-03-29,23.375,23.5,23.25,23.5,302200,1.640296
1985-04-01,23.625,23.75,23.5,23.625,687000,1.649021
1985-04-02,23.75,23.875,23.625,23.75,259800,1.657746
1985-04-03,23.875,23.875,23.625,23.625,345800,1.649021
1985-04-04,23.75,23.75,23.5,23.75,593000,1.657746
1985-04-08,23.75,23.75,23.5,23.75,335800,1.657746
1985-04-09,23.75,23.75,23.375,23.5,410000,1.640296
1985-04-10,23.625,23.875,23.5,23.875,637600,1.666471
1985-04-11,24.0,24.125,24.0,24.0,932400,1.675196
1985-04-12,24.0,24.25,24.0,24.125,886600,1.683921
1985-04-15,24.25,24.375,24.125,24.375,236600,1.701371
1985-04-16,24.375,24.5,24.25,24.375,752200,1.701371
1985-04-17,24.375,24.875,24.25,24.5,123400,1.710096
1985-04-18,24.5,24.625,24.375,24.5,181800,1.710096
1985-04-19,24.375,24.75,24.375,24.75,551000,1.727546
1985-04-22,24.625,25.125,24.625,25.125,978800,1.753721
1985-04-23,25.0,25.5,25.0,25.375,650000,1.771171
1985-04-24,25.375,25.5,25.25,25.5,479800,1.779896
1985-04-25,25.5,25.625,25.375,25.375,308600,1.771171
1985-04-26,25.375,25.75,25.375,25.625,647400,1.788621
1985-04-29,25.75,25.75,25.5,25.75,570800,1.797346
1985-04-30,25.625,25.75,25.375,25.375,514800,1.771171
1985-05-01,25.375,25.625,25.25,25.5,577800,1.779896
1985-05-02,25.375,25.5,25.25,25.5,465800,1.779896
1985-05-03,25.5,25.75,25.5,25.625,346200,1.788621
1985-05-06,25.5,26.0,25.5,26.0,939000,1.814795
1985-05-07,26.0,26.125,25.875,26.0,1076200,1.814795
1985-05-08,25.875,26.0,25.5,25.625,454200,1.788621
1985-05-09,25.625,25.75,25.5,25.625,732800,1.788621
1985-05-10,24.875,25.375,24.875,25.25,646200,1.809039
1985-05-13,25.25,25.625,25.25,25.25,730000,1.809039
1985-05-14,25.375,25.5,25.25,25.25,231200,1.809039
1985-05-15,25.25,25.5,25.25,25.5,273600,1.826951
1985-05-16,25.625,25.875,25.5,25.875,793400,1.853818
1985-05-17,26.0,26.875,26.0,26.75,1389400,1.916507
1985-05-20,27.125,27.5,27.0,27.5,1911200,1.970241
1985-05-21,27.375,27.375,27.125,27.125,1455600,1.943374
1985-05-22,27.125,27.125,26.375,26.375,549200,1.88964
1985-05-23,26.25,26.625,26.25,26.625,518000,1.907551
1985-05-24,26.625,26.875,26.625,26.75,223800,1.916507
1985-05-28,26.75,27.375,26.75,27.375,1137400,1.961285
1985-05-29,27.25,27.5,27.25,27.5,466800,1.970241
1985-05-30,27.75,27.875,27.625,27.75,443400,1.988152
1985-05-31,27.875,28.0,27.75,28.0,542800,2.006064
1985-06-03,28.375,28.625,28.0,28.125,506600,2.015019
1985-06-04,28.0,28.125,27.75,28.0,982600,2.006064
1985-06-05,28.0,28.125,27.75,28.0,544600,2.006064
1985-06-06,27.75,27.875,27.375,27.625,700200,1.979197
1985-06-07,27.5,27.625,26.875,27.0,914400,1.934418
1985-06-10,27.0,27.625,27.0,27.375,1427800,1.961285
1985-06-11,27.375,27.5,27.25,27.5,1844200,1.970241
1985-06-12,27.5,27.75,27.5,27.625,1936000,1.979197
1985-06-13,27.5,27.625,27.5,27.625,497400,1.979197
1985-06-14,27.625,27.75,27.5,27.625,680400,1.979197
1985-06-17,27.625,27.75,27.625,27.625,474800,1.979197
1985-06-18,27.625,27.875,27.625,27.75,1165400,1.988152
1985-06-19,27.875,28.0,27.75,27.75,933800,1.988152
1985-06-20,27.75,27.875,27.75,27.875,548800,1.997108
1985-06-21,27.75,27.875,27.625,27.75,801400,1.988152
1985-06-24,27.75,28.0,27.625,28.0,689400,2.006064
1985-06-25,28.0,28.25,27.875,28.125,1265600,2.015019
1985-06-26,28.125,28.25,28.125,28.25,1211800,2.023975
1985-06-27,28.25,28.25,28.125,28.25,886800,2.023975
1985-06-28,28.25,28.5,28.25,28.375,1539600,2.03293
1985-07-01,28.375,28.625,28.25,28.625,550000,2.050842
1985-07-02,28.625,28.875,28.5,28.625,672200,2.050842
1985-07-03,28.625,29.0,28.25,28.75,1066600,2.059797
1985-07-05,28.625,29.0,27.875,28.875,511400,2.068753
1985-07-08,29.0,29.0,28.75,28.875,229600,2.068753
1985-07-09,28.875,29.0,28.75,28.875,350200,2.068753
1985-07-10,28.75,29.125,28.75,29.0,1429600,2.077709
1985-07-11,29.125,29.125,29.0,29.125,1154400,2.086664
1985-07-12,29.0,29.125,28.875,29.0,465600,2.077709
1985-07-15,28.875,29.0,28.875,29.0,355600,2.077709
1985-07-16,28.875,29.0,28.875,28.875,644200,2.068753
1985-07-17,29.0,29.125,29.0,29.125,228000,2.086664
1985-07-18,29.125,29.5,29.0,29.0,1486600,2.077709
1985-07-19,29.0,29.25,28.875,29.0,371000,2.077709
1985-07-22,28.875,29.0,28.625,28.625,261400,2.050842
1985-07-23,28.75,28.75,27.625,28.125,922200,2.015019
1985-07-24,28.25,28.25,27.0,27.375,819600,1.961285
1985-07-25,28.0,28.125,27.625,27.875,2066000,1.997108
1985-07-26,28.0,28.0,27.625,27.875,530600,1.997108
1985-07-29,27.75,27.875,27.25,27.375,1758000,1.961285
1985-07-30,27.5,27.625,27.25,27.5,1599400,1.970241
1985-07-31,27.625,27.75,27.375,27.5,911800,1.970241
1985-08-01,27.5,27.75,27.375,27.625,716000,1.979197
1985-08-02,27.625,27.625,27.375,27.5,390000,1.970241
1985-08-05,27.5,27.5,27.0,27.375,739200,1.961285
1985-08-06,27.25,27.5,27.25,27.375,349800,1.961285
1985-08-07,27.375,27.5,27.25,27.5,764200,1.970241
1985-08-08,27.5,27.75,27.375,27.5,1937800,1.970241
1985-08-09,27.625,27.75,27.5,27.625,1874000,1.979197
1985-08-12,26.875,27.0,26.75,26.875,684200,1.972591
1985-08-13,26.875,27.125,26.75,27.0,779200,1.981766
1985-08-14,27.125,27.375,27.0,27.125,182400,1.99094
1985-08-15,27.125,27.5,27.125,27.5,502600,2.018465
1985-08-16,27.5,27.5,27.375,27.375,182000,2.00929
1985-08-19,27.5,27.75,27.375,27.5,1153200,2.018465
1985-08-20,27.5,27.75,27.5,27.5,606200,2.018465
1985-08-21,27.625,27.625,27.375,27.375,153800,2.00929
1985-08-22,27.375,28.0,27.125,27.125,394400,1.99094
1985-08-23,27.125,27.5,27.125,27.5,186200,2.018465
1985-08-26,27.375,27.375,27.125,27.25,243000,2.000115
1985-08-27,27.375,27.375,27.125,27.25,311200,2.000115
1985-08-28,27.375,27.625,27.25,27.625,146000,2.02764
1985-08-29,27.625,27.625,27.375,27.375,351600,2.00929
1985-08-30,27.5,27.75,27.375,27.75,414800,2.036815
1985-09-03,27.75,27.75,27.625,27.625,131800,2.02764
1985-09-04,27.75,27.75,27.25,27.5,229000,2.018465
1985-09-05,27.625,27.75,27.5,27.625,166000,2.02764
1985-09-06,27.5,27.625,27.375,27.5,518000,2.018465
1985-09-09,27.5,27.5,27.25,27.5,120400,2.018465
1985-09-10,27.5,27.625,27.125,27.375,678400,2.00929
1985-09-11,27.125,27.375,27.0,27.0,341000,1.981766
1985-09-12,26.125,27.0,26.0,26.0,732400,1.908367
1985-09-13,26.25,26.5,26.0,26.25,796200,1.926717
1985-09-16,26.375,26.625,26.375,26.5,431400,1.945066
1985-09-17,26.625,26.625,26.375,26.5,286600,1.945066
1985-09-18,26.5,26.625,26.375,26.625,446400,1.954241
1985-09-19,26.625,26.75,26.5,26.625,190200,1.954241
1985-09-20,26.75,26.875,26.625,26.75,293800,1.963416
1985-09-23,26.875,27.0,26.875,26.875,95400,1.972591
1985-09-24,27.0,27.0,26.625,26.625,900800,1.954241
1985-09-25,26.625,26.75,26.375,26.375,159200,1.935891
1985-09-26,26.375,26.5,25.625,25.875,489200,1.899192
1985-09-30,25.375,25.75,25.0,25.75,615600,1.890017
1985-10-01,25.75,26.25,25.5,26.125,321200,1.917542
1985-10-02,26.375,26.375,26.125,26.125,173000,1.917542
1985-10-03,26.25,26.375,26.0,26.25,452400,1.926717
1985-10-04,26.125,26.25,26.0,26.125,334000,1.917542
1985-10-07,26.25,26.375,26.0,26.0,300000,1.908367
1985-10-08,26.125,26.375,26.125,26.125,203200,1.917542
1985-10-09,26.0,26.125,25.875,26.125,370000,1.917542
1985-10-10,26.125,26.125,26.0,26.0,121600,1.908367
1985-10-11,26.125,26.375,26.0,26.375,206400,1.935891
1985-10-14,26.25,26.5,25.375,26.375,330600,1.935891
1985-10-15,26.5,26.625,26.375,26.375,167800,1.935891
1985-10-16,26.375,26.625,26.375,26.375,180600,1.935891
1985-10-17,26.375,26.75,26.375,26.625,539000,1.954241
1985-10-18,26.75,26.75,26.5,26.5,295600,1.945066
1985-10-21,26.75,27.125,26.625,26.875,202800,1.972591
1985-10-22,26.875,27.375,26.875,27.0,325600,1.981766
1985-10-23,27.125,27.25,27.0,27.125,200400,1.99094
1985-10-24,27.125,27.75,27.125,27.75,424800,2.036815
1985-10-25,27.5,27.5,27.25,27.375,194200,2.00929
1985-10-28,27.375,27.375,27.125,27.25,217200,2.000115
1985-10-29,27.375,28.0,27.25,27.875,420600,2.045989
1985-10-30,28.125,28.25,28.0,28.125,326000,2.064339
1985-10-31,28.125,28.375,28.125,28.375,702800,2.082689
1985-11-01,28.25,28.375,28.125,28.375,316800,2.082689
1985-11-04,28.375,28.375,27.875,28.0,1234200,2.055164
1985-11-05,27.875,28.0,27.75,28.0,1052200,2.055164
1985-11-06,28.0,28.125,27.875,28.0,446200,2.055164
1985-11-07,28.0,28.125,27.875,28.0,698400,2.055164
1985-11-08,27.625,27.75,27.0,27.625,339400,2.076588
1985-11-11,27.75,28.0,27.5,28.0,452400,2.104777
1985-11-12,28.125,28.5,28.0,28.375,376000,2.132966
1985-11-13,28.25,28.375,28.0,28.125,393400,2.114173
1985-11-14,28.125,29.375,28.125,28.375,295800,2.132966
1985-11-15,28.25,28.5,28.125,28.25,805000,2.123569
1985-11-18,28.375,28.375,28.125,28.375,404400,2.132966
1985-11-19,28.25,28.375,28.25,28.375,154400,2.132966
1985-11-20,28.375,28.375,28.125,28.25,278000,2.123569
1985-11-21,28.375,28.5,28.125,28.375,323800,2.132966
1985-11-22,28.375,28.5,28.25,28.375,224200,2.132966
1985-11-25,28.25,28.375,27.875,28.0,263000,2.104777
1985-11-26,27.75,28.125,27.75,28.0,352600,2.104777
1985-11-27,27.875,28.125,27.75,28.0,262000,2.104777
1985-11-29,28.125,28.125,27.5,27.875,572200,2.09538
1985-12-02,27.75,27.875,27.375,27.625,217200,2.076588
1985-12-03,27.75,27.75,27.5,27.5,227000,2.067191
1985-12-04,27.5,27.5,27.125,27.5,1489400,2.067191
1985-12-05,27.5,27.625,27.375,27.5,675800,2.067191
1985-12-06,27.5,27.5,27.25,27.5,170000,2.067191
1985-12-09,27.5,27.75,27.375,27.5,488400,2.067191
1985-12-10,27.625,27.75,27.5,27.625,730000,2.076588
1985-12-11,27.75,27.875,27.625,27.75,252000,2.085984
1985-12-12,27.75,27.875,27.375,27.875,744800,2.09538
1985-12-13,27.875,28.25,27.75,28.25,382000,2.123569
1985-12-16,28.125,28.5,28.0,28.5,537000,2.142362
1985-12-17,28.5,29.0,28.375,29.0,766800,2.179947
1985-12-18,29.0,29.125,28.75,28.875,355400,2.170551
1985-12-19,28.875,29.125,28.5,28.5,768000,2.142362
1985-12-20,28.25,28.5,28.125,28.5,2080000,2.142362
1985-12-23,28.25,28.375,27.5,27.875,319400,2.09538
1985-12-24,27.875,28.0,27.5,27.625,251200,2.076588
1985-12-26,27.75,27.75,27.5,27.75,190600,2.085984
1985-12-27,27.625,28.0,27.625,27.875,171400,2.09538
1985-12-30,27.875,28.125,27.75,28.125,181200,2.114173
1985-12-31,28.0,28.25,28.0,28.0,294000,2.104777
1986-01-02,28.125,28.125,27.875,28.0,418400,2.104777
1986-01-03,28.125,28.375,28.0,28.25,577600,2.123569
1986-01-06,28.375,28.375,28.125,28.25,269000,2.123569
1986-01-07,28.375,28.875,28.375,28.875,1032800,2.170551
1986-01-08,28.875,29.125,28.125,28.125,410600,2.114173
1986-01-09,28.125,28.25,27.25,27.875,399000,2.09538
1986-01-10,27.75,28.25,27.75,28.0,272000,2.104777
1986-01-13,28.0,28.125,27.75,27.75,752800,2.085984
1986-01-14,27.75,27.875,27.75,27.75,722000,2.085984
1986-01-15,27.875,28.125,27.75,28.0,254800,2.104777
1986-01-16,28.0,28.25,27.875,27.875,569400,2.09538
1986-01-17,28.0,28.5,27.875,28.375,335800,2.132966
1986-01-20,28.25,28.25,28.0,28.25,129400,2.123569
1986-01-21,28.25,28.375,28.125,28.25,277400,2.123569
1986-01-22,28.375,28.375,27.75,27.75,287000,2.085984
1986-01-23,27.875,28.125,27.75,27.875,337600,2.09538
1986-01-24,28.0,28.375,28.0,28.375,336600,2.132966
1986-01-27,28.375,29.875,28.375,28.875,427800,2.170551
1986-01-28,29.0,29.375,28.875,29.25,438400,2.19874
1986-01-29,29.25,29.875,29.25,29.625,789600,2.226929
1986-01-30,29.5,29.625,29.375,29.5,160600,2.217533
1986-01-31,29.375,29.625,29.25,29.625,399800,2.226929
1986-02-03,29.5,29.875,29.5,29.875,413000,2.245722
1986-02-04,29.75,30.0,29.625,30.0,611400,2.255118
1986-02-05,30.0,30.0,29.75,29.75,224400,2.236325
1986-02-06,29.875,30.0,29.75,30.0,333400,2.255118
1986-02-07,29.875,30.0,29.5,29.875,2660000,2.245722
1986-02-10,29.25,29.375,29.125,29.25,1041000,2.248412
1986-02-11,29.25,29.375,29.125,29.25,465800,2.248412
1986-02-12,29.25,29.5,29.125,29.375,198000,2.258021
1986-02-13,29.5,29.5,29.25,29.375,280800,2.258021
1986-02-14,29.5,29.625,29.25,29.625,301400,2.277238
1986-02-18,29.5,30.25,29.375,30.25,354600,2.325281
1986-02-19,30.25,30.375,29.875,29.875,364600,2.296455
1986-02-20,29.875,30.25,29.75,30.25,585400,2.325281
1986-02-21,30.25,30.75,30.125,30.75,841600,2.363715
1986-02-24,30.625,31.0,30.375,30.875,1182200,2.373324
1986-02-25,31.0,31.0,30.5,30.625,707000,2.354107
1986-02-26,30.5,30.75,30.375,30.375,432400,2.334889
1986-02-27,30.75,30.875,30.5,30.75,821800,2.363715
1986-02-28,31.0,31.125,30.25,30.75,457000,2.363715
1986-03-03,30.75,30.75,30.25,30.375,580400,2.334889
1986-03-04,30.375,30.5,30.125,30.5,781600,2.344498
1986-03-05,30.375,30.375,30.0,30.125,647000,2.315672
1986-03-06,30.125,30.75,30.125,30.375,547600,2.334889
1986-03-07,30.25,30.625,30.25,30.5,877000,2.344498
1986-03-10,30.5,30.625,30.5,30.625,453600,2.354107
1986-03-11,30.625,31.0,30.375,31.0,651400,2.382932
1986-03-12,31.0,31.25,30.75,31.0,557200,2.382932
1986-03-13,30.875,31.125,30.75,30.875,617000,2.373324
1986-03-14,30.875,31.25,30.875,31.125,553200,2.392541
1986-03-17,31.0,31.375,30.875,31.25,1237200,2.40215
1986-03-18,31.125,31.125,30.875,31.0,510800,2.382932
1986-03-19,31.125,31.25,30.875,31.0,715200,2.382932
1986-03-20,31.0,31.0,30.75,30.75,287000,2.363715
1986-03-21,31.0,31.25,30.625,30.625,1046600,2.354107
1986-03-24,30.75,31.375,30.625,31.375,585200,2.411758
1986-03-25,31.25,31.625,31.0,31.5,1103600,2.421367
1986-03-26,31.75,32.25,31.625,32.125,661600,2.46941
1986-03-27,32.125,32.625,32.0,32.5,462000,2.498236
1986-03-31,32.5,33.125,32.375,32.875,714800,2.527061
1986-04-01,32.75,33.0,32.5,32.75,722200,2.517453
1986-04-02,32.625,32.875,32.25,32.875,458400,2.527061
1986-04-03,33.375,33.375,32.5,32.5,345200,2.498236
1986-04-04,32.625,32.875,32.25,32.375,369400,2.488627
1986-04-07,32.125,32.25,31.75,32.125,565800,2.46941
1986-04-08,32.25,32.5,32.125,32.5,785800,2.498236
1986-04-09,32.625,32.75,30.625,32.625,1149800,2.507844
1986-04-10,32.75,32.875,32.5,32.75,639400,2.517453
1986-04-11,32.625,32.75,32.125,32.375,502400,2.488627
1986-04-14,32.25,32.375,32.0,32.125,408400,2.46941
1986-04-15,32.125,32.375,32.0,32.25,198600,2.479018
1986-04-16,32.375,32.625,32.25,32.5,345000,2.498236
1986-04-17,32.5,32.75,32.25,32.75,574600,2.517453
1986-04-18,32.75,32.875,32.625,32.75,290200,2.517453
1986-04-21,32.75,33.0,32.625,32.75,494400,2.517453
1986-04-22,32.875,32.875,32.5,32.75,517600,2.517453
1986-04-23,32.75,32.75,32.0,32.125,1033600,2.46941
1986-04-24,32.125,32.375,32.0,32.0,648400,2.459801
1986-04-25,32.0,32.0,31.625,31.875,225800,2.450193
1986-04-28,31.875,32.125,31.5,31.625,227800,2.430975
1986-04-29,31.5,31.75,30.0,31.0,495000,2.382932
1986-04-30,30.75,30.875,30.375,30.5,579400,2.344498
1986-05-01,30.0,30.25,29.625,30.0,607800,2.306064
1986-05-02,30.25,30.5,29.875,30.125,296800,2.315672
1986-05-05,30.75,31.5,30.625,31.5,291200,2.421367
1986-05-06,32.0,32.0,31.25,31.75,423200,2.440584
1986-05-07,31.75,31.75,30.75,31.0,712400,2.382932
1986-05-08,31.0,31.5,31.0,31.375,283200,2.411758
1986-05-09,31.125,31.5,31.0,31.375,2560000,2.411758
1986-05-12,30.375,30.625,30.25,30.375,2080000,2.388171
1986-05-13,30.5,30.5,29.75,29.875,335000,2.34886
1986-05-14,29.75,30.125,29.75,30.0,265400,2.358688
1986-05-15,30.0,30.125,29.625,30.0,198800,2.358688
1986-05-16,30.0,30.0,29.25,29.25,566800,2.29972
1986-05-19,29.375,29.875,29.375,29.625,1521000,2.329204
1986-05-20,29.625,29.875,29.5,29.875,256200,2.34886
1986-05-21,29.875,30.0,29.75,29.75,213200,2.339032
1986-05-22,29.875,30.375,29.875,30.0,338800,2.358688
1986-05-23,30.25,30.375,30.0,30.25,373000,2.378343
1986-05-27,30.25,30.75,30.125,30.625,274800,2.407827
1986-05-28,30.625,31.25,30.5,30.75,295000,2.417655
1986-05-29,30.875,31.25,30.625,31.25,206200,2.456966
1986-05-30,31.125,31.25,30.75,31.125,372000,2.447138
1986-06-02,31.25,31.625,31.0,31.125,195000,2.447138
1986-06-03,31.125,31.25,30.75,31.0,283000,2.437311
1986-06-04,31.0,31.0,29.5,29.875,409000,2.34886
1986-06-05,29.875,30.125,29.5,30.125,184800,2.368516
1986-06-06,30.125,30.25,29.75,30.0,193200,2.358688
1986-06-09,29.75,29.75,29.25,29.375,312000,2.309548
1986-06-10,29.125,29.375,29.125,29.25,306200,2.29972
1986-06-11,29.25,29.5,29.125,29.375,768800,2.309548
1986-06-12,29.25,29.625,29.25,29.375,445400,2.309548
1986-06-13,29.625,30.0,29.625,30.0,824200,2.358688
1986-06-16,30.0,30.125,29.375,29.625,710200,2.329204
1986-06-17,29.75,29.875,29.625,29.75,836000,2.339032
1986-06-18,29.75,29.75,29.625,29.75,91200,2.339032
1986-06-19,29.625,29.875,29.625,29.75,352200,2.339032
1986-06-20,29.75,30.0,29.625,30.0,636600,2.358688
1986-06-23,30.0,30.125,29.75,30.0,597600,2.358688
1986-06-24,30.125,30.75,30.0,30.375,663200,2.388171
1986-06-25,30.375,30.875,30.375,30.75,366200,2.417655
1986-06-26,30.75,30.875,30.5,30.75,470000,2.417655
1986-06-27,30.875,31.0,30.625,30.75,163200,2.417655
1986-06-30,30.875,31.625,30.75,31.5,201600,2.476622
1986-07-01,31.125,31.75,31.125,31.625,402800,2.48645
1986-07-02,31.625,31.625,30.5,31.375,1634200,2.466794
1986-07-03,31.375,31.5,30.875,31.375,893200,2.466794
1986-07-07,31.25,31.375,31.0,31.375,396800,2.466794
1986-07-08,31.125,31.125,30.875,31.125,535800,2.447138
1986-07-09,31.0,31.5,30.875,31.5,309800,2.476622
1986-07-10,31.375,31.5,31.25,31.375,205400,2.466794
1986-07-11,31.375,32.125,31.375,32.125,237400,2.525761
1986-07-14,32.125,33.0,31.875,33.0,1154200,2.594556
1986-07-15,33.25,33.25,32.25,33.0,1216000,2.594556
1986-07-16,32.75,33.0,32.625,32.75,348400,2.574901
1986-07-17,32.875,32.875,32.375,32.875,726600,2.584729
1986-07-18,32.75,33.0,32.625,32.75,635400,2.574901
1986-07-21,32.875,33.0,32.5,32.875,1109800,2.584729
1986-07-22,32.875,33.25,32.875,33.25,536800,2.614212
1986-07-23,33.25,33.75,33.125,33.75,531400,2.653524
1986-07-24,33.75,34.25,33.625,34.25,392600,2.692835
1986-07-25,34.25,34.75,34.25,34.625,701800,2.722319
1986-07-28,34.75,34.875,33.625,33.875,398800,2.663351
1986-07-29,33.75,34.5,33.5,34.25,416000,2.692835
1986-07-30,34.5,34.875,34.25,34.75,524200,2.732147
1986-07-31,34.5,34.625,34.375,34.375,348000,2.702663
1986-08-01,34.375,34.375,33.875,33.875,816000,2.663351
1986-08-04,34.0,34.25,33.75,34.25,807400,2.692835
1986-08-05,34.25,34.25,33.75,33.875,1417800,2.663351
1986-08-06,33.875,34.125,33.625,33.875,910800,2.663351
1986-08-07,33.875,34.25,33.625,34.0,882600,2.673179
1986-08-08,34.0,34.625,34.0,34.125,7538000,2.683007
1986-08-11,33.75,33.75,33.25,33.75,922400,2.709095
1986-08-12,33.875,34.0,33.625,34.0,372800,2.729162
1986-08-13,34.0,34.125,33.625,34.0,2300000,2.729162
1986-08-14,34.0,34.5,34.0,34.5,1143600,2.769297
1986-08-15,34.5,34.625,34.25,34.5,776000,2.769297
1986-08-18,34.375,34.875,34.375,34.625,1299400,2.779331
1986-08-19,34.75,35.375,34.75,35.375,935000,2.839533
1986-08-20,35.25,36.625,35.125,36.25,1016200,2.909769
1986-08-21,36.5,37.0,36.125,36.375,1117000,2.919802
1986-08-22,36.25,36.75,36.0,36.75,803400,2.949903
1986-08-25,36.75,36.75,36.375,36.5,497000,2.929836
1986-08-26,36.5,36.875,36.25,36.625,681000,2.93987
1986-08-27,36.625,36.875,36.375,36.625,350000,2.93987
1986-08-28,36.625,36.625,35.875,35.875,955200,2.879668
1986-08-29,35.875,36.375,35.875,36.25,813000,2.909769
1986-09-02,36.375,36.375,35.375,36.0,478400,2.889701
1986-09-03,35.875,36.0,35.375,35.625,962800,2.8596
1986-09-04,35.5,35.75,35.375,35.625,1080400,2.8596
1986-09-05,35.5,35.5,34.625,34.875,461200,2.799398
1986-09-08,34.5,34.625,33.0,33.5,594200,2.689028
1986-09-09,33.625,34.0,33.0,33.25,831200,2.66896
1986-09-10,33.375,33.5,32.5,32.875,660000,2.638859
1986-09-11,32.875,32.875,31.125,31.875,981200,2.55859
1986-09-12,31.625,32.25,31.25,31.5,1066400,2.528489
1986-09-15,31.5,31.875,31.5,31.75,488200,2.548556
1986-09-16,31.625,31.75,31.5,31.75,267000,2.548556
1986-09-17,31.625,32.625,31.5,31.5,607400,2.528489
1986-09-18,31.625,32.25,31.5,32.0,690200,2.568623
1986-09-19,31.875,32.625,31.75,32.625,417000,2.618792
1986-09-22,32.375,32.75,32.25,32.625,283000,2.618792
1986-09-23,32.75,32.875,32.5,32.625,1334600,2.618792
1986-09-24,32.625,33.25,32.5,33.125,571600,2.658926
1986-09-25,33.125,33.375,32.625,32.625,355800,2.618792
1986-09-26,32.625,32.75,32.125,32.5,374000,2.608758
1986-09-29,32.125,32.25,31.5,32.0,334200,2.568623
1986-09-30,31.75,32.125,31.625,31.75,311400,2.548556
1986-10-01,32.0,32.25,31.75,32.25,371600,2.588691
1986-10-02,32.25,32.25,31.25,31.875,210600,2.55859
1986-10-03,32.0,32.25,31.75,32.125,319800,2.578657
1986-10-06,32.0,32.375,32.0,32.25,213600,2.588691
1986-10-07,32.25,32.5,32.0,32.0,197800,2.568623
1986-10-08,31.875,32.25,31.875,32.125,199600,2.578657
1986-10-09,32.0,32.25,32.0,32.0,143600,2.568623
1986-10-10,32.25,32.375,32.125,32.25,118200,2.588691
1986-10-13,32.75,32.75,32.125,32.75,509000,2.628825
1986-10-14,32.625,32.875,32.125,32.5,140000,2.608758
1986-10-15,32.375,32.625,32.0,32.375,286200,2.598724
1986-10-16,32.625,33.125,32.5,33.0,317400,2.648893
1986-10-17,33.0,33.0,32.625,32.625,282400,2.618792
1986-10-20,33.125,33.25,32.5,33.125,314600,2.658926
1986-10-21,33.125,33.25,32.75,33.25,287800,2.66896
1986-10-22,33.125,33.375,33.0,33.0,204200,2.648893
1986-10-23,33.125,33.25,33.0,33.25,717000,2.66896
1986-10-24,33.25,33.5,33.0,33.375,651000,2.678994
1986-10-27,33.375,33.5,33.0,33.5,374600,2.689028
1986-10-28,33.5,33.875,33.5,33.75,1538600,2.709095
1986-10-29,33.75,34.125,33.75,34.0,720800,2.729162
1986-10-30,34.25,34.5,34.125,34.5,835200,2.769297
1986-10-31,34.375,34.625,34.25,34.625,452800,2.779331
1986-11-03,34.625,34.875,34.625,34.875,652000,2.799398
1986-11-04,34.75,34.875,34.5,34.875,522800,2.799398
1986-11-05,34.75,35.5,34.75,35.25,1491400,2.829499
1986-11-06,35.125,35.5,35.125,35.375,5080000,2.839533
1986-11-07,34.5,34.625,34.25,34.5,1441400,2.825202
1986-11-10,34.5,35.5,34.375,34.625,1431200,2.835438
1986-11-11,34.75,35.125,34.625,34.875,737200,2.855911
1986-11-12,34.875,35.125,34.75,35.0,1137600,2.866147
1986-11-13,35.125,35.375,34.625,34.75,1864800,2.845674
1986-11-14,34.75,35.125,34.125,35.0,1703000,2.866147
1986-11-17,35.0,35.375,34.625,35.125,417200,2.876383
1986-11-18,35.125,35.25,34.125,34.25,508600,2.80473
1986-11-19,34.0,34.25,33.625,34.0,350200,2.784257
1986-11-20,34.25,35.0,34.0,35.0,378200,2.866147
1986-11-21,34.75,35.875,34.125,35.5,1438800,2.907092
1986-11-24,35.25,35.625,35.125,35.625,792000,2.917328
1986-11-25,35.625,35.625,35.25,35.625,244200,2.917328
1986-11-26,35.625,35.625,35.25,35.375,326000,2.896856
1986-11-28,35.375,35.875,35.25,35.875,377000,2.937801
1986-12-01,35.75,35.75,35.125,35.75,767600,2.927564
1986-12-02,35.75,36.5,35.75,36.375,851000,2.978746
1986-12-03,36.375,36.375,35.75,36.0,593800,2.948037
1986-12-04,36.125,36.375,36.0,36.25,580000,2.968509
1986-12-05,36.25,36.375,35.375,36.0,348200,2.948037
1986-12-08,36.125,36.25,35.625,36.25,299600,2.968509
1986-12-09,36.125,36.25,35.75,36.0,276600,2.948037
1986-12-10,35.875,36.375,35.75,36.375,341400,2.978746
1986-12-11,36.25,36.25,35.625,35.625,548200,2.917328
1986-12-12,35.625,35.75,35.5,35.625,318200,2.917328
1986-12-15,35.5,35.625,35.125,35.5,556800,2.907092
1986-12-16,35.625,35.75,35.375,35.5,516400,2.907092
1986-12-17,35.375,35.375,35.125,35.25,393200,2.886619
1986-12-18,35.25,35.5,35.125,35.375,1131400,2.896856
1986-12-19,35.5,35.625,35.25,35.625,2680000,2.917328
1986-12-22,35.75,35.875,35.5,35.875,520400,2.937801
1986-12-23,35.875,35.875,35.5,35.75,891000,2.927564
1986-12-24,35.625,35.875,35.5,35.75,252600,2.927564
1986-12-26,35.625,35.75,35.5,35.75,54400,2.927564
1986-12-29,35.625,35.625,35.375,35.375,202000,2.896856
1986-12-30,35.375,35.375,34.25,35.125,453200,2.876383
1986-12-31,35.0,35.125,34.5,34.75,288800,2.845674
1987-01-02,34.625,36.125,34.625,36.0,336200,2.948037
1987-01-05,35.875,36.75,35.875,36.75,272600,3.009454
1987-01-06,36.5,36.75,36.375,36.625,701000,2.999218
1987-01-07,36.5,36.625,36.25,36.625,322600,2.999218
1987-01-08,36.5,36.875,36.375,36.875,647800,3.019691
1987-01-09,36.875,37.25,36.875,37.125,491000,3.040163
1987-01-12,37.0,37.25,36.875,37.25,561800,3.050399
1987-01-13,37.125,37.25,36.875,37.125,420200,3.040163
1987-01-14,36.875,37.25,36.5,37.0,685800,3.029927
1987-01-15,36.875,37.0,36.75,37.0,496200,3.029927
1987-01-16,37.0,37.25,36.625,36.875,319600,3.019691
1987-01-19,36.75,37.125,36.375,37.0,1677800,3.029927
1987-01-20,36.875,37.25,36.875,37.0,329000,3.029927
1987-01-21,37.0,37.375,36.875,36.875,575200,3.019691
1987-01-22,37.5,38.25,37.375,38.0,608200,3.111817
1987-01-23,38.25,39.25,37.625,38.0,1420200,3.111817
1987-01-26,37.875,38.0,37.375,38.0,327000,3.111817
1987-01-27,37.75,39.125,37.75,38.875,612800,3.18347
1987-01-28,39.0,39.375,38.875,39.25,935400,3.214179
1987-01-29,39.25,39.375,39.0,39.0,765200,3.193707
1987-01-30,39.125,39.25,38.75,39.0,1241800,3.193707
1987-02-02,39.0,39.375,38.75,39.125,821200,3.203943
1987-02-03,39.125,39.25,38.875,39.125,575000,3.203943
1987-02-04,39.125,39.125,38.875,39.125,707600,3.203943
1987-02-05,39.125,39.125,38.75,38.875,974600,3.18347
1987-02-06,38.875,39.25,38.375,38.375,4980000,3.142525
1987-02-09,37.125,37.5,36.875,37.125,2340000,3.096649
1987-02-10,37.125,37.375,36.5,36.875,4060000,3.075796
1987-02-11,37.0,37.375,37.0,37.25,1579600,3.107076
1987-02-12,37.25,37.25,36.25,37.0,559800,3.086223
1987-02-13,36.875,37.125,36.375,37.0,357400,3.086223
1987-02-17,36.75,37.0,36.625,37.0,487800,3.086223
1987-02-18,36.875,37.375,36.75,37.375,1410200,3.117502
1987-02-19,37.5,38.0,37.25,38.0,1164000,3.169634
1987-02-20,37.875,38.0,37.75,38.0,410800,3.169634
1987-02-23,37.875,37.875,37.625,37.625,497200,3.138355
1987-02-24,37.625,37.75,37.5,37.75,755600,3.148781
1987-02-25,37.75,37.875,37.625,37.625,385200,3.138355
1987-02-26,37.625,37.625,37.375,37.5,755600,3.127928
1987-02-27,37.5,37.5,37.0,37.375,518400,3.117502
1987-03-02,37.25,37.375,37.0,37.0,1037400,3.086223
1987-03-03,37.0,37.625,36.875,37.625,1714800,3.138355
1987-03-04,37.625,37.75,37.375,37.75,430000,3.148781
1987-03-05,37.75,37.75,37.375,37.625,510000,3.138355
1987-03-06,37.375,37.5,37.0,37.5,307800,3.127928
1987-03-09,37.25,37.5,36.875,37.25,268000,3.107076
1987-03-10,37.125,37.25,37.125,37.25,621800,3.107076
1987-03-11,37.25,37.25,36.5,36.875,409800,3.075796
1987-03-12,36.75,37.0,36.625,36.875,295600,3.075796
1987-03-13,36.875,37.0,36.625,36.625,245200,3.054943
1987-03-16,36.5,36.5,36.0,36.375,403000,3.034091
1987-03-17,36.375,36.375,36.0,36.25,342600,3.023664
1987-03-18,36.25,36.625,36.25,36.375,185200,3.034091
1987-03-19,36.375,36.625,36.375,36.5,616400,3.044517
1987-03-20,36.625,37.0,36.5,37.0,572000,3.086223
1987-03-23,37.0,38.0,36.875,38.0,1028000,3.169634
1987-03-24,38.0,38.0,37.5,37.75,560600,3.148781
1987-03-25,37.75,37.875,37.625,37.75,592600,3.148781
1987-03-26,37.75,37.75,37.5,37.625,474400,3.138355
1987-03-27,37.5,37.625,36.5,36.625,1250400,3.054943
1987-03-30,35.625,36.0,35.125,35.75,383400,2.981958
1987-03-31,36.0,36.25,35.875,36.125,604600,3.013238
1987-04-01,35.875,36.0,35.625,35.875,652200,2.992385
1987-04-02,36.0,36.125,35.375,35.5,874600,2.961106
1987-04-03,35.75,35.75,35.125,35.75,429200,2.981958
1987-04-06,35.75,36.0,35.125,36.0,362400,3.002811
1987-04-07,36.0,36.0,34.875,34.875,579800,2.908973
1987-04-08,35.125,35.125,34.75,35.125,475600,2.929826
1987-04-09,35.25,35.25,33.75,34.5,848000,2.877694
1987-04-10,34.125,34.5,34.0,34.125,511200,2.846415
1987-04-13,33.75,34.0,32.125,32.25,588000,2.690018
1987-04-14,32.0,32.0,31.25,31.875,1243000,2.658739
1987-04-15,31.875,33.25,31.625,32.75,580200,2.731724
1987-04-16,34.0,34.375,33.75,34.375,646200,2.867268
1987-04-20,34.625,34.75,33.75,34.625,462600,2.888121
1987-04-21,34.875,36.0,34.25,36.0,294400,3.002811
1987-04-22,35.875,35.875,33.875,33.875,415000,2.825562
1987-04-23,33.625,35.75,33.625,34.125,336600,2.846415
1987-04-24,33.75,33.75,32.25,32.625,1141600,2.721298
1987-04-27,32.125,33.5,31.125,32.75,574200,2.731724
1987-04-28,33.0,33.5,32.5,33.25,438600,2.77343
1987-04-29,33.25,34.0,33.125,33.625,574600,2.804709
1987-04-30,33.625,34.375,33.625,34.0,484000,2.835988
1987-05-01,34.0,34.125,33.5,33.75,300000,2.815136
1987-05-04,33.875,34.5,33.75,34.125,479400,2.846415
1987-05-05,34.0,35.0,34.0,34.625,549400,2.888121
1987-05-06,34.625,35.0,34.375,34.5,945800,2.877694
1987-05-07,34.625,35.0,34.375,34.875,663000,2.908973
1987-05-08,34.875,35.0,34.125,34.5,4382000,2.877694
1987-05-11,32.5,34.25,32.5,32.5,1938200,2.768652
1987-05-12,32.625,33.375,32.5,33.375,1413600,2.843193
1987-05-13,33.25,33.625,32.75,33.625,618600,2.86449
1987-05-14,33.625,33.75,33.5,33.75,506000,2.875139
1987-05-15,33.25,33.625,32.625,33.0,336800,2.811247
1987-05-18,32.75,33.0,31.875,33.0,1269600,2.811247
1987-05-19,33.0,33.0,31.75,32.125,721800,2.736706
1987-05-20,32.0,32.0,31.5,31.625,722600,2.694111
1987-05-21,31.875,32.125,31.875,32.0,525000,2.726057
1987-05-22,32.125,32.25,31.75,32.25,382600,2.747355
1987-05-26,32.5,32.875,32.25,32.625,373200,2.779301
1987-05-27,32.375,32.5,32.0,32.25,802200,2.747355
1987-05-28,32.0,32.5,31.75,32.5,718000,2.768652
1987-05-29,32.625,32.625,32.0,32.375,248000,2.758003
1987-06-01,32.625,32.875,32.25,32.5,318200,2.768652
1987-06-02,32.25,32.625,32.0,32.0,237600,2.726057
1987-06-03,32.25,32.5,32.125,32.125,734600,2.736706
1987-06-04,32.125,32.5,32.125,32.25,505800,2.747355
1987-06-05,32.375,32.625,32.25,32.375,1022200,2.758003
1987-06-08,32.5,33.375,32.0,33.375,450400,2.843193
1987-06-09,33.375,33.5,32.875,33.5,401000,2.853841
1987-06-10,33.5,33.75,33.0,33.5,657800,2.853841
1987-06-11,33.375,33.375,33.0,33.125,188200,2.821895
1987-06-12,33.375,33.625,33.375,33.625,663000,2.86449
1987-06-15,33.5,33.625,33.25,33.375,170800,2.843193
1987-06-16,33.25,33.25,33.0,33.25,155200,2.832544
1987-06-17,33.25,33.375,33.0,33.375,802000,2.843193
1987-06-18,33.375,33.625,32.5,33.5,294400,2.853841
1987-06-19,33.625,33.625,33.375,33.625,453400,2.86449
1987-06-22,33.375,33.5,33.25,33.375,1103000,2.843193
1987-06-23,33.5,33.875,33.375,33.75,653400,2.875139
1987-06-24,33.625,33.75,33.25,33.25,211600,2.832544
1987-06-25,33.375,33.625,33.375,33.5,447600,2.853841
1987-06-26,33.375,33.625,33.25,33.5,360600,2.853841
1987-06-29,33.5,33.75,33.375,33.625,475800,2.86449
1987-06-30,33.625,33.625,33.0,33.25,353200,2.832544
1987-07-01,33.25,33.375,33.125,33.25,341400,2.832544
1987-07-02,33.375,33.5,33.375,33.375,221400,2.843193
1987-07-06,33.5,33.5,32.875,33.25,266200,2.832544
1987-07-07,33.125,33.125,32.875,32.875,461000,2.800598
1987-07-08,33.0,33.0,32.125,32.75,1190400,2.789949
1987-07-09,32.875,33.0,32.5,32.75,250000,2.789949
1987-07-10,32.875,33.125,32.875,33.125,240800,2.821895
1987-07-13,33.125,33.125,32.625,32.875,423400,2.800598
1987-07-14,32.75,33.0,32.625,33.0,360600,2.811247
1987-07-15,32.75,33.0,32.625,33.0,340400,2.811247
1987-07-16,33.125,33.25,32.875,33.25,172000,2.832544
1987-07-17,33.375,33.625,32.875,33.5,337000,2.853841
1987-07-20,33.75,33.75,33.0,33.0,407800,2.811247
1987-07-21,33.0,33.125,32.625,32.75,381000,2.789949
1987-07-22,33.0,33.0,32.625,33.0,148000,2.811247
1987-07-23,33.0,33.125,32.75,33.125,788000,2.821895
1987-07-24,33.0,33.0,32.625,32.875,413600,2.800598
1987-07-27,32.75,32.875,32.0,32.75,406000,2.789949
1987-07-28,32.75,32.75,32.25,32.375,177800,2.758003
1987-07-29,32.625,32.625,32.0,32.625,580600,2.779301
1987-07-30,32.75,33.0,32.75,32.875,445200,2.800598
1987-07-31,32.875,33.25,32.75,33.0,1545800,2.811247
1987-08-03,32.75,33.375,32.375,33.125,262000,2.821895
1987-08-04,33.125,33.125,32.75,32.875,491000,2.800598
1987-08-05,32.875,33.0,32.75,32.875,247600,2.800598
1987-08-06,32.875,33.0,32.5,33.0,1334800,2.811247
1987-08-07,33.0,33.0,32.5,32.875,49000000,2.800598
1987-08-10,32.875,32.875,32.125,32.875,2680000,2.863308
1987-08-11,33.0,33.25,32.75,33.0,1801600,2.874195
1987-08-12,33.25,33.375,33.125,33.375,1253200,2.906856
1987-08-13,33.5,34.75,33.5,34.75,693200,3.026614
1987-08-14,34.25,35.0,34.125,34.875,486200,3.037501
1987-08-17,34.75,35.0,34.625,34.75,199800,3.026614
1987-08-18,34.5,34.75,34.0,34.75,337000,3.026614
1987-08-19,34.125,34.375,33.75,34.0,661200,2.961292
1987-08-20,34.0,34.625,34.0,34.625,231200,3.015727
1987-08-21,34.375,34.625,33.875,34.625,312600,3.015727
1987-08-24,34.375,34.375,33.875,34.0,219800,2.961292
1987-08-25,34.25,34.375,34.0,34.25,596200,2.983066
1987-08-26,34.25,34.25,33.625,33.875,255000,2.950404
1987-08-27,34.0,34.0,33.375,33.75,380000,2.939517
1987-08-28,33.625,34.0,33.25,33.625,576000,2.92863
1987-08-31,33.625,34.0,33.5,33.875,365800,2.950404
1987-09-01,33.875,33.875,32.625,33.0,719800,2.874195
1987-09-02,32.625,33.0,32.25,33.0,335000,2.874195
1987-09-03,33.125,33.125,32.25,32.5,471400,2.830646
1987-09-04,32.625,32.875,32.25,32.375,257400,2.819759
1987-09-08,32.5,32.5,32.125,32.25,606600,2.808872
1987-09-09,32.375,32.5,32.125,32.375,355600,2.819759
1987-09-10,32.5,32.5,32.0,32.125,246600,2.797985
1987-09-11,32.125,32.625,32.125,32.625,393800,2.841533
1987-09-14,32.5,33.0,32.375,33.0,175200,2.874195
1987-09-15,32.75,32.75,32.125,32.25,240600,2.808872
1987-09-16,32.125,32.375,32.0,32.25,547400,2.808872
1987-09-17,32.25,32.25,32.0,32.25,417600,2.808872
1987-09-18,32.25,32.375,32.125,32.125,225000,2.797985
1987-09-21,32.125,32.375,32.0,32.0,542000,2.787098
1987-09-22,32.0,32.75,31.875,32.75,478800,2.852421
1987-09-23,32.75,33.0,32.5,32.75,1223400,2.852421
1987-09-24,32.75,32.75,32.5,32.625,210600,2.841533
1987-09-25,32.625,32.625,32.125,32.5,680600,2.830646
1987-09-28,32.5,32.625,32.25,32.25,1087000,2.808872
1987-09-29,32.375,32.5,32.25,32.25,696000,2.808872
1987-09-30,32.25,32.625,32.25,32.625,2060000,2.841533
1987-10-01,32.625,32.75,32.5,32.75,1093400,2.852421
1987-10-02,32.75,33.125,32.625,33.125,2280000,2.885082
1987-10-05,33.125,33.5,33.0,33.5,952400,2.917743
1987-10-06,33.375,33.75,32.75,33.25,1232400,2.895969
1987-10-07,33.375,33.375,32.625,33.25,428400,2.895969
1987-10-08,33.25,33.5,33.125,33.5,472000,2.917743
1987-10-09,33.5,33.625,33.125,33.5,303000,2.917743
1987-10-12,33.25,33.5,33.0,33.25,359600,2.895969
1987-10-13,33.375,34.25,33.375,34.25,4260000,2.983066
1987-10-14,33.875,34.25,33.5,33.75,284200,2.939517
1987-10-15,33.25,33.875,32.75,33.625,496800,2.92863
1987-10-16,33.5,33.5,32.25,32.25,378200,2.808872
1987-10-19,32.0,32.0,27.0,29.25,1448200,2.547582
1987-10-20,28.0,30.0,26.5,29.5,1375200,2.569356
1987-10-21,30.75,31.5,30.0,31.5,677400,2.74355
1987-10-22,30.75,31.75,29.5,31.125,515400,2.710888
1987-10-23,30.25,31.5,30.25,30.75,835200,2.678227
1987-10-26,30.5,30.75,29.25,29.625,646000,2.580243
1987-10-27,30.625,30.75,30.125,30.25,542000,2.634679
1987-10-28,30.25,30.75,30.0,30.375,416400,2.645566
1987-10-29,30.625,32.0,30.625,31.875,339200,2.776211
1987-10-30,32.5,32.75,31.75,31.875,602400,2.776211
1987-11-02,31.875,32.25,31.75,32.0,773200,2.787098
1987-11-03,31.75,32.125,31.5,32.125,362400,2.797985
1987-11-04,31.875,32.25,31.75,32.0,2440000,2.787098
1987-11-05,31.875,32.25,31.75,32.0,1479600,2.787098
1987-11-06,32.0,32.5,31.5,32.0,88620000,2.787098
1987-11-09,30.875,31.0,30.5,30.75,486000,2.739874
1987-11-10,30.125,30.75,29.875,30.5,673200,2.717599
1987-11-11,30.75,31.0,30.5,30.75,849600,2.739874
1987-11-12,31.0,31.125,30.75,31.0,15300000,2.76215
1987-11-13,31.0,31.25,30.875,30.875,1409200,2.751012
1987-11-16,31.0,31.125,30.625,30.75,203800,2.739874
1987-11-17,30.75,30.75,30.25,30.375,432800,2.706461
1987-11-18,30.375,30.625,30.25,30.375,665000,2.706461
1987-11-19,30.5,30.75,30.25,30.25,296200,2.695323
1987-11-20,30.25,30.5,30.125,30.5,273400,2.717599
1987-11-23,30.5,30.75,30.375,30.75,251600,2.739874
1987-11-24,30.625,31.0,30.375,30.625,467000,2.728736
1987-11-25,30.625,30.625,30.0,30.375,258600,2.706461
1987-11-27,30.5,30.5,30.25,30.375,211000,2.706461
1987-11-30,30.125,30.125,29.375,30.0,290600,2.673048
1987-12-01,30.125,30.125,29.5,30.0,304000,2.673048
1987-12-02,30.0,30.25,29.75,30.125,295400,2.684186
1987-12-03,30.125,30.125,29.5,29.75,472200,2.650773
1987-12-04,29.375,29.625,28.875,29.5,595800,2.628497
1987-12-07,29.5,29.5,29.0,29.5,276000,2.628497
1987-12-08,29.625,29.75,29.25,29.625,273800,2.639635
1987-12-09,29.375,29.875,29.375,29.5,462800,2.628497
1987-12-10,29.25,29.5,29.0,29.5,347800,2.628497
1987-12-11,29.25,29.375,29.0,29.25,309800,2.606222
1987-12-14,29.375,30.125,29.125,30.125,518400,2.684186
1987-12-15,30.125,30.25,29.75,29.875,451000,2.66191
1987-12-16,30.125,30.125,29.75,30.0,559000,2.673048
1987-12-17,30.0,30.125,28.75,29.0,911000,2.583946
1987-12-18,29.375,29.375,29.0,29.25,754000,2.606222
1987-12-21,29.25,29.5,29.125,29.25,1104400,2.606222
1987-12-22,29.375,29.375,29.0,29.25,234000,2.606222
1987-12-23,29.25,29.625,29.125,29.625,578200,2.639635
1987-12-24,29.25,29.375,29.125,29.125,65800,2.595084
1987-12-28,29.375,29.625,29.125,29.625,145000,2.639635
1987-12-29,29.5,30.0,29.5,29.625,166400,2.639635
1987-12-30,29.625,29.625,29.375,29.5,365600,2.628497
1987-12-31,29.5,30.0,29.25,30.0,257000,2.673048
1988-01-04,30.0,30.75,30.0,30.75,296000,2.739874
1988-01-05,31.0,31.625,30.75,31.625,483200,2.817838
1988-01-06,31.625,32.25,31.25,32.125,826000,2.862389
1988-01-07,32.0,32.0,31.75,31.75,675000,2.828976
1988-01-08,31.875,31.875,30.875,31.0,653000,2.76215
1988-01-11,31.0,31.375,30.625,30.875,331200,2.751012
1988-01-12,30.875,30.875,30.5,30.875,192600,2.751012
1988-01-13,30.5,30.875,30.5,30.75,208400,2.739874
1988-01-14,30.875,30.875,30.5,30.75,270600,2.739874
1988-01-15,31.5,31.5,31.0,31.375,544000,2.795563
1988-01-18,31.5,31.625,31.125,31.5,227000,2.8067
1988-01-19,31.5,32.0,31.25,31.5,10330600,2.8067
1988-01-20,31.625,31.625,30.75,31.0,9012600,2.76215
1988-01-21,31.125,31.25,30.625,31.125,264200,2.773287
1988-01-22,31.125,32.0,31.0,32.0,2868200,2.851251
1988-01-25,31.75,32.25,31.625,32.25,915400,2.873527
1988-01-26,32.125,32.75,32.0,32.375,730400,2.884664
1988-01-27,32.375,32.625,32.0,32.0,295000,2.851251
1988-01-28,32.125,32.875,32.125,32.75,399800,2.918077
1988-01-29,33.0,33.625,32.125,33.625,476200,2.996041
1988-02-01,33.625,33.625,33.125,33.25,12666000,2.962628
1988-02-02,33.125,33.625,32.875,33.625,2442600,2.996041
1988-02-03,33.625,33.875,33.0,33.5,888200,2.984904
1988-02-04,33.625,33.625,33.125,33.5,1133800,2.984904
1988-02-05,33.5,33.5,33.25,33.375,345600,2.973766
1988-02-08,33.375,33.5,33.125,33.125,58050000,2.95149
1988-02-09,32.375,32.625,32.125,32.625,4116800,2.971528
1988-02-10,32.625,33.0,32.375,33.0,3583400,3.005684
1988-02-11,33.0,33.0,32.5,32.5,442400,2.960143
1988-02-12,32.5,32.75,32.375,32.5,375000,2.960143
1988-02-16,32.5,32.75,32.25,32.625,355400,2.971528
1988-02-17,32.625,32.625,32.375,32.5,381000,2.960143
1988-02-18,32.5,32.5,32.125,32.25,1172600,2.937373
1988-02-19,32.0,32.25,31.875,32.25,316000,2.937373
1988-02-22,32.0,32.25,31.875,32.125,848200,2.925988
1988-02-23,32.125,32.125,31.25,32.125,298000,2.925988
1988-02-24,32.0,32.125,31.75,32.0,1524400,2.914603
1988-02-25,31.875,32.0,31.375,31.625,470400,2.880447
1988-02-26,31.625,31.75,31.375,31.75,135800,2.891832
1988-02-29,31.75,31.75,31.25,31.5,242000,2.869062
1988-03-01,31.0,31.125,30.625,31.125,1191600,2.834906
1988-03-02,31.125,31.75,31.0,31.625,837200,2.880447
1988-03-03,31.625,31.875,31.5,31.75,275000,2.891832
1988-03-04,31.375,31.625,31.25,31.625,182400,2.880447
1988-03-07,31.375,31.375,31.0,31.0,99600,2.823521
1988-03-08,30.875,31.0,30.125,30.375,653800,2.766595
1988-03-09,30.25,30.5,30.125,30.375,368800,2.766595
1988-03-10,30.5,30.625,30.25,30.25,232200,2.75521
1988-03-11,30.5,30.75,30.375,30.5,464400,2.777981
1988-03-14,30.5,30.625,30.375,30.5,250400,2.777981
1988-03-15,30.375,30.75,30.375,30.75,708000,2.800751
1988-03-16,30.75,31.375,30.5,31.375,877200,2.857677
1988-03-17,31.625,32.0,31.25,31.5,408400,2.869062
1988-03-18,31.875,31.875,31.5,31.875,544400,2.903217
1988-03-21,31.625,31.625,30.875,31.375,873000,2.857677
1988-03-22,31.625,31.625,31.125,31.375,376000,2.857677
1988-03-23,31.125,31.25,30.875,30.875,371400,2.812136
1988-03-24,30.5,30.875,30.125,30.25,387400,2.75521
1988-03-25,30.125,30.625,30.125,30.375,674800,2.766595
1988-03-28,30.375,30.5,30.125,30.375,293000,2.766595
1988-03-29,30.375,30.625,30.375,30.5,237200,2.777981
1988-03-30,30.5,30.625,30.375,30.5,314000,2.777981
1988-03-31,30.25,30.5,29.875,30.5,448600,2.777981
1988-04-04,30.25,30.375,30.0,30.125,275000,2.743825
1988-04-05,30.25,30.5,30.0,30.5,396400,2.777981
1988-04-06,30.625,31.25,30.375,31.125,506000,2.834906
1988-04-07,30.75,31.0,30.625,30.875,320600,2.812136
1988-04-08,31.0,31.5,30.75,31.375,656400,2.857677
1988-04-11,31.375,31.375,31.0,31.0,294600,2.823521
1988-04-12,31.0,31.625,30.875,31.625,375800,2.880447
1988-04-13,31.625,31.75,31.25,31.625,247800,2.880447
1988-04-14,31.375,31.375,30.5,30.75,225800,2.800751
1988-04-15,30.625,30.625,30.0,30.25,307600,2.75521
1988-04-18,30.25,30.625,30.0,30.125,292400,2.743825
1988-04-19,30.0,30.25,29.625,29.875,379000,2.721055
1988-04-20,29.875,30.0,29.375,29.875,234000,2.721055
1988-04-21,29.875,30.375,29.75,30.25,270000,2.75521
1988-04-22,30.375,30.625,30.125,30.5,321400,2.777981
1988-04-25,30.5,30.625,30.125,30.375,207600,2.766595
1988-04-26,30.5,30.875,30.375,30.75,233400,2.800751
1988-04-27,30.625,30.75,30.375,30.75,146400,2.800751
1988-04-28,30.5,30.5,30.25,30.5,120400,2.777981
1988-04-29,30.5,30.875,30.375,30.75,493400,2.800751
1988-05-02,30.875,31.0,30.75,31.0,451000,2.823521
1988-05-03,31.0,31.375,30.875,31.25,279600,2.846292
1988-05-04,31.25,31.25,30.625,30.75,191800,2.800751
1988-05-05,30.75,30.75,30.5,30.75,258800,2.800751
1988-05-06,30.75,31.0,30.5,30.75,623600,2.800751
1988-05-09,30.625,30.875,30.625,30.75,97016200,2.800751
1988-05-10,30.0,30.0,29.875,30.0,2778600,2.799817
1988-05-11,30.0,30.0,29.625,29.75,2692000,2.776486
1988-05-12,29.75,29.875,29.625,29.625,194000,2.76482
1988-05-13,29.875,30.25,29.75,30.0,382400,2.799817
1988-05-16,30.125,30.125,29.625,30.125,139200,2.811483
1988-05-17,30.25,30.25,29.875,30.0,169400,2.799817
1988-05-18,30.0,30.25,29.375,29.75,237800,2.776486
1988-05-19,29.875,30.125,29.5,30.0,719200,2.799817
1988-05-20,30.0,30.625,30.0,30.25,271600,2.823149
1988-05-23,30.125,30.25,30.0,30.125,165800,2.811483
1988-05-24,30.0,30.25,30.0,30.125,149200,2.811483
1988-05-25,30.25,30.25,30.0,30.125,367200,2.811483
1988-05-26,30.0,30.25,29.875,30.25,337200,2.823149
1988-05-27,30.25,30.375,30.0,30.375,352200,2.834815
1988-05-31,30.375,31.25,30.25,31.25,380000,2.916476
1988-06-01,31.125,31.875,30.875,31.75,642600,2.96314
1988-06-02,31.5,31.625,31.125,31.375,415600,2.928142
1988-06-03,31.5,31.5,31.125,31.5,283600,2.939808
1988-06-06,31.5,31.625,31.0,31.625,316800,2.951474
1988-06-07,31.5,31.5,30.75,30.875,207200,2.881479
1988-06-08,31.0,31.875,30.875,31.75,417400,2.96314
1988-06-09,31.5,32.0,31.5,31.75,488000,2.96314
1988-06-10,31.875,32.0,31.625,31.75,508000,2.96314
1988-06-13,31.875,31.875,31.5,31.75,603200,2.96314
1988-06-14,32.0,32.5,31.875,32.125,338800,2.998138
1988-06-15,32.25,32.375,31.125,32.375,530600,3.02147
1988-06-16,32.125,32.25,31.875,31.875,394400,2.974806
1988-06-17,32.5,32.5,31.375,31.625,1738600,2.951474
1988-06-20,31.375,31.625,31.375,31.5,243800,2.939808
1988-06-21,31.625,31.875,31.25,31.5,555200,2.939808
1988-06-22,31.75,32.0,31.625,31.75,1349400,2.96314
1988-06-23,31.75,31.75,31.25,31.5,632600,2.939808
1988-06-24,31.5,31.5,31.125,31.375,563400,2.928142
1988-06-27,31.375,31.375,30.625,30.875,432600,2.881479
1988-06-28,30.875,31.0,30.625,30.75,295800,2.869813
1988-06-29,30.875,31.0,30.375,30.625,543800,2.858147
1988-06-30,30.75,31.0,30.5,31.0,368000,2.893145
1988-07-01,31.0,31.125,30.875,31.0,231400,2.893145
1988-07-05,30.75,31.25,30.75,31.0,318600,2.893145
1988-07-06,31.25,31.375,30.75,31.0,408800,2.893145
1988-07-07,30.875,31.0,30.5,31.0,172400,2.893145
1988-07-08,30.75,31.0,30.625,30.75,232200,2.869813
1988-07-11,30.75,31.125,30.75,30.875,233200,2.881479
1988-07-12,31.0,31.0,30.625,30.625,197800,2.858147
1988-07-13,30.625,31.125,30.625,31.0,255000,2.893145
1988-07-14,30.875,31.375,30.875,31.375,245000,2.928142
1988-07-15,31.375,31.75,31.25,31.625,311400,2.951474
1988-07-18,31.5,31.625,31.25,31.625,427000,2.951474
1988-07-19,31.625,31.75,31.375,31.625,481400,2.951474
1988-07-20,31.625,31.75,31.5,31.75,327600,2.96314
1988-07-21,31.75,31.75,31.375,31.75,944400,2.96314
1988-07-22,31.75,31.75,31.25,31.375,316600,2.928142
1988-07-25,31.5,31.75,31.25,31.625,288200,2.951474
1988-07-26,31.625,31.75,31.25,31.625,503400,2.951474
1988-07-27,31.5,31.75,31.375,31.5,606400,2.939808
1988-07-28,31.625,31.75,31.5,31.75,282200,2.96314
1988-07-29,31.75,31.875,31.75,31.875,453000,2.974806
1988-08-01,31.75,31.875,31.75,31.75,729600,2.96314
1988-08-02,31.875,32.125,31.75,32.0,775400,2.986472
1988-08-03,31.75,32.0,31.75,32.0,821200,2.986472
1988-08-04,32.0,32.0,31.75,32.0,206000,2.986472
1988-08-05,31.875,32.0,31.75,31.875,149200,2.974806
1988-08-08,31.875,32.0,31.75,32.0,20717200,2.986472
1988-08-09,31.875,31.875,31.25,31.75,103450400,2.96314
1988-08-10,30.75,30.75,30.0,30.25,4009200,2.890519
1988-08-11,30.25,30.5,29.75,30.0,4998000,2.86663
1988-08-12,29.875,29.875,29.5,29.5,10306400,2.818853
1988-08-15,29.5,29.5,28.75,28.75,509800,2.747187
1988-08-16,28.75,29.5,28.625,29.25,695200,2.794965
1988-08-17,29.125,29.375,29.0,29.375,213000,2.806909
1988-08-18,29.25,29.625,29.25,29.625,550200,2.830797
1988-08-19,29.5,29.625,29.375,29.625,773800,2.830797
1988-08-22,29.625,29.75,29.5,29.5,226400,2.818853
1988-08-23,29.5,29.75,29.5,29.75,385200,2.842742
1988-08-24,29.625,29.75,29.625,29.625,231600,2.830797
1988-08-25,29.625,29.75,29.5,29.625,350800,2.830797
1988-08-26,29.625,29.625,29.25,29.625,408200,2.830797
1988-08-29,29.375,29.75,29.375,29.625,794600,2.830797
1988-08-30,29.5,29.625,29.375,29.5,882400,2.818853
1988-08-31,29.375,29.5,29.25,29.375,881000,2.806909
1988-09-01,29.25,29.25,28.75,29.125,595200,2.78302
1988-09-02,29.25,29.375,29.0,29.375,475000,2.806909
1988-09-06,29.375,29.375,28.875,29.0,244000,2.771076
1988-09-07,29.0,29.25,29.0,29.125,627000,2.78302
1988-09-08,29.0,29.875,28.75,29.0,1143000,2.771076
1988-09-09,28.75,29.0,28.75,29.0,263800,2.771076
1988-09-12,29.0,29.125,28.875,29.0,380200,2.771076
1988-09-13,29.0,29.0,28.75,28.75,202600,2.747187
1988-09-14,29.0,29.0,28.75,29.0,327200,2.771076
1988-09-15,28.875,29.0,28.5,28.625,843200,2.735243
1988-09-16,28.5,29.0,28.5,29.0,739800,2.771076
1988-09-19,29.0,29.0,28.75,28.875,223800,2.759132
1988-09-20,28.875,29.125,28.75,29.0,490000,2.771076
1988-09-21,29.0,29.125,28.875,29.125,384800,2.78302
1988-09-22,29.0,29.125,28.875,29.0,705800,2.771076
1988-09-23,29.125,29.25,29.0,29.125,527600,2.78302
1988-09-26,29.125,29.25,29.0,29.25,74800,2.794965
1988-09-27,29.25,29.25,29.125,29.125,143000,2.78302
1988-09-28,29.0,29.25,29.0,29.25,420600,2.794965
1988-09-29,29.125,29.5,29.125,29.5,811400,2.818853
1988-09-30,29.5,29.625,29.25,29.5,642400,2.818853
1988-10-03,29.375,29.5,29.125,29.375,312000,2.806909
1988-10-04,29.375,29.375,29.125,29.375,271800,2.806909
1988-10-05,29.25,29.5,29.125,29.5,262200,2.818853
1988-10-06,29.375,29.5,29.375,29.5,159200,2.818853
1988-10-07,29.625,30.0,29.5,30.0,1291200,2.86663
1988-10-10,30.0,30.0,29.375,29.75,618200,2.842742
1988-10-11,29.875,29.875,29.625,29.75,438400,2.842742
1988-10-12,29.625,29.75,29.375,29.625,435800,2.830797
1988-10-13,29.5,29.75,29.5,29.75,538800,2.842742
1988-10-14,29.75,29.875,29.5,29.75,266400,2.842742
1988-10-17,29.75,29.875,29.625,29.875,897400,2.854686
1988-10-18,29.875,30.0,29.75,29.875,887400,2.854686
1988-10-19,29.75,29.875,29.25,29.5,518800,2.818853
1988-10-20,29.375,29.5,29.25,29.375,658000,2.806909
1988-10-21,29.375,29.75,29.25,29.375,1146800,2.806909
1988-10-24,29.375,29.375,29.0,29.125,1576800,2.78302
1988-10-25,29.25,29.375,28.875,29.0,395800,2.771076
1988-10-26,29.0,29.0,28.625,29.0,509600,2.771076
1988-10-27,29.0,29.125,28.625,29.0,844200,2.771076
1988-10-28,29.0,29.125,28.75,29.125,966800,2.78302
1988-10-31,29.125,29.5,29.0,29.5,690800,2.818853
1988-11-01,29.375,29.625,29.375,29.5,391200,2.818853
1988-11-02,29.625,29.75,29.5,29.625,212400,2.830797
1988-11-03,29.625,30.0,29.625,30.0,1051600,2.86663
1988-11-04,29.75,29.875,29.625,29.625,444000,2.830797
1988-11-07,29.75,29.75,29.5,29.625,210800,2.830797
1988-11-08,29.5,29.75,29.5,29.625,19045800,2.830797
1988-11-09,28.75,28.75,28.5,28.625,5630600,2.805317
1988-11-10,28.375,28.625,28.25,28.625,5530200,2.805317
1988-11-11,28.625,28.75,28.125,28.125,603600,2.756316
1988-11-14,28.25,28.375,28.125,28.375,530600,2.780816
1988-11-15,28.375,28.625,28.25,28.25,489600,2.768566
1988-11-16,28.25,28.375,27.625,28.0,620800,2.744065
1988-11-17,28.0,28.125,27.5,27.625,551800,2.707315
1988-11-18,27.75,27.75,27.5,27.75,271800,2.719565
1988-11-21,27.625,27.625,27.25,27.5,355400,2.695064
1988-11-22,27.5,27.625,27.375,27.625,461400,2.707315
1988-11-23,27.625,27.875,27.625,27.75,311400,2.719565
1988-11-25,27.5,27.75,27.375,27.75,119200,2.719565
1988-11-28,27.625,27.75,27.25,27.625,1019000,2.707315
1988-11-29,27.5,27.625,27.375,27.625,233400,2.707315
1988-11-30,27.625,27.875,27.5,27.875,740000,2.731815
1988-12-01,27.875,28.0,27.625,27.75,543400,2.719565
1988-12-02,27.5,27.75,27.5,27.75,160200,2.719565
1988-12-05,27.625,28.0,27.625,27.875,463400,2.731815
1988-12-06,27.875,27.875,27.5,27.625,677400,2.707315
1988-12-07,27.625,27.625,27.5,27.625,992600,2.707315
1988-12-08,27.5,27.625,27.5,27.625,235400,2.707315
1988-12-09,27.5,27.625,27.5,27.5,210000,2.695064
1988-12-12,27.625,27.625,27.375,27.5,1453200,2.695064
1988-12-13,27.5,27.625,27.375,27.375,715600,2.682814
1988-12-14,27.25,27.375,26.875,27.0,444400,2.646063
1988-12-15,27.0,27.125,26.625,26.875,539800,2.633813
1988-12-16,26.875,27.0,26.625,26.875,1513200,2.633813
1988-12-19,26.875,27.0,26.75,27.0,1298600,2.646063
1988-12-20,26.875,27.125,26.75,26.75,1942400,2.621563
1988-12-21,26.875,27.125,26.875,27.0,569400,2.646063
1988-12-22,27.0,27.25,26.875,27.125,843400,2.658313
1988-12-23,27.125,27.375,27.125,27.375,323600,2.682814
1988-12-27,27.5,27.625,27.375,27.5,949800,2.695064
1988-12-28,27.5,27.5,27.375,27.5,476600,2.695064
1988-12-29,27.5,28.0,27.375,27.875,790800,2.731815
1988-12-30,27.875,28.125,27.875,28.0,392200,2.744065
1989-01-03,28.0,28.0,27.625,27.625,340600,2.707315
1989-01-04,27.625,27.875,27.5,27.875,491800,2.731815
1989-01-05,27.875,28.0,27.75,27.875,265000,2.731815
1989-01-06,27.875,27.875,27.75,27.75,346800,2.719565
1989-01-09,27.75,27.875,27.75,27.75,280400,2.719565
1989-01-10,27.875,27.875,27.625,27.75,423000,2.719565
1989-01-11,27.75,28.0,27.625,28.0,240600,2.744065
1989-01-12,27.875,28.125,27.75,27.75,870000,2.719565
1989-01-13,27.75,27.875,27.5,27.75,1041400,2.719565
1989-01-16,27.625,27.875,27.625,27.75,170800,2.719565
1989-01-17,27.875,28.0,27.75,27.875,319400,2.731815
1989-01-18,27.75,28.375,27.75,28.25,684400,2.768566
1989-01-19,28.25,28.375,28.0,28.125,290000,2.756316
1989-01-20,28.0,28.125,27.875,27.875,600200,2.731815
1989-01-23,28.0,28.25,28.0,28.125,325400,2.756316
1989-01-24,28.0,28.375,28.0,28.25,391600,2.768566
1989-01-25,28.25,28.5,28.25,28.5,275000,2.793067
1989-01-26,28.5,29.125,28.375,29.125,1116200,2.854318
1989-01-27,29.125,29.25,28.75,28.875,451200,2.829817
1989-01-30,28.875,29.0,28.875,29.0,429200,2.842068
1989-01-31,29.125,29.125,28.875,29.0,596600,2.842068
1989-02-01,29.0,29.0,28.75,29.0,658200,2.842068
1989-02-02,29.0,29.0,28.875,28.875,294600,2.829817
1989-02-03,28.875,29.0,28.75,28.75,690800,2.817567
1989-02-06,28.75,29.0,28.625,28.75,745600,2.817567
1989-02-07,28.875,29.25,28.75,28.875,512800,2.829817
1989-02-08,28.875,28.875,28.25,28.25,1982000,2.768566
1989-02-09,28.25,28.375,27.875,28.0,22570200,2.744065
1989-02-10,27.25,27.25,26.75,26.875,3228600,2.70531
1989-02-13,27.0,27.5,27.0,27.375,855400,2.755642
1989-02-14,27.375,27.375,27.25,27.375,404800,2.755642
1989-02-15,27.25,27.625,27.25,27.625,4374000,2.780807
1989-02-16,27.625,27.875,27.625,27.75,4127400,2.79339
1989-02-17,28.0,28.25,27.875,28.25,705800,2.843722
1989-02-21,28.25,28.5,28.25,28.375,810000,2.856304
1989-02-22,28.25,28.375,27.875,27.875,461200,2.805973
1989-02-23,27.75,28.0,27.625,27.625,568400,2.780807
1989-02-24,27.625,27.625,27.25,27.5,947800,2.768224
1989-02-27,27.5,27.625,27.375,27.5,296600,2.768224
1989-02-28,27.5,27.75,27.5,27.625,417000,2.780807
1989-03-01,27.625,27.875,27.375,27.375,391000,2.755642
1989-03-02,27.5,27.75,27.5,27.75,210200,2.79339
1989-03-03,27.875,27.875,27.5,27.5,231400,2.768224
1989-03-06,27.625,27.75,27.375,27.75,288000,2.79339
1989-03-07,27.625,27.75,27.5,27.5,199400,2.768224
1989-03-08,27.375,27.5,27.125,27.125,567800,2.730476
1989-03-09,27.0,27.125,27.0,27.125,566000,2.730476
1989-03-10,27.125,27.25,27.0,27.125,653000,2.730476
1989-03-13,27.375,27.5,27.125,27.5,800600,2.768224
1989-03-14,27.5,27.625,27.375,27.5,793800,2.768224
1989-03-15,27.5,27.5,27.25,27.375,114000,2.755642
1989-03-16,27.375,27.5,27.375,27.5,449000,2.768224
1989-03-17,27.25,27.375,27.125,27.125,617200,2.730476
1989-03-20,27.125,27.25,27.0,27.125,425000,2.730476
1989-03-21,27.25,27.25,27.125,27.25,216800,2.743059
1989-03-22,27.25,27.375,27.125,27.25,808400,2.743059
1989-03-23,27.25,27.25,27.125,27.125,212200,2.730476
1989-03-27,27.25,27.25,26.875,27.0,338600,2.717893
1989-03-28,27.0,27.375,27.0,27.125,430800,2.730476
1989-03-29,27.125,27.25,27.0,27.25,481600,2.743059
1989-03-30,27.25,27.375,27.125,27.375,730600,2.755642
1989-03-31,27.25,27.75,27.25,27.75,1073400,2.79339
1989-04-03,27.5,27.75,27.25,27.75,626600,2.79339
1989-04-04,27.75,27.875,27.5,27.75,544800,2.79339
1989-04-05,27.75,28.0,27.625,27.875,979000,2.805973
1989-04-06,27.875,27.875,27.625,27.875,255600,2.805973
1989-04-07,27.75,27.875,27.625,27.875,220800,2.805973
1989-04-10,27.75,27.875,27.625,27.75,155400,2.79339
1989-04-11,27.75,27.875,27.75,27.75,214600,2.79339
1989-04-12,27.75,27.875,27.625,27.75,273400,2.79339
1989-04-13,27.75,27.875,27.625,27.625,179600,2.780807
1989-04-14,27.75,27.875,27.625,27.875,274800,2.805973
1989-04-17,27.875,28.125,27.75,28.125,255800,2.831139
1989-04-18,28.125,28.5,28.0,28.375,421800,2.856304
1989-04-19,28.375,28.875,28.375,28.875,721600,2.906636
1989-04-20,28.875,29.0,28.625,29.0,1082600,2.919219
1989-04-21,29.0,29.25,29.0,29.25,583400,2.944384
1989-04-24,29.25,29.375,29.125,29.25,445600,2.944384
1989-04-25,29.125,29.25,28.875,29.125,316200,2.931801
1989-04-26,29.0,29.25,29.0,29.25,256600,2.944384
1989-04-27,29.25,29.25,29.0,29.25,332200,2.944384
1989-04-28,29.25,29.25,29.0,29.125,198400,2.931801
1989-05-01,29.0,29.25,29.0,29.125,740400,2.931801
1989-05-02,29.125,29.25,29.125,29.125,313600,2.931801
1989-05-03,29.0,29.125,28.875,29.125,516000,2.931801
1989-05-04,29.0,29.125,28.75,28.875,610800,2.906636
1989-05-05,29.0,29.125,28.75,28.75,718600,2.894053
1989-05-08,28.875,28.875,28.625,28.875,526400,2.906636
1989-05-09,28.875,29.0,28.75,28.875,1945800,2.906636
1989-05-10,28.125,28.375,28.0,28.25,5056200,2.918516
1989-05-11,28.25,28.375,28.25,28.25,4769200,2.918516
1989-05-12,28.5,29.375,28.375,29.25,1081000,3.021827
1989-05-15,29.5,29.75,29.375,29.5,869800,3.047654
1989-05-16,29.5,29.625,29.375,29.5,428800,3.047654
1989-05-17,29.5,29.75,29.5,29.5,444600,3.047654
1989-05-18,29.625,29.75,29.5,29.5,714000,3.047654
1989-05-19,29.625,29.75,29.5,29.5,1018200,3.047654
1989-05-22,29.625,30.0,29.625,29.625,626000,3.060568
1989-05-23,29.625,29.75,29.5,29.5,430400,3.047654
1989-05-24,29.5,29.625,29.375,29.625,474000,3.060568
1989-05-25,29.5,29.625,29.375,29.625,360800,3.060568
1989-05-26,29.5,29.625,29.375,29.375,650800,3.03474
1989-05-30,29.5,29.625,29.375,29.5,307800,3.047654
1989-05-31,29.375,29.5,29.0,29.25,1868400,3.021827
1989-06-01,29.25,29.25,29.125,29.125,636000,3.008913
1989-06-02,29.25,29.5,29.125,29.375,771600,3.03474
1989-06-05,29.5,29.625,29.375,29.375,390200,3.03474
1989-06-06,29.5,29.875,29.5,29.75,1108400,3.073482
1989-06-07,29.75,30.0,29.625,30.0,1546600,3.099309
1989-06-08,30.0,30.25,29.875,30.125,1154800,3.112223
1989-06-09,30.125,30.75,29.875,30.625,994400,3.163878
1989-06-12,30.75,30.875,30.625,30.875,966000,3.189706
1989-06-13,31.0,31.625,30.875,31.375,1738600,3.241361
1989-06-14,31.25,31.375,31.125,31.25,665600,3.228447
1989-06-15,31.25,31.875,31.25,31.875,1389400,3.293016
1989-06-16,32.125,33.375,31.875,32.375,2498000,3.344671
1989-06-19,32.25,32.375,32.125,32.25,555000,3.331757
1989-06-20,32.25,32.625,32.25,32.5,904200,3.357585
1989-06-21,32.375,32.5,32.25,32.375,817000,3.344671
1989-06-22,32.375,32.375,32.0,32.0,1888000,3.30593
1989-06-23,32.0,32.25,32.0,32.125,622800,3.318844
1989-06-26,32.125,32.25,32.0,32.0,435600,3.30593
1989-06-27,32.125,32.5,32.0,32.375,687800,3.344671
1989-06-28,32.25,32.375,32.125,32.375,640000,3.344671
1989-06-29,32.25,32.25,31.875,31.875,645800,3.293016
1989-06-30,31.875,31.875,31.375,31.875,582600,3.293016
1989-07-03,31.875,32.0,31.75,31.75,202800,3.280102
1989-07-05,31.75,31.75,31.375,31.625,1642200,3.267189
1989-07-06,31.875,32.0,31.625,31.75,949800,3.280102
1989-07-07,31.875,32.125,31.75,32.125,709200,3.318844
1989-07-10,32.125,32.375,32.0,32.375,471600,3.344671
1989-07-11,32.25,32.75,32.25,32.625,860400,3.370499
1989-07-12,32.75,32.75,32.5,32.75,632400,3.383413
1989-07-13,32.625,32.875,32.625,32.75,414000,3.383413
1989-07-14,32.75,32.875,32.625,32.875,419400,3.396326
1989-07-17,32.75,33.125,32.625,33.0,322800,3.40924
1989-07-18,32.875,32.875,32.625,32.625,262000,3.370499
1989-07-19,32.75,33.125,32.625,33.125,561800,3.422154
1989-07-20,33.125,33.375,33.0,33.25,632600,3.435068
1989-07-21,33.125,33.5,33.0,33.5,809600,3.460895
1989-07-24,33.5,33.5,33.375,33.5,482800,3.460895
1989-07-25,33.5,33.875,33.5,33.75,512600,3.486723
1989-07-26,33.75,34.0,33.625,34.0,508400,3.512551
1989-07-27,34.125,34.625,34.125,34.625,574000,3.577119
1989-07-28,34.625,34.875,34.5,34.75,550800,3.590033
1989-07-31,34.625,34.875,34.625,34.75,725000,3.590033
1989-08-01,34.75,34.875,34.5,34.625,459400,3.577119
1989-08-02,34.5,34.625,34.375,34.5,156600,3.564206
1989-08-03,34.375,34.5,34.125,34.25,201800,3.538378
1989-08-04,34.375,34.375,34.0,34.125,328000,3.525464
1989-08-07,34.125,34.75,34.0,34.625,478600,3.577119
1989-08-08,34.5,34.625,34.375,34.625,413200,3.577119
1989-08-09,34.5,34.5,33.75,34.0,1141000,3.512551
1989-08-10,33.0,33.125,32.5,32.875,2907800,3.471891
1989-08-11,33.125,33.25,32.75,32.875,2650600,3.471891
1989-08-14,32.875,33.0,32.625,32.625,1639400,3.445489
1989-08-15,32.625,33.25,32.625,33.25,590600,3.511495
1989-08-16,33.125,33.375,32.875,33.125,352800,3.498293
1989-08-17,33.0,33.125,32.625,32.875,581600,3.471891
1989-08-18,32.75,33.25,32.75,33.25,700400,3.511495
1989-08-21,33.25,33.375,33.0,33.0,616400,3.485092
1989-08-22,33.0,33.25,33.0,33.125,778400,3.498293
1989-08-23,33.125,33.5,33.125,33.5,730000,3.537897
1989-08-24,33.5,34.125,33.375,33.75,724200,3.564299
1989-08-25,33.75,33.875,33.5,33.75,687800,3.564299
1989-08-28,33.625,33.75,33.5,33.75,386400,3.564299
1989-08-29,33.875,34.0,33.75,33.875,261400,3.5775
1989-08-30,33.75,33.875,33.75,33.875,352400,3.5775
1989-08-31,33.875,34.0,33.75,34.0,139800,3.590701
1989-09-01,33.875,34.125,33.75,34.0,186400,3.590701
1989-09-05,34.0,34.0,33.75,33.875,440400,3.5775
1989-09-06,33.875,33.875,33.625,33.75,325200,3.564299
1989-09-07,33.75,33.875,33.375,33.625,492400,3.551098
1989-09-08,33.625,33.875,33.5,33.75,409800,3.564299
1989-09-11,33.875,33.875,33.75,33.75,169600,3.564299
1989-09-12,33.625,33.875,33.625,33.75,198400,3.564299
1989-09-13,33.875,34.0,33.375,33.5,234200,3.537897
1989-09-14,33.5,33.875,33.375,33.75,213800,3.564299
1989-09-15,34.0,34.0,33.75,34.0,592000,3.590701
1989-09-18,33.875,34.0,33.75,33.875,250200,3.5775
1989-09-19,33.75,33.875,33.75,33.75,1205600,3.564299
1989-09-20,33.75,33.875,33.75,33.875,135400,3.5775
1989-09-21,33.875,34.0,33.75,33.875,208600,3.5775
1989-09-22,33.875,34.0,33.75,33.875,106400,3.5775
1989-09-25,33.875,33.875,33.625,33.75,471000,3.564299
1989-09-26,33.75,34.0,33.75,33.75,193000,3.564299
1989-09-27,33.75,33.875,33.625,33.625,386400,3.551098
1989-09-28,33.625,33.875,33.625,33.75,186400,3.564299
1989-09-29,33.875,34.0,33.75,33.875,230400,3.5775
1989-10-02,33.75,33.875,33.625,33.75,185400,3.564299
1989-10-03,33.875,33.875,33.75,33.875,344000,3.5775
1989-10-04,33.875,34.0,33.625,34.0,1263600,3.590701
1989-10-05,33.875,34.25,33.875,34.25,297000,3.617103
1989-10-06,34.25,34.5,34.125,34.375,162800,3.630304
1989-10-09,34.25,34.625,34.25,34.625,126600,3.656707
1989-10-10,34.5,34.75,34.375,34.625,210800,3.656707
1989-10-11,34.75,34.75,34.625,34.625,332000,3.656707
1989-10-12,34.75,34.875,34.5,34.875,496000,3.683109
1989-10-13,34.75,34.875,32.25,32.25,388800,3.405886
1989-10-16,32.25,34.75,32.25,34.0,1005800,3.590701
1989-10-17,34.0,34.25,33.625,33.875,562000,3.5775
1989-10-18,33.875,34.25,33.75,33.875,210600,3.5775
1989-10-19,34.125,34.5,34.0,34.25,340200,3.617103
1989-10-20,34.25,34.5,34.25,34.375,226600,3.630304
1989-10-23,34.375,34.5,34.0,34.125,250400,3.603902
1989-10-24,34.0,34.625,33.75,34.625,358200,3.656707
1989-10-25,34.75,34.875,34.5,34.625,195200,3.656707
1989-10-26,34.5,34.875,34.5,34.75,468000,3.669908
1989-10-27,34.75,35.125,34.75,35.125,330400,3.709511
1989-10-30,34.875,35.25,34.875,35.0,187200,3.69631
1989-10-31,35.0,35.625,35.0,35.25,473200,3.722712
1989-11-01,35.25,35.375,35.125,35.25,261200,3.722712
1989-11-02,35.125,35.625,35.125,35.5,681000,3.749114
1989-11-03,35.375,35.625,35.375,35.375,252400,3.735913
1989-11-06,35.25,35.5,35.25,35.25,460000,3.722712
1989-11-07,35.25,35.5,35.125,35.5,1232200,3.749114
1989-11-08,35.5,35.875,35.375,35.875,608800,3.788718
1989-11-09,35.875,35.875,35.375,35.375,3149000,3.735913
1989-11-10,34.625,34.875,34.625,34.75,728000,3.748318
1989-11-13,34.625,34.75,34.25,34.625,664600,3.734835
1989-11-14,34.75,34.75,34.5,34.625,350200,3.734835
1989-11-15,34.625,34.75,34.5,34.75,359600,3.748318
1989-11-16,34.625,34.75,34.625,34.75,252000,3.748318
1989-11-17,34.75,34.75,34.125,34.375,2397000,3.707868
1989-11-20,34.25,34.25,33.75,34.0,443000,3.667419
1989-11-21,34.0,34.0,33.5,33.625,171400,3.626969
1989-11-22,33.5,34.0,33.5,34.0,671600,3.667419
1989-11-24,33.875,34.0,33.75,33.75,109800,3.640452
1989-11-27,33.875,34.125,33.75,34.0,724000,3.667419
1989-11-28,34.0,34.25,33.875,34.25,386600,3.694385
1989-11-29,34.0,34.375,34.0,34.375,909400,3.707868
1989-11-30,34.375,34.75,34.25,34.625,432200,3.734835
1989-12-01,34.75,35.125,34.75,35.0,711600,3.775284
1989-12-04,35.0,35.25,35.0,35.25,438800,3.80225
1989-12-05,35.125,35.375,35.125,35.375,264200,3.815734
1989-12-06,35.25,35.375,35.0,35.0,185600,3.775284
1989-12-07,35.0,35.125,34.875,35.0,709600,3.775284
1989-12-08,34.875,35.0,34.75,34.875,1500000,3.761801
1989-12-11,34.875,35.0,34.75,34.875,340400,3.761801
1989-12-12,34.875,35.25,34.875,35.125,371600,3.788767
1989-12-13,35.125,35.25,35.0,35.125,683400,3.788767
1989-12-14,35.125,35.5,35.125,35.5,864800,3.829217
1989-12-15,35.5,35.5,35.25,35.5,832000,3.829217
1989-12-18,35.5,35.625,35.25,35.25,621400,3.80225
1989-12-19,35.25,35.625,35.25,35.625,822600,3.8427
1989-12-20,35.625,35.75,35.5,35.625,547600,3.8427
1989-12-21,35.5,35.625,35.375,35.375,424200,3.815734
1989-12-22,35.5,35.625,35.375,35.5,126000,3.829217
1989-12-26,35.5,35.625,35.25,35.25,856200,3.80225
1989-12-27,35.25,35.375,35.125,35.125,357000,3.788767
1989-12-28,35.125,35.125,34.875,35.0,255400,3.775284
1989-12-29,35.0,35.0,34.875,35.0,283600,3.775284
1990-01-02,35.0,35.25,34.875,35.25,710800,3.80225
1990-01-03,35.25,35.25,35.125,35.25,461600,3.80225
1990-01-04,35.25,35.25,34.5,34.875,558000,3.761801
1990-01-05,34.875,34.875,34.375,34.375,360000,3.707868
1990-01-08,34.5,34.75,34.375,34.625,264000,3.734835
1990-01-09,34.75,34.75,34.375,34.5,470600,3.721351
1990-01-10,34.375,34.625,34.125,34.625,424600,3.734835
1990-01-11,34.75,34.875,34.625,34.75,268400,3.748318
1990-01-12,34.625,34.625,34.25,34.375,404600,3.707868
1990-01-15,34.375,34.625,34.25,34.625,365400,3.734835
1990-01-16,34.375,34.75,34.375,34.75,350200,3.748318
1990-01-17,34.875,34.875,34.375,34.5,245200,3.721351
1990-01-18,34.125,34.5,34.125,34.5,495200,3.721351
1990-01-19,34.375,34.5,34.25,34.375,393000,3.707868
1990-01-22,34.375,34.5,33.75,33.75,506600,3.640452
1990-01-23,33.875,34.0,33.625,33.75,323600,3.640452
1990-01-24,33.5,34.0,32.875,33.75,341400,3.640452
1990-01-25,33.875,33.875,33.125,33.125,223000,3.573037
1990-01-26,33.125,33.375,32.875,33.125,337200,3.573037
1990-01-29,33.0,33.625,33.0,33.5,310000,3.613486
1990-01-30,33.5,33.625,33.0,33.5,248200,3.613486
1990-01-31,33.375,33.875,33.25,33.875,410400,3.653936
1990-02-01,34.0,34.0,33.625,33.875,196200,3.653936
1990-02-02,33.75,33.875,33.625,33.875,200600,3.653936
1990-02-05,33.875,34.125,33.75,34.0,463800,3.667419
1990-02-06,34.0,34.125,33.875,34.0,534200,3.667419
1990-02-07,33.75,34.125,33.75,34.125,290800,3.680902
1990-02-08,34.0,34.125,33.875,34.0,566600,3.667419
1990-02-09,34.125,34.375,34.0,34.375,557400,3.707868
1990-02-12,33.5,33.625,33.125,33.125,1195000,3.651647
1990-02-13,33.125,33.375,33.0,33.375,1242600,3.679206
1990-02-14,33.625,33.875,33.5,33.625,198600,3.706766
1990-02-15,33.75,34.5,33.75,34.25,794400,3.775665
1990-02-16,34.25,34.375,33.875,34.0,384800,3.748105
1990-02-20,33.75,33.75,33.375,33.625,252000,3.706766
1990-02-21,33.25,33.375,33.125,33.25,510600,3.665427
1990-02-22,33.375,33.375,33.0,33.0,335600,3.637867
1990-02-23,33.125,33.125,32.5,32.625,185800,3.596528
1990-02-26,32.5,33.125,32.5,33.0,341800,3.637867
1990-02-27,33.0,33.25,32.875,33.125,350000,3.651647
1990-02-28,33.125,33.375,33.0,33.125,449800,3.651647
1990-03-01,33.0,33.375,33.0,33.25,359600,3.665427
1990-03-02,33.5,33.625,33.375,33.625,216000,3.706766
1990-03-05,33.5,33.75,33.0,33.375,365400,3.679206
1990-03-06,33.375,34.125,33.25,34.125,404800,3.761885
1990-03-07,33.875,34.0,33.75,33.75,549400,3.720546
1990-03-08,33.875,34.0,33.625,33.875,1945000,3.734326
1990-03-09,33.875,33.875,33.75,33.875,324200,3.734326
1990-03-12,33.75,33.875,33.625,33.75,496600,3.720546
1990-03-13,33.875,33.875,33.5,33.5,506800,3.692986
1990-03-14,33.625,33.625,33.375,33.625,183800,3.706766
1990-03-15,33.625,33.875,33.5,33.625,494600,3.706766
1990-03-16,33.625,33.75,33.25,33.75,490800,3.720546
1990-03-19,33.5,33.625,33.25,33.375,275600,3.679206
1990-03-20,33.375,33.625,33.25,33.25,183600,3.665427
1990-03-21,33.375,33.5,33.125,33.25,187600,3.665427
1990-03-22,33.125,33.25,32.625,32.75,215800,3.610307
1990-03-23,32.875,32.875,32.625,32.75,242600,3.610307
1990-03-26,32.875,33.125,32.75,33.0,216800,3.637867
1990-03-27,33.0,33.25,32.875,33.25,258400,3.665427
1990-03-28,33.5,33.625,33.0,33.25,628000,3.665427
1990-03-29,33.0,33.25,33.0,33.0,96000,3.637867
1990-03-30,33.125,33.375,32.875,33.375,188200,3.679206
1990-04-02,33.25,33.375,33.0,33.0,257600,3.637867
1990-04-03,33.25,33.25,33.0,33.25,259800,3.665427
1990-04-04,33.25,33.375,33.125,33.375,267200,3.679206
1990-04-05,33.375,33.375,32.25,32.25,1607200,3.555188
1990-04-06,32.25,32.5,31.5,32.125,1362000,3.541408
1990-04-09,32.125,32.375,32.0,32.125,170400,3.541408
1990-04-10,32.125,32.375,32.0,32.375,316600,3.568968
1990-04-11,32.5,32.75,32.375,32.625,261800,3.596528
1990-04-12,32.625,32.625,32.25,32.5,462000,3.582748
1990-04-16,32.5,32.625,32.25,32.625,380400,3.596528
1990-04-17,32.375,32.375,31.875,32.125,495000,3.541408
1990-04-18,32.125,32.125,31.375,31.5,726800,3.472509
1990-04-19,31.625,31.875,31.625,31.875,362400,3.513849
1990-04-20,31.75,31.875,31.25,31.625,1473800,3.486289
1990-04-23,31.625,32.25,31.625,32.25,635600,3.555188
1990-04-24,32.375,32.5,32.125,32.375,674800,3.568968
1990-04-25,32.375,32.375,32.125,32.25,349800,3.555188
1990-04-26,32.375,32.5,32.0,32.375,412600,3.568968
1990-04-27,32.375,32.375,32.0,32.25,223400,3.555188
1990-04-30,32.125,32.25,32.0,32.25,292800,3.555188
1990-05-01,32.125,32.5,32.125,32.5,574200,3.582748
1990-05-02,32.5,32.75,32.375,32.5,538600,3.582748
1990-05-03,32.5,32.625,32.375,32.625,556200,3.596528
1990-05-04,32.75,33.5,32.75,33.5,1085600,3.692986
1990-05-07,33.375,34.25,33.375,33.875,782800,3.734326
1990-05-08,33.5,33.5,32.75,32.875,1056200,3.624087
1990-05-09,32.875,33.375,32.875,33.375,1973200,3.679206
1990-05-10,32.75,33.0,32.5,32.625,2271200,3.678079
1990-05-11,33.0,33.5,32.875,33.375,2528200,3.762632
1990-05-14,33.375,33.625,33.0,33.5,745400,3.776725
1990-05-15,33.375,33.75,33.375,33.75,235600,3.804909
1990-05-16,33.625,33.75,33.5,33.75,214000,3.804909
1990-05-17,33.625,33.75,33.375,33.625,350000,3.790817
1990-05-18,33.25,33.25,32.75,32.875,315600,3.706263
1990-05-21,32.5,32.75,31.75,32.0,699400,3.607618
1990-05-22,32.625,32.625,32.0,32.0,641600,3.607618
1990-05-23,32.0,32.375,32.0,32.375,397800,3.649894
1990-05-24,32.5,32.5,32.25,32.375,211800,3.649894
1990-05-25,32.375,32.5,32.125,32.125,192000,3.62171
1990-05-29,32.25,32.25,32.0,32.125,278400,3.62171
1990-05-30,32.25,32.375,31.75,32.0,280600,3.607618
1990-05-31,31.875,32.125,31.875,31.875,283800,3.593525
1990-06-01,31.875,32.5,31.875,32.25,553600,3.635802
1990-06-04,32.625,33.25,32.125,33.25,410800,3.74854
1990-06-05,33.125,33.375,33.0,33.125,291200,3.734448
1990-06-06,33.125,33.625,33.125,33.625,764400,3.790817
1990-06-07,33.5,33.625,33.125,33.5,486800,3.776725
1990-06-08,33.25,33.375,33.0,33.125,277800,3.734448
1990-06-11,33.125,33.125,33.0,33.125,207600,3.734448
1990-06-12,33.125,33.25,33.0,33.25,193800,3.74854
1990-06-13,33.25,33.5,33.25,33.375,419600,3.762632
1990-06-14,33.25,33.375,33.0,33.25,152600,3.74854
1990-06-15,33.0,33.25,33.0,33.25,494200,3.74854
1990-06-18,33.125,33.125,32.375,32.5,612000,3.663987
1990-06-19,32.625,33.0,32.5,33.0,397000,3.720356
1990-06-20,32.875,33.0,32.625,32.875,288000,3.706263
1990-06-21,32.5,32.75,32.375,32.5,347800,3.663987
1990-06-22,32.375,32.625,32.25,32.375,727200,3.649894
1990-06-25,32.25,32.375,31.875,32.125,400400,3.62171
1990-06-26,32.125,32.375,32.125,32.25,558400,3.635802
1990-06-27,32.375,33.0,32.25,32.875,660200,3.706263
1990-06-28,32.75,33.125,32.625,33.125,559600,3.734448
1990-06-29,33.0,33.625,33.0,33.625,1031600,3.790817
1990-07-02,33.375,33.5,33.25,33.375,295800,3.762632
1990-07-03,33.375,33.625,33.375,33.5,445200,3.776725
1990-07-05,33.5,33.625,33.125,33.25,337600,3.74854
1990-07-06,33.5,33.625,33.125,33.5,337000,3.776725
1990-07-09,33.5,33.5,33.0,33.25,348400,3.74854
1990-07-10,33.25,33.25,33.0,33.0,352800,3.720356
1990-07-11,33.125,33.125,32.875,33.0,511400,3.720356
1990-07-12,32.875,33.125,32.75,33.0,744200,3.720356
1990-07-13,33.125,33.25,33.0,33.125,218600,3.734448
1990-07-16,33.25,33.25,33.0,33.25,272400,3.74854
1990-07-17,33.125,33.25,33.0,33.25,158000,3.74854
1990-07-18,33.0,33.125,32.75,32.75,225200,3.692171
1990-07-19,32.625,32.875,32.375,32.5,214400,3.663987
1990-07-20,32.75,32.75,32.5,32.625,273400,3.678079
1990-07-23,32.5,32.625,32.0,32.375,594200,3.649894
1990-07-24,32.25,32.5,31.75,32.5,296200,3.663987
1990-07-25,32.5,32.875,32.375,32.875,709000,3.706263
1990-07-26,32.75,33.125,32.625,33.125,363200,3.734448
1990-07-27,33.0,33.125,32.25,32.625,412600,3.678079
1990-07-30,32.625,33.25,32.375,33.25,569000,3.74854
1990-07-31,33.125,34.0,33.125,33.75,475400,3.804909
1990-08-01,33.5,34.5,33.5,34.5,642600,3.889463
1990-08-02,34.125,34.375,33.75,33.875,609800,3.819001
1990-08-03,33.75,33.75,32.875,33.125,786400,3.734448
1990-08-06,32.75,32.75,32.0,32.25,436600,3.635802
1990-08-07,32.125,33.25,32.125,33.25,1619200,3.74854
1990-08-08,33.125,34.0,33.125,33.875,789400,3.819001
1990-08-09,33.875,34.0,33.75,33.875,998200,3.819001
1990-08-10,33.0,33.625,32.625,32.875,3386600,3.789035
1990-08-13,32.75,33.0,32.625,33.0,2760800,3.803442
1990-08-14,33.0,33.25,32.875,33.125,496000,3.817849
1990-08-15,33.25,33.5,33.0,33.375,380800,3.846663
1990-08-16,33.25,33.25,33.0,33.0,270400,3.803442
1990-08-17,32.875,33.0,32.625,32.75,301200,3.774628
1990-08-20,32.625,33.0,32.625,33.0,290200,3.803442
1990-08-21,32.75,32.875,32.5,32.5,757600,3.745814
1990-08-22,32.5,32.625,32.125,32.5,497600,3.745814
1990-08-23,32.25,32.375,31.875,31.875,874600,3.673779
1990-08-24,32.125,32.125,30.875,31.5,1076400,3.630558
1990-08-27,31.5,31.625,31.375,31.375,547800,3.616151
1990-08-28,31.375,31.5,31.25,31.25,120800,3.601744
1990-08-29,31.25,31.5,31.125,31.375,240000,3.616151
1990-08-30,31.375,31.375,30.875,31.125,429200,3.587337
1990-08-31,31.125,31.75,30.75,31.75,318800,3.659372
1990-09-04,31.75,31.75,31.375,31.75,252400,3.659372
1990-09-05,31.625,31.875,31.5,31.75,198600,3.659372
1990-09-06,31.75,31.75,31.25,31.5,145800,3.630558
1990-09-07,31.375,31.875,31.375,31.75,362000,3.659372
1990-09-10,32.0,32.125,31.875,31.875,237600,3.673779
1990-09-11,32.125,32.125,31.625,31.75,221800,3.659372
1990-09-12,32.0,32.125,31.875,32.125,370600,3.702593
1990-09-13,32.0,32.125,31.625,31.75,526600,3.659372
1990-09-14,31.375,31.75,31.25,31.625,461600,3.644965
1990-09-17,31.625,32.0,31.5,32.0,379000,3.688186
1990-09-18,31.75,31.875,31.75,31.875,394400,3.673779
1990-09-19,32.0,32.125,31.875,32.0,231600,3.688186
1990-09-20,31.875,32.0,31.625,31.75,249200,3.659372
1990-09-21,31.75,31.75,31.0,31.75,660400,3.659372
1990-09-24,31.625,31.625,31.375,31.375,170800,3.616151
1990-09-25,31.5,31.875,31.25,31.375,1006400,3.616151
1990-09-26,31.375,31.375,30.875,30.875,660200,3.558523
1990-09-27,31.0,31.375,30.75,31.375,625600,3.616151
1990-09-28,31.125,31.5,30.625,30.625,501400,3.529709
1990-10-01,31.875,32.5,31.625,32.375,1014600,3.731407
1990-10-02,32.875,32.875,32.375,32.375,301600,3.731407
1990-10-03,32.25,32.625,32.125,32.375,294800,3.731407
1990-10-04,32.375,33.0,32.375,32.875,409600,3.789035
1990-10-05,32.625,33.375,32.5,33.25,538800,3.832256
1990-10-08,33.25,33.5,33.125,33.375,265400,3.846663
1990-10-09,33.375,33.375,32.875,33.125,187200,3.817849
1990-10-10,33.0,33.375,32.75,33.25,758000,3.832256
1990-10-11,33.375,33.375,32.75,33.375,270000,3.846663
1990-10-12,33.75,34.375,33.75,34.125,1028800,3.933105
1990-10-15,34.0,34.375,33.5,34.25,949000,3.947512
1990-10-16,34.375,34.75,34.375,34.5,423800,3.976326
1990-10-17,34.375,34.875,34.375,34.75,654000,4.00514
1990-10-18,34.75,35.25,34.5,34.75,941600,4.00514
1990-10-19,34.875,35.5,34.75,35.375,645000,4.077175
1990-10-22,35.375,35.5,35.25,35.5,390400,4.091582
1990-10-23,35.375,35.625,35.0,35.5,406400,4.091582
1990-10-24,35.375,35.75,35.375,35.75,322200,4.120395
1990-10-25,35.625,35.875,35.625,35.625,416000,4.105989
1990-10-26,35.5,35.75,35.5,35.625,216200,4.105989
1990-10-29,35.625,35.75,35.375,35.375,366200,4.077175
1990-10-30,35.375,35.625,35.25,35.625,679200,4.105989
1990-10-31,35.625,36.0,35.625,35.75,495800,4.120395
1990-11-01,35.75,36.25,35.5,36.125,1646000,4.163616
1990-11-02,35.875,36.5,35.875,36.25,694800,4.178023
1990-11-05,36.375,36.5,36.0,36.125,475800,4.163616
1990-11-06,36.125,36.25,35.875,36.0,296400,4.149209
1990-11-07,35.75,35.875,35.5,35.75,1252800,4.120395
1990-11-08,35.75,36.125,35.625,36.125,4597600,4.163616
1990-11-09,35.5,36.0,35.375,35.625,1572800,4.191856
1990-11-12,35.625,35.75,35.5,35.625,915200,4.191856
1990-11-13,35.625,35.625,35.25,35.25,296800,4.147731
1990-11-14,35.375,35.375,34.875,35.0,520000,4.118315
1990-11-15,34.875,34.875,34.625,34.625,272800,4.07419
1990-11-16,34.75,35.0,34.75,35.0,290200,4.118315
1990-11-19,34.875,35.25,34.875,35.25,368800,4.147731
1990-11-20,35.0,35.375,35.0,35.375,955400,4.16244
1990-11-21,35.375,35.625,35.25,35.5,253400,4.177148
1990-11-23,35.5,35.5,35.25,35.375,96800,4.16244
1990-11-26,35.25,35.375,35.25,35.375,219400,4.16244
1990-11-27,35.5,36.0,35.5,35.875,462200,4.221273
1990-11-28,36.0,36.125,35.875,36.0,355600,4.235981
1990-11-29,35.875,36.0,35.5,35.75,179800,4.206565
1990-11-30,35.625,36.125,35.625,36.0,520000,4.235981
1990-12-03,36.0,36.125,35.75,36.0,712600,4.235981
1990-12-04,36.0,36.375,36.0,36.375,707800,4.280106
1990-12-05,36.25,36.375,36.125,36.25,603800,4.265398
1990-12-06,36.625,36.75,36.25,36.25,536800,4.265398
1990-12-07,36.25,36.25,35.75,36.125,428200,4.250689
1990-12-10,36.125,36.375,36.125,36.125,479000,4.250689
1990-12-11,36.25,36.625,36.0,36.625,707000,4.309522
1990-12-12,36.5,37.125,36.5,37.0,954600,4.353647
1990-12-13,36.875,36.875,36.5,36.75,524600,4.324231
1990-12-14,36.75,36.75,36.125,36.5,314400,4.294814
1990-12-17,36.375,36.5,36.25,36.375,371600,4.280106
1990-12-18,36.25,36.875,36.25,36.875,586200,4.338939
1990-12-19,36.875,37.0,36.75,36.875,199400,4.338939
1990-12-20,36.875,36.875,36.25,36.375,455800,4.280106
1990-12-21,36.5,36.5,36.25,36.375,808400,4.280106
1990-12-24,36.25,36.5,36.25,36.375,168200,4.280106
1990-12-26,36.375,36.625,36.375,36.625,68200,4.309522
1990-12-27,36.875,37.125,36.75,37.0,592800,4.353647
1990-12-28,37.0,37.0,36.625,36.625,485200,4.309522
1990-12-31,36.75,36.75,36.375,36.75,236800,4.324231
1991-01-02,36.5,36.75,36.375,36.75,406200,4.324231
1991-01-03,36.625,36.75,36.5,36.625,427800,4.309522
1991-01-04,36.75,36.75,36.375,36.5,1127000,4.294814
1991-01-07,36.375,36.375,35.875,36.0,432000,4.235981
1991-01-08,35.875,35.875,35.75,35.875,355000,4.221273
1991-01-09,36.0,36.25,35.375,35.5,678000,4.177148
1991-01-10,35.5,35.625,35.5,35.5,503600,4.177148
1991-01-11,35.375,35.5,35.25,35.375,288600,4.16244
1991-01-14,35.25,35.25,34.75,34.75,381600,4.088898
1991-01-15,34.75,34.875,34.625,34.875,477000,4.103607
1991-01-16,34.75,35.0,34.75,35.0,261800,4.118315
1991-01-17,35.5,36.25,35.5,36.0,609800,4.235981
1991-01-18,35.75,36.125,35.75,36.0,431600,4.235981
1991-01-21,35.875,36.0,35.625,35.875,350000,4.221273
1991-01-22,35.875,36.0,35.75,36.0,371800,4.235981
1991-01-23,36.0,36.0,35.75,35.875,643800,4.221273
1991-01-24,35.875,36.25,35.875,36.25,737800,4.265398
1991-01-25,36.375,36.625,36.125,36.375,809000,4.280106
1991-01-28,36.25,36.5,36.25,36.5,386800,4.294814
1991-01-29,36.375,36.75,36.375,36.625,507400,4.309522
1991-01-30,36.5,36.625,36.125,36.125,1310600,4.250689
1991-01-31,36.0,36.375,36.0,36.375,456000,4.280106
1991-02-01,36.5,36.5,36.25,36.375,729800,4.280106
1991-02-04,36.375,36.75,36.375,36.625,457400,4.309522
1991-02-05,36.75,36.75,36.5,36.75,643400,4.324231
1991-02-06,36.75,37.25,36.625,37.125,904000,4.368355
1991-02-07,36.875,37.75,36.875,37.625,1301600,4.427189
1991-02-08,37.5,37.875,37.375,37.875,2240800,4.456605
1991-02-11,37.125,37.5,37.0,37.375,1725000,4.485408
1991-02-12,37.375,37.75,37.25,37.375,2125200,4.485408
1991-02-13,37.25,37.5,37.125,37.375,277000,4.485408
1991-02-14,37.375,37.5,37.125,37.375,561600,4.485408
1991-02-15,37.125,37.5,37.0,37.5,3590200,4.500409
1991-02-19,37.5,37.875,37.375,37.625,476200,4.515411
1991-02-20,37.625,37.75,37.25,37.25,498800,4.470406
1991-02-21,37.5,37.5,37.0,37.0,222600,4.440404
1991-02-22,37.125,37.5,36.875,37.0,422600,4.440404
1991-02-25,37.25,37.25,36.875,36.875,478400,4.425402
1991-02-26,36.875,36.875,36.25,36.25,201800,4.350396
1991-02-27,36.25,37.0,36.25,37.0,916200,4.440404
1991-02-28,37.375,37.625,36.75,36.75,1292600,4.410401
1991-03-01,36.625,36.625,35.875,36.0,1085600,4.320393
1991-03-04,36.125,36.125,35.625,35.75,440800,4.29039
1991-03-05,35.75,35.75,35.5,35.5,566800,4.260387
1991-03-06,35.75,35.75,35.125,35.25,906000,4.230385
1991-03-07,35.0,35.25,35.0,35.0,377800,4.200382
1991-03-08,35.125,35.25,35.0,35.125,668000,4.215383
1991-03-11,35.25,35.75,35.25,35.75,546200,4.29039
1991-03-12,35.875,36.125,35.75,35.875,38000,4.305391
1991-03-13,35.875,35.875,35.5,35.625,546800,4.275389
1991-03-14,35.75,36.0,35.5,35.625,591400,4.275389
1991-03-15,35.75,35.75,35.5,35.625,692000,4.275389
1991-03-18,35.5,35.875,35.5,35.75,783200,4.29039
1991-03-19,35.625,35.75,35.5,35.625,452800,4.275389
1991-03-20,35.625,35.75,35.5,35.625,941400,4.275389
1991-03-21,35.75,35.875,35.5,35.5,798800,4.260387
1991-03-22,35.625,35.875,35.5,35.75,661200,4.29039
1991-03-25,35.75,36.25,35.75,36.25,1024000,4.350396
1991-03-26,36.125,36.25,36.0,36.125,386400,4.335394
1991-03-27,36.125,36.375,36.0,36.25,707400,4.350396
1991-03-28,36.375,36.5,36.125,36.125,341000,4.335394
1991-04-01,36.125,36.25,35.875,35.875,571800,4.305391
1991-04-02,36.125,36.375,36.0,36.375,328400,4.365397
1991-04-03,36.375,36.5,36.25,36.5,812200,4.380398
1991-04-04,36.5,36.625,36.375,36.375,412600,4.365397
1991-04-05,36.5,36.75,36.5,36.625,442400,4.3954
1991-04-08,36.625,36.75,36.5,36.5,393400,4.380398
1991-04-09,36.625,36.625,36.25,36.375,306400,4.365397
1991-04-10,36.25,36.75,36.25,36.75,287000,4.410401
1991-04-11,36.75,37.125,36.75,37.0,242200,4.440404
1991-04-12,37.125,37.125,36.75,36.875,252200,4.425402
1991-04-15,37.0,37.25,36.875,37.25,266800,4.470406
1991-04-16,37.25,37.875,37.25,37.625,1020600,4.515411
1991-04-17,37.75,37.875,37.75,37.75,344000,4.530412
1991-04-18,37.75,37.875,37.25,37.375,455200,4.485408
1991-04-19,37.375,37.375,36.75,37.0,1092000,4.440404
1991-04-22,37.25,37.25,36.875,36.875,470000,4.425402
1991-04-23,37.0,37.0,36.625,36.625,511600,4.3954
1991-04-24,36.75,37.0,36.5,36.875,846600,4.425402
1991-04-25,36.75,36.875,36.5,36.5,675800,4.380398
1991-04-26,36.75,37.0,36.625,37.0,493000,4.440404
1991-04-29,37.0,37.125,36.875,37.0,358600,4.440404
1991-04-30,37.125,37.25,36.875,37.0,824000,4.440404
1991-05-01,37.0,37.5,36.875,37.25,819800,4.470406
1991-05-02,37.375,37.375,37.25,37.375,205000,4.485408
1991-05-03,37.125,37.625,37.125,37.375,247600,4.485408
1991-05-06,37.375,37.375,37.125,37.25,562200,4.470406
1991-05-07,37.25,38.0,37.25,37.875,618800,4.545413
1991-05-08,37.875,38.0,37.75,37.875,757600,4.545413
1991-05-09,38.0,38.625,38.0,38.25,2237200,4.590417
1991-05-10,37.5,37.5,36.875,36.875,1396800,4.512707
1991-05-13,36.875,37.125,36.875,37.125,1190600,4.543302
1991-05-14,37.125,37.25,37.0,37.0,397000,4.528004
1991-05-15,37.125,37.125,36.875,37.0,379800,4.528004
1991-05-16,37.0,37.125,36.875,37.125,173400,4.543302
1991-05-17,37.125,37.125,36.875,37.0,480600,4.528004
1991-05-20,37.0,37.0,36.75,37.0,211200,4.528004
1991-05-21,37.0,37.125,37.0,37.125,218400,4.543302
1991-05-22,37.125,37.125,36.875,36.875,384000,4.512707
1991-05-23,36.875,37.0,36.875,37.0,558000,4.528004
1991-05-24,36.875,37.0,36.75,37.0,764200,4.528004
1991-05-28,37.0,37.0,36.625,36.875,714800,4.512707
1991-05-29,36.75,36.875,36.375,36.5,1069000,4.466815
1991-05-30,36.625,36.875,36.5,36.875,881000,4.512707
1991-05-31,36.875,37.0,36.5,36.75,846600,4.49741
1991-06-03,36.625,36.75,36.5,36.75,378200,4.49741
1991-06-04,36.75,36.75,36.5,36.75,734400,4.49741
1991-06-05,36.75,36.75,36.375,36.375,353200,4.451518
1991-06-06,36.25,36.25,35.875,35.875,376800,4.390329
1991-06-07,35.75,35.875,35.625,35.875,315800,4.390329
1991-06-10,35.875,36.125,35.75,36.0,199800,4.405626
1991-06-11,36.125,36.25,36.0,36.125,351800,4.420923
1991-06-12,36.125,36.25,35.5,35.625,586200,4.359734
1991-06-13,35.625,36.0,35.5,35.875,299600,4.390329
1991-06-14,36.125,36.25,36.0,36.125,359000,4.420923
1991-06-17,36.125,36.125,35.625,35.75,350400,4.375031
1991-06-18,35.875,36.0,35.75,35.875,264000,4.390329
1991-06-19,35.75,35.75,35.375,35.5,442200,4.344437
1991-06-20,35.5,35.5,35.0,35.125,552000,4.298545
1991-06-21,35.125,35.375,35.0,35.375,640200,4.329139
1991-06-24,35.25,35.875,35.125,35.75,325000,4.375031
1991-06-25,35.75,36.0,35.625,35.875,294000,4.390329
1991-06-26,35.75,35.875,35.375,35.75,633200,4.375031
1991-06-27,35.875,36.0,35.75,35.875,191400,4.390329
1991-06-28,35.75,35.875,35.5,35.75,224000,4.375031
1991-07-01,35.75,36.125,35.75,36.0,562600,4.405626
1991-07-02,36.0,36.125,35.875,36.125,256400,4.420923
1991-07-03,35.875,36.125,35.875,35.875,200800,4.390329
1991-07-05,35.875,36.0,35.75,36.0,156600,4.405626
1991-07-08,35.875,36.25,35.875,36.25,500800,4.436221
1991-07-09,36.25,36.5,36.125,36.25,214200,4.436221
1991-07-10,36.375,36.625,36.375,36.375,363000,4.451518
1991-07-11,36.375,36.75,36.25,36.5,483600,4.466815
1991-07-12,36.625,36.75,36.375,36.625,256000,4.482113
1991-07-15,36.5,36.875,36.5,36.875,198000,4.512707
1991-07-16,36.5,36.875,36.5,36.875,540600,4.512707
1991-07-17,36.875,37.125,36.75,37.0,285200,4.528004
1991-07-18,37.0,37.375,37.0,37.375,262600,4.573896
1991-07-19,37.5,37.5,37.125,37.125,509200,4.543302
1991-07-22,37.125,37.375,37.125,37.25,507600,4.558599
1991-07-23,37.375,37.5,37.25,37.25,805800,4.558599
1991-07-24,37.375,37.75,37.375,37.75,914400,4.619788
1991-07-25,37.625,37.75,37.5,37.625,518600,4.604491
1991-07-26,37.625,38.125,37.5,37.875,603000,4.635086
1991-07-29,37.875,38.25,37.875,38.125,290800,4.66568
1991-07-30,38.25,38.375,38.125,38.375,278400,4.696275
1991-07-31,38.125,38.375,38.125,38.375,346800,4.696275
1991-08-01,38.25,38.375,38.125,38.125,367400,4.66568
1991-08-02,38.375,38.625,38.25,38.625,396000,4.726869
1991-08-05,38.625,38.875,38.625,38.75,654600,4.742167
1991-08-06,38.75,38.875,38.625,38.75,946000,4.742167
1991-08-07,38.875,39.25,38.75,39.25,340400,4.803356
1991-08-08,39.25,39.375,39.0,39.25,374400,4.803356
1991-08-09,39.375,39.375,39.0,39.125,1220000,4.788059
1991-08-12,38.5,38.5,38.125,38.125,1650600,4.755627
1991-08-13,38.125,38.25,38.0,38.25,1196200,4.771219
1991-08-14,38.25,38.625,38.25,38.25,487600,4.771219
1991-08-15,38.25,38.5,38.25,38.25,179000,4.771219
1991-08-16,38.25,38.375,37.625,37.625,699600,4.693258
1991-08-19,37.375,37.375,37.0,37.125,790400,4.630889
1991-08-20,37.125,37.375,37.0,37.0,868800,4.615297
1991-08-21,37.25,37.875,37.125,37.75,792400,4.70885
1991-08-22,37.75,38.0,37.25,37.375,1106800,4.662074
1991-08-23,37.375,37.625,37.375,37.5,319000,4.677666
1991-08-26,37.5,37.625,37.25,37.25,324000,4.646481
1991-08-27,37.375,37.375,37.25,37.375,554000,4.662074
1991-08-28,37.375,37.375,37.25,37.375,532000,4.662074
1991-08-29,37.5,37.625,37.375,37.375,418000,4.662074
1991-08-30,37.375,37.5,37.25,37.375,268200,4.662074
1991-09-03,37.375,37.5,37.25,37.5,504800,4.677666
1991-09-04,37.5,37.75,37.375,37.625,396400,4.693258
1991-09-05,37.875,38.0,37.75,37.875,403000,4.724442
1991-09-06,37.875,38.125,37.875,38.0,389200,4.740035
1991-09-09,38.0,38.375,38.0,38.375,320400,4.786811
1991-09-10,38.375,38.375,38.125,38.25,419000,4.771219
1991-09-11,38.25,38.375,38.125,38.25,245800,4.771219
1991-09-12,38.375,38.375,38.125,38.25,247400,4.771219
1991-09-13,38.25,38.5,38.125,38.25,512800,4.771219
1991-09-16,38.375,39.0,38.375,39.0,372600,4.864772
1991-09-17,38.875,38.875,38.625,38.75,755800,4.833588
1991-09-18,38.625,38.625,38.375,38.5,479600,4.802404
1991-09-19,38.5,38.625,38.375,38.5,670200,4.802404
1991-09-20,38.625,38.625,38.375,38.625,797400,4.817996
1991-09-23,38.5,38.5,38.375,38.375,202200,4.786811
1991-09-24,38.375,38.625,38.375,38.625,259600,4.817996
1991-09-25,38.625,38.75,38.5,38.75,242000,4.833588
1991-09-26,38.75,38.875,38.625,38.75,240800,4.833588
1991-09-27,38.875,39.25,38.75,39.125,1023800,4.880365
1991-09-30,39.125,39.75,39.0,39.75,456400,4.958326
1991-10-01,39.75,40.125,39.75,40.0,409400,4.98951
1991-10-02,40.0,40.375,40.0,40.25,398400,5.020695
1991-10-03,40.25,40.875,40.125,40.5,495600,5.051879
1991-10-04,40.5,40.625,40.375,40.375,247200,5.036287
1991-10-07,40.375,40.375,39.875,40.125,273400,5.005102
1991-10-08,40.0,40.25,39.5,39.625,1480800,4.942734
1991-10-09,39.625,39.625,38.75,38.875,3215400,4.84918
1991-10-10,38.75,39.0,38.75,39.0,300400,4.864772
1991-10-11,39.0,39.125,39.0,39.125,421800,4.880365
1991-10-14,39.0,39.125,38.875,39.0,906400,4.864772
1991-10-15,38.875,39.0,38.5,38.875,2600400,4.84918
1991-10-16,38.875,39.0,38.75,38.875,682800,4.84918
1991-10-17,38.875,39.25,38.75,39.25,570800,4.895957
1991-10-18,39.125,39.125,38.875,39.0,694800,4.864772
1991-10-21,39.0,39.0,38.75,39.0,887800,4.864772
1991-10-22,39.0,39.0,38.625,38.75,559400,4.833588
1991-10-23,38.75,38.875,38.5,38.75,926000,4.833588
1991-10-24,38.875,38.875,38.625,38.75,494800,4.833588
1991-10-25,38.75,38.75,38.625,38.75,274200,4.833588
1991-10-28,38.75,39.125,38.625,39.0,791600,4.864772
1991-10-29,39.0,39.5,38.875,39.125,509200,4.880365
1991-10-30,39.25,39.5,39.25,39.5,429800,4.927141
1991-10-31,39.375,39.5,39.0,39.0,397400,4.864772
1991-11-01,39.125,39.25,39.0,39.125,996400,4.880365
1991-11-04,39.0,39.125,38.875,38.875,1130200,4.84918
1991-11-05,39.0,39.125,39.0,39.125,374800,4.880365
1991-11-06,39.0,39.5,39.0,39.375,366200,4.911549
1991-11-07,39.5,40.5,39.5,40.375,1352000,5.036287
1991-11-08,39.875,39.875,39.375,39.5,1382800,5.019133
1991-11-11,39.375,39.625,39.375,39.625,820200,5.035016
1991-11-12,39.625,39.875,39.625,39.625,973800,5.035016
1991-11-13,39.5,39.625,39.375,39.625,427800,5.035016
1991-11-14,39.625,39.875,39.625,39.75,566400,5.0509
1991-11-15,39.75,39.75,39.125,39.125,2073000,4.971483
1991-11-18,39.0,39.625,39.0,39.625,612400,5.035016
1991-11-19,39.625,39.625,39.125,39.25,466800,4.987366
1991-11-20,39.5,39.5,39.25,39.375,313400,5.00325
1991-11-21,39.375,40.0,39.375,39.875,301800,5.066783
1991-11-22,39.875,39.875,39.25,39.375,481800,5.00325
1991-11-25,39.25,39.375,39.125,39.25,596800,4.987366
1991-11-26,39.25,40.25,39.25,40.25,997400,5.114433
1991-11-27,40.25,41.0,40.25,40.875,641400,5.19385
1991-11-29,40.875,41.375,40.875,41.25,220400,5.2415
1991-12-02,41.0,41.75,40.875,41.75,961600,5.305033
1991-12-03,41.75,41.75,41.5,41.5,434200,5.273266
1991-12-04,41.625,41.625,41.25,41.375,661000,5.257383
1991-12-05,41.5,41.5,41.125,41.25,246600,5.2415
1991-12-06,41.25,41.75,41.125,41.625,262600,5.28915
1991-12-09,41.5,42.25,41.5,42.125,561000,5.352683
1991-12-10,42.0,42.125,41.75,41.875,1183600,5.320916
1991-12-11,42.0,42.5,42.0,42.5,740400,5.400333
1991-12-12,42.5,42.75,42.375,42.5,486000,5.400333
1991-12-13,42.5,42.5,42.125,42.375,404400,5.38445
1991-12-16,42.375,42.375,41.875,42.0,416600,5.3368
1991-12-17,42.0,42.125,41.75,42.0,425400,5.3368
1991-12-18,42.0,42.0,41.75,42.0,497600,5.3368
1991-12-19,41.875,42.0,41.75,41.75,548000,5.305033
1991-12-20,42.5,43.0,42.375,42.875,1199200,5.447983
1991-12-23,42.875,43.5,42.875,43.25,1290600,5.495633
1991-12-24,43.5,43.75,43.25,43.25,446600,5.495633
1991-12-26,43.25,43.375,43.125,43.25,241800,5.495633
1991-12-27,43.5,43.625,43.25,43.625,400800,5.543283
1991-12-30,43.875,44.25,43.75,44.125,524800,5.606816
1991-12-31,44.125,44.375,43.875,44.25,602000,5.6227
1992-01-02,44.125,44.375,43.75,44.0,597400,5.590933
1992-01-03,44.0,44.0,43.25,43.625,1177200,5.543283
1992-01-06,43.5,43.625,43.375,43.375,623800,5.511516
1992-01-07,43.375,43.625,43.375,43.5,437600,5.5274
1992-01-08,43.375,43.5,43.125,43.25,476400,5.495633
1992-01-09,43.375,43.375,42.75,42.875,465000,5.447983
1992-01-10,42.75,42.75,42.375,42.5,473000,5.400333
1992-01-13,42.25,42.375,41.625,42.25,646400,5.368566
1992-01-14,42.25,42.625,42.25,42.5,413000,5.400333
1992-01-15,42.625,42.75,41.625,41.875,500600,5.320916
1992-01-16,41.75,41.875,41.625,41.875,828400,5.320916
1992-01-17,41.75,41.875,41.25,41.875,646800,5.320916
1992-01-20,41.75,41.75,41.375,41.625,771400,5.28915
1992-01-21,41.75,42.25,41.625,42.25,343800,5.368566
1992-01-22,42.25,42.875,42.25,42.875,307000,5.447983
1992-01-23,42.875,42.875,42.625,42.875,202800,5.447983
1992-01-24,42.875,43.125,42.75,43.0,309600,5.463866
1992-01-27,42.875,43.5,42.875,43.5,664400,5.5274
1992-01-28,43.5,43.625,43.375,43.375,342600,5.511516
1992-01-29,43.375,43.875,43.25,43.625,625200,5.543283
1992-01-30,43.5,43.5,43.125,43.125,541800,5.47975
1992-01-31,43.125,43.25,42.875,43.0,332200,5.463866
1992-02-03,43.0,43.0,42.875,43.0,459400,5.463866
1992-02-04,42.75,42.875,42.125,42.25,734600,5.368566
1992-02-05,42.375,42.5,42.25,42.5,170000,5.400333
1992-02-06,42.5,42.5,42.25,42.5,212400,5.400333
1992-02-07,42.5,42.625,42.0,42.25,1194200,5.368566
1992-02-10,41.75,41.875,41.375,41.5,1643800,5.367273
1992-02-11,41.5,41.75,41.375,41.625,1491600,5.383439
1992-02-12,41.75,42.0,41.625,41.875,262600,5.415772
1992-02-13,42.0,42.0,41.375,41.375,313000,5.351106
1992-02-14,41.25,41.75,41.125,41.625,4058200,5.383439
1992-02-18,41.75,41.875,41.375,41.75,252600,5.399606
1992-02-19,41.5,41.875,41.5,41.875,217000,5.415772
1992-02-20,41.5,41.625,41.125,41.5,496800,5.367273
1992-02-21,41.625,41.625,40.25,40.375,822600,5.221774
1992-02-24,40.25,40.625,40.125,40.5,561600,5.237941
1992-02-25,40.5,40.75,40.25,40.625,772400,5.254107
1992-02-26,40.625,41.0,40.5,41.0,466200,5.302607
1992-02-27,41.125,41.625,40.875,41.625,562200,5.383439
1992-02-28,41.75,42.25,41.5,41.5,778200,5.367273
1992-03-02,41.375,41.5,41.125,41.25,233000,5.33494
1992-03-03,41.125,41.875,40.75,40.75,508600,5.270274
1992-03-04,40.75,40.875,40.375,40.625,772800,5.254107
1992-03-05,40.5,40.75,40.25,40.5,532800,5.237941
1992-03-06,40.625,41.0,40.5,41.0,1060800,5.302607
1992-03-09,41.0,41.25,40.875,41.125,471600,5.318773
1992-03-10,41.25,42.0,41.25,41.75,573800,5.399606
1992-03-11,41.875,42.125,41.75,42.0,723000,5.431939
1992-03-12,42.0,42.0,41.5,41.5,476200,5.367273
1992-03-13,41.75,41.75,41.5,41.5,198400,5.367273
1992-03-16,41.625,41.875,41.5,41.75,140400,5.399606
1992-03-17,41.75,42.0,41.5,41.5,192800,5.367273
1992-03-18,41.5,41.75,41.125,41.125,366000,5.318773
1992-03-19,41.625,41.875,41.5,41.75,254000,5.399606
1992-03-20,41.75,42.25,41.75,42.25,883400,5.464272
1992-03-23,42.0,42.25,42.0,42.125,755800,5.448105
1992-03-24,42.125,42.25,42.125,42.25,170000,5.464272
1992-03-25,42.125,42.125,41.625,41.625,439200,5.383439
1992-03-26,41.875,42.125,41.625,41.75,360200,5.399606
1992-03-27,41.625,42.125,41.625,41.875,439000,5.415772
1992-03-30,42.0,42.5,41.875,42.125,335200,5.448105
1992-03-31,42.25,42.75,42.125,42.625,350000,5.512771
1992-04-01,42.625,42.625,42.125,42.5,448200,5.496605
1992-04-02,42.625,42.75,42.5,42.625,535600,5.512771
1992-04-03,42.625,43.125,42.625,42.75,521800,5.528938
1992-04-06,42.875,42.875,42.5,42.625,170600,5.512771
1992-04-07,42.625,42.75,42.375,42.75,372600,5.528938
1992-04-08,42.75,42.875,42.0,42.125,2928200,5.448105
1992-04-09,42.125,42.5,42.0,42.375,790200,5.480438
1992-04-10,42.5,42.625,42.5,42.625,340400,5.512771
1992-04-13,42.625,42.75,42.375,42.625,181400,5.512771
1992-04-14,42.75,42.75,42.5,42.625,290400,5.512771
1992-04-15,42.875,43.375,42.875,43.125,524600,5.577437
1992-04-16,43.125,43.625,43.125,43.625,587200,5.642103
1992-04-20,43.625,43.875,43.5,43.875,393600,5.674436
1992-04-21,43.875,43.875,43.75,43.75,229400,5.658269
1992-04-22,43.75,43.875,43.5,43.625,239800,5.642103
1992-04-23,43.625,43.75,43.5,43.625,162800,5.642103
1992-04-24,43.75,44.125,43.625,43.625,359200,5.642103
1992-04-27,43.75,43.75,43.375,43.5,224400,5.625936
1992-04-28,43.625,44.0,43.25,44.0,380600,5.690602
1992-04-29,43.875,44.0,43.75,43.875,424000,5.674436
1992-04-30,44.0,44.375,44.0,44.125,531200,5.706769
1992-05-01,44.25,44.375,44.125,44.375,340600,5.739102
1992-05-04,44.25,44.5,44.25,44.375,549200,5.739102
1992-05-05,44.5,44.75,44.25,44.75,326600,5.787601
1992-05-06,44.625,44.625,44.125,44.375,651600,5.739102
1992-05-07,44.625,44.625,43.875,44.125,317400,5.706769
1992-05-08,44.375,44.5,44.125,44.5,1228000,5.755268
1992-05-11,43.75,43.875,43.375,43.625,1135200,5.737513
1992-05-12,43.625,43.625,43.25,43.5,855400,5.721073
1992-05-13,43.5,43.625,43.125,43.125,654200,5.671754
1992-05-14,43.125,43.125,42.75,42.75,972800,5.622434
1992-05-15,42.75,43.0,42.5,42.625,351000,5.605994
1992-05-18,42.75,43.125,42.625,43.0,408600,5.655314
1992-05-19,43.0,43.25,43.0,43.25,212400,5.688194
1992-05-20,43.375,43.75,43.375,43.375,792600,5.704634
1992-05-21,43.375,43.5,42.875,43.0,329800,5.655314
1992-05-22,43.125,43.125,43.0,43.0,210200,5.655314
1992-05-26,43.0,43.125,42.625,42.625,465400,5.605994
1992-05-27,42.75,43.0,42.75,42.875,668800,5.638874
1992-05-28,43.0,43.375,42.875,43.25,545600,5.688194
1992-05-29,43.375,43.625,42.875,43.0,473800,5.655314
1992-06-01,43.0,43.0,42.625,43.0,535600,5.655314
1992-06-02,43.0,43.0,42.75,42.875,211400,5.638874
1992-06-03,42.875,42.875,42.5,42.875,539000,5.638874
1992-06-04,42.875,42.875,42.5,42.625,583800,5.605994
1992-06-05,42.75,42.75,42.375,42.375,755000,5.573115
1992-06-08,42.375,42.75,42.375,42.625,423400,5.605994
1992-06-09,42.75,42.875,42.5,42.625,344400,5.605994
1992-06-10,42.5,43.25,42.5,43.0,368000,5.655314
1992-06-11,43.25,43.5,43.125,43.5,293200,5.721073
1992-06-12,43.625,43.75,43.25,43.25,676600,5.688194
1992-06-15,43.375,43.5,43.25,43.375,201000,5.704634
1992-06-16,43.5,43.875,43.5,43.75,585000,5.753953
1992-06-17,43.75,44.0,43.75,43.75,333200,5.753953
1992-06-18,43.75,43.75,43.375,43.625,246200,5.737513
1992-06-19,43.625,43.625,43.375,43.625,263800,5.737513
1992-06-22,43.5,43.625,43.375,43.625,134800,5.737513
1992-06-23,43.625,43.875,43.5,43.875,489600,5.770393
1992-06-24,43.75,44.125,43.75,43.75,347200,5.753953
1992-06-25,43.875,44.0,43.75,43.75,130400,5.753953
1992-06-26,43.5,43.75,43.5,43.625,358600,5.737513
1992-06-29,43.75,44.0,43.75,43.875,134800,5.770393
1992-06-30,44.0,44.0,43.75,43.875,128400,5.770393
1992-07-01,43.875,44.125,43.75,44.125,414600,5.803273
1992-07-02,44.125,44.5,44.125,44.5,382000,5.852592
1992-07-06,44.375,44.5,44.0,44.125,530200,5.803273
1992-07-07,44.0,44.625,44.0,44.375,648200,5.836153
1992-07-08,44.25,44.75,44.25,44.75,326200,5.885472
1992-07-09,44.625,44.75,44.25,44.375,488800,5.836153
1992-07-10,44.375,44.5,44.25,44.25,405800,5.819713
1992-07-13,44.375,45.0,44.25,45.0,357800,5.918352
1992-07-14,45.0,45.0,44.625,44.75,233600,5.885472
1992-07-15,44.875,45.125,44.625,45.125,294200,5.934792
1992-07-16,45.0,45.0,44.75,44.875,253600,5.901912
1992-07-17,44.75,44.875,44.625,44.875,362400,5.901912
1992-07-20,44.625,44.75,44.375,44.75,436600,5.885472
1992-07-21,44.75,45.0,44.5,44.625,491200,5.869032
1992-07-22,44.625,44.75,44.5,44.75,303200,5.885472
1992-07-23,44.875,44.875,44.625,44.75,724800,5.885472
1992-07-24,44.875,45.375,44.875,45.375,253000,5.967671
1992-07-27,45.25,45.5,45.25,45.5,376200,5.984111
1992-07-28,45.375,46.125,45.375,46.0,616200,6.049871
1992-07-29,46.125,46.75,46.125,46.25,334600,6.082751
1992-07-30,46.25,46.375,46.0,46.25,361600,6.082751
1992-07-31,46.125,46.375,46.125,46.25,271800,6.082751
1992-08-03,46.25,46.875,46.25,46.875,449000,6.16495
1992-08-04,46.5,46.625,45.875,46.25,1407400,6.082751
1992-08-05,46.0,46.125,45.25,45.5,1041400,5.984111
1992-08-06,45.375,45.5,45.25,45.25,499400,5.951232
1992-08-07,45.25,45.25,45.0,45.0,992800,5.918352
1992-08-10,43.875,44.0,43.625,43.625,521800,5.83476
1992-08-11,43.75,44.125,43.75,44.0,767000,5.884915
1992-08-12,43.875,44.125,43.875,44.0,538400,5.884915
1992-08-13,44.125,44.5,44.125,44.25,396000,5.918352
1992-08-14,44.375,44.5,44.25,44.375,260800,5.935071
1992-08-17,44.25,44.5,44.0,44.25,236200,5.918352
1992-08-18,44.125,44.375,44.125,44.375,372800,5.935071
1992-08-19,44.25,44.375,44.0,44.25,716800,5.918352
1992-08-20,44.125,44.625,44.125,44.5,277600,5.951789
1992-08-21,44.75,44.875,44.5,44.75,458400,5.985226
1992-08-24,44.5,44.5,44.125,44.25,334000,5.918352
1992-08-25,44.125,44.25,43.875,43.875,325000,5.868197
1992-08-26,44.0,44.0,43.375,43.75,519400,5.851478
1992-08-27,43.875,44.25,43.875,44.0,490800,5.884915
1992-08-28,44.0,44.25,44.0,44.25,192800,5.918352
1992-08-31,44.375,44.375,44.125,44.375,422400,5.935071
1992-09-01,44.25,44.375,44.125,44.25,334000,5.918352
1992-09-02,44.25,44.25,43.875,44.0,360800,5.884915
1992-09-03,44.0,44.0,43.75,43.875,214400,5.868197
1992-09-04,43.75,44.125,43.75,44.0,294600,5.884915
1992-09-08,43.875,44.125,43.75,44.125,192000,5.901634
1992-09-09,44.125,44.625,44.125,44.5,358600,5.951789
1992-09-10,44.625,44.625,44.375,44.5,715200,5.951789
1992-09-11,44.625,44.75,44.5,44.75,541000,5.985226
1992-09-14,44.75,44.875,44.5,44.625,299200,5.968508
1992-09-15,44.375,44.5,43.375,44.25,525400,5.918352
1992-09-16,44.375,44.375,44.25,44.25,235600,5.918352
1992-09-17,44.375,44.375,44.125,44.25,148600,5.918352
1992-09-18,44.125,44.25,44.0,44.0,406600,5.884915
1992-09-21,44.0,44.125,44.0,44.125,147600,5.901634
1992-09-22,44.0,44.25,43.75,43.875,216200,5.868197
1992-09-23,43.875,44.0,43.75,44.0,385600,5.884915
1992-09-24,44.125,44.5,44.125,44.375,372800,5.935071
1992-09-25,44.5,44.625,44.25,44.5,183200,5.951789
1992-09-28,44.375,44.875,44.375,44.875,121200,6.001945
1992-09-29,44.75,44.875,44.625,44.75,280400,5.985226
1992-09-30,44.75,44.875,44.625,44.875,138400,6.001945
1992-10-01,44.875,45.0,44.375,44.375,196000,5.935071
1992-10-02,44.625,44.625,43.75,43.875,199600,5.868197
1992-10-05,43.875,43.875,43.25,43.375,447800,5.801323
1992-10-06,43.25,43.75,42.875,43.0,728600,5.751167
1992-10-07,43.0,43.125,42.5,42.5,971800,5.684293
1992-10-08,42.625,42.875,42.625,42.75,480000,5.71773
1992-10-09,42.75,43.25,42.625,42.875,338200,5.734448
1992-10-12,43.0,43.125,43.0,43.125,137800,5.767885
1992-10-13,43.125,43.5,43.0,43.375,175600,5.801323
1992-10-14,43.25,43.5,43.25,43.375,153800,5.801323
1992-10-15,43.25,43.75,43.25,43.75,317400,5.851478
1992-10-16,43.75,43.75,43.5,43.75,191200,5.851478
1992-10-19,43.75,44.125,43.75,43.875,322000,5.868197
1992-10-20,43.875,43.875,43.5,43.5,358800,5.818041
1992-10-21,43.625,43.625,43.25,43.25,398600,5.784604
1992-10-22,43.375,43.375,43.125,43.25,278800,5.784604
1992-10-23,43.5,43.625,43.25,43.375,116200,5.801323
1992-10-26,43.375,43.875,43.375,43.625,201200,5.83476
1992-10-27,43.75,43.875,43.625,43.875,153800,5.868197
1992-10-28,43.875,43.875,43.75,43.875,192400,5.868197
1992-10-29,44.0,44.375,43.875,44.25,429400,5.918352
1992-10-30,44.375,44.625,44.25,44.5,281400,5.951789
1992-11-02,44.625,45.0,44.625,45.0,1066000,6.018663
1992-11-03,44.875,45.25,44.75,45.0,641800,6.018663
1992-11-04,44.875,45.5,44.875,45.375,1271200,6.068819
1992-11-05,45.375,45.5,45.125,45.25,1033800,6.0521
1992-11-06,45.25,45.25,45.0,45.125,2373600,6.035382
1992-11-09,44.125,44.25,43.75,43.75,536800,5.950376
1992-11-10,43.875,43.875,43.625,43.75,798600,5.950376
1992-11-11,43.75,44.0,43.5,44.0,855000,5.984378
1992-11-12,44.0,44.25,43.625,44.25,247200,6.01838
1992-11-13,44.125,44.375,44.125,44.375,396600,6.035381
1992-11-16,44.25,44.25,43.875,44.125,737200,6.001379
1992-11-17,44.25,44.375,44.125,44.375,150600,6.035381
1992-11-18,44.125,44.75,44.125,44.5,377600,6.052382
1992-11-19,44.75,44.75,44.125,44.375,218600,6.035381
1992-11-20,44.5,44.5,44.25,44.375,438000,6.035381
1992-11-23,44.375,44.5,44.25,44.375,209000,6.035381
1992-11-24,44.375,44.75,44.375,44.375,426800,6.035381
1992-11-25,44.5,44.5,44.125,44.375,135400,6.035381
1992-11-27,44.375,44.375,44.125,44.25,139800,6.01838
1992-11-30,44.375,44.5,44.125,44.25,200600,6.01838
1992-12-01,44.25,44.25,44.0,44.125,245800,6.001379
1992-12-02,44.125,44.125,43.875,44.125,98400,6.001379
1992-12-03,44.125,44.25,44.0,44.125,324800,6.001379
1992-12-04,44.125,44.5,44.125,44.5,562800,6.052382
1992-12-07,44.5,44.625,44.375,44.5,336800,6.052382
1992-12-08,44.375,45.0,44.375,44.875,311000,6.103385
1992-12-09,44.875,44.875,44.75,44.75,117400,6.086384
1992-12-10,44.75,45.25,44.75,45.25,955200,6.154389
1992-12-11,45.25,45.5,45.0,45.0,533200,6.120387
1992-12-14,45.25,45.25,45.0,45.0,140200,6.120387
1992-12-15,45.125,45.25,45.0,45.125,200400,6.137388
1992-12-16,45.25,45.5,45.125,45.375,374400,6.17139
1992-12-17,45.125,45.625,45.125,45.625,258400,6.205392
1992-12-18,45.875,46.0,45.625,45.875,645800,6.239394
1992-12-21,45.875,46.125,45.75,46.0,305200,6.256395
1992-12-22,46.0,46.5,46.0,46.375,686000,6.307398
1992-12-23,46.25,46.875,46.25,46.5,299200,6.324399
1992-12-24,46.625,46.75,46.5,46.625,104400,6.341401
1992-12-28,46.75,46.75,46.375,46.5,105000,6.324399
1992-12-29,46.5,46.5,46.375,46.375,270200,6.307398
1992-12-30,46.5,46.5,46.375,46.5,115800,6.324399
1992-12-31,46.5,46.5,45.875,45.875,259400,6.239394
1993-01-04,46.125,46.375,46.0,46.375,276800,6.307398
1993-01-05,46.125,46.25,46.0,46.0,217200,6.256395
1993-01-06,46.0,46.125,45.75,46.0,184400,6.256395
1993-01-07,46.0,46.0,45.375,45.625,339800,6.205392
1993-01-08,45.625,45.625,44.75,45.125,1002000,6.137388
1993-01-11,45.25,45.375,45.125,45.375,315600,6.17139
1993-01-12,45.5,45.5,44.875,45.25,167400,6.154389
1993-01-13,45.375,45.875,45.25,45.875,345400,6.239394
1993-01-14,45.875,45.875,45.5,45.75,200000,6.222393
1993-01-15,46.0,46.0,45.875,46.0,358200,6.256395
1993-01-18,46.125,46.125,45.875,46.125,90000,6.273396
1993-01-19,46.0,46.25,46.0,46.125,243600,6.273396
1993-01-20,46.0,46.125,46.0,46.125,482000,6.273396
1993-01-21,46.125,46.375,46.0,46.25,181600,6.290397
1993-01-22,46.375,46.5,46.25,46.25,391800,6.290397
1993-01-25,46.125,46.5,46.125,46.375,271600,6.307398
1993-01-26,46.375,46.5,46.25,46.25,169800,6.290397
1993-01-27,46.25,46.5,46.25,46.375,438200,6.307398
1993-01-28,46.375,46.5,46.25,46.375,321600,6.307398
1993-01-29,46.5,46.75,46.5,46.625,213400,6.341401
1993-02-01,46.75,46.875,46.625,46.875,338200,6.375403
1993-02-02,46.875,47.375,46.75,47.375,298000,6.443407
1993-02-03,47.5,48.0,47.375,47.875,672000,6.511411
1993-02-04,48.25,48.75,48.125,48.625,498600,6.613418
1993-02-05,48.625,48.75,48.5,48.625,648400,6.613418
1993-02-08,48.5,48.5,48.125,48.125,1084600,6.545413
1993-02-09,47.125,47.25,46.875,47.125,664400,6.510873
1993-02-10,47.125,47.25,47.0,47.25,370600,6.528143
1993-02-11,47.25,47.25,46.75,46.875,534600,6.476333
1993-02-12,47.0,47.25,47.0,47.0,319200,6.493603
1993-02-16,47.125,47.125,46.5,46.75,511000,6.459062
1993-02-17,46.75,47.0,46.625,47.0,229800,6.493603
1993-02-18,47.25,47.375,47.125,47.25,565400,6.528143
1993-02-19,47.375,47.75,47.375,47.625,1280000,6.579954
1993-02-22,47.625,48.5,47.625,48.5,1210400,6.700846
1993-02-23,48.5,48.5,47.75,48.0,814400,6.631765
1993-02-24,48.0,48.0,47.25,47.5,724600,6.562684
1993-02-25,47.5,47.75,47.0,47.5,390400,6.562684
1993-02-26,47.5,47.625,47.25,47.25,361600,6.528143
1993-03-01,47.5,47.5,47.25,47.375,319800,6.545414
1993-03-02,47.25,47.375,47.125,47.375,234600,6.545414
1993-03-03,47.5,47.625,47.375,47.5,317800,6.562684
1993-03-04,47.625,47.625,47.375,47.375,394400,6.545414
1993-03-05,47.0,47.125,46.75,46.75,727800,6.459062
1993-03-08,46.75,47.25,46.75,47.0,424600,6.493603
1993-03-09,47.0,47.0,46.5,46.625,509400,6.441792
1993-03-10,46.625,47.125,46.375,47.125,632200,6.510873
1993-03-11,47.125,47.125,46.75,47.0,488400,6.493603
1993-03-12,46.875,46.875,46.5,46.625,275600,6.441792
1993-03-15,46.5,46.625,46.25,46.375,165600,6.407252
1993-03-16,46.375,46.875,46.375,46.75,186400,6.459062
1993-03-17,46.75,46.875,46.75,46.875,226600,6.476333
1993-03-18,46.75,47.125,46.625,46.875,571000,6.476333
1993-03-19,46.875,46.875,46.625,46.875,462800,6.476333
1993-03-22,46.75,46.875,46.625,46.875,231800,6.476333
1993-03-23,46.75,47.25,46.625,47.125,488000,6.510873
1993-03-24,47.125,47.5,47.0,47.125,310400,6.510873
1993-03-25,47.25,47.75,47.25,47.75,312800,6.597224
1993-03-26,47.75,47.75,47.25,47.25,271600,6.528143
1993-03-29,47.375,47.5,46.75,47.0,160000,6.493603
1993-03-30,47.125,47.125,46.625,46.75,1164600,6.459062
1993-03-31,46.75,46.875,46.625,46.75,617800,6.459062
1993-04-01,46.875,47.0,46.75,47.0,210000,6.493603
1993-04-02,47.0,47.0,46.5,46.625,375600,6.441792
1993-04-05,46.75,47.0,46.625,46.875,197000,6.476333
1993-04-06,47.0,47.375,46.875,47.125,164600,6.510873
1993-04-07,47.375,47.625,47.25,47.25,218400,6.528143
1993-04-08,47.375,47.5,47.125,47.25,401600,6.528143
1993-04-12,47.25,47.75,47.125,47.75,435000,6.597224
1993-04-13,47.875,48.125,47.875,48.0,448200,6.631765
1993-04-14,48.0,48.0,47.625,47.875,406800,6.614494
1993-04-15,48.0,48.375,47.875,48.125,252800,6.649035
1993-04-16,48.375,48.375,48.125,48.125,563200,6.649035
1993-04-19,48.25,48.25,47.75,47.875,550800,6.614494
1993-04-20,47.75,47.75,47.0,47.5,266200,6.562684
1993-04-21,47.5,47.5,46.75,46.875,264600,6.476333
1993-04-22,47.0,47.125,46.625,47.0,409400,6.493603
1993-04-23,46.75,46.875,46.625,46.625,320200,6.441792
1993-04-26,46.625,46.75,46.5,46.625,315200,6.441792
1993-04-27,46.625,46.75,46.25,46.375,217000,6.407252
1993-04-28,46.375,46.75,46.25,46.5,392200,6.424522
1993-04-29,46.5,46.5,46.0,46.25,489800,6.389982
1993-04-30,46.25,46.375,46.0,46.0,249200,6.355441
1993-05-03,46.375,46.375,46.0,46.25,358200,6.389982
1993-05-04,46.25,46.75,46.125,46.75,485000,6.459062
1993-05-05,46.875,47.25,46.875,47.125,261600,6.510873
1993-05-06,47.125,47.375,47.125,47.125,337200,6.510873
1993-05-07,47.125,47.25,46.75,46.75,1435200,6.459062
1993-05-10,45.5,46.125,45.5,46.0,350000,6.459062
1993-05-11,46.25,46.25,45.625,45.625,180400,6.406407
1993-05-12,45.75,45.75,45.25,45.5,441600,6.388855
1993-05-13,45.5,45.5,44.5,44.625,357800,6.265993
1993-05-14,44.375,44.375,43.625,43.875,557600,6.160682
1993-05-17,44.0,44.125,43.75,43.875,405400,6.160682
1993-05-18,44.0,44.25,43.25,43.625,478800,6.125578
1993-05-19,43.875,44.5,43.25,44.375,673600,6.230889
1993-05-20,44.375,44.375,44.25,44.375,304800,6.230889
1993-05-21,44.25,44.375,44.125,44.25,355800,6.213337
1993-05-24,44.25,44.5,44.0,44.25,417800,6.213337
1993-05-25,44.25,44.375,44.125,44.375,333400,6.230889
1993-05-26,44.375,44.625,44.25,44.625,390000,6.265993
1993-05-27,44.75,44.75,44.25,44.375,219400,6.230889
1993-05-28,44.5,44.5,44.0,44.25,269600,6.213337
1993-06-01,44.25,44.625,44.125,44.5,280800,6.248441
1993-06-02,44.5,44.75,44.5,44.625,167600,6.265993
1993-06-03,44.5,44.625,44.375,44.625,180400,6.265993
1993-06-04,44.625,44.625,44.125,44.25,578600,6.213337
1993-06-07,44.25,44.5,44.125,44.25,285400,6.213337
1993-06-08,44.25,44.375,44.0,44.125,307800,6.195785
1993-06-09,44.0,44.0,43.75,43.875,347200,6.160682
1993-06-10,43.875,44.125,43.75,44.0,189800,6.178234
1993-06-11,44.25,44.25,44.0,44.125,388600,6.195785
1993-06-14,44.25,44.25,44.0,44.125,406800,6.195785
1993-06-15,44.125,44.25,43.875,43.875,296800,6.160682
1993-06-16,44.0,44.0,43.5,43.75,515400,6.14313
1993-06-17,43.75,43.75,43.0,43.375,927200,6.090475
1993-06-18,43.125,43.25,42.875,43.0,549600,6.037819
1993-06-21,43.25,43.5,42.75,43.0,2370000,6.037819
1993-06-22,42.875,43.125,42.5,42.5,552800,5.967612
1993-06-23,42.75,43.0,42.625,43.0,522000,6.037819
1993-06-24,43.125,43.625,43.0,43.375,536200,6.090475
1993-06-25,43.625,43.625,43.125,43.375,1262800,6.090475
1993-06-28,43.375,43.625,43.125,43.5,1210000,6.108026
1993-06-29,43.625,43.875,43.375,43.375,479400,6.090475
1993-06-30,43.5,43.75,43.375,43.75,472800,6.14313
1993-07-01,43.75,44.125,43.75,44.0,915200,6.178234
1993-07-02,44.0,44.0,43.75,43.75,267000,6.14313
1993-07-06,43.875,43.875,43.375,43.75,954600,6.14313
1993-07-07,43.875,44.0,43.625,43.875,555400,6.160682
1993-07-08,43.875,44.625,43.75,44.375,817800,6.230889
1993-07-09,44.625,44.875,44.5,44.625,466600,6.265993
1993-07-12,44.625,45.0,44.375,44.875,601200,6.301096
1993-07-13,44.875,45.125,44.875,45.0,358200,6.318648
1993-07-14,45.0,45.5,44.875,45.5,357000,6.388855
1993-07-15,45.5,46.0,45.375,45.75,954200,6.423959
1993-07-16,45.875,45.875,45.5,45.75,1147800,6.423959
1993-07-19,45.75,45.75,45.5,45.625,222000,6.406407
1993-07-20,45.625,45.75,45.375,45.625,289600,6.406407
1993-07-21,45.75,45.75,45.375,45.5,414000,6.388855
1993-07-22,45.5,45.5,45.25,45.5,273400,6.388855
1993-07-23,45.5,45.5,45.375,45.5,310400,6.388855
1993-07-26,45.625,45.875,45.5,45.75,648000,6.423959
1993-07-27,45.75,45.875,45.5,45.75,389600,6.423959
1993-07-28,46.0,46.5,45.75,46.25,475800,6.494166
1993-07-29,46.375,46.5,46.25,46.5,262000,6.52927
1993-07-30,46.25,46.25,46.0,46.0,809600,6.459062
1993-08-02,46.0,46.25,45.5,46.25,735000,6.494166
1993-08-03,46.0,46.125,45.875,45.875,687200,6.441511
1993-08-04,45.875,46.625,45.75,46.375,673000,6.511718
1993-08-05,46.625,46.625,46.375,46.5,532600,6.52927
1993-08-06,46.5,46.625,45.625,46.25,536800,6.494166
1993-08-09,46.25,46.375,45.75,46.0,1351400,6.459062
1993-08-10,45.125,45.375,45.0,45.125,717600,6.44122
1993-08-11,45.25,45.25,44.875,45.25,1176200,6.459062
1993-08-12,45.125,45.25,45.0,45.0,1021600,6.423377
1993-08-13,45.0,45.125,44.75,45.0,541400,6.423377
1993-08-16,45.0,45.125,44.75,44.875,596800,6.405534
1993-08-17,44.875,45.125,44.75,44.875,392400,6.405534
1993-08-18,45.0,45.5,45.0,45.25,663000,6.459062
1993-08-19,45.125,45.375,45.0,45.25,198200,6.459062
1993-08-20,45.375,45.5,45.0,45.5,348000,6.494748
1993-08-23,45.25,45.5,45.25,45.25,186800,6.459062
1993-08-24,45.5,45.875,45.375,45.75,491800,6.530433
1993-08-25,46.0,46.375,45.875,46.125,702200,6.583961
1993-08-26,46.25,46.625,46.125,46.625,397400,6.655332
1993-08-27,46.5,46.625,46.375,46.625,235800,6.655332
1993-08-30,46.5,47.0,46.375,47.0,261600,6.70886
1993-08-31,47.0,47.125,46.875,47.125,247800,6.726703
1993-09-01,47.125,47.125,46.625,46.75,344400,6.673175
1993-09-02,46.75,46.875,45.625,46.625,741800,6.655332
1993-09-03,46.625,46.75,46.5,46.5,287600,6.63749
1993-09-07,46.5,46.625,46.375,46.5,177200,6.63749
1993-09-08,46.5,46.5,46.375,46.5,219800,6.63749
1993-09-09,46.375,46.625,46.375,46.625,263400,6.655332
1993-09-10,46.5,46.75,46.5,46.75,206000,6.673175
1993-09-13,46.75,47.0,46.625,46.875,301000,6.691018
1993-09-14,46.875,47.0,46.75,46.75,745200,6.673175
1993-09-15,46.75,47.0,46.625,46.875,473600,6.691018
1993-09-16,47.0,47.125,46.875,47.125,173000,6.726703
1993-09-17,46.875,47.125,46.75,47.0,667200,6.70886
1993-09-20,47.0,47.125,46.75,46.75,242600,6.673175
1993-09-21,46.75,46.875,46.75,46.875,253200,6.691018
1993-09-22,46.875,46.875,46.75,46.75,568200,6.673175
1993-09-23,46.75,46.875,46.75,46.75,155000,6.673175
1993-09-24,46.75,47.0,46.75,46.75,348400,6.673175
1993-09-27,46.875,47.0,46.75,46.875,229600,6.691018
1993-09-28,46.75,47.0,46.75,47.0,216800,6.70886
1993-09-29,46.875,47.0,46.625,46.625,195800,6.655332
1993-09-30,46.625,46.75,46.5,46.625,266000,6.655332
1993-10-01,46.5,46.75,46.5,46.625,249200,6.655332
1993-10-04,46.5,46.625,46.125,46.375,279400,6.619647
1993-10-05,46.375,46.375,46.0,46.0,459400,6.566119
1993-10-06,46.0,46.375,46.0,46.375,237400,6.619647
1993-10-07,46.375,46.375,45.875,45.875,144000,6.548276
1993-10-08,46.0,46.125,45.625,46.0,154800,6.566119
1993-10-11,46.25,46.25,45.625,45.625,133000,6.512591
1993-10-12,45.75,45.75,45.125,45.5,296600,6.494748
1993-10-13,45.5,45.875,45.25,45.375,750200,6.476905
1993-10-14,45.75,47.625,45.75,47.25,1426200,6.744546
1993-10-15,47.375,48.875,47.375,48.625,1098800,6.940816
1993-10-18,48.75,49.125,48.25,49.0,760600,6.994344
1993-10-19,48.875,49.375,48.75,48.875,443200,6.976501
1993-10-20,49.0,49.25,48.875,49.0,583000,6.994344
1993-10-21,48.875,49.625,48.75,48.75,615400,6.958658
1993-10-22,49.0,49.0,48.125,48.25,445400,6.887288
1993-10-25,48.375,48.375,47.875,47.875,819400,6.833759
1993-10-26,47.75,47.875,47.625,47.625,832800,6.798074
1993-10-27,47.75,47.875,47.75,47.75,872600,6.815917
1993-10-28,47.875,48.125,47.875,48.125,305200,6.869445
1993-10-29,48.0,48.5,48.0,48.375,380000,6.90513
1993-11-01,48.375,49.5,48.375,49.5,360200,7.065715
1993-11-02,49.5,49.75,48.625,49.25,770200,7.030029
1993-11-03,49.375,49.375,48.125,48.5,1193000,6.922973
1993-11-04,48.5,48.625,48.125,48.125,664600,6.869445
1993-11-05,48.0,48.75,47.875,48.75,765000,6.958658
1993-11-08,48.5,48.625,48.25,48.625,636800,6.940816
1993-11-09,47.875,48.0,46.75,46.75,1186600,6.777716
1993-11-10,46.875,46.875,46.25,46.25,964200,6.705227
1993-11-11,46.375,46.375,45.75,45.75,264600,6.632738
1993-11-12,46.0,46.5,45.75,46.125,443600,6.687105
1993-11-15,46.375,46.375,46.0,46.25,228200,6.705227
1993-11-16,46.375,47.0,46.375,47.0,753600,6.81396
1993-11-17,47.125,47.375,47.0,47.0,335400,6.81396
1993-11-18,46.75,46.75,46.375,46.5,165400,6.741472
1993-11-19,46.25,46.375,46.0,46.0,408800,6.668983
1993-11-22,46.0,46.25,45.75,46.0,327600,6.668983
1993-11-23,46.0,46.375,46.0,46.25,328800,6.705227
1993-11-24,46.375,46.5,46.0,46.125,162800,6.687105
1993-11-26,46.125,46.25,46.0,46.125,288000,6.687105
1993-11-29,46.25,46.25,45.375,45.5,261800,6.596494
1993-11-30,45.375,45.5,44.75,45.375,839600,6.578371
1993-12-01,45.375,45.5,45.125,45.125,212000,6.542127
1993-12-02,45.125,45.75,45.125,45.625,183600,6.614616
1993-12-03,45.625,45.75,45.25,45.625,277200,6.614616
1993-12-06,45.5,46.125,45.5,45.875,403200,6.65086
1993-12-07,45.625,46.25,45.5,46.125,207000,6.687105
1993-12-08,46.0,46.125,45.875,46.125,160800,6.687105
1993-12-09,46.0,46.125,45.75,45.875,217800,6.65086
1993-12-10,45.75,46.125,45.75,46.0,434200,6.668983
1993-12-13,46.0,46.125,45.625,46.0,257400,6.668983
1993-12-14,46.0,46.0,45.5,45.75,435800,6.632738
1993-12-15,45.75,46.25,45.625,46.125,258600,6.687105
1993-12-16,46.625,47.125,46.625,47.125,505600,6.832083
1993-12-17,47.125,47.625,47.0,47.625,562600,6.904572
1993-12-20,47.5,47.875,47.5,47.75,308600,6.922694
1993-12-21,47.5,48.25,47.5,48.25,605000,6.995183
1993-12-22,48.25,48.25,47.75,48.125,480400,6.977061
1993-12-23,47.875,48.125,47.625,48.0,347600,6.958938
1993-12-27,48.0,48.0,47.75,48.0,213600,6.958938
1993-12-28,47.875,48.25,47.875,48.25,204400,6.995183
1993-12-29,48.375,48.375,47.875,48.25,130200,6.995183
1993-12-30,47.875,48.0,47.75,47.75,244200,6.922694
1993-12-31,47.75,48.0,47.625,47.625,183800,6.904572
1994-01-03,47.5,47.75,46.5,46.625,355000,6.759594
1994-01-04,46.875,47.0,46.75,46.875,304000,6.795838
1994-01-05,46.625,46.75,46.25,46.25,273000,6.705227
1994-01-06,46.25,46.25,45.125,45.5,552000,6.596494
1994-01-07,45.5,45.625,45.25,45.625,283200,6.614616
1994-01-10,45.5,46.375,45.125,46.25,466800,6.705227
1994-01-11,46.125,46.25,45.75,45.875,352200,6.65086
1994-01-12,45.875,46.0,45.25,45.625,289200,6.614616
1994-01-13,45.5,45.5,44.375,44.875,258000,6.505882
1994-01-14,44.75,44.75,44.25,44.625,443400,6.469638
1994-01-17,44.5,44.5,43.75,44.0,251400,6.379027
1994-01-18,44.125,44.25,44.0,44.0,286000,6.379027
1994-01-19,44.0,44.25,43.375,44.25,313000,6.415271
1994-01-20,44.25,44.625,44.125,44.375,203400,6.433394
1994-01-21,44.375,44.5,43.875,44.375,326000,6.433394
1994-01-24,44.375,44.375,43.375,43.375,331200,6.288416
1994-01-25,43.375,44.125,42.875,44.0,1035400,6.379027
1994-01-26,44.0,44.625,43.875,44.25,501600,6.415271
1994-01-27,44.125,45.375,44.125,45.375,865600,6.578371
1994-01-28,45.5,46.375,45.375,45.5,955200,6.596494
1994-01-31,45.5,45.625,45.25,45.625,183400,6.614616
1994-02-01,45.875,46.0,45.5,45.75,475400,6.632738
1994-02-02,45.875,46.125,45.75,46.125,499000,6.687105
1994-02-03,46.125,46.25,45.875,46.25,270200,6.705227
1994-02-04,46.25,46.375,45.75,45.875,335200,6.65086
1994-02-07,45.625,45.75,45.25,45.625,783800,6.614616
1994-02-08,45.625,45.625,45.125,45.125,747400,6.542127
1994-02-09,45.25,45.375,44.875,45.0,972800,6.524005
1994-02-10,44.125,44.375,43.375,43.375,1331200,6.394999
1994-02-11,43.125,43.625,42.5,43.625,1300800,6.431857
1994-02-14,43.375,43.625,42.875,43.625,704600,6.431857
1994-02-15,43.625,44.0,43.125,43.125,669000,6.35814
1994-02-16,43.25,43.25,41.75,42.25,853200,6.229134
1994-02-17,42.5,42.625,42.125,42.25,571600,6.229134
1994-02-18,42.375,42.375,41.0,41.625,686200,6.136987
1994-02-22,41.625,42.75,41.625,42.25,421800,6.229134
1994-02-23,42.375,42.375,41.125,41.375,735800,6.100128
1994-02-24,41.375,41.375,39.625,40.125,1518400,5.915835
1994-02-25,40.125,40.5,39.75,39.875,1298600,5.878976
1994-02-28,40.125,40.5,39.875,40.375,1030800,5.952693
1994-03-01,40.25,40.375,39.625,39.875,700600,5.878976
1994-03-02,39.625,40.5,39.375,40.5,471800,5.971123
1994-03-03,40.375,40.5,40.0,40.0,847400,5.897405
1994-03-04,40.125,40.5,40.0,40.125,778400,5.915835
1994-03-07,40.25,40.5,40.125,40.375,762200,5.952693
1994-03-08,40.25,40.875,40.25,40.375,788600,5.952693
1994-03-09,40.25,40.25,39.625,39.75,648600,5.860546
1994-03-10,39.75,39.75,39.375,39.625,552000,5.842117
1994-03-11,39.875,39.875,39.625,39.625,358200,5.842117
1994-03-14,39.625,39.75,39.25,39.375,546400,5.805258
1994-03-15,39.25,39.5,39.0,39.0,231600,5.74997
1994-03-16,39.125,39.125,37.0,37.875,2115000,5.584105
1994-03-17,37.75,38.0,37.125,37.875,1562800,5.584105
1994-03-18,37.875,37.875,37.25,37.375,1299600,5.510388
1994-03-21,37.125,37.25,36.375,37.125,1216400,5.473529
1994-03-22,36.875,37.125,36.5,36.75,1160200,5.418241
1994-03-23,36.875,37.25,36.625,36.875,1315200,5.43667
1994-03-24,36.875,36.875,35.875,36.25,486200,5.344523
1994-03-25,36.375,36.625,36.125,36.125,682200,5.326094
1994-03-28,36.125,36.875,35.875,36.875,625800,5.43667
1994-03-29,36.625,36.75,36.25,36.25,452200,5.344523
1994-03-30,36.25,36.625,35.75,35.75,638800,5.270806
1994-03-31,35.75,36.25,34.75,35.5,763600,5.233947
1994-04-04,35.25,35.5,35.0,35.125,624600,5.178659
1994-04-05,35.375,36.125,35.375,36.0,843600,5.307665
1994-04-06,36.0,36.25,35.5,35.5,440800,5.233947
1994-04-07,35.5,35.75,35.125,35.5,519800,5.233947
1994-04-08,35.25,35.5,34.625,34.625,875800,5.104941
1994-04-11,34.875,35.0,34.625,34.625,368800,5.104941
1994-04-12,34.75,34.875,34.625,34.875,282000,5.1418
1994-04-13,34.875,35.375,34.875,35.375,523800,5.215518
1994-04-14,35.375,35.375,34.625,34.625,1445400,5.104941
1994-04-15,34.75,35.25,34.75,35.0,1329000,5.16023
1994-04-18,34.875,35.375,34.5,35.125,584000,5.178659
1994-04-19,35.125,36.0,35.0,35.875,523800,5.289235
1994-04-20,35.875,36.75,35.875,36.75,785800,5.418241
1994-04-21,36.875,37.25,36.75,36.875,821000,5.43667
1994-04-22,36.875,37.125,36.25,36.375,439200,5.362953
1994-04-25,36.25,36.875,36.25,36.75,283200,5.418241
1994-04-26,36.875,36.875,36.0,36.125,439200,5.326094
1994-04-28,35.875,35.875,35.125,35.5,542200,5.233947
1994-04-29,35.25,36.375,35.25,36.0,981400,5.307665
1994-05-02,35.75,35.875,35.375,35.625,460400,5.252376
1994-05-03,35.625,35.875,35.25,35.75,507800,5.270806
1994-05-04,35.625,35.75,35.375,35.625,324800,5.252376
1994-05-05,35.625,35.625,35.125,35.25,293600,5.197088
1994-05-06,35.125,35.125,34.0,34.375,1061400,5.068083
1994-05-09,34.25,34.25,33.125,33.375,918800,4.920647
1994-05-10,32.75,33.0,30.0,31.75,2521400,4.788676
1994-05-11,31.75,31.875,30.0,30.0,2136600,4.524733
1994-05-12,30.125,31.0,30.125,30.75,3100600,4.637852
1994-05-13,30.875,30.875,30.125,30.625,1014000,4.618999
1994-05-16,30.5,30.625,30.375,30.5,451000,4.600145
1994-05-17,30.25,31.125,30.25,31.125,819800,4.694411
1994-05-18,31.125,31.75,31.125,31.5,1120000,4.75097
1994-05-19,31.375,31.75,31.25,31.625,983800,4.769823
1994-05-20,31.625,31.75,31.375,31.375,527200,4.732117
1994-05-23,31.5,31.5,31.125,31.125,304800,4.694411
1994-05-24,31.25,31.625,31.125,31.375,646800,4.732117
1994-05-25,31.375,31.625,31.125,31.625,580200,4.769823
1994-05-26,31.75,32.625,31.75,32.625,1357600,4.920647
1994-05-27,32.625,32.625,32.375,32.625,1490800,4.920647
1994-05-31,32.5,32.625,32.25,32.25,349800,4.864088
1994-06-01,32.25,32.75,32.25,32.75,884400,4.9395
1994-06-02,32.875,33.25,32.875,32.875,309800,4.958354
1994-06-03,33.0,33.375,32.75,33.0,559200,4.977207
1994-06-06,33.125,33.5,33.0,33.0,245600,4.977207
1994-06-07,32.875,33.125,32.625,32.75,422000,4.9395
1994-06-08,33.0,33.125,32.875,32.875,227200,4.958354
1994-06-09,32.875,33.0,32.75,32.875,211000,4.958354
1994-06-10,32.75,33.625,32.75,33.25,737800,5.014913
1994-06-13,33.75,34.125,33.625,33.875,1826200,5.109178
1994-06-14,34.0,34.125,33.875,33.875,391600,5.109178
1994-06-15,33.875,34.0,33.875,34.0,459000,5.128031
1994-06-16,33.875,33.875,33.375,33.5,357000,5.052619
1994-06-17,33.625,33.625,32.5,32.625,866600,4.920647
1994-06-20,32.375,32.625,31.75,32.0,474400,4.826382
1994-06-21,32.125,32.125,31.75,32.125,705200,4.845235
1994-06-22,32.125,32.625,32.125,32.625,449400,4.920647
1994-06-23,32.5,32.5,32.25,32.375,267200,4.882941
1994-06-24,32.375,32.625,32.25,32.625,532600,4.920647
1994-06-27,32.625,32.75,32.375,32.75,414400,4.9395
1994-06-28,32.75,33.0,32.5,32.625,239400,4.920647
1994-06-29,32.625,33.0,32.5,32.75,260400,4.9395
1994-06-30,32.75,32.875,32.375,32.625,277200,4.920647
1994-07-01,32.75,32.75,32.5,32.75,225200,4.9395
1994-07-05,33.0,33.0,32.75,33.0,281200,4.977207
1994-07-06,33.0,33.5,33.0,33.5,269200,5.052619
1994-07-07,33.5,33.875,33.5,33.875,336400,5.109178
1994-07-08,33.75,34.25,33.75,33.875,338200,5.109178
1994-07-11,34.0,34.0,33.75,34.0,323000,5.128031
1994-07-12,34.0,34.125,33.75,33.875,309400,5.109178
1994-07-13,34.0,34.125,33.875,33.875,257000,5.109178
1994-07-14,33.875,34.25,33.875,34.0,231200,5.128031
1994-07-15,34.125,34.375,34.125,34.375,281800,5.18459
1994-07-18,34.5,34.5,34.25,34.375,211200,5.18459
1994-07-19,34.375,34.625,34.375,34.5,154400,5.203443
1994-07-20,34.625,34.625,34.375,34.375,238400,5.18459
1994-07-21,34.25,34.375,34.125,34.125,466600,5.146884
1994-07-22,34.25,34.5,34.0,34.25,150600,5.165737
1994-07-25,34.125,34.25,34.0,34.125,156600,5.146884
1994-07-26,34.0,34.25,34.0,34.125,116600,5.146884
1994-07-27,34.125,34.25,34.0,34.25,142200,5.165737
1994-07-28,34.125,34.5,34.125,34.375,150800,5.18459
1994-07-29,34.375,35.375,34.375,35.125,337200,5.297709
1994-08-01,35.0,35.875,35.0,35.875,667000,5.410827
1994-08-02,35.875,36.625,35.875,35.875,808800,5.410827
1994-08-03,36.0,36.25,35.75,36.25,949400,5.467386
1994-08-04,36.0,36.25,36.0,36.0,480600,5.42968
1994-08-05,36.0,36.125,35.625,36.0,267200,5.42968
1994-08-08,35.875,36.0,35.75,35.875,126200,5.410827
1994-08-09,35.875,36.0,35.5,35.5,759000,5.354268
1994-08-10,34.75,34.75,34.25,34.375,1221800,5.296488
1994-08-11,34.5,34.5,33.75,34.0,1087600,5.238708
1994-08-12,34.25,34.5,34.125,34.5,901800,5.315748
1994-08-15,34.625,34.875,34.25,34.375,632200,5.296488
1994-08-16,34.25,34.5,34.0,34.375,897400,5.296488
1994-08-17,34.5,34.5,34.125,34.25,624200,5.277228
1994-08-18,34.25,34.25,33.875,34.0,445000,5.238708
1994-08-19,34.125,34.125,33.875,34.0,777000,5.238708
1994-08-22,33.875,34.25,33.875,34.0,748800,5.238708
1994-08-23,34.125,34.25,34.0,34.0,420200,5.238708
1994-08-24,34.0,34.0,33.375,33.75,1048800,5.200188
1994-08-25,33.625,33.75,33.625,33.75,390600,5.200188
1994-08-26,34.0,34.625,34.0,34.375,784400,5.296488
1994-08-29,34.375,35.5,34.25,34.75,560600,5.354268
1994-08-30,34.75,35.5,34.75,35.375,744600,5.450567
1994-08-31,35.375,35.375,34.75,34.75,475200,5.354268
1994-09-01,34.5,34.5,33.875,34.0,443800,5.238708
1994-09-02,34.125,34.625,34.125,34.5,600400,5.315748
1994-09-06,34.625,34.625,34.25,34.375,551000,5.296488
1994-09-07,34.25,34.5,34.125,34.375,699200,5.296488
1994-09-08,34.375,34.875,34.375,34.875,484600,5.373528
1994-09-09,34.5,34.625,34.375,34.625,571800,5.452261
1994-09-12,34.5,34.75,34.375,34.625,649600,5.452261
1994-09-13,35.125,35.25,34.875,35.0,717400,5.51131
1994-09-14,35.0,35.25,34.875,35.125,527600,5.530994
1994-09-15,35.125,35.25,35.0,35.125,479600,5.530994
1994-09-16,35.0,35.25,35.0,35.0,784800,5.51131
1994-09-19,35.0,35.375,34.875,35.0,534000,5.51131
1994-09-20,34.875,35.0,34.75,34.875,615200,5.491627
1994-09-21,35.0,35.25,34.5,34.75,997200,5.471944
1994-09-22,34.75,35.0,34.625,34.875,357600,5.491627
1994-09-23,34.875,35.125,34.75,34.75,248000,5.471944
1994-09-26,34.875,35.0,34.625,34.875,419800,5.491627
1994-09-27,34.75,34.75,34.25,34.375,523600,5.412894
1994-09-28,34.25,34.5,34.25,34.5,384000,5.432577
1994-09-29,34.25,34.5,34.125,34.5,448000,5.432577
1994-09-30,34.375,35.25,34.375,35.25,571800,5.550677
1994-10-03,35.25,35.25,34.6875,34.75,328200,5.471944
1994-10-04,34.75,34.875,34.625,34.75,332400,5.471944
1994-10-05,34.5,34.625,34.375,34.375,707600,5.412894
1994-10-06,34.5,34.75,34.375,34.5,240600,5.432577
1994-10-07,34.625,34.875,34.25,34.75,352600,5.471944
1994-10-10,34.75,35.125,34.625,34.875,464800,5.491627
1994-10-11,35.0,35.75,35.0,35.375,541800,5.57036
1994-10-12,35.25,35.375,35.125,35.125,187800,5.530994
1994-10-13,35.375,35.875,35.375,35.625,347800,5.609727
1994-10-14,35.75,35.875,35.5,35.625,214000,5.609727
1994-10-17,35.5,35.625,35.125,35.5,232400,5.590043
1994-10-18,35.25,35.375,35.125,35.25,191600,5.550677
1994-10-19,35.375,35.625,35.125,35.25,266200,5.550677
1994-10-20,35.0,35.25,34.6875,35.0,384400,5.51131
1994-10-21,34.875,35.25,34.625,35.25,347600,5.550677
1994-10-24,35.125,35.125,34.75,34.875,181600,5.491627
1994-10-25,34.375,34.625,33.75,34.0,1117800,5.353844
1994-10-26,34.125,34.25,33.75,33.875,482000,5.334161
1994-10-27,34.0,34.125,33.75,33.875,290200,5.334161
1994-10-28,33.875,34.75,33.875,34.75,759400,5.471944
1994-10-31,34.625,35.0,34.625,34.875,357200,5.491627
1994-11-01,34.5,34.625,34.25,34.375,518800,5.412894
1994-11-02,34.25,34.375,33.875,34.0,468200,5.353844
1994-11-03,34.125,34.5,34.125,34.5,209200,5.432577
1994-11-04,34.75,34.875,34.375,34.375,313400,5.412894
1994-11-07,34.375,34.875,34.375,34.75,196800,5.471944
1994-11-08,35.0,35.25,34.875,35.125,2700000,5.530994
1994-11-09,34.625,34.75,33.75,33.875,991000,5.450543
1994-11-10,34.125,34.25,33.75,33.75,736400,5.43043
1994-11-11,33.5,33.5,32.75,33.0,949600,5.309754
1994-11-14,33.125,33.125,32.875,33.0,1080800,5.309754
1994-11-15,33.0,33.125,32.75,32.875,1662600,5.289641
1994-11-16,33.0,33.0,32.625,32.625,4142200,5.249416
1994-11-17,32.875,33.0,32.5,32.75,420800,5.269529
1994-11-18,32.75,32.875,32.625,32.625,354400,5.249416
1994-11-21,32.625,32.875,32.625,32.75,659800,5.269529
1994-11-22,32.75,32.875,32.625,32.75,465400,5.269529
1994-11-23,32.625,33.5,32.0,33.5,540800,5.390205
1994-11-25,33.5,34.25,33.375,33.75,163200,5.43043
1994-11-28,34.125,34.5,33.75,34.0,449800,5.470656
1994-11-29,33.875,34.0,33.375,33.875,500800,5.450543
1994-11-30,33.875,34.125,33.375,34.0,546400,5.470656
1994-12-01,34.0,34.125,33.625,33.875,273000,5.450543
1994-12-02,33.875,34.25,33.875,34.25,253200,5.510881
1994-12-05,34.25,34.375,34.0,34.125,591600,5.490768
1994-12-06,34.0,34.375,34.0,34.375,291200,5.530994
1994-12-07,34.125,34.25,34.0,34.25,211000,5.510881
1994-12-08,34.125,34.625,34.125,34.375,354600,5.530994
1994-12-09,34.25,34.875,34.25,34.75,281600,5.591332
1994-12-12,34.75,35.25,34.75,35.25,939400,5.671783
1994-12-13,35.625,35.875,35.5,35.5,1187000,5.712008
1994-12-14,35.5,36.0,35.5,36.0,514600,5.792459
1994-12-15,36.25,36.5,35.75,35.75,787000,5.752233
1994-12-16,35.875,35.875,35.75,35.875,818800,5.772346
1994-12-19,35.75,35.75,35.375,35.5,217800,5.712008
1994-12-20,35.25,35.75,35.125,35.625,276800,5.732121
1994-12-21,35.5,36.375,35.5,35.875,1007800,5.772346
1994-12-22,35.875,35.875,35.375,35.5,201800,5.712008
1994-12-23,35.5,35.625,35.375,35.375,136400,5.691895
1994-12-27,35.5,35.75,35.5,35.625,160000,5.732121
1994-12-28,35.625,35.875,35.5,35.75,249000,5.752233
1994-12-29,35.75,36.0,35.625,35.875,271800,5.772346
1994-12-30,35.75,35.75,35.5,35.625,334600,5.732121
1995-01-03,35.625,35.625,35.375,35.625,187800,5.732121
1995-01-04,35.5,35.75,35.5,35.75,180000,5.752233
1995-01-05,35.625,36.0,35.625,35.75,232800,5.752233
1995-01-06,35.875,36.25,35.625,36.25,449800,5.832684
1995-01-09,35.875,36.0,35.75,35.875,201000,5.772346
1995-01-10,36.0,36.25,35.875,36.0,194400,5.792459
1995-01-11,36.0,36.125,35.75,36.0,193800,5.792459
1995-01-12,35.875,36.125,35.875,36.0,108400,5.792459
1995-01-13,36.375,36.375,36.25,36.375,143200,5.852797
1995-01-16,36.625,36.875,35.625,36.5,465800,5.87291
1995-01-17,36.75,37.375,36.75,37.125,880000,5.973473
1995-01-18,37.125,37.75,37.125,37.625,1228000,6.053924
1995-01-19,37.5,37.625,37.125,37.375,1244600,6.013699
1995-01-20,37.25,38.125,36.875,38.125,2075000,6.134375
1995-01-23,37.875,38.5,37.875,38.375,866400,6.1746
1995-01-24,38.375,39.0,38.125,38.875,361400,6.255051
1995-01-25,38.875,39.0,38.5,39.0,731600,6.275164
1995-01-26,39.0,39.0,38.75,38.875,992800,6.255051
1995-01-27,39.0,40.25,39.0,39.625,4140800,6.375727
1995-01-30,39.375,39.75,39.25,39.625,1334800,6.375727
1995-01-31,39.625,40.125,39.625,39.875,814600,6.415953
1995-02-01,39.875,40.125,39.875,40.125,656800,6.456178
1995-02-02,40.0,40.375,40.0,40.25,443600,6.476291
1995-02-03,40.375,41.0,40.375,40.625,1222800,6.536629
1995-02-06,40.625,40.625,40.125,40.125,486600,6.456178
1995-02-07,40.25,40.625,40.125,40.625,1420800,6.536629
1995-02-08,40.625,40.625,40.25,40.25,1342200,6.476291
1995-02-09,40.125,40.25,39.625,39.75,2473800,6.39584
1995-02-10,39.25,39.25,38.5,39.125,1069600,6.416339
1995-02-13,38.875,39.0,38.625,38.875,571400,6.37534
1995-02-14,38.875,39.25,38.875,39.125,604800,6.416339
1995-02-15,39.25,39.5,39.125,39.5,1072000,6.477838
1995-02-16,39.5,39.5,39.0,39.0,644200,6.39584
1995-02-17,39.125,39.125,38.625,39.0,535800,6.39584
1995-02-21,39.25,39.5,39.125,39.5,761200,6.477838
1995-02-22,39.375,40.25,39.375,40.25,878600,6.600835
1995-02-23,40.625,40.875,38.25,38.375,2381600,6.293342
1995-02-24,38.875,39.375,38.375,39.0,2218200,6.39584
1995-02-27,38.875,39.0,38.25,38.5,565600,6.313842
1995-02-28,38.5,38.5,38.0,38.25,850000,6.272843
1995-03-01,38.25,38.25,37.625,37.875,500400,6.211344
1995-03-02,37.875,37.875,37.125,37.5,529200,6.149846
1995-03-03,37.375,37.75,36.875,37.625,1645400,6.170345
1995-03-06,37.625,38.0,37.5,38.0,876400,6.231844
1995-03-07,37.875,38.25,37.625,37.625,502200,6.170345
1995-03-08,37.75,38.0,37.75,37.75,575000,6.190845
1995-03-09,37.625,37.875,37.625,37.625,604600,6.170345
1995-03-10,37.75,38.125,37.75,38.125,431200,6.252343
1995-03-13,38.25,38.5,38.0,38.5,537600,6.313842
1995-03-14,38.875,39.0,38.875,38.875,651200,6.37534
1995-03-15,38.875,38.875,38.25,38.5,419000,6.313842
1995-03-16,38.5,38.625,38.375,38.375,303000,6.293342
1995-03-17,38.375,38.375,38.0,38.25,581800,6.272843
1995-03-20,38.25,38.25,37.5,37.5,353800,6.149846
1995-03-21,37.625,37.625,37.375,37.625,520000,6.170345
1995-03-22,37.5,37.75,37.5,37.5,422000,6.149846
1995-03-23,37.625,38.0,37.5,37.75,348600,6.190845
1995-03-24,37.875,38.375,37.75,38.375,213600,6.293342
1995-03-27,38.5,38.5,38.125,38.375,317200,6.293342
1995-03-28,38.0,38.5,38.0,38.0,304600,6.231844
1995-03-29,37.875,38.75,37.75,38.375,374200,6.293342
1995-03-30,38.625,38.625,38.375,38.375,351000,6.293342
1995-03-31,38.25,38.25,37.75,38.125,349400,6.252343
1995-04-03,38.0,38.125,37.875,37.875,818000,6.211344
1995-04-04,38.0,38.75,38.0,38.625,1463200,6.334341
1995-04-05,38.625,39.25,38.25,39.125,1186000,6.416339
1995-04-06,39.25,39.25,39.0,39.25,318200,6.436839
1995-04-07,39.375,39.625,39.375,39.5,684800,6.477838
1995-04-10,39.375,39.5,39.25,39.5,211400,6.477838
1995-04-11,39.75,39.875,39.5,39.5,265600,6.477838
1995-04-12,39.5,39.625,39.375,39.5,459800,6.477838
1995-04-13,39.5,39.75,39.375,39.625,264800,6.498337
1995-04-17,39.875,39.875,39.25,39.25,411200,6.436839
1995-04-18,39.25,39.25,38.875,39.125,308400,6.416339
1995-04-19,39.25,39.5,38.375,39.375,337800,6.457338
1995-04-20,39.375,39.625,39.125,39.5,355600,6.477838
1995-04-21,39.75,39.75,39.375,39.625,312600,6.498337
1995-04-24,39.5,39.75,39.5,39.75,474000,6.518837
1995-04-25,39.625,39.75,39.5,39.5,370400,6.477838
1995-04-26,39.5,39.625,39.375,39.5,406600,6.477838
1995-04-27,39.5,39.625,39.25,39.5,660600,6.477838
1995-04-28,39.625,39.75,39.25,39.375,801800,6.457338
1995-05-01,39.5,39.625,39.25,39.5,364400,6.477838
1995-05-02,39.5,39.75,39.5,39.75,245000,6.518837
1995-05-03,39.75,40.0,39.75,40.0,366400,6.559836
1995-05-04,40.0,40.5,39.875,40.375,607600,6.621334
1995-05-05,40.5,40.875,40.25,40.625,825800,6.662333
1995-05-08,40.625,40.875,40.25,40.875,587400,6.703332
1995-05-09,40.875,41.125,40.75,40.875,2597400,6.703332
1995-05-10,40.125,40.375,40.125,40.375,1499800,6.745098
1995-05-11,40.375,40.5,40.25,40.375,942400,6.745098
1995-05-12,40.375,40.5,40.25,40.375,238600,6.745098
1995-05-15,40.5,40.75,40.375,40.625,382000,6.786863
1995-05-16,40.625,40.875,40.625,40.625,445400,6.786863
1995-05-17,40.625,40.75,40.5,40.75,382600,6.807746
1995-05-18,40.625,40.75,40.25,40.375,241800,6.745098
1995-05-19,40.625,40.625,40.25,40.5,362800,6.76598
1995-05-22,40.5,40.625,40.25,40.5,229400,6.76598
1995-05-23,40.5,41.0,40.5,41.0,589400,6.849511
1995-05-24,41.25,41.375,40.625,40.875,308200,6.828628
1995-05-25,41.5,42.0,41.375,41.75,1164200,6.974807
1995-05-26,42.0,42.875,41.875,42.5,1248800,7.100103
1995-05-30,42.5,42.75,42.25,42.625,675400,7.120985
1995-05-31,42.625,43.125,42.625,43.0,692200,7.183633
1995-06-01,43.125,43.125,42.75,42.75,773200,7.141868
1995-06-02,43.0,43.625,42.875,43.375,768200,7.246281
1995-06-05,43.375,43.75,43.375,43.75,490600,7.308929
1995-06-06,43.5,43.625,43.125,43.375,306200,7.246281
1995-06-07,43.25,43.25,42.75,43.0,927400,7.183633
1995-06-08,42.875,42.875,42.375,42.5,755400,7.100103
1995-06-09,42.375,42.375,41.375,41.875,839600,6.995689
1995-06-12,41.875,43.0,41.75,42.625,627400,7.120985
1995-06-13,43.0,43.125,42.875,43.0,473600,7.183633
1995-06-14,43.125,43.5,42.75,42.875,322800,7.162751
1995-06-15,42.75,42.75,42.25,42.5,219400,7.100103
1995-06-16,42.75,42.875,42.625,42.625,732200,7.120985
1995-06-19,42.75,43.125,42.75,42.875,317400,7.162751
1995-06-20,42.875,43.0,42.25,42.625,630000,7.120985
1995-06-21,42.625,43.0,42.5,43.0,417400,7.183633
1995-06-22,43.0,43.5,42.875,43.5,557400,7.267164
1995-06-23,43.25,43.375,43.0,43.125,257400,7.204516
1995-06-26,43.0,43.0,42.75,42.75,187800,7.141868
1995-06-27,42.875,43.0,42.5,42.5,199400,7.100103
1995-06-28,42.625,43.5,42.625,43.5,270000,7.267164
1995-06-29,43.5,43.5,42.5,42.75,781200,7.141868
1995-06-30,42.875,43.0,42.125,42.125,879800,7.037455
1995-07-03,42.25,42.75,42.125,42.75,389200,7.141868
1995-07-05,42.875,43.125,42.625,42.75,500600,7.141868
1995-07-06,42.875,43.125,42.375,43.0,679800,7.183633
1995-07-07,42.875,43.125,42.75,42.875,1003400,7.162751
1995-07-10,42.75,43.125,42.75,43.0,532000,7.183633
1995-07-11,43.0,43.0,42.625,42.625,359800,7.120985
1995-07-12,42.5,42.875,42.25,42.75,251400,7.141868
1995-07-13,42.75,43.125,42.75,43.125,763200,7.204516
1995-07-14,43.0,43.125,42.875,43.125,164400,7.204516
1995-07-17,43.0,43.125,43.0,43.125,184600,7.204516
1995-07-18,43.0,43.125,42.75,43.0,244600,7.183633
1995-07-19,43.0,43.25,42.625,43.0,660600,7.183633
1995-07-20,42.75,43.25,42.625,43.0,776200,7.183633
1995-07-21,43.0,43.0,42.625,42.875,309400,7.162751
1995-07-24,42.875,43.375,42.875,43.25,220000,7.225399
1995-07-25,43.375,43.875,43.125,43.75,432400,7.308929
1995-07-26,43.75,43.75,43.0,43.5,369800,7.267164
1995-07-27,43.625,44.0,43.625,43.875,151000,7.329812
1995-07-28,43.875,44.0,43.75,44.0,121400,7.350695
1995-07-31,44.0,44.125,43.25,43.75,570600,7.308929
1995-08-01,43.625,43.9375,43.375,43.75,274800,7.308929
1995-08-02,43.75,44.25,43.5,43.5,335600,7.267164
1995-08-03,43.375,43.625,43.125,43.5,200800,7.267164
1995-08-04,43.75,44.0,43.625,43.75,464400,7.308929
1995-08-07,43.75,44.0,43.5,43.625,256400,7.288047
1995-08-08,43.375,43.625,43.25,43.375,251000,7.246281
1995-08-09,43.375,43.875,43.375,43.625,366600,7.288047
1995-08-10,43.625,44.0,43.5,43.875,322400,7.329812
1995-08-11,43.875,44.125,43.75,43.875,653600,7.329812
1995-08-14,43.125,43.125,42.5,42.75,1551400,7.266074
1995-08-15,42.75,43.75,42.5,42.625,941200,7.244829
1995-08-16,42.5,43.125,42.25,43.125,1792200,7.329812
1995-08-17,43.0,43.375,43.0,43.125,253400,7.329812
1995-08-18,43.25,43.5,43.125,43.5,498800,7.393549
1995-08-21,43.375,43.75,42.875,43.0,312400,7.308566
1995-08-22,43.0,43.0,42.75,42.875,650200,7.28732
1995-08-23,42.75,42.875,42.375,42.375,1254200,7.202337
1995-08-24,42.375,42.75,42.125,42.375,373400,7.202337
1995-08-25,42.375,43.0,42.375,43.0,316200,7.308566
1995-08-28,43.0,43.0,42.75,42.875,216800,7.28732
1995-08-29,42.875,43.75,42.375,42.375,272000,7.202337
1995-08-30,42.5,42.75,42.25,42.5,517600,7.223583
1995-08-31,42.5,42.5,42.25,42.5,472800,7.223583
1995-09-01,42.125,42.625,42.125,42.625,362800,7.244829
1995-09-05,42.875,42.875,42.625,42.875,164800,7.28732
1995-09-06,42.875,42.875,42.625,42.75,635400,7.266074
1995-09-07,42.875,43.0,42.625,42.875,624000,7.28732
1995-09-08,43.0,43.0,42.625,42.875,128200,7.28732
1995-09-11,42.875,43.0,42.75,43.0,693400,7.308566
1995-09-12,43.125,43.25,43.125,43.25,284000,7.351058
1995-09-13,43.25,43.5,43.125,43.125,554600,7.329812
1995-09-14,43.125,43.875,43.125,43.75,1916400,7.436041
1995-09-15,42.75,43.25,42.75,43.0,1377800,7.308566
1995-09-18,42.75,43.25,42.625,43.25,1608800,7.351058
1995-09-19,43.125,43.5,43.0,43.0,273400,7.308566
1995-09-20,43.0,43.375,43.0,43.25,543600,7.351058
1995-09-21,43.25,43.25,42.625,42.875,288400,7.28732
1995-09-22,42.5,43.25,42.375,43.125,293800,7.329812
1995-09-25,43.0,43.75,43.0,43.75,1034200,7.436041
1995-09-26,43.625,44.375,43.625,44.25,349800,7.521024
1995-09-27,44.0,44.625,44.0,44.5,540800,7.563516
1995-09-28,44.5,45.5,44.5,44.75,1693000,7.606008
1995-09-29,44.375,44.625,43.5,44.125,473400,7.499779
1995-10-02,44.375,44.75,44.125,44.75,430000,7.606008
1995-10-03,44.625,45.5,44.625,45.5,533600,7.733483
1995-10-04,45.375,45.625,45.125,45.375,415000,7.712237
1995-10-05,45.5,45.75,45.375,45.625,257200,7.754729
1995-10-06,45.5,45.625,45.5,45.5,349000,7.733483
1995-10-09,45.5,45.625,45.25,45.625,131200,7.754729
1995-10-10,45.5,46.5,45.25,46.375,521200,7.882204
1995-10-11,46.375,46.5,46.125,46.375,398800,7.882204
1995-10-12,46.375,46.375,45.75,46.0,282800,7.818466
1995-10-13,46.0,46.25,45.625,45.625,281800,7.754729
1995-10-16,45.75,45.75,45.125,45.5,260000,7.733483
1995-10-17,45.625,45.625,45.375,45.5,588000,7.733483
1995-10-18,45.5,46.0,45.5,45.75,310800,7.775974
1995-10-19,46.0,46.25,45.875,46.0,444600,7.818466
1995-10-20,46.0,47.0,46.0,47.0,487200,7.988433
1995-10-23,46.75,46.75,46.125,46.5,217800,7.903449
1995-10-24,46.625,47.25,46.25,47.0,499000,7.988433
1995-10-25,47.0,47.875,46.75,47.625,531800,8.094662
1995-10-26,47.625,47.625,46.875,46.875,493600,7.967187
1995-10-27,46.875,47.0,46.125,46.625,457000,7.924695
1995-10-30,46.875,47.0,46.625,46.75,150200,7.945941
1995-10-31,46.625,46.875,46.375,46.375,229000,7.882204
1995-11-01,46.25,47.5,46.125,46.875,321600,7.967187
1995-11-02,47.0,47.125,46.625,46.75,321200,7.945941
1995-11-03,46.625,47.0,46.5,47.0,261000,7.988433
1995-11-06,47.0,47.0,46.5,46.625,203400,7.924695
1995-11-07,46.875,46.875,46.5,46.5,701200,7.903449
1995-11-08,46.625,46.75,46.5,46.5,296200,7.903449
1995-11-09,46.625,46.625,46.375,46.5,209000,7.903449
1995-11-10,46.5,46.75,46.5,46.625,292600,7.924695
1995-11-13,46.75,46.875,46.625,46.875,2510800,7.967187
1995-11-14,46.375,46.625,45.5,45.5,1402000,7.859231
1995-11-15,45.5,45.875,45.375,45.5,2188400,7.859231
1995-11-16,45.5,45.875,45.5,45.875,515000,7.924004
1995-11-17,45.875,45.875,45.75,45.875,253600,7.924004
1995-11-20,45.875,45.875,45.5,45.75,372800,7.902413
1995-11-21,45.75,46.0,45.625,46.0,425800,7.945596
1995-11-22,46.0,46.125,45.75,46.0,142800,7.945596
1995-11-24,46.0,46.125,45.75,45.875,30400,7.924004
1995-11-27,46.0,46.25,46.0,46.125,502400,7.967187
1995-11-28,45.875,46.25,45.75,46.125,208000,7.967187
1995-11-29,46.25,46.375,46.125,46.125,137800,7.967187
1995-11-30,46.125,46.125,45.75,45.75,532200,7.902413
1995-12-01,46.0,46.25,45.75,46.25,1081400,7.988778
1995-12-04,46.25,47.0,46.125,46.875,577200,8.096735
1995-12-05,46.875,47.75,46.625,47.25,438200,8.161509
1995-12-06,47.75,48.0,47.375,47.625,468600,8.226283
1995-12-07,47.0,47.25,47.0,47.25,330400,8.161509
1995-12-08,47.5,47.5,46.875,47.0,401800,8.118326
1995-12-11,23.5,23.875,23.375,23.75,446300,8.204691
1995-12-12,23.875,24.0,23.75,23.875,826800,8.247874
1995-12-13,23.875,24.125,23.5,23.5,974300,8.118326
1995-12-14,23.5,23.875,23.375,23.75,563000,8.204691
1995-12-15,23.75,24.0,23.625,23.875,757700,8.247874
1995-12-18,23.75,24.25,23.5,24.25,608300,8.377422
1995-12-19,24.125,24.5,24.0,24.25,758300,8.377422
1995-12-20,24.125,24.125,23.75,23.875,456800,8.247874
1995-12-21,24.0,24.25,24.0,24.125,219100,8.334239
1995-12-22,24.25,24.5,24.125,24.375,213800,8.420604
1995-12-26,24.5,24.5,24.0,24.125,146500,8.334239
1995-12-27,24.125,24.25,24.0,24.125,94400,8.334239
1995-12-28,24.125,24.5,24.125,24.375,439300,8.420604
1995-12-29,24.5,24.5,24.125,24.25,439000,8.377422
1996-01-02,24.125,24.625,24.125,24.625,584900,8.506969
1996-01-03,24.5,24.875,24.5,24.625,354100,8.506969
1996-01-04,24.875,25.25,24.625,24.625,548100,8.506969
1996-01-05,24.75,25.375,24.625,25.25,531400,8.722882
1996-01-08,25.375,25.625,25.25,25.5,118500,8.809247
1996-01-09,25.375,25.5,25.125,25.375,452700,8.766065
1996-01-10,25.0,25.5,25.0,25.0,533100,8.636517
1996-01-11,25.0,25.125,24.625,25.0,359200,8.636517
1996-01-12,25.0,25.0,24.5,24.5,370200,8.463787
1996-01-15,24.5,24.875,24.5,24.75,298200,8.550152
1996-01-16,24.875,25.375,24.875,25.375,339000,8.766065
1996-01-17,25.25,25.625,25.25,25.375,249800,8.766065
1996-01-18,25.25,25.375,25.0,25.0,203600,8.636517
1996-01-19,24.875,25.375,24.875,25.125,369000,8.6797
1996-01-22,25.0,25.0,24.375,24.5,784000,8.463787
1996-01-23,24.25,24.5,24.125,24.25,900400,8.377422
1996-01-24,24.125,24.375,24.0,24.125,562000,8.334239
1996-01-25,24.0,24.125,23.75,24.0,713900,8.291056
1996-01-26,24.0,24.0,23.875,24.0,521600,8.291056
1996-01-29,24.0,24.25,23.75,23.875,289600,8.247874
1996-01-30,23.75,24.125,23.625,24.0,316000,8.291056
1996-01-31,24.0,24.125,23.875,24.0,548500,8.291056
1996-02-01,24.0,24.375,23.875,24.375,598600,8.420604
1996-02-02,24.25,24.375,24.0,24.0,353900,8.291056
1996-02-05,24.0,24.125,23.875,23.875,201100,8.247874
1996-02-06,24.0,24.125,23.875,24.125,346500,8.334239
1996-02-07,24.0,24.5,24.0,24.5,248900,8.463787
1996-02-08,24.5,24.75,24.375,24.75,315800,8.550152
1996-02-09,24.625,24.75,24.375,24.625,305300,8.506969
1996-02-12,24.75,25.0,24.375,24.625,657000,8.506969
1996-02-13,24.625,24.625,23.875,24.125,1032300,8.334239
1996-02-14,23.75,23.75,23.375,23.375,1352300,8.202645
1996-02-15,23.375,23.375,22.5,23.0,782800,8.071052
1996-02-16,23.0,23.0,22.625,22.75,576700,7.983323
1996-02-20,22.375,22.5,21.875,22.125,1550100,7.764001
1996-02-21,22.125,22.875,22.125,22.75,826600,7.983323
1996-02-22,22.75,23.125,22.5,23.125,471900,8.114917
1996-02-23,23.125,23.5,22.75,23.0,570400,8.071052
1996-02-26,22.75,22.875,22.25,22.5,1486600,7.895595
1996-02-27,22.625,22.75,22.375,22.625,368100,7.939459
1996-02-28,22.75,23.0,22.625,22.75,792200,7.983323
1996-02-29,22.25,22.875,22.25,22.625,683400,7.939459
1996-03-01,22.625,23.0,22.625,23.0,1003400,8.071052
1996-03-04,23.125,23.5,23.125,23.5,477000,8.24651
1996-03-05,23.5,23.625,23.25,23.5,561700,8.24651
1996-03-06,23.5,23.5,23.125,23.125,224400,8.114917
1996-03-07,23.125,23.25,23.0,23.0,276600,8.071052
1996-03-08,22.5,22.875,22.25,22.375,633900,7.85173
1996-03-11,21.75,22.375,21.625,22.25,722100,7.807866
1996-03-12,22.375,22.375,22.0,22.375,500900,7.85173
1996-03-13,22.25,22.375,22.0,22.0,268000,7.720137
1996-03-14,22.125,22.25,22.125,22.125,273300,7.764001
1996-03-15,22.25,22.25,21.5,21.875,576000,7.676272
1996-03-18,22.125,22.875,22.125,22.875,323500,8.027188
1996-03-19,23.0,23.125,22.375,22.5,315000,7.895595
1996-03-20,22.625,22.625,22.0,22.375,221500,7.85173
1996-03-21,22.25,22.5,22.125,22.375,235400,7.85173
1996-03-22,22.375,22.75,22.375,22.625,524000,7.939459
1996-03-25,22.625,23.0,22.625,22.625,170700,7.939459
1996-03-26,22.625,22.875,22.625,22.625,196500,7.939459
1996-03-27,22.75,22.75,22.5,22.625,200200,7.939459
1996-03-28,22.5,22.5,22.125,22.15625,310100,7.774967
1996-03-29,22.375,22.375,21.625,21.625,434800,7.588544
1996-04-01,21.75,22.25,21.625,22.125,374600,7.764001
1996-04-02,22.125,22.375,22.125,22.375,568300,7.85173
1996-04-03,22.125,22.5,22.125,22.25,703300,7.807866
1996-04-04,22.25,22.5,22.25,22.375,262900,7.85173
1996-04-08,21.875,22.0,21.5,21.75,282300,7.632408
1996-04-09,21.625,22.125,21.5,22.0,1087300,7.720137
1996-04-10,21.875,22.25,21.75,21.75,713200,7.632408
1996-04-11,21.75,21.875,21.25,21.5,464200,7.544679
1996-04-12,21.375,21.75,21.375,21.5,241500,7.544679
1996-04-15,21.625,21.75,21.375,21.375,255100,7.500815
1996-04-16,21.375,21.5,20.875,21.0,421600,7.369222
1996-04-17,20.75,21.125,20.75,21.0,571000,7.369222
1996-04-18,21.125,21.375,21.0,21.125,310600,7.413086
1996-04-19,21.125,21.25,20.5,20.5,520500,7.193764
1996-04-22,20.75,21.375,20.75,21.375,485900,7.500815
1996-04-23,21.25,21.375,21.125,21.25,535300,7.45695
1996-04-24,21.375,21.5,21.125,21.25,570800,7.45695
1996-04-25,21.125,21.25,20.875,21.0,399000,7.369222
1996-04-26,21.0,21.0,20.75,20.875,2619200,7.325357
1996-04-29,20.75,21.25,20.75,21.125,300100,7.413086
1996-04-30,21.0,21.375,21.0,21.375,782300,7.500815
1996-05-01,21.5,22.0,21.5,22.0,1580000,7.720137
1996-05-02,21.875,22.0,21.5,21.5,970100,7.544679
1996-05-03,21.625,21.625,21.25,21.375,326400,7.500815
1996-05-06,21.5,22.25,21.375,22.125,1702600,7.764001
1996-05-07,22.125,22.25,22.0,22.125,549900,7.764001
1996-05-08,22.0,23.125,21.875,23.125,1082000,8.114917
1996-05-09,22.875,23.0,22.5,22.75,304800,7.983323
1996-05-10,23.0,23.0,22.75,23.0,302900,8.071052
1996-05-13,23.0,23.5,22.875,23.5,1740900,8.24651
1996-05-14,23.125,23.625,23.0,23.25,1156200,8.291085
1996-05-15,23.125,23.25,23.0,23.125,1113200,8.24651
1996-05-16,23.0,23.125,22.75,22.75,518900,8.112783
1996-05-17,22.875,22.875,22.625,22.75,304800,8.112783
1996-05-20,22.75,23.0,22.5,22.625,281400,8.068207
1996-05-21,22.75,23.0,22.625,23.0,569100,8.201934
1996-05-22,23.125,23.625,23.125,23.375,627400,8.335661
1996-05-23,23.5,23.5,22.875,23.0,1114900,8.201934
1996-05-24,23.0,23.0,22.5,22.875,958700,8.157358
1996-05-28,23.0,23.0,22.5,22.625,317000,8.068207
1996-05-29,22.75,22.75,22.25,22.375,535100,7.979055
1996-05-30,22.125,22.5,22.125,22.25,219900,7.93448
1996-05-31,22.125,22.25,21.75,21.875,203100,7.800752
1996-06-03,21.75,21.75,21.375,21.625,230100,7.711601
1996-06-04,21.75,22.125,21.75,22.0,195500,7.845328
1996-06-05,22.125,22.5,22.125,22.5,282300,8.023631
1996-06-06,23.0,23.25,22.875,23.0,847600,8.201934
1996-06-07,22.5,22.875,22.5,22.875,416300,8.157358
1996-06-10,22.75,22.875,22.625,22.875,1306200,8.157358
1996-06-11,23.125,23.625,23.125,23.375,684400,8.335661
1996-06-12,23.25,23.375,23.0,23.125,508700,8.24651
1996-06-13,23.125,23.25,22.875,23.125,277200,8.24651
1996-06-14,23.25,23.25,23.0,23.125,194600,8.24651
1996-06-17,23.0,23.125,22.625,23.0,1366100,8.201934
1996-06-18,22.875,23.0,22.625,22.75,606900,8.112783
1996-06-19,22.75,22.75,22.375,22.5,395700,8.023631
1996-06-20,22.625,22.75,22.5,22.5,1705900,8.023631
1996-06-21,22.625,22.875,22.625,22.875,1001700,8.157358
1996-06-24,23.125,23.125,22.875,23.125,329400,8.24651
1996-06-25,23.125,23.375,23.125,23.125,318000,8.24651
1996-06-26,23.0,23.25,23.0,23.25,1103500,8.291085
1996-06-27,23.25,24.125,23.25,24.0,706400,8.55854
1996-06-28,24.25,24.75,24.125,24.625,631200,8.781419
1996-07-01,24.625,24.75,24.5,24.75,391700,8.825994
1996-07-02,24.625,24.625,24.125,24.125,648900,8.603116
1996-07-03,24.0,24.125,23.75,24.125,204200,8.603116
1996-07-05,23.5,23.75,23.0,23.25,395500,8.291085
1996-07-08,23.375,23.5,23.125,23.25,821900,8.291085
1996-07-09,23.375,23.625,23.125,23.5,324400,8.380237
1996-07-10,23.625,23.875,23.25,23.5,592200,8.380237
1996-07-11,23.5,23.5,23.0,23.5,358000,8.380237
1996-07-12,23.375,23.875,23.375,23.75,696600,8.469388
1996-07-15,23.75,24.125,23.625,23.75,576600,8.469388
1996-07-16,23.5,24.0,22.75,23.5,658500,8.380237
1996-07-17,23.875,23.875,23.125,23.125,299500,8.24651
1996-07-18,23.0,23.0,22.5,22.875,763700,8.157358
1996-07-19,22.875,22.875,22.5,22.75,391000,8.112783
1996-07-22,22.625,22.75,22.25,22.75,296500,8.112783
1996-07-23,22.75,22.875,22.375,22.625,1018000,8.068207
1996-07-24,22.25,22.875,22.25,22.625,380400,8.068207
1996-07-25,22.75,23.0,22.5,22.625,280400,8.068207
1996-07-26,22.75,22.875,22.625,22.625,162000,8.068207
1996-07-29,22.625,22.75,22.375,22.625,177700,8.068207
1996-07-30,22.625,22.625,22.25,22.5,383900,8.023631
1996-07-31,22.5,22.75,22.375,22.625,444700,8.068207
1996-08-01,22.625,23.375,22.5,23.25,689500,8.291085
1996-08-02,24.5,24.5,23.5,23.75,446600,8.469388
1996-08-05,23.625,23.875,23.625,23.75,158100,8.469388
1996-08-06,23.75,23.75,23.25,23.5,209600,8.380237
1996-08-07,23.5,23.75,23.5,23.75,173000,8.469388
1996-08-08,23.75,23.75,23.375,23.375,236100,8.335661
1996-08-09,23.625,23.625,23.375,23.625,229100,8.424813
1996-08-12,23.25,23.25,22.75,22.875,795700,8.157358
1996-08-13,22.875,23.0,22.5,22.75,1627600,8.112783
1996-08-14,22.5,22.625,22.25,22.25,723000,8.06746
1996-08-15,22.125,22.375,22.0,22.0,1272100,7.976814
1996-08-16,22.125,22.5,22.125,22.375,832200,8.112783
1996-08-19,22.5,22.5,22.25,22.375,408900,8.112783
1996-08-20,22.375,22.375,22.0,22.0,879800,7.976814
1996-08-21,22.0,22.0,21.875,21.875,543500,7.931492
1996-08-22,22.0,22.25,21.875,22.125,450300,8.022137
1996-08-23,22.0,22.125,21.875,21.875,201000,7.931492
1996-08-26,21.875,22.25,21.875,22.0,332600,7.976814
1996-08-27,22.0,22.25,22.0,22.125,301400,8.022137
1996-08-28,22.125,22.25,21.875,21.875,422000,7.931492
1996-08-29,21.875,22.0,21.875,22.0,1135000,7.976814
1996-08-30,21.875,22.0,21.75,21.75,665600,7.886169
1996-09-03,21.5,21.625,21.375,21.5,286200,7.795523
1996-09-04,21.5,21.75,21.125,21.125,773600,7.659555
1996-09-05,21.125,21.5,21.125,21.375,680000,7.7502
1996-09-06,21.375,21.5,21.375,21.375,1273900,7.7502
1996-09-09,21.5,21.5,21.25,21.375,299700,7.7502
1996-09-10,21.375,21.625,21.25,21.5,497300,7.795523
1996-09-11,21.625,22.0,21.625,22.0,654200,7.976814
1996-09-12,22.0,22.25,22.0,22.125,348700,8.022137
1996-09-13,22.25,22.5,22.25,22.25,468600,8.06746
1996-09-16,22.5,22.625,22.375,22.5,375100,8.158106
1996-09-17,22.5,22.625,22.125,22.25,331600,8.06746
1996-09-18,22.375,22.75,22.25,22.75,498300,8.248751
1996-09-19,22.5,22.625,22.375,22.5,1022800,8.158106
1996-09-20,22.625,22.75,22.5,22.5,1007100,8.158106
1996-09-23,22.375,22.625,22.375,22.625,226200,8.203428
1996-09-24,22.5,22.875,22.5,22.75,623600,8.248751
1996-09-25,22.75,22.875,22.625,22.75,748800,8.248751
1996-09-26,22.625,22.875,22.625,22.625,547000,8.203428
1996-09-27,22.625,22.75,22.375,22.5,745400,8.158106
1996-09-30,22.375,22.5,22.125,22.125,374800,8.022137
1996-10-01,22.0,22.5,22.0,22.375,311700,8.112783
1996-10-02,22.5,22.625,22.375,22.375,275800,8.112783
1996-10-03,22.375,22.5,22.25,22.375,280900,8.112783
1996-10-04,22.25,22.75,22.25,22.625,687100,8.203428
1996-10-07,22.75,22.875,22.75,22.75,435600,8.248751
1996-10-08,22.875,22.875,22.625,22.75,172100,8.248751
1996-10-09,22.75,22.875,22.625,22.875,788900,8.294074
1996-10-10,22.75,22.875,22.625,22.875,658700,8.294074
1996-10-11,22.75,22.875,22.75,22.875,494300,8.294074
1996-10-14,22.75,23.125,22.75,23.0,330000,8.339397
1996-10-15,23.0,23.25,23.0,23.125,543000,8.38472
1996-10-16,23.125,23.25,23.0,23.25,565000,8.430043
1996-10-17,23.25,23.5,23.25,23.25,267100,8.430043
1996-10-18,23.375,23.375,23.125,23.25,842100,8.430043
1996-10-21,23.125,23.25,23.0,23.125,626300,8.38472
1996-10-22,23.0,23.125,22.875,23.0,736200,8.339397
1996-10-23,22.75,23.125,22.75,23.125,445900,8.38472
1996-10-24,23.0,23.125,22.75,23.0,661200,8.339397
1996-10-25,23.0,23.125,22.875,23.125,599100,8.38472
1996-10-28,23.0,23.125,22.375,22.75,545900,8.248751
1996-10-29,22.75,23.25,22.75,23.125,868700,8.38472
1996-10-30,23.375,23.375,23.125,23.25,469500,8.430043
1996-10-31,23.25,23.25,22.875,22.875,337300,8.294074
1996-11-01,23.0,23.0,22.75,23.0,277300,8.339397
1996-11-04,23.125,23.375,23.0,23.125,627000,8.38472
1996-11-05,23.125,23.5,23.125,23.375,373100,8.475365
1996-11-06,23.375,24.0,23.25,24.0,660700,8.701979
1996-11-07,24.125,24.125,23.875,23.875,347200,8.656657
1996-11-08,24.0,24.125,24.0,24.0,190700,8.701979
1996-11-11,24.0,24.125,23.75,24.0,177700,8.701979
1996-11-12,24.0,24.0,23.75,23.875,286700,8.656657
1996-11-13,23.375,23.375,22.875,23.0,1416400,8.472472
1996-11-14,23.0,23.5,23.0,23.5,1287700,8.656656
1996-11-15,23.625,23.625,23.125,23.125,311000,8.518518
1996-11-18,23.0,23.125,22.875,23.0,168300,8.472472
1996-11-19,23.25,23.375,22.875,22.875,198400,8.426426
1996-11-20,23.0,23.0,22.5,22.625,250900,8.334334
1996-11-21,22.75,22.875,22.625,22.75,443300,8.38038
1996-11-22,22.75,22.75,22.375,22.375,1398400,8.242242
1996-11-25,22.375,22.5,22.125,22.125,1155200,8.15015
1996-11-26,22.25,22.25,22.125,22.25,585000,8.196196
1996-11-27,22.25,22.25,22.0,22.125,820200,8.15015
1996-11-29,22.125,22.125,22.0,22.0,108800,8.104104
1996-12-02,22.0,22.0,21.75,22.0,377100,8.104104
1996-12-03,21.875,22.0,21.75,21.75,227800,8.012012
1996-12-04,21.75,21.875,21.625,21.75,288400,8.012012
1996-12-05,21.875,21.875,21.625,21.625,586400,7.965966
1996-12-06,21.125,21.5,20.75,21.25,536800,7.827828
1996-12-09,21.375,21.625,21.375,21.5,342200,7.91992
1996-12-10,21.5,21.625,21.25,21.375,431600,7.873874
1996-12-11,21.375,21.75,21.25,21.75,623000,8.012012
1996-12-12,21.875,21.875,21.4375,21.625,465800,7.965966
1996-12-13,21.5,21.625,21.125,21.25,1151400,7.827828
1996-12-16,21.125,21.5,21.125,21.25,349600,7.827828
1996-12-17,21.25,21.625,21.125,21.625,986300,7.965966
1996-12-18,21.625,22.125,21.5,22.125,959900,8.15015
1996-12-19,22.25,22.625,22.125,22.375,1533100,8.242242
1996-12-20,22.875,22.875,22.5,22.625,999100,8.334334
1996-12-23,22.625,22.75,22.5,22.625,358100,8.334334
1996-12-24,22.5,22.625,22.5,22.625,172900,8.334334
1996-12-26,22.625,23.125,22.625,23.0,412400,8.472472
1996-12-27,22.875,23.0,22.875,22.875,790600,8.426426
1996-12-30,23.0,23.0,22.75,22.75,270000,8.38038
1996-12-31,22.75,22.875,22.5,22.625,460100,8.334334
1997-01-02,22.625,22.625,22.0,22.375,282300,8.242242
1997-01-03,22.5,22.5,22.125,22.375,686700,8.242242
1997-01-06,22.375,22.375,22.125,22.25,229800,8.196196
1997-01-07,22.125,22.5,21.875,22.375,364300,8.242242
1997-01-08,22.5,22.625,22.375,22.625,618900,8.334334
1997-01-09,22.5,22.75,22.5,22.75,525900,8.38038
1997-01-10,22.25,22.75,22.25,22.625,434500,8.334334
1997-01-13,22.75,23.0,22.75,23.0,575100,8.472472
1997-01-14,23.0,23.125,22.875,23.0,1057000,8.472472
1997-01-15,23.0,23.125,22.875,23.125,237400,8.518518
1997-01-16,23.0,23.125,23.0,23.125,745600,8.518518
1997-01-17,23.125,23.125,23.0,23.0,1115100,8.472472
1997-01-20,23.125,23.125,22.875,23.0,222700,8.472472
1997-01-21,22.875,23.125,22.875,22.875,591400,8.426426
1997-01-22,23.125,23.25,23.0,23.25,2397600,8.564564
1997-01-23,23.25,23.375,23.0,23.0,781500,8.472472
1997-01-24,23.0,23.125,22.75,22.75,538500,8.38038
1997-01-27,22.625,22.75,22.5,22.625,310200,8.334334
1997-01-28,22.75,22.875,22.375,22.375,1373100,8.242242
1997-01-29,22.375,22.5,22.25,22.375,1092400,8.242242
1997-01-30,22.5,22.75,22.375,22.75,1672100,8.38038
1997-01-31,22.75,22.875,22.5,22.625,705900,8.334334
1997-02-03,22.625,22.75,22.625,22.625,190900,8.334334
1997-02-04,22.5,22.625,22.5,22.625,526500,8.334334
1997-02-05,22.625,22.625,22.125,22.125,685100,8.15015
1997-02-06,22.125,23.0,21.875,22.75,2125600,8.38038
1997-02-07,22.875,23.375,22.875,23.125,902400,8.518518
1997-02-10,23.25,23.25,22.875,22.875,452900,8.426426
1997-02-11,23.0,23.0,22.75,22.875,2900000,8.426426
1997-02-12,22.625,22.75,22.5,22.75,744200,8.520053
1997-02-13,22.75,22.875,22.625,22.875,855200,8.566867
1997-02-14,22.75,22.875,22.625,22.625,747300,8.47324
1997-02-18,22.625,22.75,22.5,22.75,469000,8.520053
1997-02-19,22.625,22.75,22.625,22.75,294100,8.520053
1997-02-20,22.625,22.75,22.625,22.625,770300,8.47324
1997-02-21,22.625,22.75,22.5,22.625,395300,8.47324
1997-02-24,22.75,23.375,22.625,23.375,852200,8.754121
1997-02-25,23.5,23.625,23.375,23.5,659400,8.800934
1997-02-26,23.375,23.5,23.125,23.375,287600,8.754121
1997-02-27,23.25,23.25,22.9375,23.125,346800,8.660494
1997-02-28,22.875,23.375,22.75,23.25,381000,8.707307
1997-03-03,23.125,23.375,23.125,23.375,191900,8.754121
1997-03-04,23.375,23.375,23.125,23.375,489100,8.754121
1997-03-05,23.25,23.375,23.125,23.375,313000,8.754121
1997-03-06,23.25,23.25,22.375,22.5,1317200,8.426427
1997-03-07,22.5,22.75,22.375,22.5,636800,8.426427
1997-03-10,22.375,22.625,22.375,22.5,572700,8.426427
1997-03-11,22.5,22.625,22.25,22.25,1449300,8.3328
1997-03-12,22.25,22.25,21.625,21.625,1059900,8.098732
1997-03-13,21.625,21.75,21.25,21.375,728400,8.005105
1997-03-14,21.375,21.625,21.25,21.375,451000,8.005105
1997-03-17,21.25,21.75,21.125,21.625,702400,8.098732
1997-03-18,21.375,21.5,21.0,21.125,965300,7.911478
1997-03-19,21.125,21.25,21.125,21.125,550700,7.911478
1997-03-20,21.125,21.125,20.625,20.875,528900,7.817851
1997-03-21,20.875,20.875,20.625,20.75,491200,7.771038
1997-03-24,20.875,21.25,20.75,21.25,462700,7.958292
1997-03-25,21.5,22.0,21.375,21.5,696200,8.051919
1997-03-26,21.625,21.625,21.25,21.375,598100,8.005105
1997-03-27,21.375,21.625,20.875,21.0,952500,7.864665
1997-03-31,21.0,21.125,20.75,20.875,845500,7.817851
1997-04-01,20.625,20.875,20.5,20.625,391000,7.724224
1997-04-02,20.5,20.625,20.0,20.375,1252700,7.630597
1997-04-03,20.375,20.625,20.25,20.375,825900,7.630597
1997-04-04,20.25,20.75,20.25,20.625,513200,7.724224
1997-04-07,20.625,20.75,20.5,20.5,353100,7.677411
1997-04-08,20.5,20.5,20.125,20.125,553700,7.53697
1997-04-09,20.25,20.5,20.25,20.375,476700,7.630597
1997-04-10,20.5,20.875,20.375,20.75,772400,7.771038
1997-04-11,20.5,20.625,20.125,20.125,652900,7.53697
1997-04-14,20.125,20.125,19.875,20.0,315200,7.490157
1997-04-15,20.25,20.25,19.875,19.875,575500,7.443343
1997-04-16,19.875,19.875,19.5,19.625,874300,7.349716
1997-04-17,19.625,19.625,18.875,18.875,1461900,7.068836
1997-04-18,19.0,19.5,18.875,19.375,1696400,7.256089
1997-04-21,19.375,19.375,19.25,19.25,539700,7.209276
1997-04-22,19.25,19.375,19.25,19.375,399100,7.256089
1997-04-23,19.375,19.375,19.25,19.375,344700,7.256089
1997-04-24,19.375,19.5,19.375,19.5,450500,7.302903
1997-04-25,19.5,19.5,19.25,19.25,392600,7.209276
1997-04-28,19.25,19.625,19.25,19.5,617800,7.302903
1997-04-29,19.875,19.875,19.75,19.875,518000,7.443343
1997-04-30,19.875,20.0,19.75,20.0,622500,7.490157
1997-05-01,20.0,20.125,19.75,20.0,260400,7.490157
1997-05-02,20.0,20.375,19.875,20.375,533800,7.630597
1997-05-05,20.5,21.25,20.375,21.125,823100,7.911478
1997-05-06,22.375,23.625,22.25,23.375,2372700,8.754121
1997-05-07,23.25,23.25,22.625,22.625,1144700,8.47324
1997-05-08,22.375,22.75,22.25,22.625,1473100,8.47324
1997-05-09,22.5,22.625,22.25,22.25,687900,8.3328
1997-05-12,22.25,22.625,22.25,22.375,299600,8.379613
1997-05-13,22.625,22.625,22.5,22.625,3084900,8.47324
1997-05-14,22.375,22.5,22.25,22.375,1840000,8.520842
1997-05-15,22.375,22.75,22.25,22.625,1153500,8.616047
1997-05-16,22.625,23.0,22.625,22.875,1208100,8.711252
1997-05-19,22.75,22.75,21.625,21.75,759700,8.28283
1997-05-20,21.5,21.5,20.875,21.25,1064300,8.09242
1997-05-21,20.5,20.875,20.5,20.625,624800,7.854408
1997-05-22,21.0,21.125,20.625,20.875,397200,7.949613
1997-05-23,21.0,21.125,20.625,20.75,425000,7.90201
1997-05-27,20.625,20.75,20.4375,20.75,218800,7.90201
1997-05-28,20.75,20.875,20.5,20.625,434300,7.854408
1997-05-29,20.75,20.75,20.625,20.75,425400,7.90201
1997-05-30,20.625,21.0,20.625,20.75,501000,7.90201
1997-06-02,20.75,20.875,20.625,20.75,587400,7.90201
1997-06-03,20.75,20.75,20.375,20.5,432400,7.806805
1997-06-04,20.125,20.5,20.125,20.375,1086800,7.759203
1997-06-05,20.375,20.5,20.25,20.5,621200,7.806805
1997-06-06,20.5,20.625,20.375,20.625,674600,7.854408
1997-06-09,20.625,20.875,20.5,20.875,477500,7.949613
1997-06-10,20.875,21.0,20.75,21.0,466700,7.997215
1997-06-11,21.0,21.25,20.875,21.125,772400,8.044818
1997-06-12,21.125,21.625,21.125,21.625,913000,8.235227
1997-06-13,21.625,21.75,21.375,21.5,368100,8.187625
1997-06-16,21.625,21.625,21.375,21.375,353600,8.140023
1997-06-17,21.25,21.625,21.25,21.5625,549500,8.211426
1997-06-18,21.375,21.875,21.375,21.75,859900,8.28283
1997-06-19,21.875,22.125,21.625,22.0,523300,8.378035
1997-06-20,22.125,22.375,22.0,22.0,479200,8.378035
1997-06-23,22.0,22.125,21.5,21.5,378000,8.187625
1997-06-24,21.5,21.625,21.375,21.5625,320400,8.211426
1997-06-25,21.625,21.75,21.3125,21.3125,370200,8.116221
1997-06-26,21.25,21.375,21.125,21.375,639100,8.140023
1997-06-27,21.375,21.5625,21.3125,21.4375,195300,8.163824
1997-06-30,21.5,21.5625,21.1875,21.4375,487100,8.163824
1997-07-01,21.25,21.5,21.25,21.375,280400,8.140023
1997-07-02,21.5,21.5,21.25,21.3125,376600,8.116221
1997-07-03,21.375,21.6875,21.375,21.625,443300,8.235227
1997-07-07,21.75,21.75,21.375,21.4375,230800,8.163824
1997-07-08,21.375,21.625,21.25,21.5625,472700,8.211426
1997-07-09,21.625,21.75,21.5625,21.625,634500,8.235227
1997-07-10,21.6875,21.875,21.5,21.8125,718000,8.306631
1997-07-11,21.9375,21.9375,21.625,21.6875,228100,8.259029
1997-07-14,21.6875,21.9375,21.5,21.6875,272200,8.259029
1997-07-15,21.6875,21.75,21.5625,21.5625,203000,8.211426
1997-07-16,21.625,21.6875,21.375,21.5625,403700,8.211426
1997-07-17,21.5625,21.625,21.125,21.1875,265400,8.068619
1997-07-18,21.125,21.1875,20.6875,21.1875,385400,8.068619
1997-07-21,21.125,21.125,20.6875,20.6875,337900,7.878209
1997-07-22,20.75,21.0625,20.625,21.0,802700,7.997215
1997-07-23,21.0625,21.1875,21.0,21.0,946200,7.997215
1997-07-24,21.0625,21.125,20.875,21.0625,978200,8.021016
1997-07-25,21.0625,21.0625,20.875,21.0,456900,7.997215
1997-07-28,21.0,21.0625,20.875,21.0,622800,7.997215
1997-07-29,21.0,21.5625,20.9375,21.5,1646400,8.187625
1997-07-30,21.5,21.5625,21.3125,21.4375,350900,8.163824
1997-07-31,21.375,21.375,20.9375,20.9375,1400900,7.973414
1997-08-01,20.75,20.75,20.625,20.6875,543900,7.878209
1997-08-04,20.5625,20.9375,20.5,20.9375,432600,7.973414
1997-08-05,20.9375,21.375,20.9375,21.375,603500,8.140023
1997-08-06,21.375,22.0,21.125,21.875,2473900,8.330432
1997-08-07,22.0,22.125,21.75,21.8125,2029800,8.306631
1997-08-08,21.6875,21.75,21.5,21.625,1619600,8.235227
1997-08-11,21.6875,22.0,21.5625,22.0,497700,8.378035
1997-08-12,22.0,22.0625,21.75,21.8125,1199400,8.306631
1997-08-13,21.5,21.5,20.9375,21.0,3517000,8.137108
1997-08-14,21.125,21.1875,20.8125,20.875,1183500,8.088673
1997-08-15,20.75,21.0625,20.625,20.625,848800,7.991802
1997-08-18,20.625,21.0,20.625,20.9375,579600,8.11289
1997-08-19,20.8125,20.9375,20.25,20.5625,1208400,7.967585
1997-08-20,20.5625,20.6875,20.375,20.6875,2762200,8.01602
1997-08-21,20.625,20.75,20.5,20.5625,1083700,7.967585
1997-08-22,20.375,20.75,20.125,20.75,651200,8.040238
1997-08-25,20.6875,20.6875,20.375,20.4375,464600,7.91915
1997-08-26,20.4375,20.5625,20.25,20.375,434200,7.894932
1997-08-27,20.4375,20.625,20.375,20.625,652700,7.991802
1997-08-28,20.5,20.5625,20.125,20.25,4681400,7.846497
1997-08-29,20.25,20.375,20.1875,20.25,495000,7.846497
1997-09-02,20.25,20.625,20.25,20.625,848300,7.991802
1997-09-03,20.5,20.75,20.4375,20.6875,422500,8.01602
1997-09-04,20.625,20.6875,20.25,20.5,523400,7.943367
1997-09-05,20.625,20.625,20.25,20.625,358900,7.991802
1997-09-08,20.8125,20.8125,20.5625,20.75,376600,8.040238
1997-09-09,20.75,20.8125,20.6875,20.75,453700,8.040238
1997-09-10,20.8125,21.0,20.75,20.9375,980000,8.11289
1997-09-11,21.0,21.0,20.375,20.5,2144200,7.943367
1997-09-12,20.6875,21.0,20.4375,21.0,2134300,8.137108
1997-09-15,21.125,21.1875,20.8125,20.875,452600,8.088673
1997-09-16,21.0,21.25,20.875,21.25,649200,8.233978
1997-09-17,21.1875,21.3125,21.0625,21.1875,671400,8.209761
1997-09-18,21.375,21.5,21.1875,21.25,494000,8.233978
1997-09-19,21.375,21.4375,21.0625,21.3125,886700,8.258196
1997-09-22,21.4375,21.5625,21.3125,21.5625,604100,8.355066
1997-09-23,21.3125,21.4375,21.25,21.4375,518200,8.306631
1997-09-24,21.375,21.6875,21.375,21.4375,745000,8.306631
1997-09-25,21.4375,21.5625,21.375,21.5,420500,8.330849
1997-09-26,21.375,21.625,21.1875,21.375,470500,8.282413
1997-09-29,21.1875,21.4375,21.1875,21.4375,318600,8.306631
1997-09-30,21.4375,21.75,21.3125,21.75,552900,8.427719
1997-10-01,21.75,22.0,21.6875,21.75,687200,8.427719
1997-10-02,21.8125,22.3125,21.75,22.3125,1068200,8.645677
1997-10-03,22.75,22.75,21.75,22.0625,532600,8.548807
1997-10-06,22.5625,22.625,22.0625,22.1875,312800,8.597242
1997-10-07,22.0625,22.375,22.0,22.3125,255100,8.645677
1997-10-08,22.375,22.375,21.75,21.75,280100,8.427719
1997-10-09,21.5625,21.875,21.5,21.875,476900,8.476154
1997-10-10,21.75,21.8125,21.5625,21.6875,411500,8.403501
1997-10-13,21.8125,22.0625,21.6875,22.0625,466200,8.548807
1997-10-14,22.125,22.3125,22.0,22.0625,301700,8.548807
1997-10-15,22.0,22.375,22.0,22.1875,1474500,8.597242
1997-10-16,22.3125,22.625,22.25,22.375,919700,8.669895
1997-10-17,22.25,22.5,22.1875,22.375,401500,8.669895
1997-10-20,22.375,22.875,22.375,22.875,346800,8.863635
1997-10-21,22.875,22.9375,21.6875,22.875,1043400,8.863635
1997-10-22,22.8125,22.9375,22.625,22.75,390400,8.8152
1997-10-23,22.5,22.625,22.1875,22.375,412100,8.669895
1997-10-24,22.375,22.5,22.125,22.375,1284000,8.669895
1997-10-27,22.125,22.4375,21.5625,21.6875,343000,8.403501
1997-10-28,21.375,22.0,20.75,22.0,1129000,8.524589
1997-10-29,22.0,22.125,21.6875,21.75,772000,8.427719
1997-10-30,21.5,22.0625,21.5,21.5,578500,8.330849
1997-10-31,21.625,22.0,21.4375,21.75,538500,8.427719
1997-11-03,22.0,22.0,21.8125,21.875,1105800,8.476154
1997-11-04,21.8125,21.875,21.6875,21.875,457500,8.476154
1997-11-05,21.875,22.625,21.8125,22.5,1878200,8.71833
1997-11-06,22.4375,22.625,22.375,22.5625,1316100,8.742548
1997-11-07,22.25,22.4375,22.0625,22.4375,485700,8.694112
1997-11-10,22.4375,22.5625,22.125,22.125,451800,8.573024
1997-11-11,22.1875,22.375,22.125,22.3125,393200,8.645677
1997-11-12,21.625,22.4375,21.625,22.25,3313600,8.768835
1997-11-13,22.4375,22.5,22.0,22.25,361700,8.768835
1997-11-14,22.3125,22.3125,22.0,22.25,285900,8.768835
1997-11-17,22.4375,22.75,22.3125,22.6875,556600,8.941256
1997-11-18,22.6875,22.8125,22.3125,22.375,344200,8.818098
1997-11-19,22.125,22.9375,22.125,22.75,417900,8.965888
1997-11-20,22.9375,23.375,22.75,23.25,792000,9.16294
1997-11-21,23.3125,23.4375,23.1875,23.4375,537300,9.236835
1997-11-24,23.1875,23.5,23.1875,23.4375,350300,9.236835
1997-11-25,23.5,24.125,23.4375,24.0625,1005000,9.483151
1997-11-26,23.3125,23.625,23.3125,23.625,1281900,9.31073
1997-11-28,23.75,23.75,23.5,23.6875,75400,9.335361
1997-12-01,23.6875,24.0,23.5625,24.0,545700,9.458519
1997-12-02,24.0,24.0,23.5,23.625,972100,9.31073
1997-12-03,23.75,23.75,23.25,23.375,1670100,9.212203
1997-12-04,23.4375,23.625,23.3125,23.5,293800,9.261467
1997-12-05,23.5,23.8125,23.25,23.5,383600,9.261467
1997-12-08,23.5,23.9375,23.0625,23.375,509800,9.212203
1997-12-09,23.375,23.6875,23.25,23.6875,714000,9.335361
1997-12-10,23.6875,24.5,23.625,24.25,965700,9.557045
1997-12-11,24.3125,24.4375,23.6875,24.3125,572200,9.581677
1997-12-12,24.4375,24.625,24.125,24.5,1419000,9.655571
1997-12-15,24.5,24.875,24.4375,24.6875,382500,9.729466
1997-12-16,24.5625,24.9375,24.375,24.8125,824800,9.778729
1997-12-17,24.875,25.25,24.75,25.25,639900,9.95115
1997-12-18,25.1875,25.25,24.8125,24.875,338900,9.803361
1997-12-19,24.25,24.9375,24.25,24.75,785400,9.754098
1997-12-22,25.0,25.5,25.0,25.375,500000,10.000413
1997-12-23,25.4375,26.5,25.4375,26.0,661700,10.246729
1997-12-24,26.0,26.0625,25.5625,25.625,128600,10.09894
1997-12-26,25.6875,25.8125,25.625,25.75,61600,10.148203
1997-12-29,25.75,26.0,25.5,25.9375,527700,10.222097
1997-12-30,26.125,26.75,26.125,26.625,1411300,10.493044
1997-12-31,26.5,27.25,26.375,26.75,541500,10.542308
1998-01-02,26.625,26.6875,25.9375,26.0,1032500,10.246729
1998-01-05,26.125,26.4375,25.375,25.5625,1578300,10.074308
1998-01-06,25.4375,26.0,25.3125,25.875,402900,10.197466
1998-01-07,25.75,25.75,25.0,25.4375,619700,10.025045
1998-01-08,25.5,25.9375,25.1875,25.9375,571200,10.222097
1998-01-09,25.9375,26.125,25.5625,25.875,665700,10.197466
1998-01-12,25.5625,26.3125,25.4375,26.3125,354200,10.369887
1998-01-13,26.3125,26.3125,25.625,26.0,340600,10.246729
1998-01-14,26.0,26.1875,25.8125,26.0625,219600,10.27136
1998-01-15,26.0625,26.1875,25.5,25.625,302600,10.09894
1998-01-16,25.9375,26.0,25.0,25.5,380700,10.049676
1998-01-20,25.5625,25.75,25.5,25.6875,198300,10.123571
1998-01-21,25.75,25.75,25.3125,25.75,200700,10.148203
1998-01-22,25.5,25.8125,25.375,25.8125,519300,10.172834
1998-01-23,25.8125,25.875,25.625,25.8125,372300,10.172834
1998-01-26,25.75,26.125,25.75,25.9375,343800,10.222097
1998-01-27,25.9375,26.125,25.875,25.9375,627100,10.222097
1998-01-28,26.0,26.125,25.8125,25.9375,491600,10.222097
1998-01-29,25.8125,26.0625,25.75,25.9375,494900,10.222097
1998-01-30,25.6875,26.25,25.6875,26.125,896400,10.295992
1998-02-02,26.3125,26.5,25.9375,26.125,342100,10.295992
1998-02-03,26.0,26.125,25.9375,26.0625,277200,10.27136
1998-02-04,26.0,26.25,25.8125,26.125,365400,10.295992
1998-02-05,26.25,26.5,26.125,26.4375,743800,10.41915
1998-02-06,26.5,26.75,26.375,26.75,1311400,10.542308
1998-02-09,26.75,26.75,26.4375,26.625,331300,10.493044
1998-02-10,26.6875,26.9375,26.625,26.875,3645100,10.591571
1998-02-11,26.375,26.5,25.6875,26.0,971300,10.391729
1998-02-12,25.8125,26.1875,25.75,26.0625,304100,10.416709
1998-02-13,25.9375,26.1875,25.875,26.0,167900,10.391729
1998-02-17,25.9375,26.1875,25.9375,26.125,331700,10.44169
1998-02-18,26.125,26.1875,25.9375,26.125,293100,10.44169
1998-02-19,25.9375,26.0625,25.75,25.875,203500,10.341769
1998-02-20,25.875,26.0,25.6875,25.9375,271400,10.366749
1998-02-23,26.1875,26.1875,25.75,25.9375,313800,10.366749
1998-02-24,25.8125,26.0,25.625,25.9375,875000,10.366749
1998-02-25,26.0,26.25,25.875,26.0625,570400,10.416709
1998-02-26,26.0,26.0,25.75,25.9375,262600,10.366749
1998-02-27,25.8125,25.9375,25.6875,25.875,281900,10.341769
1998-03-02,25.6875,25.9375,25.25,25.75,314500,10.291809
1998-03-03,25.75,25.9375,25.6875,25.9375,467700,10.366749
1998-03-04,25.875,25.9375,25.75,25.9375,393200,10.366749
1998-03-05,25.75,26.1875,25.75,26.125,533400,10.44169
1998-03-06,26.25,26.5,26.0625,26.5,408700,10.59157
1998-03-09,26.25,26.625,26.25,26.625,1835200,10.64153
1998-03-10,26.5625,27.1875,26.5625,27.0,366300,10.791411
1998-03-11,27.125,27.1875,26.75,26.875,931700,10.741451
1998-03-12,26.6875,27.0,26.5,26.5,723500,10.59157
1998-03-13,26.625,26.875,26.3125,26.4375,1242400,10.56659
1998-03-16,26.5,26.75,26.4375,26.75,307100,10.691491
1998-03-17,26.6875,27.0,26.5625,26.875,421400,10.741451
1998-03-18,26.9375,27.3125,26.8125,27.0625,773700,10.816391
1998-03-19,26.875,27.125,26.8125,27.0625,341400,10.816391
1998-03-20,27.3125,27.6875,27.125,27.5625,882900,11.016232
1998-03-23,27.5625,28.0625,27.5,27.875,480200,11.141133
1998-03-24,27.8125,28.375,27.8125,28.25,772600,11.291014
1998-03-25,28.3125,28.75,28.25,28.6875,513600,11.465874
1998-03-26,28.5,28.625,28.3125,28.5625,425700,11.415914
1998-03-27,28.375,28.375,27.9375,28.0625,405700,11.216073
1998-03-30,28.0,28.3125,27.875,28.25,397100,11.291014
1998-03-31,28.25,28.9375,28.25,28.75,614900,11.490855
1998-04-01,29.125,29.375,28.6875,28.8125,1179500,11.515835
1998-04-02,28.875,29.3125,28.875,29.1875,776800,11.665715
1998-04-03,29.1875,29.6875,29.125,29.3125,970000,11.715676
1998-04-06,29.3125,29.9375,29.3125,29.875,1317600,11.940497
1998-04-07,29.625,29.9375,29.5625,29.6875,861100,11.865556
1998-04-08,29.625,29.6875,29.3125,29.4375,708300,11.765636
1998-04-09,29.375,29.6875,29.25,29.625,353100,11.840576
1998-04-13,29.4375,29.5625,29.125,29.3125,550400,11.715676
1998-04-14,29.5,30.0,29.25,30.0,779900,11.990457
1998-04-15,29.9375,29.9375,29.5625,29.9375,409400,11.965477
1998-04-16,29.875,29.875,29.5625,29.8125,349000,11.915517
1998-04-17,29.625,29.625,29.375,29.625,495600,11.840576
1998-04-20,29.5625,29.5625,29.0625,29.1875,492100,11.665715
1998-04-21,29.1875,29.25,28.75,29.0,516000,11.590775
1998-04-22,28.8125,28.9375,28.5625,28.5625,532300,11.415914
1998-04-23,28.5625,28.625,28.25,28.4375,852300,11.365954
1998-04-24,28.375,28.625,28.1875,28.1875,233700,11.266033
1998-04-27,27.75,27.9375,27.375,27.9375,769300,11.166113
1998-04-28,27.9375,28.4375,27.75,28.3125,389700,11.315994
1998-04-29,28.1875,28.6875,28.125,28.6875,394600,11.465874
1998-04-30,28.6875,29.1875,28.5,29.0625,676900,11.615755
1998-05-01,29.1875,29.1875,28.625,28.8125,380700,11.515835
1998-05-04,28.875,30.375,28.875,30.375,830800,12.140338
1998-05-05,30.25,30.3125,29.6875,30.0625,531600,12.015437
1998-05-06,29.9375,30.0,29.375,29.4375,540100,11.765636
1998-05-07,29.375,29.4375,29.125,29.25,247300,11.690695
1998-05-08,29.25,29.6875,29.25,29.375,212800,11.740656
1998-05-11,29.3125,29.4375,28.75,28.875,326200,11.540815
1998-05-12,28.8125,29.3125,28.75,29.3125,2586800,11.715676
1998-05-13,29.0625,29.25,28.3125,28.6875,840500,11.61446
1998-05-14,28.5625,28.625,28.25,28.4375,490400,11.513245
1998-05-15,28.5,28.5,27.75,27.9375,726900,11.310814
1998-05-18,27.875,27.9375,27.375,27.625,504900,11.184295
1998-05-19,27.625,27.96875,27.625,27.8125,346500,11.260207
1998-05-20,27.8125,28.0,27.3125,27.9375,712600,11.310814
1998-05-21,27.9375,27.9375,27.5,27.875,338300,11.28551
1998-05-22,27.875,28.0,27.5625,27.75,236600,11.234903
1998-05-26,27.75,28.0,27.5625,27.875,244400,11.28551
1998-05-27,27.8125,28.0,27.5,27.875,345700,11.28551
1998-05-28,28.0,28.25,27.8125,28.0625,394400,11.361422
1998-05-29,28.125,28.625,28.0625,28.625,636100,11.589156
1998-06-01,28.4375,29.875,28.4375,29.625,1339200,11.994018
1998-06-02,29.5625,29.9375,29.5,29.75,706000,12.044625
1998-06-03,29.6875,29.9375,29.5625,29.6875,567100,12.019322
1998-06-04,29.6875,29.875,29.5625,29.8125,640000,12.069929
1998-06-05,29.8125,29.9375,29.75,29.9375,359800,12.120537
1998-06-08,29.875,29.9375,29.4375,29.75,471500,12.044625
1998-06-09,29.8125,29.8125,29.4375,29.4375,249600,11.918106
1998-06-10,29.5625,30.1875,29.4375,30.125,729400,12.196448
1998-06-11,30.1875,30.25,29.8125,30.25,681600,12.247056
1998-06-12,30.0625,30.125,29.625,29.9375,904900,12.120537
1998-06-15,29.9375,30.1875,29.625,29.9375,695000,12.120537
1998-06-16,29.9375,30.0,29.25,29.8125,704600,12.069929
1998-06-17,29.875,29.875,29.25,29.4375,764200,11.918106
1998-06-18,29.5625,30.0625,29.5625,29.875,695400,12.095233
1998-06-19,29.875,30.0,29.6875,29.8125,972500,12.069929
1998-06-22,29.8125,30.25,29.6875,29.875,474000,12.095233
1998-06-23,29.875,30.4375,29.8125,30.3125,1014600,12.27236
1998-06-24,30.25,32.0,30.25,31.3125,949700,12.677221
1998-06-25,31.5625,31.75,30.25,30.4375,777900,12.322968
1998-06-26,30.5,30.9375,30.1875,30.25,603100,12.247056
1998-06-29,30.25,30.9375,30.25,30.5625,276700,12.373575
1998-06-30,30.5,31.0625,30.4375,30.8125,340600,12.474791
1998-07-01,30.9375,30.9375,30.4375,30.8125,399400,12.474791
1998-07-02,30.6875,30.75,30.4375,30.75,268600,12.449487
1998-07-06,30.625,31.125,30.625,31.0,155900,12.550702
1998-07-07,31.125,31.1875,30.25,30.25,365100,12.247056
1998-07-08,30.5,30.6875,30.3125,30.4375,208000,12.322968
1998-07-09,30.5,30.5625,30.1875,30.1875,330700,12.221752
1998-07-10,30.0625,30.25,29.75,30.1875,301400,12.221752
1998-07-13,30.0,30.125,29.75,30.0,213200,12.145841
1998-07-14,30.0,30.125,29.8125,30.0625,401300,12.171145
1998-07-15,29.9375,30.0625,29.3125,29.5,281200,11.94341
1998-07-16,29.3125,29.5625,29.0625,29.5,455900,11.94341
1998-07-17,29.9375,29.9375,29.25,29.625,241900,11.994018
1998-07-20,29.75,29.75,29.0,29.3125,394000,11.867499
1998-07-21,29.3125,29.3125,28.25,28.5625,617400,11.563853
1998-07-22,28.5625,29.0,28.5,28.9375,588500,11.715676
1998-07-23,28.8125,29.0,28.75,28.875,197300,11.690372
1998-07-24,28.875,29.0,28.375,28.5,266100,11.538549
1998-07-27,28.25,28.6875,28.0625,28.625,245300,11.589156
1998-07-28,28.5625,28.6875,28.25,28.625,248100,11.589156
1998-07-29,28.5625,28.625,28.0,28.1875,229100,11.41203
1998-07-30,28.125,28.6875,28.125,28.6875,344600,11.61446
1998-07-31,28.6875,28.6875,27.125,27.9375,470600,11.310814
1998-08-03,28.0,28.875,27.75,28.4375,573000,11.513245
1998-08-04,28.375,28.4375,27.25,27.5,339000,11.133687
1998-08-05,27.5625,27.6875,26.75,27.1875,618600,11.007168
1998-08-06,27.0625,27.375,26.8125,27.0,582100,10.931257
1998-08-07,27.0,27.875,26.625,27.8125,784800,11.260207
1998-08-10,27.75,28.125,27.75,27.9375,608600,11.310814
1998-08-11,27.75,27.875,27.3125,27.5,416400,11.133687
1998-08-12,27.5625,28.375,27.25,28.0625,489600,11.518493
1998-08-13,27.9375,28.1875,27.5625,28.0625,481200,11.518493
1998-08-14,28.0,28.4375,28.0,28.1875,674000,11.5698
1998-08-17,27.875,28.6875,27.875,28.625,532200,11.749376
1998-08-18,28.375,29.1875,28.375,29.1875,1111500,11.980258
1998-08-19,29.1875,29.1875,28.4375,28.5,798000,11.698068
1998-08-20,28.5625,28.8125,28.25,28.5625,538000,11.723722
1998-08-21,28.3125,29.1875,28.0,28.8125,645600,11.826337
1998-08-24,29.0625,29.875,29.0,29.375,418500,12.057219
1998-08-25,29.5625,29.8125,29.0,29.3125,337200,12.031566
1998-08-26,29.25,29.8125,29.0,29.4375,441500,12.082873
1998-08-27,29.5,29.5625,28.9375,29.0625,487600,11.928951
1998-08-28,29.125,29.625,28.875,29.5625,625100,12.13418
1998-08-31,29.3125,30.0625,28.75,28.8125,720100,11.826337
1998-09-01,28.875,29.25,27.125,28.875,662100,11.85199
1998-09-02,28.8125,29.125,28.3125,29.0,585500,11.903298
1998-09-03,29.0,29.0,28.125,28.375,419200,11.646761
1998-09-04,28.375,28.625,27.6875,28.125,542800,11.544146
1998-09-08,28.25,29.1875,28.0625,29.0,575700,11.903298
1998-09-09,29.125,29.125,28.5625,28.875,260100,11.85199
1998-09-10,28.9375,29.25,28.5,28.9375,566400,11.877644
1998-09-11,28.875,28.875,28.1875,28.5625,944900,11.723722
1998-09-14,28.5625,28.8125,28.5625,28.6875,694200,11.775029
1998-09-15,28.4375,28.875,28.1875,28.875,798700,11.85199
1998-09-16,28.75,29.0,28.625,28.9375,606700,11.877644
1998-09-17,28.8125,28.875,28.5,28.8125,699000,11.826337
1998-09-18,28.5625,29.1875,28.3125,28.5,896100,11.698068
1998-09-21,28.625,29.0,28.125,28.875,507000,11.85199
1998-09-22,29.125,29.875,28.875,29.5,845900,12.108527
1998-09-23,29.875,30.25,29.6875,30.1875,803300,12.390717
1998-09-24,30.125,30.1875,29.25,29.625,913900,12.159834
1998-09-25,29.375,30.875,29.375,30.0,880900,12.313756
1998-09-28,30.25,30.625,30.25,30.625,611400,12.570293
1998-09-29,30.625,31.3125,30.5625,31.3125,885900,12.852483
1998-09-30,31.3125,32.0,30.8125,31.125,558500,12.775522
1998-10-01,30.9375,31.5625,30.75,30.8125,376700,12.647254
1998-10-02,30.8125,31.875,30.75,31.125,659500,12.775522
1998-10-05,31.375,32.1875,31.0,32.125,643800,13.18598
1998-10-06,32.0625,32.3125,31.3125,31.75,584300,13.032058
1998-10-07,32.0,32.75,31.0625,31.75,840200,13.032058
1998-10-08,31.625,32.25,31.25,32.25,770800,13.237288
1998-10-09,32.1875,32.25,30.75,31.0625,631800,12.749868
1998-10-12,31.0625,31.0625,29.4375,29.5,425200,12.108527
1998-10-13,29.75,30.6875,29.625,30.6875,469700,12.595946
1998-10-14,30.8125,32.4375,30.8125,31.8125,2124300,13.057712
1998-10-15,31.8125,32.375,31.625,32.0625,654700,13.160327
1998-10-16,32.6875,32.6875,31.0,31.6875,1094100,13.006405
1998-10-19,31.5,31.875,31.0625,31.25,272900,12.826829
1998-10-20,31.125,31.375,30.0,30.1875,524000,12.390717
1998-10-21,30.25,30.375,29.8125,30.1875,413700,12.390717
1998-10-22,30.0,30.8125,30.0,30.5625,225200,12.544639
1998-10-23,30.5625,30.8125,30.125,30.6875,470100,12.595946
1998-10-26,30.5625,30.9375,30.3125,30.375,185500,12.467678
1998-10-27,30.625,30.6875,30.1875,30.4375,346100,12.493332
1998-10-28,30.375,30.8125,30.1875,30.375,479500,12.467678
1998-10-29,30.4375,30.4375,30.0625,30.3125,380000,12.442024
1998-10-30,30.875,31.25,30.5,31.0625,680400,12.749868
1998-11-02,31.125,32.0,31.0625,31.375,368600,12.878137
1998-11-03,31.5,32.375,31.5,31.9375,744700,13.109019
1998-11-04,32.0625,32.25,31.5625,31.6875,406400,13.006405
1998-11-05,31.5625,32.0625,31.5625,32.0,458100,13.134673
1998-11-06,31.75,32.375,31.625,32.3125,492700,13.262941
1998-11-09,32.0625,32.375,31.875,32.0625,305100,13.160327
1998-11-10,32.125,33.25,32.125,32.9375,505200,13.519478
1998-11-11,32.6875,32.6875,32.0625,32.125,1913400,13.18598
1998-11-12,31.75,32.25,31.6875,32.0,1146900,13.289806
1998-11-13,32.125,32.75,32.125,32.6875,972800,13.57533
1998-11-16,32.75,33.375,32.75,33.375,343600,13.860853
1998-11-17,33.375,33.375,32.625,32.75,572600,13.601286
1998-11-18,32.75,33.0,32.25,32.3125,539300,13.41959
1998-11-19,32.375,32.375,31.8125,31.9375,939500,13.26385
1998-11-20,32.0,32.125,31.875,31.875,491000,13.237893
1998-11-23,31.75,32.625,31.75,32.625,288500,13.549373
1998-11-24,32.4375,32.75,32.25,32.375,420000,13.445546
1998-11-25,32.4375,32.5,32.0625,32.4375,355700,13.471503
1998-11-27,32.25,32.25,31.9375,32.125,67600,13.34172
1998-11-30,31.875,32.0,31.625,31.625,261400,13.134066
1998-12-01,31.5,32.5625,31.4375,32.5625,311800,13.523416
1998-12-02,32.375,32.9375,32.125,32.6875,785800,13.57533
1998-12-03,32.4375,32.875,32.0,32.25,275200,13.393633
1998-12-04,32.125,33.25,32.0625,33.125,501800,13.757026
1998-12-07,32.875,33.25,32.8125,32.9375,287100,13.679156
1998-12-08,32.6875,33.0625,32.5,32.8125,284400,13.627243
1998-12-09,32.5625,33.3125,32.0625,33.1875,323700,13.782983
1998-12-10,33.25,33.25,32.5625,32.875,411000,13.6532
1998-12-11,32.875,33.25,32.5625,33.25,564100,13.808939
1998-12-14,32.75,33.375,32.75,32.9375,255800,13.679156
1998-12-15,32.8125,32.9375,32.25,32.25,1441900,13.393633
1998-12-16,32.375,32.5,32.0625,32.3125,342800,13.41959
1998-12-17,32.5,32.75,32.0625,32.5,1417800,13.49746
1998-12-18,32.125,32.6875,32.125,32.6875,576500,13.57533
1998-12-21,32.6875,32.75,32.3125,32.5,279600,13.49746
1998-12-22,32.625,32.625,32.0,32.375,190900,13.445546
1998-12-23,32.4375,32.5625,32.125,32.5,195300,13.49746
1998-12-24,32.625,32.75,32.3125,32.625,301500,13.549373
1998-12-28,32.625,32.625,32.1875,32.3125,276900,13.41959
1998-12-29,32.3125,32.4375,32.25,32.375,184600,13.445546
1998-12-30,32.4375,32.5,32.125,32.3125,840500,13.41959
1998-12-31,32.3125,32.375,32.0625,32.0625,211600,13.315763
1999-01-04,32.25,32.5,31.9375,32.125,600400,13.34172
1999-01-05,32.125,32.25,31.875,32.0,371500,13.289806
1999-01-06,31.9375,32.25,31.8125,32.25,378000,13.393633
1999-01-07,32.125,32.25,31.8125,31.9375,194800,13.26385
1999-01-08,31.8125,32.0,31.375,31.5,302300,13.082153
1999-01-11,31.375,31.4375,30.8125,31.1875,338100,12.95237
1999-01-12,31.0,31.4375,30.8125,31.0625,375900,12.900457
1999-01-13,30.5,31.1875,30.375,31.0,817000,12.8745
1999-01-14,31.0625,31.0625,30.25,30.5625,503500,12.692803
1999-01-15,30.375,31.0625,30.375,31.0625,552200,12.900457
1999-01-19,31.0,31.3125,30.5625,30.875,460200,12.822587
1999-01-20,30.625,31.1875,30.625,30.75,401300,12.770673
1999-01-21,31.0,31.4375,30.875,31.125,422900,12.926413
1999-01-22,30.875,31.75,30.875,31.3125,425000,13.004283
1999-01-25,31.1875,32.0625,31.0,31.8125,598200,13.211936
1999-01-26,31.625,32.0,31.5,31.6875,326400,13.160023
1999-01-27,31.25,31.25,30.625,30.625,611000,12.71876
1999-01-28,30.5,30.875,30.3125,30.6875,389500,12.744717
1999-01-29,30.5625,30.75,29.8125,30.25,508800,12.56302
1999-02-01,30.125,30.125,28.875,28.9375,775400,12.01793
1999-02-02,28.625,29.25,28.5,29.125,621300,12.0958
1999-02-03,29.125,29.625,29.125,29.3125,565200,12.17367
1999-02-04,29.3125,29.5,29.0,29.125,606900,12.0958
1999-02-05,29.125,29.375,28.5625,28.5625,649200,11.86219
1999-02-08,28.6875,28.75,28.4375,28.6875,565700,11.914104
1999-02-09,28.6875,28.8125,28.3125,28.375,399000,11.78432
1999-02-10,28.375,28.6875,28.3125,28.4375,1106400,11.810277
1999-02-11,28.1875,28.5,27.25,27.9375,449300,11.75767
1999-02-12,27.8125,27.9375,26.75,27.0625,228100,11.389421
1999-02-16,27.125,27.75,27.125,27.25,416100,11.468332
1999-02-17,27.125,28.125,26.875,27.875,1056900,11.731367
1999-02-18,27.875,28.375,27.8125,27.875,415000,11.731367
1999-02-19,27.625,27.6875,27.375,27.4375,538600,11.547242
1999-02-22,27.3125,27.875,27.3125,27.6875,668100,11.652456
1999-02-23,27.625,27.875,27.0,27.125,353400,11.415725
1999-02-24,27.5,27.5625,26.75,26.875,420100,11.310511
1999-02-25,26.5,26.9375,25.875,26.1875,860500,11.021172
1999-02-26,26.1875,27.0,26.0,26.8125,774600,11.284207
1999-03-01,26.6875,26.75,25.8125,26.3125,387200,11.073779
1999-03-02,26.375,27.1875,26.3125,26.6875,695200,11.2316
1999-03-03,26.6875,27.375,26.6875,27.1875,369100,11.442028
1999-03-04,27.125,27.375,26.8125,27.375,828700,11.520939
1999-03-05,27.5625,28.125,27.5625,28.125,407500,11.836581
1999-03-08,28.0625,28.25,27.5625,27.875,864600,11.731367
1999-03-09,27.625,27.8125,26.9375,26.9375,428100,11.336814
1999-03-10,27.625,28.0,27.0625,27.0625,1811900,11.389421
1999-03-11,27.1875,27.9375,27.1875,27.9375,1322800,11.75767
1999-03-12,28.125,28.75,28.0625,28.3125,624200,11.915491
1999-03-15,28.3125,28.625,28.3125,28.4375,335200,11.968098
1999-03-16,28.375,28.625,28.1875,28.3125,410400,11.915491
1999-03-17,28.3125,28.4375,27.9375,28.0,338600,11.783974
1999-03-18,28.25,28.6875,28.1875,28.625,695500,12.047009
1999-03-19,28.75,28.75,28.5625,28.625,426000,12.047009
1999-03-22,28.625,28.8125,28.5625,28.8125,304700,12.125919
1999-03-23,28.625,28.6875,27.9375,28.0,447200,11.783974
1999-03-24,28.0625,29.25,28.0625,29.0625,772400,12.231134
1999-03-25,28.9375,29.0,28.125,28.5,332400,11.994402
1999-03-26,28.125,28.25,27.75,27.875,295300,11.731367
1999-03-29,27.875,28.0625,27.125,27.375,291800,11.520939
1999-03-30,27.0,27.0,26.5,26.6875,386000,11.2316
1999-03-31,26.5625,26.625,25.875,26.0625,473200,10.968565
1999-04-01,25.875,26.8125,25.75,26.25,618100,11.047475
1999-04-05,26.5,27.0625,26.4375,27.0,695500,11.363118
1999-04-06,27.0,27.25,26.25,26.5,194500,11.15269
1999-04-07,26.375,26.375,25.5,25.9375,569400,10.915958
1999-04-08,26.0,26.75,25.8125,26.5,733900,11.15269
1999-04-09,26.4375,26.6875,26.25,26.5625,344000,11.178993
1999-04-12,26.75,26.875,26.3125,26.6875,229200,11.2316
1999-04-13,26.5,26.5625,25.9375,26.125,480900,10.994868
1999-04-14,26.0625,26.25,25.5,25.5,584400,10.731833
1999-04-15,25.6875,25.8125,25.4375,25.6875,340100,10.810744
1999-04-16,25.875,26.5,25.6875,26.25,528900,11.047475
1999-04-19,26.25,27.1875,26.25,26.8125,447100,11.284207
1999-04-20,27.0,27.9375,26.875,27.75,682800,11.67876
1999-04-21,27.875,28.0,27.5,27.75,568500,11.67876
1999-04-22,27.6875,27.6875,26.5625,27.0,471500,11.363118
1999-04-23,26.875,27.1875,26.5625,26.6875,195200,11.2316
1999-04-26,26.75,27.1875,26.5625,27.0625,230900,11.389421
1999-04-27,27.125,27.5,27.0625,27.25,325500,11.468332
1999-04-28,27.1875,27.9375,27.1875,27.625,362900,11.626153
1999-04-29,27.6875,28.5625,27.6875,28.375,1135000,11.941795
1999-04-30,28.375,28.5,27.875,28.3125,1184800,11.915491
1999-05-03,28.1875,28.8125,28.1875,28.5,509000,11.994402
1999-05-04,28.375,28.625,28.1875,28.5625,444300,12.020705
1999-05-05,28.625,29.4375,28.625,29.25,634400,12.310044
1999-05-06,29.25,29.25,28.3125,28.625,684500,12.047009
1999-05-07,28.75,29.25,28.625,28.8125,280500,12.125919
1999-05-10,28.875,29.25,28.5625,28.75,403200,12.099616
1999-05-11,28.625,29.1875,28.375,28.9375,930600,12.178527
1999-05-12,28.625,29.125,28.5,29.125,1706400,12.418366
1999-05-13,29.125,30.3125,29.0625,30.125,584600,12.844748
1999-05-14,30.0,30.1875,29.4375,29.875,575500,12.738153
1999-05-17,29.75,30.5,29.75,30.3125,679900,12.924695
1999-05-18,30.25,30.3125,29.875,30.3125,821500,12.924695
1999-05-19,30.3125,30.9375,30.3125,30.625,517400,13.057939
1999-05-20,30.625,30.75,30.125,30.1875,1294000,12.871397
1999-05-21,30.3125,31.0,30.25,30.875,638000,13.164534
1999-05-24,30.8125,31.75,30.8125,31.6875,681300,13.510969
1999-05-25,31.625,32.0,31.625,31.6875,1152100,13.510969
1999-05-26,31.5,31.8125,31.125,31.1875,968700,13.297779
1999-05-27,31.0625,31.0625,29.8125,30.25,770300,12.898046
1999-05-28,30.125,30.5,30.125,30.5,355700,13.004641
1999-06-01,30.3125,30.3125,29.25,29.375,655600,12.524962
1999-06-02,29.5,30.0,29.4375,29.75,491900,12.684855
1999-06-03,29.75,30.0625,29.375,29.6875,460600,12.658206
1999-06-04,29.75,30.0625,29.75,30.0625,217400,12.818099
1999-06-07,29.9375,30.0,29.25,29.625,325300,12.631557
1999-06-08,29.5,29.6875,29.25,29.5625,321400,12.604908
1999-06-09,29.5,29.6875,29.375,29.5,465200,12.578259
1999-06-10,29.25,29.375,28.5625,28.625,474300,12.205176
1999-06-11,28.6875,29.0,28.4375,28.5625,641000,12.178527
1999-06-14,28.75,29.1875,28.5,28.625,964400,12.205176
1999-06-15,28.6875,29.125,28.625,28.9375,792100,12.33842
1999-06-16,29.0625,29.9375,29.0,29.3125,819000,12.498313
1999-06-17,29.5,29.5625,29.0625,29.25,533400,12.471664
1999-06-18,29.25,29.4375,28.5625,28.5625,1056600,12.178527
1999-06-21,28.5,28.5,27.875,28.0,1173200,11.938687
1999-06-22,28.0,28.5,27.75,28.5,689400,12.151878
1999-06-23,28.375,28.375,27.9375,28.3125,257200,12.071931
1999-06-24,28.25,28.25,27.8125,28.0625,447100,11.965336
1999-06-25,28.125,28.4375,27.9375,28.125,451900,11.991985
1999-06-28,28.375,28.625,28.125,28.375,515400,12.09858
1999-06-29,28.4375,28.4375,27.8125,28.3125,491800,12.071931
1999-06-30,28.3125,28.3125,27.5,27.625,537200,11.778794
1999-07-01,27.125,28.25,27.0625,27.875,1310100,11.885389
1999-07-02,27.875,28.0625,27.75,28.0625,319900,11.965336
1999-07-06,27.8125,27.8125,27.25,27.4375,683900,11.698847
1999-07-07,27.4375,27.4375,27.125,27.3125,1038300,11.64555
1999-07-08,27.25,27.5,27.0625,27.125,616100,11.565603
1999-07-09,27.0625,27.4375,27.0625,27.375,246600,11.672198
1999-07-12,27.375,27.375,27.125,27.25,364200,11.618901
1999-07-13,27.1875,27.5625,27.1875,27.25,622300,11.618901
1999-07-14,27.25,27.75,27.0,27.6875,737600,11.805443
1999-07-15,27.75,27.875,27.5,27.625,292000,11.778794
1999-07-16,27.875,27.875,27.25,27.375,306800,11.672198
1999-07-19,27.3125,27.4375,27.0,27.1875,475600,11.592252
1999-07-20,27.1875,27.75,27.1875,27.5625,609600,11.752145
1999-07-21,27.6875,28.25,27.5,28.0625,1134900,11.965336
1999-07-22,28.125,28.5625,28.0625,28.4375,975100,12.125229
1999-07-23,28.4375,28.5,28.3125,28.375,633700,12.09858
1999-07-26,28.25,28.625,28.125,28.3125,421100,12.071931
1999-07-27,28.25,28.5,28.25,28.375,458700,12.09858
1999-07-28,28.3125,28.3125,28.0,28.0625,453800,11.965336
1999-07-29,27.875,27.9375,27.3125,27.5,358600,11.725496
1999-07-30,27.5,27.625,27.1875,27.3125,303200,11.64555
1999-08-02,27.3125,27.875,27.3125,27.8125,401100,11.85874
1999-08-03,27.75,28.0,27.75,27.8125,374800,11.85874
1999-08-04,27.8125,28.0,27.625,27.625,528900,11.778794
1999-08-05,27.625,27.75,27.3125,27.5625,540700,11.752145
1999-08-06,27.5,27.6875,27.5,27.625,271700,11.778794
1999-08-09,27.625,27.75,27.5625,27.75,291400,11.832092
1999-08-10,27.75,27.75,26.9375,27.1875,344700,11.592252
1999-08-11,27.25,27.3125,27.0625,27.0625,495200,11.538954
1999-08-12,26.5,26.625,26.375,26.4375,1083100,11.430861
1999-08-13,26.4375,26.8125,26.375,26.6875,278100,11.538954
1999-08-16,26.5625,26.8125,26.5625,26.625,366300,11.511931
1999-08-17,26.625,27.0,26.625,26.875,336900,11.620024
1999-08-18,26.8125,26.9375,26.5,26.625,299200,11.511931
1999-08-19,26.5,26.75,26.375,26.6875,626000,11.538954
1999-08-20,26.6875,27.75,26.625,27.4375,611700,11.863234
1999-08-23,27.5,27.75,27.1875,27.4375,357500,11.863234
1999-08-24,27.375,27.625,27.125,27.625,289400,11.944304
1999-08-25,27.5,28.1875,27.4375,28.0,484400,12.106444
1999-08-26,27.75,28.0,27.5,27.75,396300,11.99835
1999-08-27,27.6875,27.8125,27.46875,27.6875,249800,11.971327
1999-08-30,27.625,27.9375,27.5,27.6875,343400,11.971327
1999-08-31,27.6875,28.0,27.5625,27.6875,418800,11.971327
1999-09-01,27.6875,27.8125,27.625,27.6875,419800,11.971327
1999-09-02,27.375,28.5,27.0625,28.25,1043400,12.214537
1999-09-03,28.375,28.875,28.375,28.625,826800,12.376677
1999-09-07,28.4375,28.4375,27.75,28.0,765700,12.106444
1999-09-08,27.8125,27.9375,27.5625,27.8125,576300,12.025374
1999-09-09,27.6875,28.25,27.5625,28.125,688500,12.16049
1999-09-10,28.25,28.375,28.0,28.375,374500,12.268584
1999-09-13,28.375,28.5,28.0,28.5,916900,12.32263
1999-09-14,28.25,28.3125,28.125,28.125,336000,12.16049
1999-09-15,28.25,28.5,27.875,28.0625,318700,12.133467
1999-09-16,28.0,28.1875,27.8125,28.0625,474400,12.133467
1999-09-17,28.125,28.25,28.0,28.125,333300,12.16049
1999-09-20,28.3125,28.375,27.875,27.9375,491200,12.07942
1999-09-21,27.8125,27.8125,27.25,27.5,321600,11.890257
1999-09-22,27.4375,27.9375,27.0,27.875,660100,12.052397
1999-09-23,27.9375,28.0,27.375,27.4375,970000,11.863234
1999-09-24,27.375,27.4375,26.875,27.0,654500,11.674071
1999-09-27,27.125,27.125,26.6875,26.6875,363200,11.538954
1999-09-28,26.6875,26.6875,25.9375,26.3125,589100,11.376814
1999-09-29,26.375,26.75,26.375,26.625,313200,11.511931
1999-09-30,26.5625,27.375,26.5625,27.0625,870500,11.701094
1999-10-01,26.9375,27.8125,26.5,27.75,405700,11.99835
1999-10-04,27.6875,28.4375,27.6875,28.4375,536400,12.295607
1999-10-05,28.5,28.5,27.5625,27.9375,336600,12.07942
1999-10-06,27.875,28.0,27.375,27.875,806300,12.052397
1999-10-07,27.75,27.75,26.9375,27.0,556700,11.674071
1999-10-08,27.0,27.5,27.0,27.3125,388000,11.809187
1999-10-11,27.1875,27.1875,26.6875,26.75,269400,11.565977
1999-10-12,26.8125,26.875,26.625,26.75,287400,11.565977
1999-10-13,26.625,27.0,26.625,26.75,329700,11.565977
1999-10-14,26.75,27.1875,26.5625,26.9375,349200,11.647047
1999-10-15,27.1875,27.1875,26.4375,26.5625,271600,11.484907
1999-10-18,26.5625,26.875,26.5625,26.6875,195000,11.538954
1999-10-19,26.625,26.875,26.125,26.25,429700,11.349791
1999-10-20,26.375,26.5625,26.1875,26.3125,176100,11.376814
1999-10-21,26.5,26.5,25.75,26.1875,259000,11.322768
1999-10-22,26.375,26.4375,26.0625,26.125,374200,11.295744
1999-10-25,26.125,26.3125,26.0625,26.25,396700,11.349791
1999-10-26,26.125,26.6875,26.0,26.125,524400,11.295744
1999-10-27,26.0625,27.125,26.0625,26.8125,552500,11.593001
1999-10-28,26.9375,27.4375,26.9375,27.3125,462500,11.809187
1999-10-29,27.3125,27.4375,27.0625,27.25,338000,11.782164
1999-11-01,27.25,27.5,27.0625,27.375,153100,11.836211
1999-11-02,27.375,27.9375,27.3125,27.3125,506600,11.809187
1999-11-03,27.3125,27.5625,27.1875,27.5625,844600,11.91728
1999-11-04,27.5625,28.0,27.0,27.5,688300,11.890257
1999-11-05,27.5,27.9375,27.5,27.8125,522400,12.025374
1999-11-08,27.75,27.875,27.5,27.8125,713600,12.025374
1999-11-09,27.75,27.8125,27.0625,27.1875,269600,11.755141
1999-11-10,26.9375,27.125,26.5625,26.75,398400,11.565977
1999-11-11,26.5625,26.75,26.25,26.5,363000,11.457884
1999-11-12,26.125,26.375,25.9375,26.3125,1756200,11.540118
1999-11-15,26.0625,26.125,25.75,25.75,680400,11.293417
1999-11-16,25.9375,26.1875,25.75,26.0,670900,11.403062
1999-11-17,25.9375,26.125,25.8125,26.125,756600,11.457884
1999-11-18,26.0,26.25,25.6875,25.9375,582800,11.37565
1999-11-19,25.6875,25.75,25.25,25.6875,1196400,11.266006
1999-11-22,25.375,25.5625,24.75,24.75,740000,10.854837
1999-11-23,24.625,24.8125,24.25,24.5,704900,10.745193
1999-11-24,24.625,24.875,24.5,24.75,423000,10.854837
1999-11-26,24.5625,24.5625,24.3125,24.3125,225100,10.662959
1999-11-29,24.125,24.125,23.5625,23.875,797800,10.471081
1999-11-30,23.9375,24.9375,23.875,24.8125,1628600,10.882249
1999-12-01,24.6875,24.8125,24.375,24.8125,614000,10.882249
1999-12-02,24.75,24.9375,24.625,24.796881,522000,10.875398
1999-12-03,24.75,25.0625,24.375,24.5,692700,10.745193
1999-12-06,24.25,24.5,24.0,24.0625,474400,10.553314
1999-12-07,23.875,24.125,23.625,23.75,479200,10.416258
1999-12-08,23.5625,23.5625,23.0,23.3125,1069800,10.22438
1999-12-09,23.3125,23.375,22.9375,23.0,515400,10.087324
1999-12-10,23.0,23.4375,23.0,23.4375,797400,10.279202
1999-12-13,23.375,23.4375,22.875,23.125,921700,10.142146
1999-12-14,23.0,23.4375,22.875,23.0625,571700,10.114735
1999-12-15,22.9375,23.8125,22.9375,23.5625,821900,10.334025
1999-12-16,23.5625,23.625,23.1875,23.25,479800,10.196969
1999-12-17,23.125,23.59375,23.0,23.4375,1053400,10.279202
1999-12-20,23.25,23.3125,23.0625,23.3125,561500,10.22438
1999-12-21,23.0625,23.6875,23.0,23.3125,611400,10.22438
1999-12-22,23.1875,23.375,22.875,23.3125,509200,10.22438
1999-12-23,23.4375,23.5625,23.3125,23.4375,353400,10.279202
1999-12-27,23.25,23.5,23.0625,23.1875,329300,10.169557
1999-12-28,23.0625,23.3125,23.0625,23.125,450800,10.142146
1999-12-29,23.25,23.25,22.75,22.875,339000,10.032501
1999-12-30,22.8125,22.9375,22.75,22.875,644400,10.032501
1999-12-31,22.875,23.0,22.8125,22.875,183400,10.032501
2000-01-03,22.75,22.8125,22.125,22.25,682300,9.758389
2000-01-04,22.125,22.5625,22.125,22.5,1258000,9.868034
2000-01-05,22.4375,23.875,22.4375,23.4375,780700,10.279202
2000-01-06,23.75,24.0,23.5625,23.5625,1140500,10.334025
2000-01-07,23.8125,24.125,23.6875,23.9375,674600,10.498492
2000-01-10,23.8125,23.9375,23.5625,23.625,307900,10.361436
2000-01-11,23.5,23.75,23.1875,23.4375,631000,10.279202
2000-01-12,23.1875,23.9375,23.1875,23.8125,412400,10.443669
2000-01-13,23.8125,23.9375,23.4375,23.75,633700,10.416258
2000-01-14,23.25,23.4375,23.125,23.125,506800,10.142146
2000-01-18,23.0,23.25,22.75,22.9375,518100,10.059912
2000-01-19,22.8125,23.3125,22.8125,23.125,431700,10.142146
2000-01-20,23.0,23.0625,22.75,22.875,367600,10.032501
2000-01-21,23.0,23.1875,22.75,23.0625,875100,10.114735
2000-01-24,23.0625,23.125,22.375,22.4375,663200,9.840623
2000-01-25,22.6875,22.875,21.1875,21.4375,799400,9.402044
2000-01-26,21.5625,22.4375,21.375,22.3125,897800,9.7858
2000-01-27,22.1875,22.6875,22.1875,22.4375,481100,9.840623
2000-01-28,22.25,22.625,21.9375,22.1875,793000,9.730978
2000-01-31,22.25,22.8125,22.1875,22.8125,435300,10.00509
2000-02-01,22.75,22.8125,22.125,22.3125,365600,9.7858
2000-02-02,22.625,22.6875,22.3125,22.5,613200,9.868034
2000-02-03,23.0,24.125,22.875,24.0625,1693300,10.553314
2000-02-04,24.0625,24.0625,23.0,23.3125,1217700,10.22438
2000-02-07,23.1875,23.25,22.8125,23.0,537800,10.087324
2000-02-08,23.0,23.25,22.9375,23.1875,744100,10.169557
2000-02-09,23.1875,23.375,23.125,23.1875,978400,10.169557
2000-02-10,23.25,23.625,22.9375,23.0625,1032600,10.114735
2000-02-11,23.0,23.0625,22.3125,22.5,1212800,9.868034
2000-02-14,22.3125,22.625,22.25,22.3125,2345300,9.951662
2000-02-15,22.375,22.375,21.8125,22.125,472500,9.868034
2000-02-16,22.0625,22.125,21.6875,21.8125,469800,9.728655
2000-02-17,21.8125,21.9375,21.1875,21.3125,414300,9.505649
2000-02-18,21.125,21.25,20.75,21.1875,726500,9.449897
2000-02-22,21.375,21.8125,21.1875,21.1875,1409000,9.449897
2000-02-23,21.25,21.375,21.0,21.25,744200,9.477773
2000-02-24,21.1875,21.4375,20.0625,20.5,1280000,9.143264
2000-02-25,20.875,20.875,20.125,20.25,1045300,9.03176
2000-02-28,20.375,20.875,20.125,20.75,1283500,9.254767
2000-02-29,20.875,20.9375,20.4375,20.5625,606900,9.171139
2000-03-01,20.625,20.8125,20.25,20.4375,700400,9.115388
2000-03-02,20.25,20.6875,20.125,20.6875,1009000,9.226891
2000-03-03,20.75,21.25,20.6875,21.0625,995100,9.394146
2000-03-06,20.9375,21.125,20.0625,20.125,1681100,8.976009
2000-03-07,20.125,20.4375,19.75,19.875,1897900,8.864505
2000-03-08,19.8125,21.0625,19.75,20.5625,1658100,9.171139
2000-03-09,20.5,21.125,20.5,21.125,1034900,9.422022
2000-03-10,21.0,21.25,20.75,21.125,697300,9.422022
2000-03-13,21.5,21.8125,21.125,21.75,915000,9.70078
2000-03-14,21.5625,21.5625,21.1875,21.25,699300,9.477773
2000-03-15,21.125,22.875,21.125,22.6875,677700,10.118917
2000-03-16,22.6875,24.625,22.375,24.375,906200,10.871563
2000-03-17,24.375,24.375,23.4375,23.4375,734000,10.453426
2000-03-20,23.3125,23.5625,22.6875,22.75,809500,10.146792
2000-03-21,22.9375,23.375,22.5,23.125,630900,10.314047
2000-03-22,22.875,22.9375,22.0,22.125,733600,9.868034
2000-03-23,22.0625,22.5,22.0625,22.4375,584800,10.007413
2000-03-24,22.4375,22.8125,21.875,22.1875,756100,9.89591
2000-03-27,22.125,22.5,22.0625,22.375,617200,9.979538
2000-03-28,22.1875,22.375,21.6875,21.75,509400,9.70078
2000-03-29,21.75,22.5,21.6875,22.25,373600,9.923786
2000-03-30,22.375,22.875,22.3125,22.625,514300,10.091041
2000-03-31,22.375,23.5625,22.25,23.5625,823700,10.509178
2000-04-03,23.0,23.3125,22.9375,23.0,444700,10.258296
2000-04-04,23.125,24.125,23.0625,23.875,824300,10.648557
2000-04-05,23.9375,25.0,23.6875,24.0625,544600,10.732184
2000-04-06,24.0625,24.0625,22.5,22.8125,1024500,10.174668
2000-04-07,23.5,23.875,22.4375,22.5625,759200,10.063165
2000-04-10,22.5,23.875,22.5,23.8125,670200,10.620681
2000-04-11,24.125,24.75,24.0,24.3125,1314400,10.843688
2000-04-12,24.625,26.0625,24.625,25.6875,1554700,11.456955
2000-04-13,25.6875,26.875,25.625,26.875,1513300,11.986595
2000-04-14,26.8125,26.9375,25.9375,26.125,989100,11.652086
2000-04-17,26.0,26.5,25.3125,26.5,993400,11.819341
2000-04-18,26.25,26.5,25.875,25.9375,578600,11.568458
2000-04-19,26.0,26.0,25.3125,26.0,724100,11.596334
2000-04-20,25.875,26.5,25.875,26.5,551900,11.819341
2000-04-24,26.4375,27.5,26.4375,27.375,928800,12.209602
2000-04-25,27.375,27.5,26.8125,27.5,1602700,12.265354
2000-04-26,27.5,28.3125,27.4375,28.125,617600,12.544112
2000-04-27,28.0,28.4375,27.125,27.3125,812300,12.181726
2000-04-28,27.25,27.4375,26.25,26.625,797700,11.875092
2000-05-01,26.625,26.75,26.375,26.5625,309200,11.847216
2000-05-02,26.125,26.75,25.875,25.875,737500,11.540583
2000-05-03,26.1875,26.25,25.75,25.9375,517600,11.568458
2000-05-04,26.0,26.4375,25.25,26.1875,804800,11.679962
2000-05-05,26.0,26.125,25.4375,25.5,394300,11.373328
2000-05-08,25.5,26.75,25.5,26.4375,831700,11.791465
2000-05-09,26.625,26.625,26.0625,26.25,724700,11.707837
2000-05-10,26.25,27.0,26.1875,26.875,1160800,11.986595
2000-05-11,26.9375,27.375,26.875,27.3125,1136400,12.181726
2000-05-12,27.0625,27.25,27.0,27.0625,1021600,12.238254
2000-05-15,26.9375,27.375,26.5625,27.3125,1268800,12.351309
2000-05-16,27.3125,27.3125,26.5625,26.8125,508900,12.125198
2000-05-17,26.875,26.875,26.1875,26.3125,418600,11.899087
2000-05-18,26.3125,27.5625,26.3125,26.875,546700,12.153462
2000-05-19,26.625,26.875,26.5,26.8125,553600,12.125198
2000-05-22,27.375,28.4375,27.3125,28.25,1237200,12.775267
2000-05-23,28.625,28.75,27.8125,28.375,1232100,12.831795
2000-05-24,28.375,29.3125,27.8125,28.25,1160900,12.775267
2000-05-25,28.25,28.25,27.3125,27.9375,911400,12.633948
2000-05-26,28.0,28.9375,28.0,28.6875,539200,12.973114
2000-05-30,28.875,28.875,27.5,27.9375,867600,12.633948
2000-05-31,28.0,28.625,27.9375,28.5625,694500,12.916586
2000-06-01,28.3125,28.5625,27.9375,28.125,725300,12.718739
2000-06-02,28.0,28.125,27.375,27.5,396400,12.436101
2000-06-05,27.4375,27.5,26.5625,26.875,366300,12.153462
2000-06-06,26.75,27.8125,26.75,27.75,399900,12.549156
2000-06-07,27.75,28.0,27.6875,27.6875,247000,12.520892
2000-06-08,27.625,27.75,26.875,27.6875,391300,12.520892
2000-06-09,27.8125,28.3125,27.8125,28.25,579000,12.775267
2000-06-12,28.375,28.5625,28.0625,28.25,620200,12.775267
2000-06-13,27.75,28.625,27.5625,28.4375,917800,12.860059
2000-06-14,28.375,28.5,28.25,28.375,452200,12.831795
2000-06-15,28.5,29.3125,28.5,29.1875,965600,13.199225
2000-06-16,29.25,30.0,29.125,29.59375,1274100,13.38294
2000-06-19,29.5,29.5,29.0,29.5,556600,13.340544
2000-06-20,29.25,29.25,28.6875,29.1875,961000,13.199225
2000-06-21,29.375,29.9375,29.375,29.75,687500,13.4536
2000-06-22,29.625,29.625,29.0625,29.5625,1289600,13.368808
2000-06-23,29.4375,30.0,29.375,29.8125,551300,13.481864
2000-06-26,29.6875,29.875,29.21875,29.75,807300,13.4536
2000-06-27,29.5625,29.6875,29.0,29.25,860600,13.227489
2000-06-28,29.125,29.875,28.0625,29.71875,1386300,13.439468
2000-06-29,29.5625,30.25,29.3125,29.375,674500,13.284017
2000-06-30,29.875,31.1875,28.8125,29.5625,1885800,13.368808
2000-07-03,29.375,29.9375,29.0625,29.8125,428600,13.481864
2000-07-05,29.875,30.6875,29.5625,29.875,453600,13.510127
2000-07-06,29.75,30.125,29.6875,29.9375,577200,13.538391
2000-07-07,30.0625,30.6875,30.0625,30.25,1060700,13.679711
2000-07-10,30.3125,31.25,30.3125,31.0625,991600,14.047141
2000-07-11,31.1875,32.0625,30.6875,31.9375,1243700,14.442835
2000-07-12,32.0,32.75,31.8125,32.6875,844700,14.782001
2000-07-13,32.625,32.8125,32.3125,32.75,675600,14.810265
2000-07-14,32.625,32.9375,32.125,32.4375,549200,14.668946
2000-07-17,32.1875,33.0625,32.125,32.78125,825900,14.824397
2000-07-18,32.8125,33.0,32.0,32.375,908100,14.640682
2000-07-19,32.625,32.8125,32.5,32.6875,899600,14.782001
2000-07-20,32.75,32.8125,32.3125,32.375,641200,14.640682
2000-07-21,32.4375,32.6875,32.0625,32.375,437900,14.640682
2000-07-24,32.125,32.25,31.625,32.125,551400,14.527627
2000-07-25,32.1875,32.9375,32.0625,32.6875,601600,14.782001
2000-07-26,32.5,32.5,31.875,32.0,874400,14.471099
2000-07-27,32.5,33.8125,32.5,33.5625,1111300,15.177696
2000-07-28,33.4375,33.875,33.1875,33.625,531500,15.205959
2000-07-31,33.75,34.0,33.375,33.5,738500,15.149432
2000-08-01,33.375,33.875,33.25,33.6875,1008100,15.234223
2000-08-02,33.6875,34.75,33.625,34.625,866400,15.658181
2000-08-03,34.875,36.0625,34.8125,35.265621,1154000,15.947884
2000-08-04,35.125,35.625,34.0,35.5625,851300,16.082139
2000-08-07,35.5625,37.0625,35.5,36.890621,1313800,16.682745
2000-08-08,37.0,37.0,36.5625,36.875,628200,16.67568
2000-08-09,36.75,37.0625,36.5,36.671879,903100,16.583825
2000-08-10,36.75,36.75,36.375,36.640621,501800,16.569689
2000-08-11,36.75,37.125,36.6875,36.953121,1102600,16.711008
2000-08-14,36.75,37.125,36.625,37.0,797600,16.903747
2000-08-15,36.9375,37.4375,36.875,37.1875,1148900,16.989408
2000-08-16,37.125,37.4375,37.0,37.203121,443200,16.996545
2000-08-17,37.1875,37.1875,36.625,36.9375,1504600,16.875194
2000-08-18,36.75,37.3125,36.625,36.9375,899100,16.875194
2000-08-21,37.0,37.0,36.25,36.875,553400,16.84664
2000-08-22,36.8125,36.8125,36.375,36.625,1007300,16.732426
2000-08-23,36.5625,37.5,36.4375,37.4375,795700,17.103623
2000-08-24,37.4375,37.4375,36.5,36.6875,888500,16.760979
2000-08-25,36.6875,36.8125,36.1875,36.3125,454000,16.589658
2000-08-28,36.5625,37.375,36.4375,37.3125,769700,17.046516
2000-08-29,37.3125,37.5,36.625,36.75,447400,16.789533
2000-08-30,36.875,37.25,36.75,36.9375,894200,16.875194
2000-08-31,37.0,37.6875,36.9375,37.015621,602800,16.910884
2000-09-01,37.3125,38.0625,37.0,37.703121,553400,17.224974
2000-09-05,37.875,38.5,37.625,37.875,1015900,17.303498
2000-09-06,37.875,39.75,37.875,38.75,907300,17.703249
2000-09-07,38.75,39.1875,38.375,38.8125,553600,17.731803
2000-09-08,38.8125,39.71875,38.8125,39.71875,1178400,18.14583
2000-09-11,40.0,41.625,40.0,40.640621,1776600,18.566994
2000-09-12,40.8125,41.25,39.25,40.0,1106900,18.274322
2000-09-13,40.125,40.4375,39.25,39.375,1467500,17.988785
2000-09-14,39.375,39.375,38.375,39.0625,1448200,17.846017
2000-09-15,39.0,40.703121,38.9375,39.875,2115300,18.217214
2000-09-18,40.875,41.25,40.375,41.109379,967600,18.78115
2000-09-19,41.1875,41.25,39.75,39.9375,1201700,18.245768
2000-09-20,40.0,40.0,38.5,38.875,1346500,17.760356
2000-09-21,38.625,39.1875,37.875,38.25,673800,17.47482
2000-09-22,38.3125,39.4375,38.3125,39.4375,730400,18.017339
2000-09-25,39.4375,39.5625,38.75,39.4375,610600,18.017339
2000-09-26,39.6875,41.5,39.6875,41.375,811400,18.902501
2000-09-27,44.0,44.5,41.5625,44.328121,2663300,20.251659
2000-09-28,44.375,46.0625,44.375,45.0,1868000,20.558612
2000-09-29,44.9375,46.9375,44.9375,46.5,1602500,21.243899
2000-10-02,46.5625,48.4375,46.0,48.1875,1729200,22.014847
2000-10-03,49.0,49.0,46.5,46.8125,1339100,21.386667
2000-10-04,48.25,48.25,44.5,45.8125,1651000,20.929809
2000-10-05,45.625,46.5,44.5,44.5,1419400,20.330183
2000-10-06,44.5,45.5,43.75,44.1875,1649900,20.187415
2000-10-09,44.1875,45.125,44.1875,44.5625,914300,20.358736
2000-10-10,44.8125,46.4375,44.75,45.5625,1125000,20.815594
2000-10-11,46.125,46.75,45.0,45.8125,1225700,20.929809
2000-10-12,45.75,46.125,44.4375,44.5625,1114700,20.358736
2000-10-13,44.8125,45.375,43.625,44.6875,841000,20.415844
2000-10-16,45.625,46.375,45.0625,46.3125,898900,21.158238
2000-10-17,46.25,47.6875,46.1875,46.6875,1171200,21.32956
2000-10-18,46.75,47.75,44.5,45.1875,1176600,20.644273
2000-10-19,44.5625,45.1875,44.0625,45.0,724500,20.558612
2000-10-20,44.625,44.75,42.8125,42.9375,1264100,19.616342
2000-10-23,42.6875,44.6875,42.25,43.5625,1114500,19.901878
2000-10-24,43.6875,44.25,41.875,42.375,821900,19.359359
2000-10-25,42.375,42.9375,40.0,40.625,1544800,18.559858
2000-10-26,40.4375,40.75,39.4375,40.6875,1072600,18.588411
2000-10-27,40.5,41.125,39.625,41.0625,1447600,18.759733
2000-10-30,41.1875,42.4375,41.1875,41.75,1618500,19.073823
2000-10-31,41.6875,42.0,40.9375,41.3125,664200,18.873948
2000-11-01,41.5,42.0,41.375,41.75,1490300,19.073823
2000-11-02,42.0,42.5625,41.625,41.6875,829300,19.045269
2000-11-03,41.4375,42.125,40.4375,40.9375,540900,18.702626
2000-11-06,40.75,40.8125,39.25,39.875,1292100,18.217214
2000-11-07,39.9375,40.3125,38.875,39.1875,1129800,17.903124
2000-11-08,39.0,39.4375,38.875,38.875,948500,17.760356
2000-11-09,39.0,40.0,38.9375,40.0,970200,18.274322
2000-11-10,40.1875,41.9375,40.125,40.875,916100,18.674072
2000-11-13,41.125,42.8125,40.5625,42.125,3108100,19.245145
2000-11-14,41.8125,41.8125,39.0,39.125,2784200,18.035121
2000-11-15,39.1875,40.125,38.875,39.8125,1469900,18.352032
2000-11-16,40.0,41.0625,39.8125,40.6875,860700,18.755373
2000-11-17,41.0,41.5,40.5625,41.4375,670000,19.101094
2000-11-20,41.625,42.0625,41.375,41.5625,582000,19.158714
2000-11-21,41.0625,41.1875,39.4375,40.0625,613500,18.467272
2000-11-22,39.9375,40.6875,39.625,40.375,712300,18.611323
2000-11-24,40.3125,40.3125,39.625,39.875,230000,18.380842
2000-11-27,39.875,39.875,39.0,39.4375,618700,18.179171
2000-11-28,39.5,40.375,39.25,40.125,733500,18.496082
2000-11-29,40.0625,40.625,39.875,39.9375,414400,18.409652
2000-11-30,40.0,40.375,38.5625,39.25,992400,18.092741
2000-12-01,39.4375,40.4375,38.625,40.375,752800,18.611323
2000-12-04,40.625,41.25,39.375,39.625,746900,18.265601
2000-12-05,39.625,39.75,38.875,39.0,929500,17.9775
2000-12-06,39.0,39.4375,37.8125,38.0625,1271300,17.545349
2000-12-07,38.1875,38.75,38.1875,38.75,653300,17.86226
2000-12-08,38.75,39.8125,38.3125,39.5,989200,18.207981
2000-12-11,40.5,40.5,39.5625,39.875,1235900,18.380842
2000-12-12,40.125,41.0625,40.125,40.8125,938200,18.812993
2000-12-13,40.25,41.5625,40.25,41.25,783500,19.014664
2000-12-14,41.25,41.5,39.5,40.0625,456200,18.467272
2000-12-15,39.125,40.5,39.125,39.75,1102000,18.323222
2000-12-18,39.75,40.9375,39.75,40.9375,912700,18.870613
2000-12-19,40.6875,42.0,40.6875,41.3125,1143900,19.043474
2000-12-20,41.0,42.875,41.0,42.5625,1207500,19.619676
2000-12-21,42.5625,43.125,42.375,43.0625,1247900,19.850157
2000-12-22,42.9375,43.0,41.875,42.875,418300,19.763726
2000-12-26,43.125,44.75,42.9375,44.125,669300,20.339928
2000-12-27,44.3125,44.875,43.8125,44.125,411100,20.339928
2000-12-28,44.0,44.0,43.375,43.625,357300,20.109448
2000-12-29,43.8125,43.9375,43.125,43.3125,354900,19.965397
2001-01-02,43.5,43.5625,42.1875,42.6875,799400,19.677296
2001-01-03,42.9375,43.75,38.375,39.125,1238700,18.035121
2001-01-04,39.125,39.3125,35.4375,37.5,3835900,17.286058
2001-01-05,37.25,37.8125,36.625,36.625,2250100,16.882717
2001-01-08,36.6875,37.875,36.6875,37.25,1203200,17.170818
2001-01-09,37.0,37.125,35.75,36.0625,1140400,16.623426
2001-01-10,36.3125,36.625,34.3125,35.5,997200,16.364135
2001-01-11,35.75,35.75,31.8125,32.4375,3190400,14.95244
2001-01-12,32.75,34.4375,32.125,34.0,1957000,15.672693
2001-01-16,34.0625,34.125,32.1875,33.3125,1569500,15.355782
2001-01-17,33.375,33.75,32.75,33.125,1620200,15.269351
2001-01-18,33.0,34.625,32.875,34.0625,1652300,15.701503
2001-01-19,34.0625,34.6875,33.0625,33.75,873900,15.557452
2001-01-22,34.1875,35.5625,34.0,35.1875,1112900,16.220085
2001-01-23,34.9375,36.0625,34.9375,35.125,1133800,16.191274
2001-01-24,35.125,36.625,34.875,36.25,1215400,16.709856
2001-01-25,36.875,38.0,36.625,37.0,1371300,17.055577
2001-01-26,36.5,38.25,36.3125,37.5625,2079500,17.314868
2001-01-29,37.57,38.75,37.57,37.849998,988200,17.447394
2001-01-30,38.099998,38.099998,37.279999,37.380001,1081600,17.230743
2001-01-31,37.380001,37.830002,36.599998,37.700001,1150100,17.378251
2001-02-01,37.700001,37.889999,36.75,37.099998,1179300,17.101673
2001-02-02,37.25,37.84,37.25,37.639999,1044500,17.350592
2001-02-05,37.889999,38.32,37.75,37.990002,697700,17.51193
2001-02-06,38.189999,38.830002,38.049999,38.349998,765800,17.677875
2001-02-07,39.75,40.799999,39.400002,39.939999,1458300,18.410804
2001-02-08,40.189999,41.34,40.189999,41.119999,1238800,18.954738
2001-02-09,41.119999,41.700001,40.790001,41.240002,682200,19.010055
2001-02-12,41.5,42.049999,40.32,41.07,1561700,18.931691
2001-02-13,41.0,41.48,40.259998,40.709999,2512400,18.765744
2001-02-14,40.700001,41.360001,40.110001,40.439999,2026700,18.814595
2001-02-15,40.439999,40.650002,39.900002,40.580002,1048300,18.879732
2001-02-16,40.799999,41.349998,40.41,41.049999,1339300,19.098397
2001-02-20,40.599998,42.349998,40.599998,41.91,790800,19.498509
2001-02-21,42.349998,43.299999,41.900002,41.900002,921100,19.493858
2001-02-22,41.650002,42.799999,41.360001,42.0,699200,19.540382
2001-02-23,42.150002,42.470001,40.57,41.290001,1378600,19.210057
2001-02-26,41.25,42.25,40.75,41.73,818400,19.414765
2001-02-27,41.950001,42.490002,41.75,42.389999,760500,19.721828
2001-02-28,42.299999,42.549999,41.529999,42.009998,702100,19.545033
2001-03-01,41.75,42.310001,41.099998,41.599998,1072600,19.354282
2001-03-02,41.450001,42.0,41.040001,41.77,686200,19.433375
2001-03-05,41.900002,42.040001,41.220001,41.52,586400,19.317063
2001-03-06,41.5,41.509998,40.73,41.419998,714600,19.270538
2001-03-07,41.279999,41.799999,40.759998,41.360001,1185400,19.242624
2001-03-08,41.349998,41.740002,41.150002,41.689999,730600,19.396154
2001-03-09,41.720001,42.0,41.400002,41.919998,606000,19.503161
2001-03-12,42.34,42.450001,41.810001,41.849998,1300700,19.470594
2001-03-13,41.849998,42.630001,41.450001,42.349998,1937100,19.703218
2001-03-14,41.919998,42.139999,41.200001,42.099998,1642700,19.586906
2001-03-15,42.599998,43.200001,42.25,42.57,1003400,19.805572
2001-03-16,42.0,42.599998,41.700001,42.0,1060700,19.540382
2001-03-19,42.900002,42.970001,41.860001,42.290001,826700,19.675304
2001-03-20,42.400002,42.799999,41.849998,42.099998,721600,19.586906
2001-03-21,41.599998,42.880001,41.139999,41.27,1015800,19.200751
2001-03-22,41.599998,41.950001,38.599998,39.610001,1457100,18.428441
2001-03-23,38.5,39.400002,37.5,39.299999,1337700,18.284214
2001-03-26,40.099998,41.169998,40.099998,40.98,982000,19.065829
2001-03-27,41.200001,42.490002,41.200001,42.360001,760600,19.707871
2001-03-28,42.450001,42.889999,41.880001,42.880001,1189700,19.9498
2001-03-29,42.700001,43.799999,42.200001,43.77,1195200,20.363869
2001-03-30,43.950001,45.75,43.950001,45.25,2001700,21.052435
2001-04-02,45.5,46.419998,44.709999,45.650002,1635400,21.238535
2001-04-03,45.650002,47.200001,45.049999,46.880001,2380500,21.810788
2001-04-04,46.880001,47.209999,46.18,46.18,2912800,21.485115
2001-04-05,45.98,45.98,45.02,45.349998,1739700,21.098959
2001-04-06,45.5,45.900002,41.900002,43.549999,2951200,20.261515
2001-04-09,44.349998,45.490002,43.900002,44.799999,1372200,20.843073
2001-04-10,45.400002,46.490002,45.400002,45.830002,968900,21.322279
2001-04-11,46.0,46.080002,44.849998,45.5,1002600,21.168747
2001-04-12,45.509998,46.0,45.349998,45.540001,866300,21.187357
2001-04-16,46.75,47.549999,46.740002,47.0,1294800,21.866618
2001-04-17,47.950001,49.189999,47.849998,48.919998,1554700,22.759891
2001-04-18,49.25,49.990002,47.380001,49.23,2069700,22.904119
2001-04-19,49.23,49.48,48.66,49.09,1956300,22.838984
2001-04-20,48.950001,49.790001,48.759998,49.209999,1375400,22.894814
2001-04-23,49.299999,49.900002,48.650002,48.91,2052000,22.75524
2001-04-24,49.09,49.75,48.779999,49.0,1470500,22.797112
2001-04-25,48.5,49.18,48.439999,49.0,1436700,22.797112
2001-04-26,49.400002,50.200001,49.200001,49.889999,1550800,23.211182
2001-04-27,50.0,50.07,47.900002,48.419998,2276400,22.527268
2001-04-30,48.419998,49.599998,47.900002,49.549999,1711800,23.052998
2001-05-01,49.549999,50.450001,49.549999,50.02,2430700,23.271664
2001-05-02,49.549999,49.619999,47.849998,47.849998,1166600,22.262077
2001-05-03,47.150002,47.549999,46.400002,46.939999,1206400,21.838702
2001-05-04,46.689999,47.150002,46.450001,46.68,1027400,21.717739
2001-05-07,47.299999,47.299999,46.5,46.720001,581400,21.736349
2001-05-08,46.150002,46.290001,45.450001,45.849998,642600,21.331583
2001-05-09,45.799999,46.299999,45.700001,46.110001,1045500,21.452548
2001-05-10,46.240002,46.240002,45.299999,45.900002,599900,21.354846
2001-05-11,45.919998,46.240002,45.700001,46.139999,958300,21.466505
2001-05-14,45.799999,46.75,45.799999,46.459999,2168800,21.792501
2001-05-15,46.099998,46.299999,45.650002,45.66,1076800,21.417254
2001-05-16,45.700001,46.75,45.200001,46.700001,1236700,21.905076
2001-05-17,46.75,46.799999,46.099998,46.279999,690300,21.70807
2001-05-18,46.279999,46.75,45.900002,46.41,786300,21.769048
2001-05-21,46.41,47.490002,46.41,47.310001,912400,22.191203
2001-05-22,47.349998,47.740002,46.849998,47.130001,570400,22.106772
2001-05-23,47.25,47.900002,46.889999,47.470001,679800,22.266252
2001-05-24,47.700001,48.049999,47.349998,47.709999,1038400,22.378825
2001-05-25,47.5,47.509998,45.650002,46.189999,833100,21.665855
2001-05-29,45.799999,46.099998,44.700001,45.299999,1048000,21.248392
2001-05-30,44.900002,45.900002,44.900002,45.349998,920200,21.271845
2001-05-31,45.349998,46.150002,45.349998,46.080002,831600,21.61426
2001-06-01,46.080002,46.080002,45.0,45.549999,574800,21.365657
2001-06-04,45.549999,45.849998,45.200001,45.5,604200,21.342204
2001-06-05,45.5,45.5,42.25,42.75,2237000,20.052291
2001-06-06,42.799999,43.0,40.860001,41.459999,2992900,19.447204
2001-06-07,41.599998,42.09,41.540001,41.639999,1510300,19.531635
2001-06-08,41.68,42.25,41.470001,42.099998,863300,19.747402
2001-06-11,42.099998,43.18,42.099998,43.049999,1074100,20.193008
2001-06-12,42.950001,43.59,42.759998,42.990002,1087500,20.164866
2001-06-13,42.799999,42.950001,36.75,37.5,8965600,17.589729
2001-06-14,37.599998,37.599998,35.009998,35.919998,3432000,16.848614
2001-06-15,35.5,36.279999,34.849998,34.869999,3228200,16.356102
2001-06-18,34.5,34.950001,33.799999,33.799999,2099100,15.854209
2001-06-19,33.5,33.849998,32.549999,33.349998,3181300,15.643132
2001-06-20,33.049999,33.549999,31.65,32.009998,2480100,15.014592
2001-06-21,31.9,32.200001,30.549999,31.040001,2000600,14.559605
2001-06-22,31.040001,31.6,30.75,31.43,1668300,14.742538
2001-06-25,31.34,31.700001,30.360001,30.549999,1306300,14.329765
2001-06-26,30.0,30.5,29.76,30.5,2253200,14.306313
2001-06-27,30.799999,31.450001,30.65,31.4,2432100,14.728466
2001-06-28,31.65,32.049999,31.33,31.51,2908500,14.780063
2001-06-29,31.299999,32.549999,31.209999,32.209999,2653600,15.108404
2001-07-02,32.0,32.25,31.76,31.99,1269900,15.005211
2001-07-03,32.0,32.049999,31.5,31.549999,471700,14.798825
2001-07-05,31.65,32.0,31.370001,31.540001,1322000,14.794135
2001-07-06,31.75,32.450001,31.75,32.400002,1500100,15.197526
2001-07-09,32.849998,32.950001,32.0,32.490002,1387000,15.239742
2001-07-10,32.849998,33.349998,32.619999,32.700001,1292500,15.338244
2001-07-11,32.950001,32.959999,32.0,32.060001,1148600,15.038046
2001-07-12,31.809999,31.809999,31.1,31.139999,1006800,14.606511
2001-07-13,31.25,31.440001,30.780001,31.209999,731500,14.639345
2001-07-16,31.0,31.889999,30.75,30.91,998000,14.498627
2001-07-17,30.549999,30.940001,30.389999,30.5,1092300,14.306313
2001-07-18,30.450001,30.790001,29.9,30.049999,821200,14.095236
2001-07-19,30.15,30.25,29.5,29.799999,848200,13.977971
2001-07-20,29.9,30.07,29.299999,29.4,1369300,13.790347
2001-07-23,29.4,29.700001,28.1,28.370001,1616600,13.307217
2001-07-24,28.299999,28.309999,26.98,28.0,2640200,13.133664
2001-07-25,28.0,30.549999,28.0,30.5,2848000,14.306313
2001-07-26,30.5,32.41,30.5,32.299999,3363200,15.150619
2001-07-27,32.349998,32.799999,31.0,32.400002,1746300,15.197526
2001-07-30,32.200001,32.290001,31.5,31.790001,1166000,14.9114
2001-07-31,31.780001,32.029999,31.48,31.5,1249600,14.775372
2001-08-01,31.700001,31.950001,31.5,31.700001,1019100,14.869185
2001-08-02,31.84,32.099998,31.5,31.809999,1177900,14.92078
2001-08-03,31.9,32.099998,31.25,31.6,1319700,14.822278
2001-08-06,31.450001,31.48,30.75,30.950001,993700,14.51739
2001-08-07,31.1,31.43,31.02,31.200001,1189300,14.634655
2001-08-08,31.0,31.5,30.959999,31.049999,1712500,14.564295
2001-08-09,31.1,31.4,30.75,31.299999,766900,14.68156
2001-08-10,31.450001,31.700001,31.049999,31.549999,500500,14.798825
2001-08-13,31.450001,31.610001,31.0,31.030001,539400,14.554915
2001-08-14,30.82,30.950001,30.700001,30.85,3990800,14.6475
2001-08-15,31.0,31.049999,30.360001,30.4,807200,14.433841
2001-08-16,30.35,30.6,30.0,30.26,1007600,14.367369
2001-08-17,29.85,30.190001,29.77,29.940001,662300,14.215434
2001-08-20,29.690001,29.950001,29.620001,29.809999,818700,14.15371
2001-08-21,30.0,30.129999,29.690001,29.75,1044500,14.125223
2001-08-22,29.75,30.0,29.690001,29.860001,968400,14.177451
2001-08-23,29.950001,30.23,29.9,30.200001,1009000,14.338882
2001-08-24,30.1,30.450001,30.1,30.42,685300,14.443337
2001-08-27,30.450001,31.1,30.389999,30.9,665700,14.671239
2001-08-28,31.0,31.4,30.82,31.120001,974900,14.775695
2001-08-29,31.120001,31.24,30.280001,30.370001,1013600,14.419597
2001-08-30,30.219999,30.549999,30.059999,30.200001,656800,14.338882
2001-08-31,29.9,30.25,29.549999,30.059999,1124100,14.27241
2001-09-04,30.16,30.639999,30.1,30.49,383100,14.476573
2001-09-05,30.700001,30.700001,29.9,29.91,732800,14.20119
2001-09-06,29.799999,30.4,29.65,30.15,1050400,14.315141
2001-09-07,30.25,30.290001,29.799999,30.08,1023100,14.281906
2001-09-10,30.09,30.190001,29.700001,29.959999,685800,14.22493
2001-09-17,30.200001,30.200001,28.9,29.4,703900,13.959043
2001-09-18,29.4,29.4,28.700001,28.809999,764100,13.678913
2001-09-19,28.9,29.190001,27.780001,28.34,837400,13.455758
2001-09-20,28.25,29.1,27.799999,28.790001,1184000,13.669418
2001-09-21,27.299999,28.6,27.299999,27.950001,981600,13.270588
2001-09-24,28.1,28.33,27.5,27.59,804800,13.09966
2001-09-25,27.5,27.65,27.200001,27.639999,784100,13.1234
2001-09-26,27.450001,27.5,26.559999,26.85,885100,12.74831
2001-09-27,26.1,26.530001,25.5,26.07,1120900,12.377968
2001-09-28,26.200001,26.690001,25.91,26.32,1615500,12.496667
2001-10-01,26.700001,26.700001,25.889999,26.0,850700,12.344732
2001-10-02,26.120001,26.42,26.02,26.299999,1411200,12.487171
2001-10-03,26.299999,27.68,26.200001,27.459999,1307300,13.037936
2001-10-04,27.700001,28.25,27.42,27.9,796300,13.246847
2001-10-05,28.120001,28.49,27.809999,28.35,650900,13.460506
2001-10-08,28.25,28.690001,27.75,28.02,468000,13.303823
2001-10-09,28.18,28.190001,27.719999,28.049999,426600,13.318067
2001-10-10,28.049999,28.049999,27.450001,27.559999,1473800,13.085416
2001-10-11,27.65,28.6,27.65,28.49,815800,13.526978
2001-10-12,28.25,28.6,27.65,28.27,631500,13.422523
2001-10-15,27.9,28.68,27.9,28.5,650400,13.531726
2001-10-16,28.75,29.15,28.15,28.879999,504000,13.712148
2001-10-17,29.0,29.25,28.360001,28.73,455500,13.640929
2001-10-18,28.700001,28.799999,27.700001,27.950001,569800,13.270588
2001-10-19,27.950001,28.65,27.4,28.33,448500,13.45101
2001-10-22,28.34,29.01,27.85,28.82,510800,13.683661
2001-10-23,29.299999,29.389999,27.879999,28.049999,808500,13.318067
2001-10-24,28.5,28.5,26.85,27.18,804400,12.904993
2001-10-25,26.950001,28.35,26.950001,28.299999,872400,13.436766
2001-10-26,28.299999,28.75,27.51,28.549999,1177000,13.555465
2001-10-29,28.5,28.5,27.799999,27.950001,750100,13.270588
2001-10-30,28.0,28.139999,27.6,27.799999,937300,13.199367
2001-10-31,28.049999,28.190001,27.799999,27.950001,1468200,13.270588
2001-11-01,27.9,27.99,27.5,27.9,778200,13.246847
2001-11-02,28.0,28.0,27.1,27.530001,778400,13.071173
2001-11-05,27.65,28.65,27.65,28.24,653400,13.408278
2001-11-06,28.049999,28.17,27.540001,28.02,863800,13.303823
2001-11-07,27.9,28.4,27.75,27.870001,1019900,13.232604
2001-11-08,28.049999,28.6,27.790001,27.870001,930500,13.232604
2001-11-09,27.879999,28.299999,27.66,27.74,960200,13.17088
2001-11-12,27.5,27.799999,27.200001,27.459999,682900,13.037936
2001-11-13,27.5,27.66,26.77,27.200001,3554600,12.91449
2001-11-14,27.0,27.040001,26.67,26.98,5478500,12.989111
2001-11-15,26.98,27.049999,26.200001,26.690001,657100,12.849496
2001-11-16,26.75,27.200001,26.68,27.040001,1335700,13.017998
2001-11-19,27.139999,27.23,26.200001,27.23,992500,13.10947
2001-11-20,27.0,27.66,26.940001,27.280001,1298500,13.133542
2001-11-21,27.5,27.5,26.1,27.01,798100,13.003555
2001-11-23,26.85,27.34,26.65,27.280001,174300,13.133542
2001-11-26,27.049999,27.23,26.620001,26.879999,657500,12.940968
2001-11-27,26.5,27.530001,26.4,27.26,637700,13.123913
2001-11-28,27.26,27.389999,25.860001,25.950001,1090700,12.493234
2001-11-29,25.99,26.209999,25.73,25.799999,1119500,12.421018
2001-11-30,26.08,26.34,25.530001,25.549999,878500,12.300659
2001-12-03,25.1,25.440001,24.780001,25.219999,1543700,12.141786
2001-12-04,25.18,25.18,24.799999,25.09,1945200,12.0792
2001-12-05,25.75,25.950001,25.5,25.65,1125000,12.348803
2001-12-06,25.75,25.82,25.309999,25.639999,704000,12.343989
2001-12-07,25.5,25.870001,25.280001,25.870001,731000,12.454719
2001-12-10,25.65,25.65,24.540001,24.73,1276100,11.905883
2001-12-11,25.0,25.0,24.299999,24.5,1143000,11.795153
2001-12-12,25.0,25.09,23.620001,25.049999,1401100,12.059942
2001-12-13,25.049999,25.450001,24.6,25.43,911800,12.242888
2001-12-14,24.85,25.15,24.299999,24.5,1240200,11.795153
2001-12-17,23.85,24.200001,23.27,23.639999,1236000,11.381119
2001-12-18,24.0,24.450001,23.4,24.26,1498600,11.679609
2001-12-19,23.799999,25.5,23.76,25.309999,1980100,12.185115
2001-12-20,25.200001,25.950001,24.879999,25.950001,1247900,12.493234
2001-12-21,26.379999,26.379999,25.0,25.889999,1246800,12.464347
2001-12-24,25.700001,26.1,25.65,25.940001,182400,12.48842
2001-12-26,26.1,26.549999,25.940001,26.26,390900,12.642479
2001-12-27,26.26,26.799999,26.120001,26.75,523300,12.878381
2001-12-28,26.5,26.9,26.309999,26.809999,709600,12.907267
2001-12-31,26.700001,27.25,26.51,26.52,637300,12.767652
2002-01-02,26.799999,27.1,25.65,26.799999,1035600,12.902453
2002-01-03,26.9,26.9,26.15,26.85,630300,12.926525
2002-01-04,26.700001,26.73,26.040001,26.35,679600,12.685808
2002-01-07,26.549999,26.92,26.200001,26.85,656700,12.926525
2002-01-08,26.85,26.860001,26.450001,26.48,1043300,12.748394
2002-01-09,26.25,26.549999,26.0,26.1,1711400,12.565449
2002-01-10,25.9,26.25,25.700001,26.24,809000,12.63285
2002-01-11,26.200001,26.23,25.74,25.83,725700,12.435461
2002-01-14,25.879999,26.18,25.52,26.129999,700400,12.579891
2002-01-15,26.15,26.85,26.1,26.52,722700,12.767652
2002-01-16,26.5,26.5,26.059999,26.299999,590300,12.661735
2002-01-17,26.200001,26.35,25.75,25.99,491700,12.512491
2002-01-18,25.85,26.25,25.610001,26.18,918300,12.603964
2002-01-22,26.18,26.200001,25.4,25.549999,389500,12.300659
2002-01-23,25.4,25.9,25.25,25.6,631400,12.324732
2002-01-24,25.65,25.940001,25.5,25.620001,302400,12.334361
2002-01-25,25.620001,25.74,25.219999,25.43,394600,12.242888
2002-01-28,25.299999,25.549999,25.110001,25.549999,436200,12.300659
2002-01-29,25.75,25.799999,24.860001,24.950001,688400,12.011799
2002-01-30,24.950001,25.17,24.41,24.91,776200,11.992541
2002-01-31,24.950001,25.33,24.85,25.08,1006100,12.074385
2002-02-01,25.0,25.25,24.91,25.139999,820700,12.103271
2002-02-04,25.129999,25.25,24.799999,24.92,648800,11.997356
2002-02-05,23.52,23.52,22.200001,22.940001,2777900,11.044115
2002-02-06,22.65,23.0,21.01,21.16,2192800,10.187161
2002-02-07,21.299999,22.200001,21.15,21.77,1432700,10.480836
2002-02-08,21.75,22.41,21.700001,22.120001,989100,10.649339
2002-02-11,22.15,22.639999,22.08,22.4,984300,10.78414
2002-02-12,22.4,23.15,22.360001,22.67,932100,10.914127
2002-02-13,22.709999,23.190001,22.620001,23.15,831400,11.145216
2002-02-14,22.799999,22.84,21.93,22.07,1276900,10.800216
2002-02-15,22.0,22.09,21.4,21.6,841700,10.570216
2002-02-19,21.6,22.0,21.25,21.35,852400,10.447876
2002-02-20,21.5,21.5,20.549999,20.99,1125100,10.271705
2002-02-21,21.0,21.08,20.559999,20.99,980300,10.271705
2002-02-22,20.4,20.77,20.25,20.48,1464400,10.022131
2002-02-25,20.5,20.74,20.25,20.35,799900,9.958514
2002-02-26,20.370001,21.049999,20.370001,21.0,778900,10.276599
2002-02-27,21.02,21.26,20.799999,21.0,1053800,10.276599
2002-02-28,21.049999,21.200001,20.65,20.799999,1059000,10.178726
2002-03-01,20.9,21.32,20.809999,21.1,1658100,10.325535
2002-03-04,21.299999,22.35,21.25,22.049999,2283600,10.790428
2002-03-05,22.35,23.0,22.15,23.0,1646500,11.255323
2002-03-06,23.08,23.84,22.940001,23.690001,2269000,11.592983
2002-03-07,23.940001,24.59,23.690001,24.530001,2649200,12.004047
2002-03-08,24.799999,25.0,24.549999,24.68,1251000,12.077451
2002-03-11,24.98,25.68,24.610001,25.440001,1156000,12.449366
2002-03-12,25.200001,25.200001,24.76,24.799999,1044100,12.136174
2002-03-13,24.799999,25.08,24.719999,24.950001,1006600,12.209579
2002-03-14,25.040001,25.040001,24.200001,24.4,791500,11.940429
2002-03-15,25.0,25.290001,24.4,24.76,1116600,12.1166
2002-03-18,24.51,25.049999,24.450001,25.0,848500,12.234046
2002-03-19,25.1,25.6,24.950001,25.52,771500,12.488515
2002-03-20,25.200001,25.4,25.139999,25.299999,650300,12.380854
2002-03-21,25.1,26.1,25.030001,25.889999,917900,12.669578
2002-03-22,25.790001,26.219999,25.6,26.0,795800,12.723408
2002-03-25,25.950001,26.0,25.5,25.629999,802400,12.542344
2002-03-26,25.629999,25.75,25.0,25.35,772800,12.405323
2002-03-27,25.35,25.860001,25.16,25.85,1073100,12.650004
2002-03-28,25.65,26.299999,25.629999,25.790001,594800,12.620643
2002-04-01,25.790001,25.860001,25.5,25.59,661000,12.52277
2002-04-02,25.200001,25.530001,25.0,25.27,1279100,12.366174
2002-04-03,25.200001,25.4,24.9,25.139999,770000,12.302557
2002-04-04,25.139999,25.4,24.9,25.0,510100,12.234046
2002-04-05,24.9,25.1,24.620001,24.9,561000,12.18511
2002-04-08,24.0,24.889999,23.969999,24.799999,1037400,12.136174
2002-04-09,24.75,24.950001,24.42,24.6,424100,12.038302
2002-04-10,24.6,24.76,24.5,24.73,1031700,12.101918
2002-04-11,24.73,24.74,24.280001,24.370001,602100,11.925749
2002-04-12,24.389999,24.559999,24.25,24.5,674600,11.989365
2002-04-15,24.4,24.450001,24.08,24.16,459300,11.822982
2002-04-16,24.18,24.51,24.16,24.33,908200,11.906174
2002-04-17,24.4,25.1,24.280001,24.92,613900,12.194897
2002-04-18,24.85,25.290001,24.700001,25.200001,549500,12.331919
2002-04-19,25.200001,25.360001,24.969999,25.25,912200,12.356387
2002-04-22,25.42,25.65,25.1,25.459999,675000,12.459152
2002-04-23,25.65,26.15,25.459999,25.93,710700,12.689153
2002-04-24,26.030001,26.030001,25.5,25.610001,894300,12.532557
2002-04-25,25.610001,25.610001,24.780001,25.0,859800,12.234046
2002-04-26,25.17,25.4,24.889999,24.969999,860600,12.219365
2002-04-29,25.15,25.6,25.15,25.299999,579300,12.380854
2002-04-30,25.35,25.690001,25.309999,25.379999,637900,12.420003
2002-05-01,25.52,25.950001,25.1,25.709999,910600,12.581493
2002-05-02,25.549999,25.799999,25.450001,25.799999,983500,12.625535
2002-05-03,25.68,25.940001,25.530001,25.860001,551400,12.654898
2002-05-06,25.85,25.93,25.620001,25.9,586300,12.674472
2002-05-07,25.9,25.9,25.280001,25.530001,1146700,12.493408
2002-05-08,25.280001,25.299999,24.65,25.030001,1626000,12.248728
2002-05-09,24.940001,25.34,24.4,24.6,1068400,12.038302
2002-05-10,24.610001,24.799999,20.639999,21.49,7956400,10.516386
2002-05-13,18.0,18.299999,16.99,17.59,10690200,8.607875
2002-05-14,17.01,17.01,15.55,15.87,14646800,7.935345
2002-05-15,15.0,16.41,15.0,15.92,9557400,7.960346
2002-05-16,15.51,16.0,14.11,14.5,7961400,7.250315
2002-05-17,14.2,14.64,13.63,14.3,9072800,7.150311
2002-05-20,14.05,15.34,14.0,15.27,6008100,7.635332
2002-05-21,15.25,15.59,14.55,15.48,3576300,7.740337
2002-05-22,15.48,15.92,15.39,15.92,2923200,7.960346
2002-05-23,16.15,17.5,15.94,17.35,4453500,8.675378
2002-05-24,17.35,18.35,17.1,18.25,3752600,9.125397
2002-05-28,18.02,18.08,17.110001,17.4,3081500,8.700378
2002-05-29,17.049999,17.08,16.4,16.52,2114100,8.26036
2002-05-30,16.299999,17.18,16.299999,16.9,1610900,8.450367
2002-05-31,16.75,17.32,16.549999,17.01,1768000,8.50537
2002-06-03,17.0,17.0,16.35,16.66,2094600,8.330362
2002-06-04,16.66,17.25,16.610001,17.209999,1563200,8.605374
2002-06-05,17.1,17.200001,16.66,17.110001,3113100,8.555373
2002-06-06,17.1,17.1,16.809999,16.92,1623800,8.460368
2002-06-07,16.77,17.0,16.450001,16.950001,1379400,8.475369
2002-06-10,16.9,17.190001,16.709999,16.99,908400,8.49537
2002-06-11,17.299999,17.379999,16.940001,17.290001,1574000,8.645377
2002-06-12,17.450001,17.469999,16.73,17.16,1122600,8.580373
2002-06-13,17.0,17.620001,16.91,17.4,898200,8.700378
2002-06-14,17.190001,17.4,16.889999,17.219999,1016700,8.610374
2002-06-17,17.35,17.84,17.219999,17.84,618500,8.920388
2002-06-18,17.780001,18.15,17.5,17.700001,1185100,8.850385
2002-06-19,17.5,17.780001,17.040001,17.139999,1284100,8.570373
2002-06-20,17.35,17.49,17.0,17.0,1010500,8.50037
2002-06-21,16.4,16.889999,15.7,15.85,2556200,7.925345
2002-06-24,15.95,16.0,14.59,14.98,3146900,7.490326
2002-06-25,15.65,15.91,14.98,15.87,2995400,7.935345
2002-06-26,15.87,16.299999,15.2,15.93,2187500,7.965347
2002-06-27,16.15,16.35,15.62,16.290001,1266800,8.145355
2002-06-28,16.25,17.0,16.15,16.9,1444100,8.450367
2002-07-01,16.860001,17.1,16.120001,16.120001,1028100,8.060351
2002-07-02,16.0,16.17,15.36,15.36,1092700,7.680334
2002-07-03,15.37,15.95,15.15,15.81,887000,7.905344
2002-07-05,15.9,16.1,15.55,16.049999,559500,8.025349
2002-07-08,16.15,17.15,16.15,17.0,1821000,8.50037
2002-07-09,16.940001,16.99,16.15,16.15,1880300,8.075351
2002-07-10,16.18,16.200001,15.3,15.3,1427900,7.650333
2002-07-11,15.25,15.83,14.9,15.8,1989200,7.900344
2002-07-12,15.57,15.57,14.8,14.95,1597400,7.475325
2002-07-15,14.8,15.4,14.18,15.25,1903100,7.625332
2002-07-16,14.8,15.59,14.68,14.7,1218000,7.35032
2002-07-17,14.93,15.29,14.5,14.71,976400,7.35532
2002-07-18,14.7,14.74,14.4,14.6,863300,7.300318
2002-07-19,14.6,14.6,13.5,13.88,1708600,6.940302
2002-07-22,13.9,14.22,13.0,13.67,1638400,6.835297
2002-07-23,12.7,13.34,7.52,7.9,6078800,3.950172
2002-07-24,5.6,6.1,4.24,5.4,10781200,2.700118
2002-07-25,6.01,8.81,6.01,8.8,8295500,4.400192
2002-07-26,8.81,8.9,7.65,8.9,4618400,4.450193
2002-07-29,9.0,9.5,8.55,9.2,2913200,4.6002
2002-07-30,9.6,11.25,9.32,10.54,3205200,5.270229
2002-07-31,10.64,11.63,9.0,10.06,6405400,5.030219
2002-08-01,10.1,10.4,9.66,10.04,1683700,5.020218
2002-08-02,10.1,10.11,8.86,9.26,1929400,4.630202
2002-08-05,9.3,9.65,9.23,9.58,1283600,4.790208
2002-08-06,9.68,10.15,9.68,9.91,1410100,4.955216
2002-08-07,10.1,10.25,9.74,10.06,1352000,5.030219
2002-08-08,10.1,10.65,10.0,10.63,1244800,5.315231
2002-08-09,10.63,11.17,10.29,10.92,1525700,5.460238
2002-08-12,10.5,11.75,10.45,11.55,1533800,5.775251
2002-08-13,11.56,11.56,10.5,10.6,1698100,5.300231
2002-08-14,10.7,10.99,10.6,10.99,1208500,5.495239
2002-08-15,10.95,11.0,10.62,10.7,973300,5.429276
2002-08-16,10.55,10.65,9.99,10.0,1528400,5.07409
2002-08-19,10.0,10.73,9.78,10.45,1825000,5.302424
2002-08-20,10.4,10.67,10.25,10.4,1001900,5.277053
2002-08-21,10.85,11.49,10.46,11.27,903500,5.718499
2002-08-22,11.55,12.7,11.31,12.18,1714200,6.180241
2002-08-23,12.13,12.14,11.1,11.39,1253700,5.779388
2002-08-26,11.5,12.45,11.49,12.35,1103000,6.266501
2002-08-27,12.55,12.8,12.08,12.19,1106600,6.185315
2002-08-28,12.1,12.18,11.76,12.0,972300,6.088908
2002-08-29,11.9,12.2,11.61,12.05,544000,6.114278
2002-08-30,11.97,12.03,11.65,11.85,496400,6.012797
2002-09-03,11.8,11.8,10.95,11.35,1084300,5.759092
2002-09-04,11.35,12.0,11.1,11.92,1126600,6.048315
2002-09-05,11.89,12.0,11.57,11.9,1138500,6.038167
2002-09-06,11.9,12.39,11.9,12.15,1199600,6.165019
2002-09-09,12.12,12.31,11.68,12.14,1069700,6.159945
2002-09-10,12.1,12.11,11.16,11.43,1837100,5.799685
2002-09-11,11.95,12.09,11.68,11.91,972600,6.043241
2002-09-12,11.8,11.86,11.51,11.51,691700,5.840277
2002-09-13,11.45,12.02,11.15,11.4,3229200,5.784462
2002-09-16,11.4,11.8,11.33,11.6,1597200,5.885944
2002-09-17,11.85,11.92,10.78,10.78,1572800,5.469869
2002-09-18,10.65,11.5,10.55,11.05,2327700,5.606869
2002-09-19,10.8,11.1,10.2,10.3,1917300,5.226313
2002-09-20,10.33,10.55,9.96,10.12,1816000,5.134979
2002-09-23,9.75,9.95,9.5,9.57,1537400,4.855904
2002-09-24,9.5,9.5,8.58,8.6,2698100,4.363717
2002-09-25,8.65,9.1,8.65,8.76,2709500,4.444903
2002-09-26,8.88,9.94,8.85,9.89,2394900,5.018275
2002-09-27,9.79,9.9,9.25,9.32,1539100,4.729052
2002-09-30,9.0,10.1,8.76,10.01,2549700,5.079164
2002-10-01,8.85,9.09,8.72,8.95,1750700,4.54131
2002-10-02,8.95,9.1,8.7,8.9,1453700,4.51594
2002-10-03,8.9,9.11,8.6,9.0,1468000,4.566681
2002-10-04,9.0,9.18,8.3,8.8,1366600,4.465199
2002-10-07,8.85,8.88,8.45,8.7,1611100,4.414458
2002-10-08,8.63,8.65,6.8,7.05,3207500,3.577233
2002-10-09,7.06,7.32,6.49,7.12,3844700,3.612752
2002-10-10,7.2,7.5,6.8,7.5,2321200,3.805567
2002-10-11,7.51,8.7,6.91,7.25,6013100,3.678715
2002-10-14,7.0,7.01,6.65,6.65,2822700,3.37427
2002-10-15,6.9,7.15,6.66,7.15,1725700,3.627974
2002-10-16,7.3,7.3,6.58,6.63,1274100,3.364122
2002-10-17,6.64,6.94,6.13,6.13,2560100,3.110417
2002-10-18,6.0,6.0,5.65,5.73,2227800,2.907453
2002-10-21,5.8,5.93,5.7,5.8,1931600,2.942972
2002-10-22,5.82,5.99,5.41,5.65,2036800,2.866861
2002-10-23,5.75,5.76,5.42,5.75,1613200,2.917602
2002-10-24,5.8,6.19,5.64,5.99,1725100,3.03938
2002-10-25,5.95,6.3,5.75,6.18,1453000,3.135787
2002-10-28,6.65,6.96,6.37,6.5,1776500,3.298158
2002-10-29,6.8,6.95,6.5,6.64,1638100,3.369196
2002-10-30,6.7,7.2,6.7,7.2,1166700,3.653345
2002-10-31,7.18,7.2,6.85,7.08,1676800,3.592456
2002-11-01,7.04,7.51,6.95,7.31,1130000,3.70916
2002-11-04,7.32,7.75,7.32,7.65,1122900,3.881679
2002-11-05,7.2,7.21,6.25,6.35,3373000,3.222047
2002-11-06,6.38,6.8,6.15,6.2,3383000,3.145936
2002-11-07,6.19,7.25,6.17,7.2,5275100,3.653345
2002-11-08,7.7,7.7,6.36,6.36,7319900,3.227121
2002-11-11,6.35,6.7,6.16,6.45,1715700,3.272788
2002-11-12,6.5,6.69,6.47,6.6,1983500,3.348899
2002-11-13,6.36,6.67,6.36,6.63,1487400,3.447702
2002-11-14,6.63,6.92,6.61,6.78,1138200,3.525705
2002-11-15,6.8,7.01,6.78,6.98,1614700,3.629708
2002-11-18,6.99,7.25,6.99,7.1,1777000,3.692109
2002-11-19,7.03,7.14,6.86,7.01,1239500,3.645308
2002-11-20,7.0,7.14,7.0,7.13,927800,3.70771
2002-11-21,7.05,7.29,7.05,7.26,1289800,3.775312
2002-11-22,7.24,7.61,7.1,7.52,1518500,3.910516
2002-11-25,7.55,7.63,7.41,7.46,1137200,3.879315
2002-11-26,7.5,7.78,7.38,7.65,2099700,3.978118
2002-11-27,7.55,7.76,7.5,7.59,871000,3.946917
2002-11-29,7.5,7.71,7.5,7.65,419100,3.978118
2002-12-02,7.65,7.73,7.4,7.61,817700,3.957317
2002-12-03,7.55,7.59,7.27,7.48,802000,3.889715
2002-12-04,7.4,7.47,6.81,6.86,1515000,3.567306
2002-12-05,7.07,7.1,6.9,6.97,1407400,3.624507
2002-12-06,7.0,7.03,6.69,6.85,981100,3.562106
2002-12-09,6.8,6.97,6.75,6.82,1094500,3.546505
2002-12-10,6.82,7.22,6.81,7.22,1240400,3.754511
2002-12-11,7.2,7.6,6.9,7.5,2256700,3.900116
2002-12-12,7.42,7.59,7.36,7.5,1434500,3.900116
2002-12-13,7.6,7.65,6.9,7.47,784400,3.884515
2002-12-16,7.68,7.98,7.6,7.98,1697700,4.149723
2002-12-17,8.0,8.15,7.88,7.99,1334300,4.154923
2002-12-18,8.0,8.12,7.91,7.98,2240100,4.149723
2002-12-19,8.0,8.21,7.9,8.0,1139700,4.160123
2002-12-20,8.0,8.38,8.0,8.36,1450400,4.347329
2002-12-23,8.36,8.64,8.29,8.45,1140800,4.39413
2002-12-24,8.5,8.77,8.49,8.59,598100,4.466933
2002-12-26,8.49,8.65,8.36,8.5,895200,4.420131
2002-12-27,8.5,8.59,8.31,8.55,750200,4.446132
2002-12-30,8.55,8.6,8.36,8.5,1230900,4.420131
2002-12-31,8.43,8.59,8.41,8.5,1674600,4.420131
2003-01-02,8.56,8.58,8.35,8.5,1644900,4.420131
2003-01-03,8.6,8.65,8.5,8.55,1954700,4.446132
2003-01-06,8.62,8.68,8.2,8.55,3747200,4.446132
2003-01-07,8.05,8.2,8.0,8.06,1842500,4.447787
2003-01-08,8.06,8.27,8.02,8.14,1713800,4.491934
2003-01-09,8.15,8.28,8.07,8.25,1266600,4.552636
2003-01-10,8.25,8.4,8.1,8.4,1077600,4.635411
2003-01-13,8.41,8.41,8.08,8.25,1621900,4.552636
2003-01-14,8.43,8.43,8.17,8.2,1128000,4.525044
2003-01-15,8.22,8.28,8.06,8.1,771400,4.469861
2003-01-16,8.18,8.37,8.13,8.3,710400,4.580228
2003-01-17,8.22,8.23,8.01,8.04,866000,4.436751
2003-01-21,8.12,8.2,7.85,7.88,1095500,4.348457
2003-01-22,7.96,7.96,7.57,7.59,1229600,4.188425
2003-01-23,7.69,7.75,7.47,7.5,1155800,4.13876
2003-01-24,7.35,7.65,6.98,7.6,2319400,4.193943
2003-01-27,7.35,7.5,6.7,6.8,1821300,3.752476
2003-01-28,6.9,7.17,6.84,7.1,1111200,3.918026
2003-01-29,7.0,7.04,6.8,6.95,671600,3.835251
2003-01-30,6.9,7.05,6.8,6.95,784400,3.835251
2003-01-31,6.88,7.07,6.85,6.97,867800,3.846287
2003-02-03,7.05,7.44,6.98,7.44,738900,4.10565
2003-02-04,7.24,7.24,7.0,7.1,1419200,3.918026
2003-02-05,7.11,7.14,6.6,6.75,1129600,3.724884
2003-02-06,6.65,6.85,6.51,6.78,1210900,3.741439
2003-02-07,6.75,6.75,6.08,6.12,4054000,3.377228
2003-02-10,6.22,6.25,6.01,6.18,1853900,3.410338
2003-02-11,6.19,6.25,5.9,5.95,1836000,3.283416
2003-02-12,6.0,6.0,5.64,5.7,1971800,3.145457
2003-02-13,5.68,5.69,5.05,5.2,3503100,2.86954
2003-02-14,5.23,5.32,4.75,5.05,2807800,2.786765
2003-02-18,5.06,5.26,5.04,5.04,1729300,2.781247
2003-02-19,5.08,5.1,4.52,4.8,2137500,2.648806
2003-02-20,4.8,4.96,4.6,4.65,1694700,2.566031
2003-02-21,4.6,4.72,4.35,4.55,1874500,2.510848
2003-02-24,4.6,4.68,4.53,4.54,2157400,2.505329
2003-02-25,4.5,4.62,4.35,4.5,1996300,2.483256
2003-02-26,4.5,4.67,4.5,4.65,2108000,2.566031
2003-02-27,4.65,4.8,4.62,4.75,1974900,2.621215
2003-02-28,4.85,4.92,4.62,4.65,963000,2.566031
2003-03-03,5.9,5.98,5.49,5.8,6139400,3.200641
2003-03-04,5.7,5.83,5.45,5.7,2433200,3.145457
2003-03-05,5.71,5.97,5.61,5.97,2628200,3.294453
2003-03-06,5.91,6.08,5.76,6.0,1593700,3.311008
2003-03-07,6.0,6.55,6.0,6.4,3066800,3.531742
2003-03-10,6.2,6.37,6.05,6.05,2368400,3.391594
2003-03-11,6.05,6.23,6.05,6.08,1063800,3.408411
2003-03-12,6.28,6.28,5.95,6.09,1145300,3.414017
2003-03-13,6.19,6.28,5.98,6.1,1911400,3.419623
2003-03-14,6.16,6.32,6.16,6.22,2094900,3.486894
2003-03-17,6.29,6.4,6.18,6.29,1084200,3.526136
2003-03-18,6.29,6.49,6.2,6.3,1826300,3.531742
2003-03-19,6.35,6.46,6.25,6.45,1044000,3.615831
2003-03-20,6.45,6.75,6.43,6.75,1542400,3.784009
2003-03-21,6.85,7.16,6.73,6.87,1716200,3.85128
2003-03-24,6.87,6.95,6.69,6.72,821300,3.767191
2003-03-25,6.7,7.06,6.66,7.05,1445200,3.952188
2003-03-26,7.05,7.25,6.8,6.85,1674800,3.840069
2003-03-27,6.77,6.88,6.7,6.73,1107800,3.772797
2003-03-28,6.78,6.95,6.69,6.88,822000,3.856887
2003-03-31,6.9,7.5,6.89,7.05,1258900,3.952188
2003-04-01,7.35,7.5,7.2,7.43,1221500,4.165213
2003-04-02,7.53,7.62,7.3,7.37,993400,4.131577
2003-04-03,7.37,7.6,7.3,7.49,1145100,4.198849
2003-04-04,7.53,7.62,7.43,7.54,1357200,4.226878
2003-04-07,7.55,7.7,7.51,7.51,835200,4.210061
2003-04-08,7.52,7.62,7.5,7.56,864000,4.23809
2003-04-09,7.62,7.75,7.46,7.58,843700,4.249302
2003-04-10,7.52,7.63,7.4,7.59,553700,4.254908
2003-04-11,7.59,7.67,7.44,7.5,869700,4.204455
2003-04-14,7.57,7.62,7.48,7.6,834800,4.260514
2003-04-15,7.6,7.6,7.52,7.6,607900,4.260514
2003-04-16,7.56,7.68,7.4,7.4,1346200,4.148395
2003-04-17,7.48,7.65,7.45,7.59,1310900,4.254908
2003-04-21,7.58,7.65,7.4,7.56,1077200,4.23809
2003-04-22,7.6,7.84,7.54,7.78,1334500,4.361421
2003-04-23,7.76,7.89,7.65,7.85,1565600,4.400663
2003-04-24,7.9,8.59,7.9,8.1,3761000,4.540811
2003-04-25,8.2,8.3,8.05,8.14,776000,4.563235
2003-04-28,8.14,8.23,8.08,8.13,1339900,4.557629
2003-04-29,8.12,8.12,7.97,7.97,1853500,4.467934
2003-04-30,7.97,8.08,7.82,7.9,1552100,4.428692
2003-05-01,7.86,7.9,7.58,7.85,1226800,4.400663
2003-05-02,7.88,8.2,7.86,8.2,1742400,4.59687
2003-05-05,8.2,8.24,8.03,8.09,1054300,4.535205
2003-05-06,8.1,8.19,7.98,8.02,1032600,4.495964
2003-05-07,8.02,8.19,8.0,8.1,1013500,4.540811
2003-05-08,8.15,8.15,7.85,8.02,986000,4.495964
2003-05-09,8.15,8.17,7.97,7.97,995100,4.467934
2003-05-12,8.0,8.12,7.98,8.0,1762100,4.484752
2003-05-13,7.89,7.98,7.57,7.72,11770300,4.327785
2003-05-14,7.73,8.38,7.73,8.28,17331700,4.641718
2003-05-15,8.25,8.99,8.18,8.99,11319100,5.10135
2003-05-16,9.09,9.12,8.55,9.12,5641100,5.175118
2003-05-19,9.03,9.03,8.74,8.85,2160300,5.021908
2003-05-20,8.85,8.92,8.55,8.7,4265900,4.93679
2003-05-21,8.15,8.62,8.12,8.55,6144100,4.851674
2003-05-22,8.45,8.55,8.3,8.45,4638000,4.794929
2003-05-23,8.9,9.21,8.64,9.04,7613900,5.129723
2003-05-27,9.2,9.54,9.06,9.5,5784800,5.390748
2003-05-28,9.5,9.94,9.49,9.74,5723500,5.526935
2003-05-29,9.73,9.96,9.33,9.38,4764300,5.322655
2003-05-30,9.48,9.78,9.48,9.55,3231800,5.419121
2003-06-02,9.78,9.78,9.55,9.7,1882700,5.504238
2003-06-03,9.69,9.76,9.61,9.66,1756600,5.48154
2003-06-04,10.41,10.41,9.44,9.66,2057300,5.48154
2003-06-05,9.72,9.74,9.5,9.65,1683000,5.475865
2003-06-06,9.7,9.78,9.27,9.27,1860800,5.260236
2003-06-09,9.27,9.4,8.8,9.11,2580500,5.169444
2003-06-10,9.25,9.29,9.03,9.17,2568900,5.203491
2003-06-11,9.18,9.21,8.98,9.05,1716100,5.135397
2003-06-12,9.15,9.32,9.01,9.32,1563700,5.288608
2003-06-13,9.32,9.35,8.85,8.9,2300100,5.05028
2003-06-16,9.0,9.29,8.91,9.29,2319600,5.271584
2003-06-17,9.3,9.35,9.15,9.18,1212200,5.209165
2003-06-18,9.17,9.2,8.96,9.0,931200,5.107025
2003-06-19,9.08,9.11,9.01,9.05,1129500,5.135397
2003-06-20,9.04,9.04,8.64,8.7,2673500,4.93679
2003-06-23,8.73,8.73,8.45,8.55,1277900,4.851674
2003-06-24,8.59,8.64,8.17,8.34,1344700,4.73251
2003-06-25,8.38,8.51,8.27,8.34,1032600,4.73251
2003-06-26,8.3,8.4,8.17,8.33,1713200,4.726835
2003-06-27,8.36,8.4,8.12,8.12,1072200,4.607671
2003-06-30,8.15,8.23,8.11,8.15,1095600,4.624694
2003-07-01,8.15,8.23,7.92,8.06,1681400,4.573625
2003-07-02,8.01,8.16,7.98,8.16,1139900,4.630369
2003-07-03,8.07,8.15,8.02,8.12,659700,4.607671
2003-07-07,8.13,8.29,8.1,8.1,1135600,4.596322
2003-07-08,8.07,8.36,8.05,8.15,2156400,4.624694
2003-07-09,8.2,8.35,8.16,8.25,3736500,4.681439
2003-07-10,8.25,8.27,8.1,8.14,1498300,4.61902
2003-07-11,8.18,8.29,8.12,8.28,1094800,4.698463
2003-07-14,8.29,8.31,8.11,8.12,1062200,4.607671
2003-07-15,8.15,8.17,7.99,8.0,1135700,4.539577
2003-07-16,7.99,8.0,7.67,7.83,2260500,4.443111
2003-07-17,7.69,7.9,7.67,7.71,2064300,4.375018
2003-07-18,7.89,8.13,7.75,8.12,1125300,4.607671
2003-07-21,9.12,9.12,7.75,7.82,1301700,4.437437
2003-07-22,7.89,8.18,7.89,8.13,1884400,4.613346
2003-07-23,8.16,8.16,7.96,7.97,998900,4.522554
2003-07-24,8.05,8.14,7.95,8.04,1349300,4.562275
2003-07-25,8.08,8.22,8.02,8.15,1032900,4.624694
2003-07-28,8.22,8.29,8.05,8.11,802900,4.601996
2003-07-29,8.39,8.4,8.21,8.25,1673500,4.681439
2003-07-30,8.2,8.34,8.05,8.1,1207000,4.596322
2003-07-31,8.19,8.29,8.06,8.07,2180900,4.579299
2003-08-01,8.05,8.07,7.91,8.0,1940000,4.539577
2003-08-04,8.02,8.19,8.0,8.17,1250700,4.636044
2003-08-05,8.17,8.25,8.05,8.15,1501200,4.624694
2003-08-06,8.05,8.19,8.0,8.13,1289600,4.613346
2003-08-07,8.17,8.18,8.04,8.09,1342200,4.590648
2003-08-08,8.14,8.21,8.07,8.2,1079900,4.653067
2003-08-11,8.17,8.42,8.1,8.21,929000,4.658741
2003-08-12,8.21,8.38,8.18,8.37,2985700,4.749533
2003-08-13,8.24,8.31,8.11,8.18,936400,4.697845
2003-08-14,8.21,8.4,8.09,8.36,2221500,4.80122
2003-08-15,8.36,8.4,8.11,8.2,898900,4.709331
2003-08-18,8.17,8.34,8.12,8.27,527600,4.749533
2003-08-19,8.27,8.34,8.21,8.26,584200,4.74379
2003-08-20,8.26,8.42,8.26,8.37,1234100,4.806964
2003-08-21,8.43,8.54,8.32,8.48,1468700,4.870137
2003-08-22,8.45,8.5,8.18,8.23,846400,4.72656
2003-08-25,8.23,8.31,8.16,8.27,613600,4.749533
2003-08-26,8.23,8.35,8.19,8.25,1553700,4.738047
2003-08-27,8.23,8.47,8.22,8.42,1423000,4.835679
2003-08-28,8.38,8.52,8.37,8.51,1200200,4.887367
2003-08-29,8.47,8.5,8.35,8.49,1038400,4.875881
2003-09-02,8.52,8.8,8.42,8.78,2265100,5.04243
2003-09-03,8.84,9.09,8.69,8.88,3204700,5.099861
2003-09-04,8.9,9.04,8.85,9.04,1090800,5.191751
2003-09-05,9.04,9.05,8.9,8.91,581300,5.11709
2003-09-08,8.98,9.13,8.95,9.12,819400,5.237695
2003-09-09,9.05,9.15,8.9,9.15,1015300,5.254924
2003-09-10,9.1,9.17,8.89,8.97,2263300,5.151549
2003-09-11,9.07,9.14,8.95,8.95,962100,5.140063
2003-09-12,9.0,9.08,8.94,9.08,542700,5.214723
2003-09-15,9.05,9.09,8.85,8.87,517200,5.094118
2003-09-16,8.81,8.99,8.75,8.9,2000700,5.111347
2003-09-17,8.85,8.86,8.7,8.74,982700,5.019458
2003-09-18,8.84,8.99,8.79,8.98,965900,5.157292
2003-09-19,8.99,9.06,8.88,9.05,700800,5.197494
2003-09-22,8.95,8.97,8.86,8.88,604400,5.099861
2003-09-23,8.9,9.2,8.9,9.2,3073400,5.28364
2003-09-24,9.08,9.12,8.94,9.1,1196800,5.226209
2003-09-25,9.04,9.15,9.01,9.08,1344600,5.214723
2003-09-26,9.02,9.19,8.96,9.13,829100,5.243438
2003-09-29,9.13,9.38,9.02,9.38,1689500,5.387016
2003-09-30,9.3,9.38,9.09,9.17,2059700,5.266411
2003-10-01,9.13,9.29,9.13,9.25,1061900,5.312355
2003-10-02,9.28,9.3,9.18,9.2,865400,5.28364
2003-10-03,9.3,9.36,9.25,9.26,979700,5.318099
2003-10-06,9.25,9.4,9.25,9.31,781400,5.346814
2003-10-07,9.3,9.5,9.25,9.29,1870900,5.335328
2003-10-08,9.3,9.4,9.16,9.24,2377900,5.306612
2003-10-09,9.3,9.48,9.27,9.44,1843700,5.421474
2003-10-10,9.48,9.76,9.47,9.7,2452900,5.570794
2003-10-13,9.73,9.95,9.7,9.78,1116600,5.616739
2003-10-14,9.78,9.95,9.7,9.83,1447200,5.645454
2003-10-15,9.83,9.83,9.46,9.5,2140300,5.455933
2003-10-16,9.56,9.65,9.42,9.43,1781600,5.415731
2003-10-17,9.45,9.49,9.34,9.45,1025300,5.427217
2003-10-20,9.35,9.5,9.31,9.47,1594500,5.438703
2003-10-21,10.25,10.49,9.94,9.95,10180100,5.714371
2003-10-22,9.9,10.01,9.78,9.98,1853200,5.7316
2003-10-23,9.93,9.99,9.76,9.76,3236500,5.605253
2003-10-24,9.85,10.0,9.76,9.92,1678100,5.697142
2003-10-27,10.02,10.06,9.89,9.89,1417900,5.679913
2003-10-28,9.99,9.99,9.69,9.7,1591500,5.570794
2003-10-29,9.7,10.0,9.69,9.99,1581900,5.737344
2003-10-30,10.0,10.02,9.89,9.98,870700,5.7316
2003-10-31,9.98,10.0,9.71,9.81,1007200,5.633969
2003-11-03,9.85,10.11,9.83,10.11,2505600,5.806261
2003-11-04,10.05,10.05,9.76,9.79,2209900,5.622482
2003-11-05,9.8,10.1,9.62,10.0,3302600,5.743087
2003-11-06,10.0,10.02,9.91,10.0,1670700,5.743087
2003-11-07,10.01,10.01,9.89,9.98,1177100,5.7316
2003-11-10,9.99,10.0,9.86,10.0,919500,5.743087
2003-11-11,9.96,10.0,9.84,9.85,1843900,5.656941
2003-11-12,9.85,9.92,9.79,9.84,680600,5.651198
2003-11-13,9.79,9.8,9.69,9.75,1681200,5.657
2003-11-14,9.72,9.75,9.63,9.67,1033600,5.610583
2003-11-17,9.63,9.73,9.56,9.68,885900,5.616385
2003-11-18,9.64,9.68,9.5,9.5,850800,5.511948
2003-11-19,9.5,9.58,9.46,9.54,1278600,5.535156
2003-11-20,9.46,9.77,9.44,9.59,1373200,5.564167
2003-11-21,9.63,9.63,9.45,9.48,885900,5.500344
2003-11-24,9.47,9.65,9.45,9.59,1330200,5.564167
2003-11-25,9.6,9.76,9.55,9.76,1011000,5.662802
2003-11-26,9.75,9.75,9.56,9.65,1052500,5.598979
2003-11-28,9.6,9.74,9.6,9.7,309400,5.627989
2003-12-01,9.71,9.85,9.71,9.8,3841300,5.68601
2003-12-02,9.8,9.88,9.75,9.86,1194300,5.720822
2003-12-03,9.88,9.91,9.81,9.81,751800,5.691812
2003-12-04,9.86,9.94,9.83,9.92,922800,5.755634
2003-12-05,9.83,9.84,9.47,9.52,2697800,5.523553
2003-12-08,9.51,9.52,9.41,9.5,2883000,5.511948
2003-12-09,9.5,9.51,9.31,9.4,1118300,5.453928
2003-12-10,9.5,9.5,9.15,9.24,1173400,5.361095
2003-12-11,9.24,9.24,9.03,9.15,6651500,5.308876
2003-12-12,9.15,9.36,9.08,9.35,5666800,5.424918
2003-12-15,9.35,9.37,9.18,9.24,1614100,5.361095
2003-12-16,9.3,9.48,9.27,9.43,2500100,5.471334
2003-12-17,9.38,9.5,9.35,9.48,1914700,5.500344
2003-12-18,9.48,9.51,9.45,9.49,2015600,5.506146
2003-12-19,9.5,9.5,9.26,9.38,1861300,5.442324
2003-12-22,9.37,9.45,9.36,9.39,918300,5.448126
2003-12-23,9.43,9.5,9.4,9.48,939000,5.500344
2003-12-24,9.46,9.65,9.46,9.57,364300,5.552562
2003-12-26,9.55,9.63,9.52,9.61,222900,5.575771
2003-12-29,9.57,9.75,9.55,9.71,959500,5.633791
2003-12-30,9.63,9.74,9.61,9.67,849900,5.610583
2003-12-31,9.62,9.73,9.62,9.69,904300,5.622187
2004-01-02,9.66,9.75,9.66,9.72,589800,5.639594
2004-01-05,9.67,9.93,9.67,9.85,1498000,5.71502
2004-01-06,9.85,9.95,9.77,9.93,1072500,5.761437
2004-01-07,9.83,9.98,9.8,9.98,1220700,5.790446
2004-01-08,9.98,10.1,9.82,10.0,2222500,5.802051
2004-01-09,10.0,10.4,9.91,10.24,2564200,5.9413
2004-01-12,10.18,10.3,10.1,10.3,1740200,5.976112
2004-01-13,10.22,10.34,10.18,10.26,1383100,5.952904
2004-01-14,10.23,10.35,10.18,10.35,1375400,6.005123
2004-01-15,10.35,10.36,10.2,10.23,1328800,5.935498
2004-01-16,10.25,10.26,10.06,10.23,1173300,5.935498
2004-01-20,10.21,10.34,10.15,10.25,1114100,5.947102
2004-01-21,10.26,10.45,10.26,10.45,1996700,6.063143
2004-01-22,10.45,10.5,10.27,10.38,1720900,6.022529
2004-01-23,10.35,10.42,10.21,10.27,1732100,5.958706
2004-01-26,10.22,10.27,10.09,10.17,1012600,5.900686
2004-01-27,10.22,10.35,10.19,10.32,1415000,5.987716
2004-01-28,10.32,10.45,10.26,10.3,2068700,5.976112
2004-01-29,10.47,10.65,10.27,10.28,2188700,5.964508
2004-01-30,10.38,10.58,10.29,10.5,2245600,6.092153
2004-02-02,10.53,10.59,10.17,10.31,1878900,5.981915
2004-02-03,10.31,10.39,10.16,10.35,1619600,6.005123
2004-02-04,10.35,10.38,10.12,10.24,1668900,5.9413
2004-02-05,10.29,10.29,10.02,10.09,1300000,5.854269
2004-02-06,10.15,10.19,10.05,10.11,1348300,5.865873
2004-02-09,10.14,10.23,10.08,10.18,636600,5.906488
2004-02-10,10.14,10.38,10.11,10.38,1292900,6.022529
2004-02-11,10.25,10.35,10.14,10.25,1917100,6.004953
2004-02-12,10.65,10.66,10.37,10.4,3205100,6.09283
2004-02-13,10.44,10.51,10.31,10.32,1279800,6.045963
2004-02-17,10.35,10.52,10.35,10.45,1509700,6.122123
2004-02-18,10.45,10.57,10.44,10.5,2245500,6.151416
2004-02-19,10.58,10.7,10.48,10.49,2034000,6.145557
2004-02-20,10.5,10.53,10.3,10.3,1836600,6.034246
2004-02-23,10.39,10.48,10.2,10.28,1313500,6.022529
2004-02-24,10.2,10.32,10.16,10.3,2293700,6.034246
2004-02-25,10.3,10.44,10.25,10.4,1520100,6.09283
2004-02-26,10.4,10.54,10.3,10.41,1516100,6.098689
2004-02-27,10.45,10.5,10.24,10.46,3219100,6.127982
2004-03-01,10.5,10.73,10.48,10.66,2554100,6.245151
2004-03-02,10.66,10.81,10.57,10.81,2425700,6.333029
2004-03-03,10.84,11.04,10.8,10.94,2667300,6.409189
2004-03-04,10.98,11.43,10.88,11.22,6362100,6.573227
2004-03-05,11.25,11.47,11.21,11.42,2354500,6.690397
2004-03-08,11.35,11.43,11.18,11.24,2026300,6.584944
2004-03-09,11.14,11.25,11.1,11.25,1673400,6.590802
2004-03-10,11.22,11.23,10.76,10.8,1787500,6.32717
2004-03-11,10.81,11.04,10.51,10.7,2144600,6.268585
2004-03-12,10.8,10.89,10.68,10.86,777100,6.362321
2004-03-15,10.71,10.9,10.65,10.7,1713300,6.268585
2004-03-16,10.7,10.88,10.62,10.74,2431500,6.292019
2004-03-17,10.84,11.1,10.83,11.05,1199200,6.473633
2004-03-18,11.07,11.16,10.86,11.11,1040700,6.508783
2004-03-19,11.06,11.07,10.87,10.87,955100,6.36818
2004-03-22,11.15,11.15,10.76,10.9,1682600,6.385755
2004-03-23,10.92,10.99,10.82,10.9,1087500,6.385755
2004-03-24,10.85,10.94,10.78,10.83,1937600,6.344746
2004-03-25,10.77,10.9,10.76,10.85,803200,6.356463
2004-03-26,10.81,11.19,10.78,11.13,2447700,6.520501
2004-03-29,11.3,11.3,11.17,11.3,1560200,6.620095
2004-03-30,11.29,11.39,11.23,11.35,2082400,6.649388
2004-03-31,11.33,11.6,11.24,11.43,2172400,6.696255
2004-04-01,11.5,11.8,11.5,11.76,2085100,6.889586
2004-04-02,11.75,11.89,11.7,11.88,1531200,6.959887
2004-04-05,11.75,11.75,11.51,11.68,1451600,6.842718
2004-04-06,11.69,11.92,11.6,11.85,1331800,6.942312
2004-04-07,11.72,11.85,11.62,11.62,1616600,6.807567
2004-04-08,11.61,11.72,11.5,11.57,1071600,6.778274
2004-04-12,11.48,11.59,11.17,11.27,1571800,6.60252
2004-04-13,11.32,11.32,10.93,11.05,2273900,6.473633
2004-04-14,10.97,11.07,10.84,10.89,2385200,6.379897
2004-04-15,10.94,11.11,10.9,10.97,2261800,6.426765
2004-04-16,11.04,11.14,10.96,11.14,1363000,6.526359
2004-04-19,11.08,11.25,11.06,11.21,1277900,6.567369
2004-04-20,11.14,11.21,11.04,11.1,3482600,6.502925
2004-04-21,11.09,11.29,11.01,11.14,1436200,6.526359
2004-04-22,11.3,11.5,11.22,11.39,1818100,6.672822
2004-04-23,11.3,11.46,11.25,11.32,1996600,6.631812
2004-04-26,11.35,11.43,11.17,11.25,2141300,6.590802
2004-04-27,11.25,11.38,11.2,11.35,2026500,6.649388
2004-04-28,11.36,11.36,11.13,11.17,2663200,6.543935
2004-04-29,11.11,11.2,10.8,10.88,2705400,6.374038
2004-04-30,10.95,10.95,10.65,10.79,1733000,6.321312
2004-05-03,10.9,11.25,10.85,11.25,2654000,6.590802
2004-05-04,11.18,11.29,11.15,11.22,1232500,6.573227
2004-05-05,11.14,11.36,11.09,11.31,2375700,6.625954
2004-05-06,11.23,11.33,10.88,10.9,2778500,6.385755
2004-05-07,10.82,10.98,10.5,10.59,1609500,6.204142
2004-05-10,10.49,10.51,10.19,10.31,3255800,6.040105
2004-05-11,10.35,10.45,10.15,10.25,2366900,6.004953
2004-05-12,10.19,10.4,10.07,10.33,2085900,6.051821
2004-05-13,10.34,10.53,10.25,10.52,1564800,6.163133
2004-05-14,10.5,10.69,10.46,10.6,1405800,6.210001
2004-05-17,10.5,10.65,10.4,10.45,1479800,6.122123
2004-05-18,10.46,10.6,10.4,10.6,2069200,6.210001
2004-05-19,10.6,10.78,10.5,10.52,1588400,6.163133
2004-05-20,10.5,10.58,10.5,10.51,717800,6.216365
2004-05-21,10.55,10.59,10.29,10.46,1186500,6.186791
2004-05-24,10.47,10.55,10.39,10.48,813600,6.19862
2004-05-25,10.4,10.75,10.38,10.67,1246000,6.311
2004-05-26,10.62,10.89,10.6,10.82,1103900,6.399721
2004-05-27,10.77,10.9,10.67,10.74,1016200,6.352403
2004-05-28,10.69,10.86,10.62,10.84,1039500,6.41155
2004-06-01,10.72,10.82,10.62,10.62,1099700,6.281427
2004-06-02,10.71,10.78,10.58,10.78,1408900,6.376062
2004-06-03,10.68,10.68,10.5,10.57,1794400,6.251853
2004-06-04,10.57,10.67,10.52,10.63,886200,6.287341
2004-06-07,10.65,10.99,10.65,10.89,1428400,6.441124
2004-06-08,10.89,10.89,10.68,10.78,1862800,6.376062
2004-06-09,10.81,10.82,10.65,10.67,853600,6.311
2004-06-10,10.7,10.8,10.67,10.79,1018000,6.381977
2004-06-14,10.78,10.79,10.65,10.67,1011600,6.311
2004-06-15,10.7,10.82,10.63,10.7,935600,6.328744
2004-06-16,10.66,10.69,10.49,10.58,1301100,6.257768
2004-06-17,10.53,10.75,10.48,10.66,1493100,6.305085
2004-06-18,10.58,11.25,10.57,11.2,3702800,6.62448
2004-06-21,11.24,11.38,11.19,11.27,1179600,6.665883
2004-06-22,11.27,11.28,11.2,11.25,940700,6.654054
2004-06-23,11.22,11.4,11.19,11.39,859200,6.73686
2004-06-24,11.41,11.64,11.36,11.53,1130600,6.819665
2004-06-25,11.54,11.63,11.37,11.46,996400,6.778263
2004-06-28,11.45,11.6,11.42,11.42,837500,6.754604
2004-06-29,11.42,11.58,11.29,11.29,1058400,6.677712
2004-06-30,11.29,11.51,11.29,11.5,1209700,6.801921
2004-07-01,11.5,11.57,11.27,11.28,1733900,6.671798
2004-07-02,11.34,11.44,11.3,11.41,710200,6.748689
2004-07-06,11.3,11.55,11.3,11.4,953300,6.742774
2004-07-07,11.35,11.53,11.3,11.42,1989700,6.754604
2004-07-08,11.47,11.62,11.4,11.56,1151300,6.83741
2004-07-09,11.6,11.64,11.55,11.64,766800,6.884728
2004-07-12,11.69,11.75,11.64,11.7,1612400,6.920216
2004-07-13,11.7,11.81,11.61,11.68,1444800,6.908387
2004-07-14,11.6,11.79,11.56,11.66,1482000,6.896557
2004-07-15,11.62,11.82,11.61,11.79,3464400,6.973448
2004-07-16,11.87,12.04,11.79,11.95,1833900,7.068084
2004-07-19,12.0,12.13,11.99,12.03,1334100,7.115401
2004-07-20,12.2,12.24,12.15,12.21,1592900,7.221866
2004-07-21,12.32,12.32,11.45,12.0,9593300,7.097657
2004-07-22,11.8,11.8,11.17,11.41,2437200,6.748689
2004-07-23,11.42,11.42,11.32,11.35,1722000,6.713201
2004-07-26,11.31,11.42,11.06,11.21,1544000,6.630395
2004-07-27,11.17,11.47,11.17,11.43,1309900,6.760519
2004-07-28,11.32,11.44,11.19,11.28,1187900,6.671798
2004-07-29,11.3,11.57,11.25,11.41,2408600,6.748689
2004-07-30,11.43,11.72,11.41,11.61,913600,6.866983
2004-08-02,11.55,11.68,11.47,11.52,1445500,6.813751
2004-08-03,11.5,11.76,11.46,11.65,1914500,6.890642
2004-08-04,11.6,11.65,11.45,11.6,1724200,6.861069
2004-08-05,11.59,11.65,11.36,11.36,722000,6.719115
2004-08-06,11.36,11.49,11.16,11.17,2421900,6.606736
2004-08-09,11.22,11.3,10.98,11.0,1744800,6.506186
2004-08-10,11.1,11.28,11.05,11.28,2593100,6.671798
2004-08-11,11.28,11.32,11.06,11.18,1469400,6.612651
2004-08-12,11.02,11.08,10.95,11.03,1100700,6.58281
2004-08-13,11.02,11.07,10.9,10.94,1025000,6.529097
2004-08-16,10.92,11.17,10.89,11.17,1386800,6.666364
2004-08-17,11.14,11.25,11.1,11.19,925600,6.678299
2004-08-18,11.16,11.29,11.16,11.29,817500,6.737981
2004-08-19,11.28,11.28,11.0,11.05,1451300,6.594746
2004-08-20,11.1,11.22,11.05,11.16,850800,6.660395
2004-08-23,11.19,11.25,10.96,10.96,1098600,6.541034
2004-08-24,11.02,11.07,10.67,10.75,2653000,6.415703
2004-08-25,10.79,10.88,10.73,10.75,2217200,6.415703
2004-08-26,10.75,10.75,10.3,10.61,3151600,6.33215
2004-08-27,10.6,10.67,10.59,10.64,967800,6.350055
2004-08-30,10.72,11.11,10.64,11.07,6199000,6.606682
2004-08-31,11.07,11.12,10.93,10.94,2809200,6.529097
2004-09-01,11.0,11.04,10.7,10.93,3829100,6.523129
2004-09-02,10.97,10.98,10.53,10.68,3748600,6.373927
2004-09-03,10.68,10.85,10.67,10.75,1843900,6.415703
2004-09-07,10.85,10.87,10.75,10.83,1174000,6.463448
2004-09-08,10.8,10.8,10.56,10.56,1616800,6.30231
2004-09-09,10.62,10.72,10.6,10.7,951900,6.385863
2004-09-10,10.75,10.75,10.5,10.53,1094400,6.284405
2004-09-13,10.59,10.72,10.51,10.72,1444900,6.397799
2004-09-14,10.72,10.74,10.65,10.65,1414900,6.356022
2004-09-15,10.67,10.7,10.5,10.5,1034300,6.266501
2004-09-16,10.49,10.78,10.49,10.76,3922000,6.421672
2004-09-17,10.79,10.88,10.67,10.67,1487500,6.367959
2004-09-20,10.67,10.72,10.6,10.68,1354400,6.373927
2004-09-21,10.63,10.68,10.46,10.48,1574800,6.254565
2004-09-22,10.4,10.48,10.14,10.4,3454800,6.20682
2004-09-23,10.34,10.43,9.99,10.11,4395500,6.033745
2004-09-24,10.09,10.11,9.93,10.02,5878000,5.980033
2004-09-27,10.02,10.05,9.78,10.05,4628000,5.997937
2004-09-28,10.0,10.16,10.0,10.14,1768000,6.05165
2004-09-29,10.1,10.16,10.0,10.14,2746000,6.05165
2004-09-30,10.2,10.5,10.13,10.36,3470100,6.182948
2004-10-01,10.55,10.82,10.5,10.7,4228100,6.385863
2004-10-04,10.7,10.84,10.68,10.83,2099800,6.463448
2004-10-05,10.83,10.96,10.7,10.92,1817700,6.517161
2004-10-06,10.85,10.91,10.8,10.87,1287700,6.487321
2004-10-07,10.9,10.93,10.8,10.84,1147200,6.469416
2004-10-08,10.82,11.11,10.79,10.95,2707000,6.535065
2004-10-11,10.9,10.98,10.88,10.89,832500,6.499257
2004-10-12,10.8,10.84,10.7,10.8,1427800,6.445544
2004-10-13,10.85,10.91,10.56,10.65,1823700,6.356022
2004-10-14,10.6,10.63,10.54,10.58,979900,6.314246
2004-10-15,10.61,10.68,10.55,10.68,1182500,6.373927
2004-10-18,10.75,10.75,10.52,10.53,1138200,6.284405
2004-10-19,10.51,10.57,10.43,10.45,1663200,6.23666
2004-10-20,10.43,10.49,10.36,10.47,1119300,6.248597
2004-10-21,10.5,10.5,10.36,10.43,617000,6.224725
2004-10-22,10.4,10.47,10.36,10.41,643700,6.212788
2004-10-25,10.39,10.48,10.39,10.41,895700,6.212788
2004-10-26,10.44,10.58,10.31,10.54,1305900,6.290373
2004-10-27,10.47,10.54,10.4,10.45,1094100,6.23666
2004-10-28,10.42,10.51,10.35,10.48,3432600,6.254565
2004-10-29,10.55,10.72,10.45,10.51,1594700,6.272469
2004-11-01,10.52,10.74,10.48,10.59,1978000,6.320214
2004-11-02,10.65,10.73,10.43,10.46,1519000,6.242629
2004-11-03,10.55,10.81,10.55,10.65,1566500,6.356022
2004-11-04,10.68,11.01,10.61,10.89,1602700,6.499257
2004-11-05,10.93,10.94,10.6,10.75,1007200,6.415703
2004-11-08,10.85,11.0,10.78,10.98,1825500,6.552969
2004-11-09,10.94,10.96,10.54,10.89,3884200,6.499257
2004-11-10,10.89,10.89,10.64,10.76,2224100,6.421672
2004-11-11,10.95,11.06,10.8,10.95,2405600,6.535065
2004-11-12,10.87,11.3,10.87,11.26,2851500,6.720077
2004-11-15,11.2,11.32,11.12,11.17,1847400,6.666364
2004-11-16,11.27,11.27,11.02,11.13,3621800,6.642491
2004-11-17,11.14,11.5,11.13,11.34,7792000,6.767821
2004-11-18,11.35,11.44,11.25,11.25,1801000,6.714108
2004-11-19,11.25,11.27,11.01,11.17,2282300,6.666364
2004-11-22,11.05,11.21,11.04,11.15,3353100,6.654427
2004-11-23,11.05,11.08,10.89,11.04,2745200,6.648405
2004-11-24,11.05,11.33,10.99,11.27,2600000,6.786914
2004-11-26,11.27,11.54,11.26,11.34,760000,6.829069
2004-11-29,11.26,11.35,11.04,11.18,2206400,6.732715
2004-11-30,11.2,11.3,11.15,11.16,2058200,6.720671
2004-12-01,11.25,11.25,11.12,11.19,2818700,6.738737
2004-12-02,11.1,11.21,11.03,11.1,2508400,6.684538
2004-12-03,11.07,11.35,11.05,11.28,1886200,6.792936
2004-12-06,11.22,11.28,11.09,11.12,1352300,6.696582
2004-12-07,11.1,11.16,10.94,10.94,3349400,6.588184
2004-12-08,10.99,11.13,10.9,10.95,2057100,6.594206
2004-12-09,10.95,11.0,10.82,10.96,1744000,6.600229
2004-12-10,10.95,11.01,10.85,10.9,847900,6.564096
2004-12-13,10.97,11.04,10.87,11.0,1583900,6.624317
2004-12-14,10.95,11.07,10.89,11.05,1998300,6.654428
2004-12-15,11.03,11.37,11.0,11.34,2323500,6.829069
2004-12-16,11.3,11.35,11.12,11.22,2987300,6.756804
2004-12-17,11.17,11.35,11.17,11.2,2575100,6.744759
2004-12-20,11.25,11.3,11.12,11.15,1663600,6.714648
2004-12-21,11.2,11.3,11.13,11.2,1690000,6.744759
2004-12-22,11.25,11.3,11.16,11.18,2194800,6.732715
2004-12-23,11.22,11.27,11.12,11.14,1221700,6.708627
2004-12-27,11.12,11.21,11.0,11.0,1237300,6.624317
2004-12-28,11.06,11.25,11.04,11.2,788900,6.744759
2004-12-29,11.14,11.31,11.12,11.21,915300,6.750781
2004-12-30,11.17,11.27,11.17,11.21,883000,6.750781
2004-12-31,11.25,11.42,11.18,11.3,1153700,6.80498
2005-01-03,11.28,11.34,11.05,11.06,2121500,6.66045
2005-01-04,11.09,11.19,10.94,10.95,1583300,6.594206
2005-01-05,10.95,11.0,10.73,10.75,1862600,6.473764
2005-01-06,10.75,10.82,10.66,10.76,3343700,6.479787
2005-01-07,10.76,10.87,10.69,10.7,1580500,6.443654
2005-01-10,10.71,10.85,10.65,10.7,1206500,6.443654
2005-01-11,10.7,10.75,10.55,10.65,1180200,6.413543
2005-01-12,10.64,10.67,10.55,10.66,835300,6.419565
2005-01-13,10.68,10.84,10.68,10.74,959600,6.467742
2005-01-14,10.82,10.94,10.77,10.9,1107600,6.564096
2005-01-18,10.9,10.97,10.75,10.89,1246900,6.558074
2005-01-19,10.87,11.1,10.85,11.04,1151000,6.648405
2005-01-20,11.06,11.11,10.95,11.05,1687300,6.654428
2005-01-21,11.12,11.2,10.97,10.99,1644500,6.618295
2005-01-24,10.97,11.19,10.95,11.1,961500,6.684538
2005-01-25,11.15,11.2,10.93,11.0,1053900,6.624317
2005-01-26,11.01,11.25,11.01,11.15,2506800,6.714648
2005-01-27,11.1,11.28,11.07,11.21,1375700,6.750781
2005-01-28,11.29,11.29,11.03,11.1,1905100,6.684538
2005-01-31,11.16,11.26,11.13,11.25,1279200,6.77487
2005-02-01,11.48,11.55,11.38,11.45,3310800,6.895312
2005-02-02,11.5,11.71,11.41,11.64,1301800,7.009732
2005-02-03,11.65,11.74,11.57,11.7,1840200,7.045864
2005-02-04,11.78,11.94,11.76,11.91,1993800,7.172329
2005-02-07,11.86,11.9,11.73,11.77,992400,7.08802
2005-02-08,11.72,11.85,11.72,11.83,1400100,7.124152
2005-02-09,11.8,11.92,11.67,11.83,1337700,7.124152
2005-02-10,11.82,11.95,11.76,11.95,4609600,7.196417
2005-02-11,11.95,12.03,11.84,11.99,3018100,7.220505
2005-02-14,11.91,12.22,11.88,12.15,2219300,7.378397
2005-02-15,12.1,12.41,12.04,12.31,3431600,7.475561
2005-02-16,12.21,12.35,12.2,12.33,1223200,7.487707
2005-02-17,12.33,12.36,12.17,12.33,1405500,7.487707
2005-02-18,12.33,12.33,11.94,12.0,1763300,7.287306
2005-02-22,11.95,11.95,11.71,11.72,2004800,7.117269
2005-02-23,11.77,12.01,11.74,11.86,1681600,7.202287
2005-02-24,11.89,11.92,11.76,11.8,1092600,7.165851
2005-02-25,11.81,12.15,11.81,12.11,1891400,7.354106
2005-02-28,12.1,12.21,11.98,11.98,813500,7.27516
2005-03-01,11.98,12.15,11.92,12.06,1246100,7.323743
2005-03-02,12.0,12.23,11.98,12.14,2150200,7.372325
2005-03-03,12.19,12.4,12.15,12.34,2215900,7.49378
2005-03-04,12.38,12.54,12.35,12.47,1541400,7.572725
2005-03-07,12.47,12.56,12.44,12.51,1652500,7.597016
2005-03-08,12.6,12.81,12.55,12.61,3883000,7.657744
2005-03-09,12.52,12.63,12.4,12.41,1710100,7.536289
2005-03-10,12.39,12.42,12.18,12.35,1099200,7.499852
2005-03-11,12.25,12.6,12.25,12.35,1375200,7.499852
2005-03-14,12.26,12.53,12.25,12.5,1292000,7.590944
2005-03-15,12.48,12.55,12.29,12.32,1043700,7.481634
2005-03-16,12.3,12.43,12.1,12.15,1443100,7.378397
2005-03-17,12.03,12.28,12.03,12.24,1261900,7.433052
2005-03-18,12.18,12.36,12.1,12.27,2814300,7.45127
2005-03-21,12.24,12.37,12.16,12.18,1117400,7.396616
2005-03-22,12.22,12.22,11.77,11.84,2927700,7.190142
2005-03-23,11.82,11.83,11.43,11.56,5321100,7.020105
2005-03-24,11.61,11.91,11.59,11.84,1777700,7.190142
2005-03-28,12.0,12.08,11.91,11.92,1795600,7.238724
2005-03-29,11.9,11.93,11.58,11.61,2714300,7.050468
2005-03-30,11.74,11.99,11.72,11.9,2608900,7.226578
2005-03-31,11.91,12.13,11.86,12.03,1864100,7.305524
2005-04-01,12.13,12.14,11.81,11.94,1746400,7.250869
2005-04-04,12.02,12.02,11.89,11.93,3081100,7.244797
2005-04-05,11.93,12.0,11.92,11.95,3201800,7.256942
2005-04-06,11.88,11.99,11.88,11.95,4342800,7.256942
2005-04-07,12.01,12.17,11.93,12.08,1221500,7.335888
2005-04-08,12.07,12.11,11.94,11.95,1051400,7.256942
2005-04-11,11.92,12.16,11.92,12.1,1126800,7.348034
2005-04-12,12.1,12.11,11.86,12.06,2048600,7.323743
2005-04-13,12.13,12.19,12.0,12.09,1903700,7.341961
2005-04-14,12.09,12.18,11.9,11.94,1563300,7.250869
2005-04-15,11.95,12.0,11.71,11.76,2171000,7.14156
2005-04-18,11.75,11.92,11.71,11.82,866500,7.177996
2005-04-19,11.82,11.92,11.76,11.81,1382500,7.171924
2005-04-20,11.82,11.85,11.67,11.68,1403500,7.092978
2005-04-21,11.82,11.88,11.67,11.82,1241500,7.177996
2005-04-22,11.78,11.96,11.78,11.85,864300,7.196215
2005-04-25,11.9,12.17,11.9,12.15,1956100,7.378397
2005-04-26,12.1,12.15,11.87,11.87,1525000,7.20836
2005-04-27,11.87,12.15,11.81,12.09,1776000,7.341961
2005-04-28,12.05,12.09,11.85,11.93,848100,7.244797
2005-04-29,11.92,11.95,11.67,11.84,2128400,7.190142
2005-05-02,11.87,11.92,11.68,11.85,1504400,7.196215
2005-05-03,11.86,12.03,11.85,12.01,1640600,7.293379
2005-05-04,12.0,12.07,11.9,12.06,1212500,7.323743
2005-05-05,12.03,12.09,11.88,12.02,1073800,7.299452
2005-05-06,12.05,12.07,11.96,11.98,904600,7.27516
2005-05-09,11.98,12.19,11.89,12.18,3236700,7.396616
2005-05-10,12.12,12.18,11.85,11.96,2050700,7.263015
2005-05-11,11.96,12.1,11.89,12.01,1379900,7.293379
2005-05-12,12.01,12.84,11.89,11.93,1415100,7.244797
2005-05-13,11.94,11.99,11.66,11.77,1157600,7.147633
2005-05-16,11.77,11.96,11.69,11.92,1085100,7.238724
2005-05-17,11.85,12.06,11.78,12.02,912400,7.299452
2005-05-18,12.08,12.15,12.0,12.03,1155000,7.305524
2005-05-19,12.03,12.2,12.03,12.19,1940600,7.402688
2005-05-20,12.2,12.2,12.03,12.07,2540400,7.329815
2005-05-23,12.02,12.07,11.93,12.0,1310300,7.287306
2005-05-24,11.98,12.02,11.86,12.01,873700,7.293379
2005-05-25,11.95,12.0,11.8,11.89,1704800,7.220506
2005-05-26,11.89,12.0,11.87,11.95,959200,7.256942
2005-05-27,11.98,12.12,11.95,12.1,1767600,7.348034
2005-05-31,12.15,12.35,12.08,12.26,2152100,7.445198
2005-06-01,12.28,12.4,12.21,12.31,2026900,7.475561
2005-06-02,12.3,12.38,12.24,12.29,1415000,7.463416
2005-06-03,12.29,12.48,12.27,12.38,1597600,7.518071
2005-06-06,12.38,12.44,12.33,12.4,832100,7.530216
2005-06-07,12.4,12.6,12.32,12.33,1846200,7.487707
2005-06-08,12.38,12.56,12.38,12.5,2043600,7.590944
2005-06-09,12.41,12.49,12.26,12.49,1242400,7.584871
2005-06-10,12.49,12.58,12.4,12.49,991800,7.584871
2005-06-13,12.4,12.51,12.24,12.5,1387800,7.633726
2005-06-14,12.5,12.59,12.45,12.58,1231700,7.682582
2005-06-15,12.58,12.68,12.54,12.64,1236100,7.719224
2005-06-16,12.62,12.72,12.53,12.71,3622900,7.761973
2005-06-17,12.73,12.75,12.51,12.65,3045900,7.725331
2005-06-20,12.57,12.65,12.51,12.63,1101800,7.713117
2005-06-21,12.61,12.76,12.55,12.71,1082100,7.761973
2005-06-22,12.75,12.78,12.67,12.69,1082900,7.749759
2005-06-23,12.7,12.84,12.66,12.83,2517000,7.835257
2005-06-24,12.84,12.84,12.69,12.75,1222400,7.786401
2005-06-27,12.75,12.75,12.63,12.64,702000,7.719224
2005-06-28,12.68,13.0,12.62,12.94,2532500,7.902433
2005-06-29,13.0,13.12,12.91,13.05,2416000,7.96961
2005-06-30,13.06,13.27,13.03,13.21,2474800,8.067322
2005-07-01,13.27,13.51,13.17,13.41,3041200,8.189461
2005-07-05,13.37,13.51,13.17,13.38,1790500,8.171141
2005-07-06,13.38,13.4,13.18,13.21,1613400,8.067322
2005-07-07,13.11,13.34,13.04,13.3,1436700,8.122285
2005-07-08,13.32,13.5,13.3,13.49,1556700,8.238317
2005-07-11,13.5,13.58,13.46,13.53,2969400,8.262745
2005-07-12,13.55,13.59,13.39,13.46,1043200,8.219997
2005-07-13,13.46,13.74,13.4,13.62,1691100,8.317708
2005-07-14,13.72,13.75,13.47,13.55,1208500,8.274959
2005-07-15,13.65,13.8,13.63,13.74,4093400,8.390992
2005-07-18,13.77,13.79,13.64,13.67,2385000,8.348243
2005-07-19,13.68,13.76,13.59,13.61,1162000,8.311601
2005-07-20,13.58,13.65,13.43,13.58,1621300,8.29328
2005-07-21,13.57,13.57,13.28,13.35,1064300,8.15282
2005-07-22,13.38,13.65,13.32,13.58,918500,8.29328
2005-07-25,13.55,13.68,13.55,13.6,813200,8.305494
2005-07-26,13.69,13.73,13.55,13.59,952000,8.299387
2005-07-27,13.56,13.75,13.56,13.72,1105200,8.378778
2005-07-28,13.75,13.84,13.68,13.82,901200,8.439848
2005-07-29,13.82,13.94,13.64,13.74,1220200,8.390992
2005-08-01,13.73,13.87,13.68,13.7,1305500,8.366564
2005-08-02,13.8,13.97,13.76,13.85,1715900,8.458169
2005-08-03,13.85,14.02,13.82,14.01,1804500,8.555881
2005-08-04,13.96,14.11,13.9,13.98,1490000,8.537559
2005-08-05,13.88,13.94,13.7,13.81,1837900,8.433741
2005-08-08,13.82,13.92,13.02,13.04,4051600,7.963503
2005-08-09,13.04,13.73,12.95,13.55,4553900,8.274959
2005-08-10,13.7,13.83,13.45,13.52,1242900,8.256639
2005-08-11,13.48,13.52,13.32,13.48,3369700,8.23221
2005-08-12,13.4,13.48,13.35,13.4,1027700,8.183354
2005-08-15,13.39,13.4,13.27,13.35,1249100,8.15282
2005-08-16,13.34,13.39,13.13,13.14,865900,8.024573
2005-08-17,13.11,13.17,12.99,13.13,2256700,8.018466
2005-08-18,13.1,13.19,12.99,13.1,1321700,8.000145
2005-08-19,13.17,13.46,13.15,13.44,1472500,8.207782
2005-08-22,13.44,13.64,13.3,13.63,1889200,8.323815
2005-08-23,13.7,13.85,13.59,13.69,2071400,8.360457
2005-08-24,13.7,13.89,13.65,13.71,3803700,8.372671
2005-08-25,13.68,13.83,13.58,13.8,1265500,8.427634
2005-08-26,13.83,13.86,13.7,13.83,1759100,8.445955
2005-08-29,13.83,14.13,13.77,14.11,2257100,8.61695
2005-08-30,14.07,14.14,13.92,14.08,2002700,8.598629
2005-08-31,14.08,14.25,14.06,14.21,1237700,8.67802
2005-09-01,14.24,14.58,14.2,14.48,1867500,8.842908
2005-09-02,14.49,14.75,14.37,14.45,2291600,8.824587
2005-09-06,14.47,14.63,14.47,14.58,2485400,8.903978
2005-09-07,14.58,14.67,14.54,14.6,1356000,8.916193
2005-09-08,14.49,14.77,14.45,14.59,3780800,8.953011
2005-09-09,14.55,14.66,14.5,14.64,2362700,8.983693
2005-09-12,14.66,14.91,14.57,14.88,1958700,9.130967
2005-09-13,14.89,15.06,14.81,14.98,5209200,9.192331
2005-09-14,15.0,15.06,14.81,14.94,1142100,9.167785
2005-09-15,15.09,15.09,14.88,14.94,1700000,9.167785
2005-09-16,15.05,15.14,14.91,15.13,2917000,9.284377
2005-09-19,15.01,15.13,14.8,14.91,1448000,9.149376
2005-09-20,14.89,14.95,14.55,14.72,1981900,9.032785
2005-09-21,14.58,14.6,14.25,14.36,3796300,8.811874
2005-09-22,14.15,14.28,13.94,14.06,3938000,8.627782
2005-09-23,14.06,14.4,14.0,14.33,1503200,8.793465
2005-09-26,14.35,14.66,14.29,14.5,2099000,8.897784
2005-09-27,14.5,14.7,14.45,14.58,2785400,8.946875
2005-09-28,14.6,14.81,14.53,14.64,994100,8.983693
2005-09-29,14.64,14.81,14.49,14.78,1110500,9.069603
2005-09-30,14.78,14.91,14.66,14.87,1424000,9.12483
2005-10-03,14.85,14.88,14.64,14.82,1477400,9.094148
2005-10-04,14.85,14.9,14.5,14.53,1002000,8.916193
2005-10-05,14.5,14.63,13.96,13.97,3288700,8.572554
2005-10-06,13.96,14.15,13.66,13.86,2307500,8.505054
2005-10-07,13.86,14.05,13.75,13.89,1061300,8.523463
2005-10-10,13.86,13.95,13.61,13.65,1303000,8.376189
2005-10-11,13.66,13.8,13.62,13.71,982500,8.413008
2005-10-12,13.7,13.85,13.49,13.54,2445300,8.308689
2005-10-13,13.5,13.56,13.35,13.41,1637100,8.228916
2005-10-14,13.5,13.67,13.39,13.57,1785900,8.327098
2005-10-17,13.62,13.79,13.6,13.7,877200,8.406871
2005-10-18,13.78,13.78,13.28,13.41,1446600,8.228916
2005-10-19,13.28,13.6,13.21,13.6,1525600,8.345508
2005-10-20,13.6,13.6,12.88,12.99,4322000,7.971187
2005-10-21,12.95,13.14,12.64,12.65,5188400,7.762549
2005-10-24,12.65,13.05,12.61,13.0,4002400,7.977323
2005-10-25,12.95,13.09,12.87,12.9,1222800,7.915959
2005-10-26,12.9,13.09,12.75,12.9,1500100,7.915959
2005-10-27,12.85,12.91,12.7,12.72,882900,7.805504
2005-10-28,12.82,13.2,12.74,13.12,1943700,8.05096
2005-10-31,13.15,13.35,13.15,13.24,1703400,8.124597
2005-11-01,13.23,13.34,13.12,13.27,1830900,8.143006
2005-11-02,13.22,13.28,12.86,13.22,1844900,8.112324
2005-11-03,13.17,13.2,12.93,12.94,1374000,7.940505
2005-11-04,13.72,13.84,12.97,13.0,941300,7.977323
2005-11-07,12.94,13.12,12.88,12.98,1110700,7.96505
2005-11-08,12.85,13.15,12.85,13.07,2556100,8.020278
2005-11-09,13.06,13.24,12.97,13.11,1174900,8.044823
2005-11-10,13.11,13.2,12.91,13.16,1132300,8.075506
2005-11-11,13.12,13.12,12.84,12.93,797300,7.934369
2005-11-14,12.86,12.93,12.79,12.88,962500,7.940533
2005-11-15,12.89,13.05,12.78,12.92,2099600,7.965193
2005-11-16,12.97,13.09,12.95,13.08,896000,8.063833
2005-11-17,13.09,13.22,13.02,13.18,1540000,8.125484
2005-11-18,13.3,13.3,13.0,13.19,1026600,8.131648
2005-11-21,13.2,13.22,13.06,13.18,621300,8.125484
2005-11-22,13.15,13.24,13.1,13.2,1118100,8.137814
2005-11-23,13.2,13.28,13.13,13.24,747400,8.162474
2005-11-25,13.28,13.31,13.2,13.31,259900,8.205629
2005-11-28,13.32,13.5,13.29,13.41,1624300,8.267279
2005-11-29,13.47,13.53,13.16,13.17,1171300,8.119319
2005-11-30,13.22,13.28,13.12,13.22,1085800,8.150144
2005-12-01,13.3,13.34,13.14,13.2,1297200,8.137814
2005-12-02,13.3,13.37,13.13,13.28,1628300,8.187134
2005-12-05,13.23,13.28,13.06,13.16,1071800,8.113154
2005-12-06,13.18,13.3,13.04,13.08,958700,8.063833
2005-12-07,13.05,13.15,12.95,13.03,1287100,8.033008
2005-12-08,13.07,13.33,12.97,13.02,2673600,8.026844
2005-12-09,13.02,13.08,12.92,13.0,1673600,8.014513
2005-12-12,13.05,13.08,12.84,12.84,1057700,7.915873
2005-12-13,12.92,13.1,12.84,12.97,2050600,7.996019
2005-12-14,12.94,13.42,12.94,13.38,2884000,8.248784
2005-12-15,13.38,13.47,13.24,13.36,1436600,8.236454
2005-12-16,13.37,13.44,13.24,13.3,1846200,8.199464
2005-12-19,13.3,13.31,12.97,13.01,999400,8.020679
2005-12-20,13.03,13.34,13.0,13.27,1532600,8.180969
2005-12-21,13.3,13.33,12.93,12.98,1427600,8.002183
2005-12-22,12.97,13.19,12.96,13.06,1734600,8.051504
2005-12-23,13.08,13.13,13.03,13.05,616700,8.045339
2005-12-27,13.08,13.08,12.89,12.96,948000,7.989853
2005-12-28,13.02,13.04,12.69,12.76,1456000,7.866553
2005-12-29,12.73,13.02,12.73,12.92,935300,7.965193
2005-12-30,12.78,12.91,12.75,12.85,1150200,7.922039
2006-01-03,12.88,13.07,12.75,13.0,1327100,8.014513
2006-01-04,13.02,13.09,12.78,13.0,1204200,8.014513
2006-01-05,12.97,13.04,12.8,13.01,1649700,8.020679
2006-01-06,13.03,13.25,12.98,13.1,1521100,8.076164
2006-01-09,13.05,13.14,12.99,13.0,822800,8.014513
2006-01-10,12.91,13.02,12.87,12.96,855200,7.989853
2006-01-11,13.0,13.05,12.82,12.83,1012300,7.909708
2006-01-12,12.82,13.15,12.8,13.0,1320100,8.014513
2006-01-13,13.0,13.1,12.91,13.0,587000,8.014513
2006-01-17,13.01,13.26,12.87,13.21,1762500,8.143979
2006-01-18,13.21,13.29,13.07,13.19,1124600,8.131648
2006-01-19,13.18,13.34,13.1,13.28,1752400,8.187134
2006-01-20,13.23,13.38,13.16,13.2,1236500,8.137814
2006-01-23,12.85,13.13,12.69,12.85,3426100,7.922039
2006-01-24,12.81,12.99,12.79,12.96,1753900,7.989853
2006-01-25,12.97,12.99,12.7,12.79,1465000,7.885048
2006-01-26,12.87,12.88,12.58,12.78,1577200,7.878883
2006-01-27,12.77,13.04,12.77,12.97,2911900,7.996019
2006-01-30,13.0,13.01,12.72,12.76,2099200,7.866553
2006-01-31,12.71,12.85,12.71,12.78,1212500,7.878883
2006-02-01,12.71,12.9,12.71,12.83,923900,7.909708
2006-02-02,12.77,12.86,12.58,12.75,2017100,7.860388
2006-02-03,12.7,12.77,12.48,12.6,1495700,7.767913
2006-02-06,12.6,12.7,12.57,12.66,956800,7.804903
2006-02-07,12.66,12.82,12.61,12.71,1824000,7.835728
2006-02-08,12.69,12.79,12.62,12.67,1355400,7.811068
2006-02-09,12.63,12.65,12.55,12.58,1870200,7.755583
2006-02-10,12.58,12.7,12.5,12.65,2105200,7.798738
2006-02-13,12.67,12.82,12.6,12.78,1347400,7.878883
2006-02-14,12.61,12.71,12.53,12.66,1237300,7.897597
2006-02-15,12.69,12.87,12.61,12.85,2278300,8.016124
2006-02-16,12.82,12.95,12.74,12.94,1422100,8.072268
2006-02-17,12.91,13.1,12.88,13.06,1238800,8.147127
2006-02-21,13.06,13.16,12.96,13.03,2028100,8.128412
2006-02-22,13.06,13.13,12.97,13.12,1406000,8.184556
2006-02-23,13.09,13.28,13.01,13.19,2091700,8.228223
2006-02-24,13.23,13.28,13.03,13.04,2164600,8.13465
2006-02-27,13.05,13.4,12.89,13.19,1856300,8.228223
2006-02-28,13.05,13.06,12.81,12.97,3551900,8.090983
2006-03-01,13.0,13.07,12.95,13.03,1562500,8.128412
2006-03-02,12.92,13.0,12.89,12.94,1757400,8.072268
2006-03-03,12.93,12.98,12.82,12.85,2073700,8.016124
2006-03-06,12.86,12.86,12.73,12.74,2511100,7.947503
2006-03-07,12.75,12.89,12.65,12.72,1167300,7.935027
2006-03-08,12.72,12.85,12.58,12.79,1461900,7.978694
2006-03-09,12.75,12.76,12.5,12.57,2647400,7.841453
2006-03-10,12.56,12.75,12.5,12.74,2236000,7.947503
2006-03-13,12.77,12.85,12.6,12.65,936500,7.891359
2006-03-14,12.69,12.9,12.64,12.84,1110100,8.009886
2006-03-15,12.87,12.88,12.62,12.8,2648600,7.984933
2006-03-16,12.8,12.92,12.66,12.7,8769100,7.92255
2006-03-17,12.57,12.64,12.42,12.51,3796100,7.804024
2006-03-20,12.54,12.55,12.17,12.2,3002500,7.610639
2006-03-21,12.24,12.3,12.13,12.15,1975700,7.579448
2006-03-22,12.1,12.19,12.07,12.15,2572900,7.579448
2006-03-23,12.18,12.19,12.07,12.1,2199800,7.548257
2006-03-24,12.07,12.21,12.04,12.15,1865300,7.579448
2006-03-27,12.1,12.11,11.9,11.92,2614500,7.435969
2006-03-28,11.92,12.16,11.83,11.98,2210500,7.473398
2006-03-29,12.0,12.26,11.94,12.22,1856200,7.623116
2006-03-30,12.2,12.23,12.06,12.15,2291000,7.579448
2006-03-31,12.1,12.2,11.92,11.93,2074400,7.442207
2006-04-03,12.0,12.14,11.99,12.04,2558100,7.510827
2006-04-04,12.04,12.17,11.98,12.14,1714600,7.57321
2006-04-05,12.14,12.36,12.02,12.29,3378400,7.666783
2006-04-06,12.2,12.25,11.94,11.96,2075900,7.460922
2006-04-07,11.96,12.02,11.85,11.86,1590400,7.398539
2006-04-10,11.86,11.95,11.86,11.86,1402300,7.398539
2006-04-11,11.86,11.95,11.67,11.78,1896900,7.348633
2006-04-12,11.69,11.87,11.69,11.73,1355700,7.317442
2006-04-13,11.65,11.76,11.62,11.76,1586700,7.336157
2006-04-17,11.72,11.78,11.65,11.75,994200,7.329919
2006-04-18,11.79,11.92,11.69,11.9,1911300,7.423492
2006-04-19,11.89,12.06,11.86,12.01,1430700,7.492113
2006-04-20,12.04,12.2,11.94,11.99,1496900,7.479636
2006-04-21,12.06,12.14,11.99,12.09,1013700,7.542019
2006-04-24,12.07,12.13,12.0,12.08,1108000,7.53578
2006-04-25,12.08,12.1,11.9,11.93,1462000,7.442207
2006-04-26,11.91,12.0,11.88,11.9,1326000,7.423492
2006-04-27,11.85,12.1,11.81,12.01,1492300,7.492113
2006-04-28,11.99,12.06,11.9,12.02,1636000,7.498351
2006-05-01,12.06,12.09,11.78,11.81,1306000,7.367348
2006-05-02,11.86,12.14,11.82,12.02,1528600,7.498351
2006-05-03,11.95,12.04,11.85,12.01,2543400,7.492113
2006-05-04,12.0,12.15,12.0,12.11,1126800,7.554495
2006-05-05,12.16,12.49,12.14,12.36,2302400,7.71045
2006-05-08,12.4,12.43,12.18,12.34,1866000,7.697974
2006-05-09,12.34,12.43,12.26,12.39,1698600,7.729166
2006-05-10,12.34,12.4,12.24,12.29,1695000,7.666783
2006-05-11,12.31,12.36,12.15,12.28,2058000,7.660545
2006-05-12,12.14,12.24,12.0,12.02,1771400,7.591076
2006-05-15,12.28,12.32,12.17,12.29,2056600,7.761591
2006-05-16,12.32,12.32,12.12,12.15,1612400,7.673175
2006-05-17,12.11,12.2,12.0,12.01,1697300,7.58476
2006-05-18,12.01,12.12,11.97,12.03,2261500,7.597391
2006-05-19,12.1,12.14,11.99,12.08,1617200,7.628968
2006-05-22,12.03,12.22,12.03,12.17,1884300,7.685806
2006-05-23,12.2,12.25,12.06,12.12,3013500,7.654229
2006-05-24,12.1,12.19,11.97,12.04,1455700,7.603706
2006-05-25,12.06,12.16,11.98,12.1,1567700,7.641599
2006-05-26,12.14,12.16,12.0,12.04,1244400,7.603706
2006-05-30,12.03,12.1,11.83,11.86,2743500,7.49003
2006-05-31,11.9,12.06,11.85,11.99,2281400,7.572129
2006-06-01,12.04,12.28,12.0,12.25,6217800,7.736329
2006-06-02,12.21,12.43,12.13,12.42,2194300,7.843691
2006-06-05,12.42,12.44,12.2,12.21,1334000,7.711068
2006-06-06,12.28,12.32,12.09,12.25,1229700,7.736329
2006-06-07,12.28,12.29,12.17,12.19,905200,7.698437
2006-06-08,12.2,12.3,12.08,12.29,1079900,7.761591
2006-06-09,12.29,12.39,12.21,12.3,903800,7.767906
2006-06-12,12.36,12.45,12.25,12.38,2022800,7.818429
2006-06-13,12.38,12.38,12.06,12.11,2737500,7.647914
2006-06-14,12.07,12.25,12.06,12.2,2653600,7.704752
2006-06-15,12.24,12.46,12.15,12.45,1237800,7.862637
2006-06-16,12.46,12.47,12.29,12.38,1691600,7.818429
2006-06-19,12.4,12.4,12.2,12.25,809100,7.736329
2006-06-20,12.26,12.32,12.19,12.22,953900,7.717383
2006-06-21,12.2,12.29,12.2,12.21,860400,7.711068
2006-06-22,12.2,12.25,12.08,12.2,912800,7.704752
2006-06-23,12.16,12.33,12.13,12.2,687600,7.704752
2006-06-26,12.2,12.26,12.16,12.26,987000,7.742645
2006-06-27,12.23,12.43,12.15,12.42,2656100,7.843691
2006-06-28,12.41,12.51,12.35,12.49,4555900,7.887898
2006-06-29,12.52,12.54,12.35,12.48,2717300,7.881582
2006-06-30,12.48,12.54,12.41,12.5,1103700,7.894213
2006-07-03,12.54,12.6,12.48,12.55,523500,7.92579
2006-07-05,12.54,12.75,12.53,12.73,2245900,8.039467
2006-07-06,12.74,12.75,12.61,12.7,1994000,8.020521
2006-07-07,12.7,12.8,12.6,12.72,1078600,8.033152
2006-07-10,12.76,12.95,12.69,12.85,1626300,8.115252
2006-07-11,12.85,12.92,12.8,12.9,2323800,8.146828
2006-07-12,12.9,12.9,12.72,12.77,743100,8.064729
2006-07-13,12.75,12.8,12.56,12.6,1456500,7.957367
2006-07-14,12.85,12.86,12.71,12.74,1517500,8.045782
2006-07-17,12.76,12.87,12.75,12.85,1129700,8.115252
2006-07-18,12.84,12.98,12.8,12.97,1985000,8.191036
2006-07-19,12.98,13.1,12.98,13.05,2349600,8.241559
2006-07-20,13.0,13.21,12.98,13.2,1313500,8.336289
2006-07-21,13.29,13.36,13.16,13.36,2233800,8.437335
2006-07-24,13.4,13.51,13.36,13.49,2301400,8.519435
2006-07-25,13.48,13.49,13.36,13.48,2019400,8.51312
2006-07-26,13.44,13.5,13.41,13.48,3372200,8.51312
2006-07-27,13.49,13.74,13.47,13.6,2199900,8.588905
2006-07-28,13.7,13.71,13.58,13.64,817000,8.614166
2006-07-31,13.64,13.78,13.63,13.74,1989800,8.677319
2006-08-01,13.74,13.77,13.7,13.73,2151800,8.671004
2006-08-02,13.56,13.69,13.42,13.56,6423400,8.563643
2006-08-03,13.6,13.7,13.58,13.64,3014400,8.614166
2006-08-04,13.69,13.85,13.66,13.84,1935300,8.740473
2006-08-07,13.84,13.86,13.7,13.71,1554400,8.658373
2006-08-08,13.75,13.92,13.74,13.83,6393600,8.734158
2006-08-09,13.9,13.92,13.83,13.88,4121200,8.765735
2006-08-10,13.93,13.93,13.77,13.82,1750000,8.727842
2006-08-11,13.78,13.9,13.75,13.87,1249700,8.759419
2006-08-14,13.89,14.06,13.82,13.97,3442200,8.91903
2006-08-15,14.05,14.18,13.99,14.17,2691400,9.046719
2006-08-16,14.22,14.24,14.06,14.06,1463000,8.97649
2006-08-17,14.05,14.06,13.93,14.03,1695600,8.957337
2006-08-18,14.03,14.27,14.0,14.24,1296400,9.091409
2006-08-21,14.23,14.28,14.17,14.2,1429600,9.065872
2006-08-22,14.2,14.24,14.2,14.23,1127200,9.085025
2006-08-23,14.22,14.28,14.22,14.28,1429800,9.116947
2006-08-24,14.33,14.39,14.25,14.35,1139300,9.161638
2006-08-25,14.35,14.47,14.27,14.46,2605800,9.231867
2006-08-28,14.46,14.57,14.41,14.53,2582200,9.276557
2006-08-29,14.53,14.54,14.36,14.48,1342300,9.244635
2006-08-30,14.52,14.52,14.27,14.31,1948500,9.136101
2006-08-31,14.31,14.47,14.31,14.45,2540400,9.225482
2006-09-01,14.45,14.59,14.4,14.55,1713100,9.289327
2006-09-05,14.59,14.59,14.15,14.22,2917400,9.078641
2006-09-06,14.12,14.21,13.91,13.98,5997800,8.925414
2006-09-07,13.93,14.0,13.85,13.92,1646900,8.887108
2006-09-08,13.92,14.11,13.92,14.1,1750500,9.002028
2006-09-11,14.11,14.19,13.93,14.07,2864200,8.982874
2006-09-12,14.1,14.15,13.96,14.13,2926700,9.021181
2006-09-13,14.05,14.11,13.87,14.0,1597600,8.938184
2006-09-14,14.0,14.12,13.91,14.02,1293700,8.950953
2006-09-15,14.12,14.16,14.02,14.14,2513800,9.027566
2006-09-18,14.06,14.1,13.85,13.89,1446200,8.867955
2006-09-19,13.88,13.96,13.8,13.91,1712100,8.880724
2006-09-20,13.9,14.0,13.84,13.9,1069100,8.874339
2006-09-21,13.88,13.94,13.78,13.86,1053200,8.848801
2006-09-22,13.86,13.88,13.79,13.86,853600,8.848801
2006-09-25,14.02,14.29,13.95,14.2,3371100,9.065872
2006-09-26,14.2,14.29,14.13,14.17,1540700,9.046719
2006-09-27,14.18,14.42,14.11,14.36,4270800,9.168022
2006-09-28,14.39,14.49,14.31,14.37,3906000,9.174407
2006-09-29,14.34,14.43,14.31,14.32,1859400,9.142485
2006-10-02,14.31,14.43,14.19,14.22,1367500,9.078641
2006-10-03,14.28,14.43,14.21,14.4,2572800,9.19356
2006-10-04,14.42,14.62,14.29,14.61,2579800,9.327633
2006-10-05,14.56,14.62,14.54,14.62,1075800,9.334017
2006-10-06,14.5,14.57,14.36,14.39,2586400,9.187176
2006-10-09,14.38,14.47,14.36,14.42,805400,9.206329
2006-10-10,14.42,14.52,14.39,14.48,1551300,9.244635
2006-10-11,14.45,14.61,14.45,14.53,1426000,9.276557
2006-10-12,14.55,14.7,14.52,14.67,1718000,9.36594
2006-10-13,14.66,14.73,14.61,14.73,3186600,9.404246
2006-10-16,14.75,14.97,14.74,14.92,2658100,9.52555
2006-10-17,14.93,15.01,14.89,15.0,1592100,9.576625
2006-10-18,15.0,15.13,14.94,15.12,5326300,9.653238
2006-10-19,15.05,15.18,15.03,15.14,1427400,9.666007
2006-10-20,15.22,15.26,15.03,15.26,5177800,9.74262
2006-10-23,15.26,15.3,15.08,15.29,3199000,9.761773
2006-10-24,15.49,15.5,15.39,15.48,2840200,9.883077
2006-10-25,15.53,15.7,15.45,15.52,2682200,9.908615
2006-10-26,15.56,15.59,15.42,15.46,1340000,9.870308
2006-10-27,15.46,15.52,15.4,15.41,2791600,9.838386
2006-10-30,15.42,15.51,15.35,15.43,2077800,9.851155
2006-10-31,15.48,15.56,15.42,15.48,2637300,9.883077
2006-11-01,15.48,15.59,15.41,15.45,2634300,9.863924
2006-11-02,15.45,15.58,15.41,15.47,1789400,9.876693
2006-11-03,15.72,15.72,15.46,15.61,3438000,9.966074
2006-11-06,15.64,15.71,15.59,15.69,2074900,10.01715
2006-11-07,15.73,15.82,15.71,15.79,2335400,10.080994
2006-11-08,15.75,15.98,15.64,15.92,4617900,10.163992
2006-11-09,15.92,16.01,15.81,15.97,1343200,10.195914
2006-11-10,15.97,16.15,15.95,16.08,3707500,10.266142
2006-11-13,16.08,16.24,16.02,16.200001,2532900,10.342756
2006-11-14,16.049999,16.190001,16.0,16.18,2633800,10.426528
2006-11-15,16.200001,16.33,16.120001,16.190001,3408800,10.432972
2006-11-16,16.24,16.33,16.139999,16.17,3438700,10.420084
2006-11-17,16.129999,16.16,15.93,16.0,2393900,10.310534
2006-11-20,15.97,16.059999,15.92,16.0,1411800,10.310534
2006-11-21,16.0,16.08,15.94,16.049999,3602100,10.342754
2006-11-22,16.07,16.129999,15.98,16.040001,754600,10.336311
2006-11-24,15.95,16.1,15.95,16.1,458400,10.374976
2006-11-27,16.049999,16.049999,15.74,15.83,1340000,10.200985
2006-11-28,15.78,16.0,15.7,15.97,2602300,10.291202
2006-11-29,16.049999,16.200001,16.01,16.190001,1490700,10.432972
2006-11-30,16.190001,16.360001,16.1,16.35,2465400,10.536078
2006-12-01,16.32,16.33,16.120001,16.26,1751600,10.478081
2006-12-04,16.309999,16.4,16.25,16.370001,1377100,10.548966
2006-12-05,16.35,16.379999,16.23,16.309999,1938400,10.510301
2006-12-06,16.290001,16.34,16.23,16.26,1254500,10.478081
2006-12-07,16.27,16.360001,16.129999,16.16,1477500,10.41364
2006-12-08,16.309999,16.389999,16.02,16.18,2898100,10.426528
2006-12-11,16.190001,16.309999,16.120001,16.25,1992500,10.471637
2006-12-12,16.190001,16.41,16.15,16.379999,2283400,10.555409
2006-12-13,16.389999,16.450001,16.25,16.379999,1758000,10.555409
2006-12-14,16.469999,16.540001,16.360001,16.540001,1683600,10.658516
2006-12-15,16.540001,16.57,16.43,16.540001,1895600,10.658516
2006-12-18,16.58,16.58,16.35,16.42,1237300,10.581186
2006-12-19,16.34,16.559999,16.290001,16.530001,1614200,10.652071
2006-12-20,16.540001,16.639999,16.51,16.610001,1168600,10.703624
2006-12-21,16.629999,16.690001,16.469999,16.49,1327500,10.626294
2006-12-22,16.469999,16.530001,16.360001,16.49,798600,10.626294
2006-12-26,16.49,16.780001,16.49,16.719999,1017300,10.774508
2006-12-27,16.73,16.870001,16.73,16.799999,1065600,10.826061
2006-12-28,16.799999,16.860001,16.65,16.67,629000,10.742288
2006-12-29,16.65,16.690001,16.540001,16.58,741900,10.684291
2007-01-03,16.629999,17.25,16.620001,17.049999,5540800,10.987163
2007-01-04,17.040001,17.379999,17.0,17.08,3936500,11.006496
2007-01-05,17.129999,17.469999,16.67,16.790001,6084900,10.819618
2007-01-08,16.74,16.91,16.540001,16.629999,3849100,10.716511
2007-01-09,16.65,16.77,16.540001,16.700001,2815400,10.761621
2007-01-10,16.700001,16.889999,16.66,16.790001,1676800,10.819618
2007-01-11,16.82,17.030001,16.700001,16.870001,1644300,10.87117
2007-01-12,16.879999,17.34,16.790001,16.84,1962000,10.851838
2007-01-16,16.889999,16.969999,16.84,16.9,1455100,10.890502
2007-01-17,16.690001,16.75,16.540001,16.709999,2397400,10.768064
2007-01-18,16.719999,16.73,16.5,16.51,2830400,10.639183
2007-01-19,16.48,16.73,16.4,16.719999,2131100,10.774508
2007-01-22,16.75,16.889999,16.639999,16.85,3568000,10.858282
2007-01-23,16.85,17.02,16.780001,17.01,3543700,10.961387
2007-01-24,17.09,17.41,17.02,17.309999,5937100,11.154709
2007-01-25,17.200001,17.42,17.15,17.41,6313000,11.21915
2007-01-26,17.41,17.540001,17.35,17.49,4076700,11.270703
2007-01-29,17.48,17.49,17.219999,17.43,4253300,11.232039
2007-01-30,17.43,17.48,17.24,17.469999,3283400,11.257814
2007-01-31,17.469999,17.469999,17.26,17.26,4676700,11.122489
2007-02-01,17.280001,17.5,17.25,17.5,2748800,11.277147
2007-02-02,17.540001,17.549999,17.440001,17.5,2056500,11.277147
2007-02-05,17.5,17.790001,17.48,17.77,2758700,11.451138
2007-02-06,18.0,18.309999,17.559999,18.0,3146800,11.599351
2007-02-07,18.0,18.0,17.76,17.799999,2582600,11.470469
2007-02-08,17.809999,18.08,17.549999,18.059999,7582600,11.638015
2007-02-09,18.030001,18.1,17.85,17.950001,2630000,11.567131
2007-02-12,17.969999,18.040001,17.9,17.940001,2007600,11.560687
2007-02-13,17.92,18.200001,17.879999,18.190001,1970400,11.721789
2007-02-14,18.1,18.24,18.0,18.17,2244900,11.819362
2007-02-15,18.200001,18.24,18.120001,18.18,1342600,11.825867
2007-02-16,18.120001,18.18,17.860001,18.16,999000,11.812857
2007-02-20,18.110001,18.33,18.059999,18.280001,1468400,11.890916
2007-02-21,18.280001,18.299999,18.09,18.25,1837800,11.871401
2007-02-22,18.26,18.360001,18.18,18.24,1900900,11.864896
2007-02-23,18.290001,18.290001,18.16,18.23,1642300,11.858391
2007-02-26,18.379999,18.950001,18.32,18.370001,3675400,11.94946
2007-02-27,18.379999,18.43,17.639999,17.85,3216800,11.611206
2007-02-28,17.49,18.040001,17.49,17.83,2928100,11.598196
2007-03-01,17.6,17.99,16.52,17.870001,3005200,11.624216
2007-03-02,17.15,17.629999,17.030001,17.5,2843100,11.383535
2007-03-05,17.4,17.4,17.07,17.09,2765300,11.116835
2007-03-06,17.09,17.5,17.049999,17.41,4467000,11.324991
2007-03-07,17.35,17.709999,17.25,17.530001,3368100,11.40305
2007-03-08,17.65,17.709999,17.5,17.540001,2725400,11.409555
2007-03-09,17.57,17.700001,17.43,17.629999,2227400,11.468098
2007-03-12,17.690001,17.74,17.389999,17.620001,3051500,11.461594
2007-03-13,17.57,17.799999,17.4,17.4,2131600,11.318486
2007-03-14,17.450001,17.58,17.0,17.440001,3565400,11.344506
2007-03-15,17.4,17.639999,17.15,17.559999,2488100,11.422564
2007-03-16,17.58,17.65,17.4,17.459999,3396300,11.357515
2007-03-19,17.469999,17.719999,17.459999,17.68,2375500,11.500623
2007-03-20,17.690001,17.85,17.58,17.83,1833200,11.598196
2007-03-21,17.85,18.16,17.74,18.120001,3747300,11.786838
2007-03-22,18.129999,18.17,17.940001,17.98,2645400,11.695769
2007-03-23,18.02,18.209999,17.91,18.200001,2675700,11.838877
2007-03-26,18.059999,18.190001,17.889999,18.18,2406200,11.825867
2007-03-27,18.110001,18.24,17.969999,18.15,1873600,11.806352
2007-03-28,18.15,18.219999,17.93,17.98,2199900,11.695769
2007-03-29,18.02,18.120001,17.959999,18.1,1599800,11.773828
2007-03-30,18.1,18.200001,17.700001,17.940001,2138600,11.66975
2007-04-02,17.93,18.450001,17.870001,18.42,2729300,11.981984
2007-04-03,18.49,18.5,18.33,18.379999,2833300,11.955964
2007-04-04,18.43,18.450001,18.32,18.450001,1457200,12.001499
2007-04-05,18.540001,18.540001,18.42,18.49,2674700,12.027518
2007-04-09,18.5,18.610001,18.469999,18.530001,1409000,12.053538
2007-04-10,18.559999,18.690001,18.459999,18.639999,2746200,12.125091
2007-04-11,18.67,18.73,18.49,18.629999,2827100,12.118586
2007-04-12,18.639999,18.700001,18.370001,18.469999,1598700,12.014508
2007-04-13,18.49,18.559999,18.27,18.27,2298500,11.884411
2007-04-16,18.35,18.59,18.33,18.48,5352700,12.021013
2007-04-17,18.48,18.76,18.360001,18.75,2207100,12.196645
2007-04-18,18.27,19.01,18.27,18.93,2516800,12.313733
2007-04-19,18.450001,19.4,18.35,18.68,1141100,12.151111
2007-04-20,18.870001,18.950001,18.73,18.860001,3695700,12.268199
2007-04-23,18.83,19.16,18.799999,18.889999,2033600,12.287713
2007-04-24,18.91,18.99,18.76,18.93,1999200,12.313733
2007-04-25,19.0,19.299999,19.0,19.15,1768900,12.45684
2007-04-26,19.139999,19.209999,18.870001,18.940001,1357900,12.320238
2007-04-27,18.940001,19.110001,18.83,19.059999,1643900,12.398296
2007-04-30,19.110001,19.139999,18.780001,18.83,2907000,12.248684
2007-05-01,18.889999,19.379999,18.77,19.34,5412600,12.580433
2007-05-02,19.34,19.42,19.18,19.360001,1847200,12.593443
2007-05-03,19.059999,19.709999,19.059999,19.610001,2767200,12.756065
2007-05-04,19.940001,19.950001,19.459999,19.57,2287100,12.730045
2007-05-07,19.6,19.73,19.4,19.530001,2397000,12.704026
2007-05-08,19.700001,20.0,19.5,19.870001,3664600,12.925192
2007-05-09,19.91,20.200001,19.73,20.02,2327000,13.022764
2007-05-10,19.969999,20.0,19.68,19.75,1844200,12.847132
2007-05-11,19.75,19.92,19.65,19.870001,1462700,12.925192
2007-05-14,19.68,19.799999,19.530001,19.639999,1437200,12.885825
2007-05-15,19.68,19.84,19.549999,19.610001,2109100,12.866143
2007-05-16,19.620001,19.75,19.459999,19.51,1794000,12.800533
2007-05-17,19.59,19.6,19.469999,19.530001,1424900,12.813655
2007-05-18,19.57,19.620001,19.48,19.559999,1258400,12.833337
2007-05-21,19.25,19.690001,19.08,19.559999,1543900,12.833337
2007-05-22,19.6,19.75,19.469999,19.48,1530100,12.780849
2007-05-23,19.540001,19.639999,19.17,19.24,1592800,12.623385
2007-05-24,19.25,19.34,18.719999,18.76,3160000,12.308457
2007-05-25,18.73,18.91,18.49,18.709999,2514000,12.275651
2007-05-29,18.799999,19.09,18.799999,18.98,2314100,12.452799
2007-05-30,19.110001,19.110001,18.799999,19.07,2001200,12.511848
2007-05-31,19.15,19.15,18.889999,18.93,2648700,12.419994
2007-06-01,18.98,19.030001,18.66,18.709999,2883800,12.275651
2007-06-04,18.709999,18.76,18.5,18.67,2173900,12.249408
2007-06-05,18.33,18.700001,18.290001,18.32,1764000,12.019772
2007-06-06,18.280001,18.280001,17.92,17.969999,2014600,11.790136
2007-06-07,17.950001,17.950001,17.209999,17.43,4482100,11.435843
2007-06-08,17.43,17.629999,17.280001,17.559999,2266200,11.521135
2007-06-11,17.57,17.969999,17.540001,17.790001,2230200,11.672039
2007-06-12,17.639999,17.719999,17.450001,17.5,3233500,11.481769
2007-06-13,17.549999,17.9,17.530001,17.889999,3651600,11.737648
2007-06-14,17.9,18.030001,17.799999,17.940001,2552200,11.770454
2007-06-15,18.049999,18.209999,17.969999,18.059999,1932600,11.849186
2007-06-18,18.09,18.1,17.83,17.85,1692100,11.711405
2007-06-19,17.870001,17.959999,17.709999,17.91,1645800,11.750771
2007-06-20,18.02,18.09,17.290001,17.309999,2605200,11.35711
2007-06-21,17.32,17.48,17.030001,17.309999,2730100,11.35711
2007-06-22,17.299999,17.35,16.879999,16.9,5540600,11.088108
2007-06-25,16.92,17.18,16.84,16.92,3010400,11.101231
2007-06-26,17.1,17.34,16.879999,16.92,3519500,11.101231
2007-06-27,16.76,17.32,16.74,17.280001,3535400,11.337428
2007-06-28,17.280001,17.610001,17.1,17.309999,4205400,11.35711
2007-06-29,17.42,17.58,17.26,17.4,2831100,11.416159
2007-07-02,17.530001,17.74,17.360001,17.610001,2952400,11.553941
2007-07-03,17.9,17.950001,17.540001,17.709999,1332100,11.61955
2007-07-05,17.49,17.85,17.4,17.66,2341700,11.586745
2007-07-06,17.75,17.82,17.48,17.780001,3135400,11.665478
2007-07-09,17.82,17.889999,17.6,17.639999,3057200,11.573623
2007-07-10,17.549999,17.68,17.33,17.35,2677800,11.383354
2007-07-11,17.34,17.48,17.23,17.309999,2485300,11.35711
2007-07-12,17.35,17.530001,17.309999,17.51,2690500,11.488331
2007-07-13,17.52,17.889999,17.450001,17.879999,1877900,11.731087
2007-07-16,17.879999,17.93,17.379999,17.459999,2414100,11.455525
2007-07-17,17.370001,17.4,17.0,17.110001,2557200,11.22589
2007-07-18,17.08,17.24,16.969999,17.110001,3007800,11.22589
2007-07-19,17.24,17.57,17.209999,17.559999,2402600,11.521135
2007-07-20,17.540001,17.6,17.190001,17.23,2489800,11.304622
2007-07-23,17.34,17.469999,17.09,17.18,2538700,11.271817
2007-07-24,17.27,17.530001,16.969999,16.98,3633900,11.140597
2007-07-25,17.139999,17.15,16.780001,17.040001,3070200,11.179963
2007-07-26,16.92,17.049999,16.41,16.77,7327600,11.002816
2007-07-27,16.709999,16.85,16.459999,16.459999,3978500,10.799424
2007-07-30,16.43,16.77,16.26,16.639999,2885300,10.917522
2007-07-31,16.77,16.92,16.459999,16.48,2469300,10.812546
2007-08-01,16.85,17.76,16.620001,17.07,2751400,11.199646
2007-08-02,16.299999,17.120001,16.0,16.799999,3413400,11.022498
2007-08-03,16.32,16.940001,16.01,16.01,3434800,10.504179
2007-08-06,16.1,16.459999,15.55,16.440001,3618200,10.786303
2007-08-07,16.299999,16.9,16.09,16.780001,4434500,11.009377
2007-08-08,16.76,16.940001,16.32,16.58,3503600,10.878156
2007-08-09,16.58,16.58,16.01,16.16,4882300,10.602594
2007-08-10,16.07,16.450001,15.85,16.17,3420900,10.609155
2007-08-13,16.23,16.450001,16.07,16.120001,2838600,10.57635
2007-08-14,16.0,16.129999,15.56,15.56,2428800,10.317743
2007-08-15,15.56,15.72,15.13,15.15,3040100,10.045874
2007-08-16,15.07,15.53,14.7,15.48,3732000,10.264695
2007-08-17,16.040001,16.4,14.92,15.97,3960500,10.589611
2007-08-20,16.49,16.85,16.459999,16.700001,2887900,11.07367
2007-08-21,16.68,16.99,16.530001,16.799999,2418800,11.139978
2007-08-22,16.950001,16.99,16.57,16.889999,2464600,11.199657
2007-08-23,17.15,17.299999,16.889999,17.09,2466500,11.332276
2007-08-24,17.030001,17.15,16.690001,17.040001,2342000,11.299122
2007-08-27,16.9,16.959999,16.41,16.43,4425400,10.894634
2007-08-28,16.360001,16.540001,16.120001,16.190001,2061800,10.735492
2007-08-29,16.16,16.49,16.120001,16.49,1695200,10.93442
2007-08-30,16.389999,16.540001,16.16,16.200001,2504700,10.742123
2007-08-31,16.35,16.360001,16.040001,16.219999,3223800,10.755384
2007-09-04,16.17,16.450001,16.120001,16.33,2239500,10.828325
2007-09-05,16.309999,16.309999,16.059999,16.209999,2060000,10.748753
2007-09-06,16.219999,16.4,16.09,16.360001,1499600,10.848218
2007-09-07,16.17,16.27,15.93,16.0,2155800,10.609504
2007-09-10,16.139999,16.200001,15.89,15.98,2316900,10.596242
2007-09-11,16.15,16.23,16.040001,16.200001,1388600,10.742123
2007-09-12,16.200001,16.42,16.1,16.219999,1820600,10.755384
2007-09-13,16.280001,16.290001,16.01,16.07,1203300,10.65592
2007-09-14,16.0,16.209999,15.99,16.139999,2142000,10.702336
2007-09-17,16.07,16.16,15.83,16.059999,1840000,10.649289
2007-09-18,16.18,16.35,15.87,16.27,3273600,10.788539
2007-09-19,16.32,16.639999,16.32,16.59,1873200,11.000729
2007-09-20,16.540001,16.700001,16.27,16.32,1689200,10.821694
2007-09-21,16.52,16.620001,16.32,16.57,2284100,10.987467
2007-09-24,16.57,16.709999,16.360001,16.450001,2898700,10.907897
2007-09-25,16.34,16.51,16.290001,16.360001,2349100,10.848218
2007-09-26,16.5,16.6,16.35,16.459999,2018200,10.914526
2007-09-27,16.41,16.51,16.25,16.32,1248200,10.821694
2007-09-28,16.16,16.35,15.98,16.030001,2337800,10.629397
2007-10-01,16.34,16.43,16.16,16.4,2471600,10.874741
2007-10-02,16.35,16.559999,16.35,16.469999,1646100,10.921157
2007-10-03,16.469999,16.48,16.290001,16.469999,1888900,10.921157
2007-10-04,16.5,16.58,16.309999,16.469999,1427600,10.921157
2007-10-05,16.59,16.91,16.530001,16.870001,3023700,11.186396
2007-10-08,17.24,17.469999,16.950001,17.0,3247900,11.272598
2007-10-09,17.07,17.190001,16.9,17.17,2191400,11.385324
2007-10-10,17.17,17.190001,16.860001,16.940001,1391100,11.232812
2007-10-11,17.07,17.120001,16.540001,16.790001,5233000,11.133349
2007-10-12,16.84,17.07,16.809999,16.92,2135200,11.21955
2007-10-15,17.030001,17.030001,16.57,16.65,2771200,11.040515
2007-10-16,16.620001,16.709999,16.34,16.440001,2383800,10.901265
2007-10-17,16.450001,16.610001,16.219999,16.379999,1665900,10.861479
2007-10-18,16.309999,16.51,16.290001,16.360001,1794200,10.848218
2007-10-19,16.370001,16.370001,15.9,15.97,2707200,10.589611
2007-10-22,15.95,16.18,15.85,16.16,1933900,10.715599
2007-10-23,16.17,16.290001,15.85,16.049999,2565000,10.642658
2007-10-24,16.059999,16.219999,15.78,16.040001,2422100,10.636028
2007-10-25,16.059999,16.32,15.96,16.26,1654200,10.781908
2007-10-26,16.57,16.610001,16.24,16.43,1457400,10.894634
2007-10-29,16.51,16.59,16.379999,16.440001,1316200,10.901265
2007-10-30,16.459999,16.700001,16.27,16.57,2185600,10.987467
2007-10-31,16.65,16.780001,16.51,16.76,2767400,11.113455
2007-11-01,16.719999,16.92,16.42,16.67,3065100,11.053777
2007-11-02,17.07,17.129999,16.57,17.110001,6933100,11.345538
2007-11-05,17.299999,17.709999,17.1,17.639999,5273700,11.696977
2007-11-06,17.459999,18.23,17.459999,18.209999,4957300,12.074941
2007-11-07,18.26,18.26,17.92,18.059999,4251100,11.975477
2007-11-08,18.15,18.549999,18.0,18.51,5106100,12.27387
2007-11-09,18.25,18.629999,18.219999,18.219999,5105300,12.081572
2007-11-12,18.1,18.42,17.67,17.67,4361700,11.716871
2007-11-13,17.780001,17.950001,17.42,17.92,3951000,11.882644
2007-11-14,17.99,18.049999,17.82,17.83,4903800,11.9362
2007-11-15,17.719999,17.9,17.65,17.84,3395200,11.942894
2007-11-16,17.959999,17.959999,17.5,17.66,3687300,11.822394
2007-11-19,17.58,17.780001,17.469999,17.57,2852500,11.762144
2007-11-20,17.620001,17.809999,17.5,17.780001,1964400,11.902728
2007-11-21,17.65,17.870001,17.450001,17.459999,2416900,11.688505
2007-11-23,17.66,17.66,17.33,17.49,975300,11.708588
2007-11-26,17.5,17.700001,17.4,17.440001,2682000,11.675117
2007-11-27,17.5,17.57,17.15,17.4,2687800,11.648338
2007-11-28,17.5,17.629999,17.33,17.629999,1690000,11.80231
2007-11-29,17.549999,17.65,17.379999,17.6,2498000,11.782228
2007-11-30,17.780001,17.85,17.57,17.85,2750200,11.949589
2007-12-03,17.709999,17.99,17.709999,17.940001,1797800,12.009839
2007-12-04,17.799999,18.07,17.799999,18.07,1877200,12.096866
2007-12-05,18.0,18.299999,18.0,18.27,2079800,12.230756
2007-12-06,18.190001,18.24,17.85,18.08,2657700,12.103561
2007-12-07,18.040001,18.16,17.879999,18.16,2298600,12.157116
2007-12-10,18.16,18.290001,18.139999,18.25,1306000,12.217367
2007-12-11,18.24,18.35,17.879999,18.02,2525700,12.063395
2007-12-12,18.450001,18.450001,17.82,18.0,3244100,12.050005
2007-12-13,17.879999,18.4,17.860001,18.370001,3581800,12.2977
2007-12-14,18.24,18.35,18.15,18.33,3230500,12.270922
2007-12-17,18.280001,18.309999,17.91,18.16,1969400,12.157116
2007-12-18,18.25,18.379999,18.030001,18.200001,2889400,12.183895
2007-12-19,18.309999,18.309999,17.92,18.1,2944300,12.11695
2007-12-20,18.110001,18.200001,16.75,17.34,7280000,11.608172
2007-12-21,17.51,17.85,17.09,17.379999,4268100,11.634949
2007-12-24,17.530001,17.700001,17.32,17.65,1399000,11.815699
2007-12-26,17.549999,17.629999,17.440001,17.6,1006700,11.782228
2007-12-27,17.610001,17.65,17.41,17.52,1554800,11.728672
2007-12-28,17.540001,17.59,17.389999,17.469999,960000,11.695199
2007-12-31,17.450001,17.450001,17.09,17.129999,1338700,11.467588
2008-01-02,17.1,17.35,16.799999,16.870001,2176200,11.293533
2008-01-03,16.889999,17.0,16.620001,16.68,2657800,11.166338
2008-01-04,16.67,16.690001,16.459999,16.52,3254100,11.059227
2008-01-07,16.59,16.719999,16.4,16.620001,2884600,11.126172
2008-01-08,16.639999,17.01,16.6,16.73,2562600,11.19981
2008-01-09,16.780001,16.98,16.690001,16.98,2465800,11.367171
2008-01-10,16.93,17.08,16.76,16.969999,2556400,11.360477
2008-01-11,16.790001,17.08,16.76,16.82,1488800,11.26006
2008-01-14,16.98,16.98,16.719999,16.75,1912500,11.213199
2008-01-15,16.58,16.790001,16.43,16.43,2442900,10.998977
2008-01-16,16.43,16.700001,16.360001,16.549999,2940900,11.07931
2008-01-17,16.42,16.5,15.98,16.01,3440000,10.71781
2008-01-18,16.01,16.27,15.73,15.88,3477600,10.630783
2008-01-22,14.9,15.71,14.57,15.46,4071200,10.349616
2008-01-23,14.95,15.86,14.93,15.83,3799100,10.59731
2008-01-24,15.88,15.95,15.33,15.41,2512200,10.316143
2008-01-25,15.58,15.62,15.2,15.33,3922100,10.262588
2008-01-28,15.37,15.94,15.36,15.8,3134200,10.577227
2008-01-29,15.92,15.94,15.61,15.75,2409100,10.543755
2008-01-30,15.76,16.1,15.68,15.77,2440600,10.557144
2008-01-31,15.6,16.120001,15.52,15.99,2443900,10.704421
2008-02-01,15.95,16.15,15.89,16.15,2857100,10.811532
2008-02-04,16.139999,16.469999,16.059999,16.34,2167000,10.938727
2008-02-05,16.15,16.25,15.78,15.89,1986100,10.637477
2008-02-06,15.99,16.07,15.77,15.85,1263500,10.610699
2008-02-07,15.73,15.87,15.57,15.76,1833700,10.550449
2008-02-08,15.62,15.76,15.51,15.58,1580900,10.429949
2008-02-11,15.61,15.61,15.34,15.47,1605400,10.35631
2008-02-12,15.58,15.74,15.46,15.68,1827600,10.496894
2008-02-13,15.76,15.76,15.41,15.49,1585000,10.492152
2008-02-14,15.5,15.69,15.23,15.28,1736600,10.349908
2008-02-15,15.25,15.33,15.13,15.3,1796300,10.363456
2008-02-19,15.46,15.56,15.36,15.45,2119800,10.465058
2008-02-20,15.42,15.53,15.27,15.53,2236000,10.519246
2008-02-21,15.61,15.61,15.12,15.18,2042500,10.282174
2008-02-22,15.17,15.35,15.05,15.34,1687500,10.39055
2008-02-25,15.38,15.45,15.2,15.39,1922200,10.424417
2008-02-26,15.4,15.46,15.21,15.33,2853900,10.383776
2008-02-27,15.32,15.36,15.08,15.24,2836800,10.322815
2008-02-28,15.3,15.49,15.13,15.27,2560800,10.343135
2008-02-29,15.26,15.26,14.59,14.68,3574800,9.943499
2008-03-03,14.62,14.85,14.27,14.51,4965300,9.828349
2008-03-04,14.36,14.68,14.36,14.58,5172100,9.875764
2008-03-05,14.64,14.71,14.3,14.5,2475600,9.821576
2008-03-06,14.4,14.6,14.08,14.26,3856800,9.659012
2008-03-07,14.25,14.28,14.05,14.2,4413700,9.61837
2008-03-10,14.24,14.33,14.1,14.28,4173900,9.672558
2008-03-11,14.59,14.59,14.35,14.56,3180900,9.862217
2008-03-12,14.55,14.62,14.19,14.2,4607300,9.61837
2008-03-13,14.06,14.11,13.89,14.0,7071700,9.482901
2008-03-14,14.07,14.07,13.7,13.91,11047400,9.421939
2008-03-17,13.89,13.92,13.51,13.84,5050700,9.374525
2008-03-18,14.0,14.19,13.88,14.17,2988700,9.59805
2008-03-19,14.3,14.4,13.95,13.96,4683500,9.455807
2008-03-20,14.05,14.25,13.89,14.16,5619100,9.591277
2008-03-24,14.2,14.23,13.88,13.91,6169600,9.421939
2008-03-25,13.86,14.34,13.86,14.24,5104000,9.645464
2008-03-26,14.19,14.44,14.13,14.22,3167400,9.631918
2008-03-27,14.22,14.46,14.16,14.19,3689900,9.611597
2008-03-28,14.31,14.34,14.02,14.05,2789100,9.516768
2008-03-31,14.02,14.29,13.91,14.27,2487900,9.665785
2008-04-01,14.2,14.68,14.2,14.66,3012700,9.929952
2008-04-02,14.75,15.07,14.71,15.04,2874800,10.187345
2008-04-03,14.91,14.99,14.73,14.82,3773500,10.038327
2008-04-04,14.82,15.2,14.81,14.94,2804600,10.119609
2008-04-07,15.07,15.26,14.87,15.14,2560100,10.25508
2008-04-08,15.06,15.26,15.03,15.15,1708800,10.261853
2008-04-09,15.12,15.31,15.1,15.15,1951400,10.261853
2008-04-10,15.13,15.22,14.99,15.03,2702800,10.180571
2008-04-11,14.96,15.27,14.92,15.09,2523700,10.221212
2008-04-14,15.12,15.23,15.05,15.14,1966300,10.25508
2008-04-15,15.26,15.35,15.17,15.26,2893200,10.336362
2008-04-16,15.28,15.5,15.23,15.45,3027500,10.465058
2008-04-17,15.44,15.58,15.4,15.47,2222700,10.478605
2008-04-18,15.73,15.78,15.62,15.69,2627100,10.627622
2008-04-21,15.7,15.71,15.36,15.49,2033200,10.492152
2008-04-22,15.45,15.5,15.31,15.41,1877400,10.437964
2008-04-23,15.5,15.53,15.33,15.47,2685900,10.478605
2008-04-24,15.46,15.63,15.32,15.44,2109000,10.458284
2008-04-25,15.54,15.66,15.47,15.57,1819300,10.54634
2008-04-28,15.57,16.049999,15.49,15.69,2227800,10.627622
2008-04-29,15.73,15.79,15.59,15.62,2015400,10.580208
2008-04-30,15.67,15.67,15.12,15.22,3661800,10.309268
2008-05-01,15.88,15.88,15.31,15.55,3852600,10.532793
2008-05-02,15.7,15.84,15.58,15.72,2700700,10.647943
2008-05-05,15.63,15.7,15.43,15.54,1884700,10.52602
2008-05-06,15.59,15.59,15.26,15.44,2130300,10.458284
2008-05-07,15.42,15.5,15.13,15.16,2493800,10.268627
2008-05-08,15.23,15.46,15.16,15.39,2192200,10.424417
2008-05-09,15.35,15.35,15.16,15.23,1690100,10.316041
2008-05-12,15.35,15.53,15.17,15.5,1978900,10.498926
2008-05-13,15.44,15.68,15.35,15.63,2929600,10.586981
2008-05-14,15.61,15.88,15.3,15.78,5423100,10.815211
2008-05-15,15.82,15.82,15.6,15.71,1906700,10.767235
2008-05-16,15.68,15.95,15.61,15.85,2253100,10.863188
2008-05-19,15.89,15.95,15.81,15.87,2072200,10.876895
2008-05-20,15.82,16.129999,15.78,16.030001,4143300,10.986556
2008-05-21,16.08,16.08,15.86,15.98,4893800,10.952286
2008-05-22,16.030001,16.360001,15.91,16.309999,4329100,11.17846
2008-05-23,16.26,16.33,15.99,16.33,5469800,11.192167
2008-05-27,16.24,16.74,16.24,16.719999,4879900,11.459463
2008-05-28,16.75,16.879999,16.57,16.879999,6013800,11.569123
2008-05-29,16.809999,17.25,16.73,17.16,7150000,11.761028
2008-05-30,17.25,17.25,16.790001,16.940001,6958500,11.610246
2008-06-02,16.84,17.0,16.65,16.870001,5397500,11.56227
2008-06-03,16.959999,16.959999,16.459999,16.700001,5314000,11.445757
2008-06-04,16.620001,17.25,16.620001,16.969999,4299100,11.630807
2008-06-05,17.0,17.26,16.879999,17.1,3509500,11.719906
2008-06-06,16.99,17.09,16.610001,16.639999,2964700,11.404633
2008-06-09,16.68,16.950001,16.66,16.91,2110100,11.589685
2008-06-10,16.9,16.91,16.65,16.83,2515600,11.534855
2008-06-11,16.809999,16.870001,16.530001,16.530001,3771700,11.329243
2008-06-12,16.58,16.58,16.370001,16.450001,2999600,11.274413
2008-06-13,16.52,16.719999,16.370001,16.559999,1950400,11.349803
2008-06-16,16.559999,16.6,16.219999,16.559999,2160900,11.349803
2008-06-17,16.66,16.66,16.450001,16.52,2033500,11.322389
2008-06-18,16.48,16.6,16.299999,16.49,3224200,11.301827
2008-06-19,16.5,16.559999,16.4,16.52,2795400,11.322389
2008-06-20,16.4,16.59,16.139999,16.15,3441800,11.0688
2008-06-23,16.25,16.440001,16.17,16.209999,2787200,11.109922
2008-06-24,16.18,16.23,15.96,16.030001,3093200,10.986556
2008-06-25,16.139999,16.26,15.97,16.209999,2551500,11.109922
2008-06-26,16.0,16.129999,15.81,15.89,2983700,10.890603
2008-06-27,15.88,16.1,15.5,15.54,4064700,10.650722
2008-06-30,15.53,16.18,15.45,16.049999,5070700,11.000262
2008-07-01,15.8,16.17,15.74,16.030001,5542900,10.986556
2008-07-02,16.15,16.27,16.0,16.01,2699700,10.972848
2008-07-03,16.129999,16.219999,15.84,15.9,1365300,10.897456
2008-07-07,15.87,16.030001,15.62,15.81,3210000,10.835773
2008-07-08,15.72,15.98,15.54,15.83,3862000,10.84948
2008-07-09,15.81,16.129999,15.7,16.0,2887800,10.965994
2008-07-10,16.030001,16.18,15.95,16.08,3317700,11.020824
2008-07-11,15.87,16.190001,15.79,15.94,3019500,10.924871
2008-07-14,15.97,16.139999,15.7,15.71,2318800,10.767235
2008-07-15,15.62,15.73,15.41,15.56,2802300,10.664429
2008-07-16,15.55,15.68,15.31,15.42,2837100,10.568477
2008-07-17,15.47,15.49,15.21,15.37,2586100,10.534208
2008-07-18,15.35,15.62,15.09,15.34,3176900,10.513647
2008-07-21,15.35,15.63,15.27,15.63,2324000,10.712405
2008-07-22,15.61,15.75,15.48,15.65,1981500,10.726113
2008-07-23,15.64,15.7,15.32,15.43,1708800,10.575331
2008-07-24,15.54,15.54,15.2,15.26,2207700,10.458817
2008-07-25,15.71,15.71,15.1,15.19,1698400,10.41084
2008-07-28,15.18,15.29,15.04,15.15,1439900,10.383425
2008-07-29,15.09,15.26,15.05,15.16,2506300,10.390279
2008-07-30,15.22,15.64,15.14,15.6,1831000,10.691844
2008-07-31,15.62,15.78,15.47,15.77,1970700,10.808358
2008-08-01,15.79,15.79,15.32,15.32,1997600,10.499939
2008-08-04,15.39,15.41,15.17,15.21,1703500,10.424548
2008-08-05,15.21,15.59,15.14,15.51,3494000,10.63016
2008-08-06,15.99,16.639999,15.78,16.030001,4962300,10.986556
2008-08-07,16.049999,16.219999,15.79,15.83,2885800,10.84948
2008-08-08,15.95,16.280001,15.78,16.25,2801900,11.137338
2008-08-11,16.190001,16.59,16.059999,16.59,1624300,11.370365
2008-08-12,16.469999,16.530001,16.01,16.15,2400500,11.0688
2008-08-13,16.030001,16.09,15.91,15.97,2128600,11.07088
2008-08-14,15.81,15.95,15.67,15.94,2218300,11.050083
2008-08-15,15.98,16.15,15.8,15.84,3663200,10.98076
2008-08-18,15.9,15.98,15.59,15.72,2276300,10.897573
2008-08-19,15.7,15.91,15.57,15.89,1923500,11.015422
2008-08-20,15.9,15.97,15.77,15.86,2306900,10.994624
2008-08-21,15.77,16.040001,15.75,16.0,2219100,11.091677
2008-08-22,16.059999,16.129999,15.95,16.08,1636100,11.147135
2008-08-25,16.049999,16.110001,15.96,15.99,3018900,11.084744
2008-08-26,15.96,16.190001,15.94,16.15,2262300,11.195661
2008-08-27,16.09,16.139999,15.8,15.84,3270200,10.98076
2008-08-28,15.9,16.139999,15.8,16.139999,2371200,11.188728
2008-08-29,16.049999,16.1,15.85,15.88,1521000,11.008489
2008-09-02,15.95,16.120001,15.64,15.69,3289700,10.876775
2008-09-03,15.68,15.76,15.52,15.68,2786600,10.869843
2008-09-04,15.62,15.75,15.57,15.69,3118500,10.876775
2008-09-05,15.67,15.75,15.41,15.75,3183300,10.918369
2008-09-08,15.84,16.08,15.8,16.030001,2837700,11.112474
2008-09-09,16.01,16.15,15.27,15.3,4426900,10.606416
2008-09-10,15.37,15.7,15.27,15.63,3004100,10.835182
2008-09-11,15.57,15.57,15.02,15.29,3713700,10.599484
2008-09-12,15.23,15.56,15.2,15.45,3433800,10.7104
2008-09-15,15.13,15.41,14.96,14.97,3402100,10.37765
2008-09-16,14.67,14.93,14.13,14.87,4746100,10.308327
2008-09-17,14.66,14.82,14.09,14.13,4601400,9.795337
2008-09-18,14.25,14.6,13.83,13.98,6019300,9.691352
2008-09-19,14.44,15.2,13.72,14.83,6250400,10.280598
2008-09-22,14.87,14.96,14.62,14.67,2352600,10.169681
2008-09-23,14.73,14.84,14.16,14.24,3515500,9.871592
2008-09-24,14.31,14.6,14.0,14.53,3149700,10.072629
2008-09-25,14.61,14.93,14.46,14.83,3160500,10.280598
2008-09-26,14.83,14.92,14.53,14.81,2699500,10.266734
2008-09-29,14.66,14.75,14.12,14.22,4105000,9.857728
2008-09-30,14.49,14.57,14.22,14.57,3661400,10.100358
2008-10-01,14.45,14.51,14.12,14.4,3930700,9.982509
2008-10-02,14.27,14.4,13.8,13.99,3676300,9.698285
2008-10-03,14.15,14.29,13.5,13.6,3329100,9.427925
2008-10-06,13.34,13.82,12.14,12.73,5497100,8.824815
2008-10-07,12.84,13.01,11.68,11.73,7613500,8.131585
2008-10-08,11.54,11.83,11.22,11.41,8154600,7.909752
2008-10-09,11.37,11.44,10.13,10.13,7619600,7.022418
2008-10-10,8.48,10.03,8.48,9.08,10917900,6.294526
2008-10-13,9.5,10.29,9.25,10.29,5577800,7.133335
2008-10-14,10.61,10.86,10.14,10.8,7245800,7.486882
2008-10-15,10.65,10.97,9.5,9.54,6024800,6.613412
2008-10-16,9.57,10.33,9.23,10.27,8193400,7.11947
2008-10-17,10.08,10.94,9.71,10.2,6522600,7.070944
2008-10-20,10.41,11.11,10.06,11.11,5110500,7.701783
2008-10-21,11.05,11.38,10.64,11.06,4796000,7.667122
2008-10-22,10.79,10.93,10.05,10.44,5100600,7.237319
2008-10-23,10.5,10.96,10.05,10.78,6654100,7.473017
2008-10-24,10.09,10.72,9.76,10.51,6152700,7.285845
2008-10-27,10.36,10.69,10.02,10.13,4955100,7.022418
2008-10-28,10.39,11.4,10.04,11.4,4912600,7.902819
2008-10-29,11.34,11.68,11.08,11.17,5533400,7.743377
2008-10-30,11.5,11.74,11.09,11.7,4358400,8.110788
2008-10-31,11.61,11.91,11.34,11.52,5116300,7.986008
2008-11-03,11.75,11.99,11.38,11.79,3817900,8.173179
2008-11-04,11.99,12.13,11.47,11.67,4097600,8.089992
2008-11-05,12.48,12.61,11.82,12.12,5171200,8.401945
2008-11-06,12.11,12.22,11.31,11.45,4295000,7.937481
2008-11-07,11.63,12.18,11.46,12.16,3858100,8.429674
2008-11-10,12.39,12.4,11.52,11.81,2954500,8.187044
2008-11-11,11.67,12.34,11.55,12.03,4099400,8.339554
2008-11-12,11.77,11.89,11.34,11.46,3499900,8.06713
2008-11-13,11.57,12.13,10.94,12.13,6075100,8.538769
2008-11-14,11.93,12.48,11.52,11.85,4112200,8.341666
2008-11-17,11.72,12.04,11.46,11.62,4421400,8.17976
2008-11-18,11.58,12.07,11.48,11.98,5772500,8.433178
2008-11-19,11.92,12.33,11.52,11.52,4909200,8.109367
2008-11-20,11.36,11.92,11.05,11.19,7275000,7.877067
2008-11-21,11.3,12.03,10.98,11.99,7718600,8.440217
2008-11-24,12.21,12.6,11.79,12.33,5286000,8.679556
2008-11-25,11.75,12.92,11.75,12.5,5754300,8.799226
2008-11-26,11.53,12.51,11.25,12.47,5029800,8.778108
2008-11-28,12.65,12.95,12.46,12.93,1377800,9.101919
2008-12-01,12.62,12.71,12.1,12.19,5388700,8.581005
2008-12-02,12.25,12.43,11.94,12.37,5048100,8.707714
2008-12-03,12.15,12.94,12.15,12.85,4984300,9.045604
2008-12-04,12.66,13.19,12.23,12.53,8300600,8.820344
2008-12-05,12.39,12.86,11.97,12.8,5089800,9.010407
2008-12-08,13.06,13.26,12.5,12.87,5113400,9.059683
2008-12-09,12.74,13.02,12.51,12.59,3913400,8.86258
2008-12-10,12.78,12.9,12.5,12.71,3834200,8.947053
2008-12-11,12.59,12.96,12.42,12.55,3185000,8.834423
2008-12-12,12.25,12.74,12.13,12.72,4341100,8.954092
2008-12-15,12.75,12.84,12.11,12.33,3181100,8.679556
2008-12-16,12.5,12.75,12.38,12.71,5465900,8.947053
2008-12-17,12.66,12.75,12.45,12.51,4653200,8.806265
2008-12-18,12.58,12.64,12.17,12.27,6054300,8.63732
2008-12-19,12.34,12.72,12.23,12.42,6684300,8.742911
2008-12-22,12.53,12.58,12.1,12.34,2883100,8.686596
2008-12-23,12.43,12.44,11.93,12.03,2724700,8.468375
2008-12-24,12.05,12.08,11.9,12.07,899700,8.496532
2008-12-26,12.12,12.15,11.98,12.1,1051600,8.517651
2008-12-29,12.0,12.12,11.94,12.11,2605500,8.52469
2008-12-30,12.2,12.45,12.2,12.38,2375200,8.714753
2008-12-31,12.37,12.67,12.21,12.62,2909100,8.883698
2009-01-02,12.76,12.93,12.51,12.85,2395400,9.045604
2009-01-05,12.83,13.23,12.64,13.14,3931600,9.249746
2009-01-06,13.2,13.34,12.85,12.91,2969500,9.08784
2009-01-07,12.82,12.91,12.66,12.72,3247900,8.954092
2009-01-08,12.72,13.09,12.6,13.06,3813300,9.193431
2009-01-09,13.07,13.22,12.78,12.85,3958700,9.045604
2009-01-12,12.97,12.97,12.66,12.8,3162800,9.010407
2009-01-13,12.77,12.77,12.52,12.64,3562800,8.897777
2009-01-14,12.5,12.61,12.23,12.43,3842600,8.74995
2009-01-15,12.44,12.55,12.2,12.54,4427600,8.827383
2009-01-16,12.8,12.92,12.59,12.74,4103800,8.968171
2009-01-20,12.78,12.9,12.41,12.43,4498800,8.74995
2009-01-21,12.66,12.66,12.32,12.59,4059600,8.86258
2009-01-22,12.51,12.89,12.29,12.75,4604600,8.97521
2009-01-23,12.51,13.04,12.5,12.98,4929600,9.137116
2009-01-26,13.11,13.6,12.97,13.47,5222800,9.482046
2009-01-27,13.5,13.65,13.33,13.6,3267700,9.573558
2009-01-28,13.8,13.8,13.51,13.72,3264300,9.65803
2009-01-29,13.66,13.92,13.45,13.64,3518800,9.601715
2009-01-30,13.77,13.77,13.28,13.38,3603400,9.418691
2009-02-02,13.25,13.88,13.21,13.83,4979900,9.735463
2009-02-03,13.88,14.1,13.73,14.0,3724800,9.855133
2009-02-04,14.02,14.27,13.82,13.98,4686000,9.841054
2009-02-05,13.91,14.36,13.84,14.3,5221800,10.066314
2009-02-06,13.85,14.44,13.85,14.39,5117400,10.129669
2009-02-09,14.5,14.53,14.03,14.21,2541600,10.00296
2009-02-10,14.06,14.21,13.45,13.52,5199900,9.517243
2009-02-11,13.47,13.52,13.1,13.16,4381900,9.395867
2009-02-12,12.98,13.27,12.86,13.22,4947300,9.438706
2009-02-13,13.1,13.4,13.1,13.13,4029500,9.374448
2009-02-17,12.99,13.02,12.54,12.56,4580600,8.967485
2009-02-18,12.62,12.65,12.19,12.24,7274400,8.739013
2009-02-19,12.32,12.47,12.07,12.19,5901900,8.703314
2009-02-20,12.03,12.15,11.56,11.83,5377100,8.446285
2009-02-23,11.83,12.03,11.59,11.66,6935900,8.32491
2009-02-24,11.77,11.97,11.55,11.88,5491600,8.481984
2009-02-25,11.79,11.79,9.86,10.52,18893700,7.510982
2009-02-26,10.84,11.45,10.52,10.6,7780900,7.5681
2009-02-27,10.55,10.59,10.2,10.32,7741800,7.368187
2009-03-02,10.17,10.28,9.61,9.64,5903300,6.882687
2009-03-03,9.75,10.05,9.12,9.18,5764000,6.55426
2009-03-04,9.37,9.67,9.2,9.52,3475900,6.797011
2009-03-05,9.35,9.46,8.83,8.95,4626300,6.390046
2009-03-06,9.01,9.49,8.66,8.88,4882100,6.340069
2009-03-09,8.78,9.2,8.75,9.06,8693300,6.468584
2009-03-10,9.23,9.43,9.1,9.3,3292200,6.639937
2009-03-11,9.4,9.47,9.11,9.3,6291100,6.639937
2009-03-12,9.31,9.86,9.24,9.74,5535900,6.954084
2009-03-13,9.8,10.24,9.8,10.14,7139600,7.239673
2009-03-16,10.24,10.54,10.1,10.1,6669600,7.211114
2009-03-17,10.18,10.37,9.97,10.21,6015000,7.289651
2009-03-18,10.17,10.55,9.97,10.42,6397300,7.439585
2009-03-19,10.38,10.49,10.29,10.39,3292400,7.418166
2009-03-20,10.55,10.68,10.39,10.47,6034800,7.475284
2009-03-23,10.56,10.79,10.44,10.79,5061100,7.703754
2009-03-24,10.7,10.8,10.41,10.44,3632100,7.453864
2009-03-25,10.53,10.6,10.09,10.29,4348500,7.346769
2009-03-26,10.48,10.48,10.15,10.32,4466500,7.368187
2009-03-27,10.22,10.28,10.13,10.17,2156000,7.261092
2009-03-30,10.0,10.2,9.92,10.11,5689400,7.218253
2009-03-31,10.28,10.65,10.19,10.43,6128000,7.446725
2009-04-01,10.3,10.34,9.93,10.28,3478200,7.339629
2009-04-02,10.34,10.61,10.28,10.46,3123500,7.468144
2009-04-03,10.46,10.59,10.34,10.56,2574500,7.539541
2009-04-06,10.55,10.71,10.4,10.49,2786300,7.489563
2009-04-07,10.4,10.51,10.27,10.3,2315000,7.353908
2009-04-08,10.31,10.39,10.18,10.26,3630300,7.32535
2009-04-09,10.49,10.52,10.16,10.23,3217700,7.30393
2009-04-13,10.21,10.3,10.1,10.18,2367300,7.268232
2009-04-14,10.1,10.24,10.02,10.12,3875600,7.225393
2009-04-15,10.24,10.28,10.08,10.18,2959700,7.268232
2009-04-16,10.28,10.33,10.18,10.28,3430200,7.339629
2009-04-17,10.32,10.57,10.29,10.52,6189900,7.510982
2009-04-20,10.42,10.48,10.32,10.42,3300400,7.439585
2009-04-21,10.45,10.58,10.35,10.44,2783900,7.453864
2009-04-22,10.36,10.5,10.26,10.31,3169200,7.361048
2009-04-23,10.26,10.34,10.11,10.2,4019700,7.282511
2009-04-24,10.28,10.37,10.12,10.31,2913100,7.361048
2009-04-27,10.16,10.73,10.16,10.67,5659800,7.618078
2009-04-28,10.67,10.85,10.52,10.74,3573800,7.668056
2009-04-29,10.5,10.75,10.32,10.7,4772000,7.639497
2009-04-30,10.77,10.8,10.43,10.64,3817700,7.596659
2009-05-01,10.62,11.01,10.59,11.01,4034600,7.860828
2009-05-04,11.4,11.4,10.87,10.97,3415300,7.832269
2009-05-05,10.94,11.02,10.72,10.77,5324300,7.689475
2009-05-06,10.83,11.05,10.72,10.84,3000200,7.739453
2009-05-07,10.98,10.98,10.79,10.85,2412500,7.746593
2009-05-08,10.94,11.17,10.86,10.93,3195900,7.803711
2009-05-11,10.83,10.96,10.77,10.79,2727400,7.703754
2009-05-12,10.79,10.89,10.61,10.68,2878400,7.625218
2009-05-13,10.41,10.65,10.16,10.19,3640300,7.407146
2009-05-14,10.24,10.32,10.12,10.24,2696800,7.443492
2009-05-15,10.19,10.24,10.0,10.05,3263800,7.30538
2009-05-18,10.21,10.37,10.06,10.27,3555200,7.465299
2009-05-19,10.31,10.47,10.21,10.32,3238300,7.501644
2009-05-20,10.39,10.42,9.92,9.96,5845600,7.239959
2009-05-21,9.95,9.98,9.8,9.83,2978600,7.145461
2009-05-22,9.82,9.97,9.78,9.85,2005400,7.16
2009-05-26,9.89,10.07,9.78,10.0,3555600,7.269035
2009-05-27,10.03,10.06,9.76,9.77,2404500,7.101848
2009-05-28,9.87,10.15,9.83,10.1,2854500,7.341726
2009-05-29,10.15,10.18,9.89,10.12,3403600,7.356263
2009-06-01,10.22,10.4,10.14,10.27,4368600,7.465299
2009-06-02,10.24,10.32,10.13,10.24,6337300,7.443492
2009-06-03,10.23,10.26,9.93,10.05,2904900,7.30538
2009-06-04,10.12,10.12,10.0,10.02,2292900,7.283573
2009-06-05,10.14,10.14,9.95,9.99,3615600,7.261766
2009-06-08,10.01,10.26,9.99,10.15,4248500,7.37807
2009-06-09,10.19,10.23,10.0,10.04,4687400,7.298111
2009-06-10,10.13,10.24,10.03,10.18,5853000,7.399878
2009-06-11,10.18,10.67,10.18,10.54,6147100,7.661563
2009-06-12,10.48,10.73,10.42,10.66,3511800,7.748791
2009-06-15,10.55,10.63,10.38,10.46,2500700,7.603411
2009-06-16,10.51,10.59,10.38,10.47,2964000,7.61068
2009-06-17,10.45,10.61,10.41,10.5,4178900,7.632487
2009-06-18,10.52,10.77,10.52,10.73,2276600,7.799674
2009-06-19,10.83,10.95,10.7,10.75,8632000,7.814213
2009-06-22,10.68,11.16,10.68,11.05,7671800,8.032284
2009-06-23,11.06,11.1,10.63,10.69,5234200,7.770598
2009-06-24,10.76,10.86,10.66,10.8,3862100,7.850558
2009-06-25,10.79,11.1,10.7,11.05,3948400,8.032284
2009-06-26,11.05,11.11,10.99,11.06,5386500,8.039553
2009-06-29,11.13,11.24,11.02,11.24,3281500,8.170395
2009-06-30,11.27,11.4,10.96,11.08,4148300,8.054091
2009-07-01,11.02,11.33,10.96,11.2,4057100,8.141319
2009-07-02,11.15,11.18,10.94,10.94,4780300,7.952324
2009-07-06,10.9,11.19,10.9,11.17,3570800,8.119512
2009-07-07,11.08,11.2,10.94,10.94,5634500,7.952324
2009-07-08,11.0,11.07,10.68,10.8,3581900,7.850558
2009-07-09,10.82,10.86,10.65,10.78,1845400,7.83602
2009-07-10,10.71,10.95,10.66,10.92,5953400,7.937786
2009-07-13,10.94,11.12,10.82,11.11,2580500,8.075898
2009-07-14,11.1,11.21,11.02,11.2,3517100,8.141319
2009-07-15,11.28,11.3,11.07,11.29,3562900,8.20674
2009-07-16,11.24,11.28,10.98,11.2,5107400,8.141319
2009-07-17,11.21,11.25,11.0,11.19,3687600,8.13405
2009-07-20,11.27,11.43,11.19,11.43,3668300,8.308507
2009-07-21,11.49,11.57,11.31,11.55,6788200,8.395736
2009-07-22,11.56,11.64,11.46,11.51,2114400,8.366659
2009-07-23,11.49,11.8,11.45,11.73,2840200,8.526578
2009-07-24,11.71,11.88,11.65,11.87,2310300,8.628344
2009-07-27,11.83,12.0,11.79,11.97,1967100,8.701035
2009-07-28,11.92,11.92,11.72,11.84,1565300,8.606538
2009-07-29,11.78,11.87,11.57,11.75,2150300,8.541116
2009-07-30,11.85,12.09,11.8,12.01,3178400,8.730111
2009-07-31,11.97,12.13,11.86,12.05,6549400,8.759187
2009-08-03,12.04,12.2,11.95,12.17,2391000,8.846416
2009-08-04,12.14,12.3,12.01,12.09,5274000,8.788263
2009-08-05,12.07,12.29,11.98,12.07,3036900,8.773725
2009-08-06,12.1,12.21,12.04,12.13,2191400,8.81734
2009-08-07,12.19,12.44,12.17,12.34,2112900,8.969989
2009-08-10,12.32,12.46,12.26,12.44,1861700,9.042679
2009-08-11,12.42,12.62,12.35,12.52,3855300,9.100832
2009-08-12,12.33,12.47,12.25,12.34,3175200,9.108213
2009-08-13,12.41,12.43,12.23,12.4,3522500,9.152499
2009-08-14,12.4,12.5,12.36,12.48,2495600,9.211547
2009-08-17,12.31,12.63,12.27,12.48,3406700,9.211547
2009-08-18,12.48,12.59,12.44,12.54,3756500,9.255834
2009-08-19,12.46,12.65,12.46,12.57,1915500,9.277977
2009-08-20,12.59,12.7,12.49,12.67,2531100,9.351787
2009-08-21,12.68,12.88,12.64,12.8,2783800,9.447741
2009-08-24,12.8,12.88,12.7,12.81,2789700,9.455122
2009-08-25,12.88,12.94,12.76,12.77,1763900,9.425598
2009-08-26,12.78,12.85,12.63,12.83,3322500,9.469884
2009-08-27,12.88,12.89,12.68,12.75,2350600,9.410836
2009-08-28,12.85,12.85,12.39,12.57,4276000,9.277977
2009-08-31,12.57,12.58,12.32,12.4,2666100,9.152499
2009-09-01,12.37,12.5,12.23,12.32,3699900,9.09345
2009-09-02,12.25,12.31,12.14,12.17,2687800,8.982735
2009-09-03,12.19,12.21,11.99,12.12,3318500,8.94583
2009-09-04,12.15,12.18,11.98,12.07,3553700,8.908924
2009-09-08,12.16,12.17,12.02,12.13,2593100,8.953211
2009-09-09,12.16,12.32,12.1,12.21,5575900,9.012259
2009-09-10,11.97,12.37,11.91,12.13,6575900,8.953211
2009-09-11,12.17,12.58,12.12,12.45,27519600,9.189404
2009-09-14,12.66,12.66,12.36,12.53,7256000,9.248452
2009-09-15,12.59,12.72,12.44,12.69,4996000,9.366549
2009-09-16,12.75,12.79,12.52,12.77,4939000,9.425598
2009-09-17,12.75,12.8,12.43,12.49,7754600,9.218928
2009-09-18,12.52,12.59,12.42,12.49,7138900,9.218928
2009-09-21,12.47,12.6,12.35,12.5,2796000,9.22631
2009-09-22,12.5,12.59,12.37,12.48,3570400,9.211547
2009-09-23,12.49,12.57,12.36,12.38,3933000,9.137737
2009-09-24,12.4,12.49,12.23,12.26,2990200,9.049165
2009-09-25,12.24,12.34,12.17,12.25,3014300,9.041783
2009-09-28,12.27,12.52,12.26,12.49,2195600,9.218928
2009-09-29,12.5,12.62,12.45,12.6,3621200,9.30012
2009-09-30,12.59,12.64,12.35,12.43,6102900,9.174642
2009-10-01,12.38,12.49,12.24,12.29,5053300,9.071307
2009-10-02,12.2,12.28,12.1,12.22,3251300,9.01964
2009-10-05,12.27,12.4,12.12,12.36,3090300,9.122975
2009-10-06,12.34,12.46,12.26,12.38,3926600,9.137737
2009-10-07,12.39,12.47,12.31,12.35,2938100,9.115594
2009-10-08,12.36,12.59,12.35,12.53,3701000,9.248452
2009-10-09,12.54,12.69,12.5,12.67,2575400,9.351787
2009-10-12,12.6,12.81,12.6,12.77,2576300,9.425598
2009-10-13,12.8,12.8,12.62,12.68,2843900,9.359169
2009-10-14,12.72,12.82,12.58,12.73,3302000,9.396073
2009-10-15,12.74,12.86,12.64,12.85,3444100,9.484646
2009-10-16,12.74,13.0,12.69,12.94,2875600,9.551075
2009-10-19,12.94,13.17,12.85,13.09,5533500,9.661791
2009-10-20,13.09,13.11,12.85,12.93,2588200,9.543695
2009-10-21,12.93,13.04,12.79,12.79,3600900,9.44036
2009-10-22,12.76,13.03,12.73,13.0,3755200,9.595362
2009-10-23,13.03,13.09,12.77,12.85,3392000,9.484646
2009-10-26,12.89,13.01,12.57,12.7,3264800,9.37393
2009-10-27,12.74,12.84,12.65,12.71,3735800,9.381312
2009-10-28,12.65,12.76,12.54,12.6,5061600,9.30012
2009-10-29,12.65,12.68,12.45,12.59,5791600,9.292739
2009-10-30,12.54,12.75,12.51,12.6,6276300,9.30012
2009-11-02,12.64,12.81,12.4,12.54,4756000,9.255834
2009-11-03,12.53,12.58,12.37,12.48,5063500,9.211547
2009-11-04,12.53,12.76,12.49,12.58,4225800,9.285358
2009-11-05,12.65,12.76,12.64,12.74,2273300,9.403454
2009-11-06,12.7,12.76,12.62,12.74,2377400,9.403454
2009-11-09,12.81,12.9,12.74,12.89,2804500,9.514171
2009-11-10,12.88,12.99,12.85,12.94,2999900,9.551075
2009-11-11,13.0,13.0,12.75,12.82,4042300,9.462503
2009-11-12,12.57,12.69,12.43,12.45,4076100,9.327645
2009-11-13,12.46,12.72,12.46,12.63,3561900,9.462503
2009-11-16,12.7,12.91,12.61,12.87,3536500,9.642313
2009-11-17,12.89,13.0,12.82,12.88,2120400,9.649805
2009-11-18,12.88,12.97,12.74,12.85,3021400,9.627329
2009-11-19,12.85,12.86,12.55,12.73,6606200,9.537423
2009-11-20,12.69,12.8,12.64,12.77,4125500,9.567392
2009-11-23,12.9,13.0,12.86,12.98,3374900,9.724725
2009-11-24,12.97,13.1,12.92,13.03,3183600,9.762186
2009-11-25,13.06,13.2,13.0,13.19,2637300,9.882059
2009-11-27,12.94,13.12,12.85,12.96,1003300,9.709742
2009-11-30,13.01,13.27,12.94,13.27,3668200,9.941996
2009-12-01,13.37,13.5,13.33,13.47,2602300,10.091838
2009-12-02,13.5,13.62,13.43,13.58,3319700,10.174251
2009-12-03,13.63,13.88,13.6,13.8,4282400,10.339077
2009-12-04,13.9,13.98,13.56,13.77,6559600,10.316601
2009-12-07,13.74,13.98,13.74,13.88,2820500,10.399013
2009-12-08,13.85,13.95,13.7,13.88,2615300,10.399013
2009-12-09,13.89,13.94,13.78,13.89,2577600,10.406506
2009-12-10,13.98,14.14,13.94,14.0,4618400,10.488918
2009-12-11,14.07,14.5,13.98,14.45,5022400,10.826062
2009-12-14,14.6,14.63,14.52,14.57,3078600,10.915967
2009-12-15,14.59,14.6,14.45,14.53,3247400,10.885999
2009-12-16,14.54,14.64,14.48,14.59,4610500,10.930951
2009-12-17,14.53,14.63,14.41,14.46,3115100,10.833554
2009-12-18,14.54,14.67,14.42,14.55,5460000,10.900983
2009-12-21,14.65,14.72,14.49,14.65,4445100,10.975904
2009-12-22,14.7,14.75,14.62,14.7,2971000,11.013364
2009-12-23,14.71,14.76,14.64,14.7,3649000,11.013364
2009-12-24,14.72,14.79,14.69,14.77,1247500,11.065809
2009-12-28,14.82,14.82,14.72,14.81,1865700,11.095777
2009-12-29,14.81,14.87,14.74,14.76,1705500,11.058317
2009-12-30,14.69,14.79,14.64,14.69,1730100,11.005872
2009-12-31,14.63,14.73,14.49,14.51,3111300,10.871015
2010-01-04,14.59,14.65,14.5,14.52,2239700,10.878507
2010-01-05,14.56,14.61,14.29,14.41,4227100,10.796094
2010-01-06,14.45,14.45,14.18,14.27,5716100,10.691205
2010-01-07,14.3,14.42,14.09,14.41,5962900,10.796094
2010-01-08,14.33,14.38,14.18,14.24,4050400,10.668728
2010-01-11,14.3,14.34,14.21,14.34,2175000,10.743649
2010-01-12,14.32,14.68,14.32,14.43,4563400,10.811078
2010-01-13,14.42,14.55,14.37,14.55,2294300,10.900983
2010-01-14,14.57,14.64,14.41,14.62,2262200,10.953427
2010-01-15,14.55,14.64,14.35,14.61,3405900,10.945935
2010-01-19,14.63,14.9,14.62,14.82,3809100,11.103269
2010-01-20,14.75,14.89,14.61,14.86,3133200,11.133237
2010-01-21,14.83,14.9,14.44,14.56,5705400,10.908475
2010-01-22,14.51,14.56,14.19,14.2,3879300,10.63876
2010-01-25,14.36,14.42,14.2,14.33,3653400,10.736157
2010-01-26,14.3,14.33,14.19,14.2,4317600,10.63876
2010-01-27,14.26,14.26,13.9,14.08,4590200,10.548855
2010-01-28,14.11,14.22,13.84,14.1,5906400,10.563839
2010-01-29,14.11,14.24,13.93,13.95,3918700,10.451458
2010-02-01,14.01,14.29,13.9,14.26,4989400,10.683713
2010-02-02,14.3,14.49,14.13,14.46,4657100,10.833554
2010-02-03,14.44,14.5,14.33,14.38,3609700,10.773618
2010-02-04,14.32,14.39,13.89,13.89,5717500,10.406506
2010-02-05,13.88,13.98,13.72,13.92,5084400,10.428982
2010-02-08,13.98,14.0,13.74,13.75,4410200,10.301616
2010-02-09,13.89,14.17,13.8,14.01,5162600,10.496411
2010-02-10,14.02,14.05,13.71,13.83,4420100,10.361553
2010-02-11,13.67,13.77,13.48,13.74,3952900,10.441345
2010-02-12,13.64,13.7,13.51,13.65,5529300,10.372952
2010-02-16,13.7,13.98,13.7,13.95,2975400,10.600929
2010-02-17,13.96,14.09,13.95,14.06,3407200,10.684521
2010-02-18,14.05,14.4,14.0,14.39,5963400,10.935295
2010-02-19,14.34,14.59,14.23,14.53,4373100,11.041684
2010-02-22,14.53,14.61,14.41,14.45,2310200,10.98089
2010-02-23,14.4,14.47,14.28,14.31,2839400,10.874502
2010-02-24,14.32,14.36,13.99,14.21,3171800,10.798509
2010-02-25,14.05,14.16,13.95,14.1,4075600,10.714918
2010-02-26,14.04,14.04,13.36,13.38,12626900,10.167773
2010-03-01,13.47,13.68,13.47,13.6,6794300,10.334956
2010-03-02,13.66,13.91,13.65,13.83,3806900,10.509738
2010-03-03,13.92,13.96,13.75,13.77,3725200,10.464143
2010-03-04,13.83,14.02,13.76,14.02,3937800,10.654124
2010-03-05,14.01,14.16,14.0,14.01,4250700,10.646524
2010-03-08,14.02,14.19,14.02,14.15,2968600,10.752913
2010-03-09,14.15,14.23,14.04,14.11,2637700,10.722516
2010-03-10,14.14,14.15,14.01,14.12,2848000,10.730116
2010-03-11,14.17,14.28,14.1,14.28,1936000,10.851703
2010-03-12,14.34,14.39,14.16,14.24,1616900,10.821306
2010-03-15,14.25,14.32,14.1,14.23,2251500,10.813707
2010-03-16,14.21,14.46,14.16,14.43,2335200,10.965692
2010-03-17,14.5,14.52,14.41,14.46,2584700,10.98849
2010-03-18,14.52,14.52,14.33,14.41,1757500,10.950493
2010-03-19,14.43,14.52,14.33,14.43,4085700,10.965692
2010-03-22,14.38,14.44,14.27,14.28,3552600,10.851703
2010-03-23,14.28,14.35,14.21,14.3,3383500,10.866902
2010-03-24,14.25,14.35,14.17,14.19,2031800,10.78331
2010-03-25,14.23,14.29,14.13,14.13,1783400,10.737715
2010-03-26,14.21,14.28,14.07,14.19,3173100,10.78331
2010-03-29,14.24,14.5,14.18,14.47,3443400,10.996089
2010-03-30,14.42,14.5,14.32,14.44,3417800,10.973291
2010-03-31,14.37,14.5,14.31,14.36,3647700,10.912497
2010-04-01,14.37,14.62,14.37,14.5,4110900,11.018887
2010-04-05,14.56,14.69,14.51,14.64,2402600,11.125276
2010-04-06,14.6,14.77,14.56,14.74,3617400,11.201268
2010-04-07,14.76,14.76,14.41,14.47,4859500,10.996089
2010-04-08,14.38,14.48,14.3,14.37,2889400,10.920097
2010-04-09,14.46,14.56,14.31,14.5,2459700,11.018887
2010-04-12,14.58,14.63,14.51,14.53,2088700,11.041684
2010-04-13,14.55,14.58,14.4,14.5,1615300,11.018887
2010-04-14,14.51,14.55,14.35,14.52,1372100,11.034085
2010-04-15,14.57,14.63,14.51,14.62,1575100,11.110077
2010-04-16,14.59,14.64,14.28,14.32,2913700,10.8821
2010-04-19,14.27,14.36,14.17,14.25,3239700,10.828906
2010-04-20,14.3,14.38,14.23,14.36,1942400,10.912497
2010-04-21,14.34,14.44,14.28,14.38,3213400,10.927696
2010-04-22,14.34,14.43,14.25,14.36,3453000,10.912497
2010-04-23,14.38,14.58,14.31,14.57,1494500,11.072081
2010-04-26,14.53,14.63,14.5,14.55,2709400,11.056883
2010-04-27,14.45,14.53,14.18,14.18,2608400,10.775711
2010-04-28,14.26,14.39,14.16,14.34,2303600,10.897299
2010-04-29,14.43,14.49,14.35,14.39,3377000,10.935295
2010-04-30,14.44,14.65,14.36,14.36,4300800,10.912497
2010-05-03,14.44,14.63,14.42,14.57,2917300,11.072081
2010-05-04,14.46,14.6,14.3,14.34,4552200,10.897299
2010-05-05,14.4,14.65,14.29,14.38,6588700,10.927696
2010-05-06,14.39,14.39,5.67,13.88,9331200,10.547734
2010-05-07,13.87,14.04,13.38,13.75,7085500,10.448944
2010-05-10,14.18,14.43,13.94,14.14,5670200,10.745315
2010-05-11,14.0,14.38,13.99,14.18,5572700,10.775711
2010-05-12,14.08,14.41,13.9,14.29,6556100,11.010719
2010-05-13,14.26,14.51,14.18,14.25,3815000,10.979899
2010-05-14,14.19,14.31,14.01,14.15,4945300,10.902846
2010-05-17,14.18,14.24,13.89,14.18,3196700,10.925962
2010-05-18,14.25,14.35,13.94,13.98,5675300,10.771858
2010-05-19,13.87,13.97,13.62,13.76,6158100,10.602344
2010-05-20,13.52,13.62,13.24,13.27,7340200,10.22479
2010-05-21,13.14,13.36,12.95,13.33,5127900,10.271021
2010-05-24,13.3,13.44,13.18,13.2,2656000,10.170853
2010-05-25,12.93,13.06,12.75,13.06,6941900,10.062981
2010-05-26,13.16,13.36,13.04,13.15,5641300,10.132327
2010-05-27,13.31,13.54,13.28,13.52,2918100,10.41742
2010-05-28,13.55,13.81,13.54,13.62,5267700,10.494471
2010-06-01,13.54,13.63,13.26,13.28,3010500,10.232495
2010-06-02,13.36,13.58,13.29,13.58,3166400,10.463651
2010-06-03,13.57,13.76,13.57,13.72,2551100,10.571524
2010-06-04,13.48,13.59,13.14,13.2,5225100,10.170853
2010-06-07,13.24,13.49,13.2,13.29,6318100,10.2402
2010-06-08,13.25,13.35,13.19,13.33,7405300,10.271021
2010-06-09,13.21,13.24,12.87,12.9,9512000,9.939697
2010-06-10,13.17,13.31,13.03,13.16,32234100,10.140033
2010-06-11,13.12,13.27,13.05,13.27,4659300,10.22479
2010-06-14,13.35,13.52,13.28,13.34,4381900,10.278726
2010-06-15,13.44,13.62,13.41,13.6,3559100,10.479061
2010-06-16,13.5,13.86,13.43,13.78,4091100,10.617754
2010-06-17,13.79,13.95,13.71,13.95,2925500,10.748743
2010-06-18,13.96,14.03,13.88,14.01,4313400,10.794974
2010-06-21,14.1,14.15,13.9,13.99,2854200,10.779563
2010-06-22,13.98,14.04,13.62,13.64,4185900,10.509882
2010-06-23,13.68,13.75,13.43,13.52,2636200,10.41742
2010-06-24,13.5,13.71,13.47,13.54,3409500,10.43283
2010-06-25,13.58,13.66,13.4,13.52,7757100,10.41742
2010-06-28,13.59,13.8,13.5,13.72,2736900,10.571524
2010-06-29,13.62,13.66,13.23,13.31,4750300,10.255611
2010-06-30,13.26,13.44,13.11,13.16,5145800,10.140033
2010-07-01,13.11,13.2,12.96,13.06,5208900,10.062981
2010-07-02,13.11,13.13,12.96,13.03,3336000,10.039865
2010-07-06,13.2,13.36,13.08,13.24,9079400,10.201674
2010-07-07,13.25,13.71,13.25,13.71,4309000,10.563818
2010-07-08,13.74,13.97,13.66,13.97,5752600,10.764153
2010-07-09,13.94,14.07,13.87,14.05,2345400,10.825795
2010-07-12,13.98,14.08,13.91,14.07,2380600,10.841205
2010-07-13,14.19,14.32,14.1,14.19,3642000,10.933667
2010-07-14,14.18,14.27,13.98,14.18,4428800,10.925962
2010-07-15,14.2,14.33,14.07,14.3,2935200,11.018425
2010-07-16,14.19,14.26,13.9,13.93,2975000,10.733333
2010-07-19,14.01,14.1,13.88,14.05,3477800,10.825795
2010-07-20,13.87,14.19,13.87,14.17,2453400,10.918257
2010-07-21,14.18,14.23,13.82,13.91,2413400,10.717922
2010-07-22,14.0,14.26,13.93,14.19,2233100,10.933667
2010-07-23,14.16,14.28,14.06,14.25,2279800,10.979899
2010-07-26,14.26,14.4,14.25,14.4,2675500,11.095476
2010-07-27,14.41,14.61,14.34,14.6,3969700,11.249581
2010-07-28,14.56,14.58,14.45,14.54,2560800,11.203349
2010-07-29,14.62,14.64,14.21,14.33,3304400,11.04154
2010-07-30,14.24,14.33,14.12,14.23,3189600,10.964488
2010-08-02,14.36,14.59,14.36,14.53,2645500,11.195644
2010-08-03,14.5,14.62,14.41,14.46,3062800,11.141708
2010-08-04,14.5,14.75,14.32,14.73,4976800,11.349747
2010-08-05,14.7,14.81,14.6,14.81,2829700,11.41139
2010-08-06,14.71,14.84,14.51,14.84,3210400,11.434505
2010-08-09,14.89,15.0,14.83,14.96,3418300,11.526967
2010-08-10,14.87,15.08,14.67,15.06,4046800,11.604019
2010-08-11,14.89,14.89,14.69,14.74,3431400,11.357453
2010-08-12,14.39,14.58,14.19,14.48,3209200,11.306698
2010-08-13,14.44,14.67,14.44,14.5,3285800,11.322315
2010-08-16,14.43,14.59,14.29,14.5,2584900,11.322315
2010-08-17,14.6,14.9,14.55,14.78,3411000,11.540953
2010-08-18,14.77,14.82,14.48,14.72,3875300,11.494102
2010-08-19,14.67,14.67,14.37,14.49,3235100,11.314507
2010-08-20,14.36,14.58,14.34,14.55,2375200,11.361358
2010-08-23,14.63,14.74,14.52,14.55,7254700,11.361358
2010-08-24,14.43,14.79,14.4,14.67,3760900,11.45506
2010-08-25,14.6,14.81,14.59,14.77,4379000,11.533145
2010-08-26,14.83,14.84,14.57,14.62,2757800,11.416017
2010-08-27,14.74,14.97,14.54,14.96,3883700,11.681506
2010-08-30,14.86,14.96,14.66,14.67,3275600,11.45506
2010-08-31,14.65,14.9,14.54,14.79,4646100,11.548762
2010-09-01,14.93,15.18,14.85,15.12,4174800,11.806442
2010-09-02,15.15,15.15,14.92,15.06,3334900,11.759591
2010-09-03,15.11,15.26,15.07,15.26,2577200,11.915761
2010-09-07,15.26,15.36,15.13,15.27,4005600,11.92357
2010-09-08,15.33,15.34,15.02,15.06,3871500,11.759591
2010-09-09,15.22,15.32,15.16,15.21,1927300,11.876718
2010-09-10,15.3,15.35,15.11,15.2,5049600,11.86891
2010-09-13,15.33,15.34,15.15,15.26,3409300,11.915761
2010-09-14,15.27,15.37,15.13,15.25,4614300,11.907952
2010-09-15,15.23,15.27,15.07,15.12,4124200,11.806442
2010-09-16,15.07,15.18,14.98,14.99,4211800,11.704931
2010-09-17,15.07,15.12,14.91,15.03,5111600,11.736165
2010-09-20,15.15,15.39,15.05,15.38,4101900,12.009463
2010-09-21,15.4,15.55,15.32,15.36,6046800,11.993846
2010-09-22,15.34,15.56,15.34,15.41,3887500,12.032888
2010-09-23,15.31,15.47,15.24,15.24,4188000,11.900144
2010-09-24,15.41,15.73,15.41,15.65,4592800,12.220292
2010-09-27,15.69,15.81,15.57,15.72,4200800,12.274952
2010-09-28,15.8,15.85,15.59,15.84,4600600,12.368654
2010-09-29,15.81,15.84,15.64,15.76,2083700,12.306186
2010-09-30,15.85,15.98,15.7,15.72,5474700,12.274952
2010-10-01,15.84,16.01,15.73,15.9,3715500,12.415504
2010-10-04,15.9,15.97,15.69,15.78,3258700,12.321802
2010-10-05,15.88,16.049999,15.84,16.030001,2607300,12.517015
2010-10-06,16.02,16.049999,15.79,15.89,3123300,12.407696
2010-10-07,15.97,16.059999,15.86,16.0,2206300,12.493589
2010-10-08,16.030001,16.129999,15.98,16.09,2697500,12.563866
2010-10-11,16.139999,16.23,16.049999,16.16,3309200,12.618525
2010-10-12,16.110001,16.18,16.0,16.08,2716700,12.556057
2010-10-13,16.16,16.18,15.96,15.99,4553800,12.485781
2010-10-14,15.99,16.110001,15.88,15.96,2947800,12.462355
2010-10-15,16.110001,16.129999,16.0,16.129999,2754500,12.595099
2010-10-18,16.16,16.26,16.110001,16.15,6361500,12.610717
2010-10-19,16.0,16.24,16.0,16.15,5188500,12.610717
2010-10-20,16.15,16.459999,16.139999,16.389999,6131200,12.79812
2010-10-21,16.450001,16.559999,16.280001,16.389999,3227000,12.79812
2010-10-22,16.4,16.530001,16.23,16.42,5545100,12.821546
2010-10-25,16.540001,16.59,16.35,16.4,1975200,12.805929
2010-10-26,16.370001,16.559999,16.35,16.42,3866500,12.821546
2010-10-27,16.309999,16.43,16.200001,16.42,2934300,12.821546
2010-10-28,16.42,16.549999,16.280001,16.389999,4175900,12.79812
2010-10-29,16.41,16.620001,16.309999,16.559999,3930000,12.930865
2010-11-01,16.66,16.74,16.4,16.549999,2532800,12.923056
2010-11-02,16.76,16.879999,16.719999,16.77,3985700,13.094844
2010-11-03,16.809999,16.82,16.59,16.719999,3864900,13.0558
2010-11-04,16.9,17.0,16.809999,16.92,5654300,13.211971
2010-11-05,16.860001,16.92,16.549999,16.68,7082700,13.024567
2010-11-08,16.629999,16.639999,16.4,16.549999,5042800,12.923056
2010-11-09,16.559999,16.690001,16.51,16.6,4078500,12.962099
2010-11-10,16.59,16.59,16.459999,16.58,3321400,12.946482
2010-11-11,16.49,16.620001,16.48,16.59,4154200,12.954291
2010-11-12,16.41,16.41,16.07,16.110001,6524200,12.729102
2010-11-15,16.200001,16.290001,16.17,16.219999,2734900,12.816016
2010-11-16,16.16,16.209999,15.75,15.88,4563800,12.54737
2010-11-17,15.94,15.95,15.66,15.69,5196100,12.397243
2010-11-18,15.84,15.89,15.77,15.85,2321700,12.523666
2010-11-19,15.88,15.9,15.64,15.82,3691500,12.499961
2010-11-22,15.82,15.91,15.72,15.87,2583700,12.539468
2010-11-23,15.76,15.83,15.64,15.76,2804100,12.452554
2010-11-24,15.91,15.95,15.82,15.92,1956100,12.578975
2010-11-26,15.91,15.92,15.73,15.79,1486100,12.476257
2010-11-29,15.68,15.69,15.44,15.6,3034400,12.326132
2010-11-30,15.5,15.64,15.48,15.63,3720200,12.349836
2010-12-01,15.78,15.83,15.65,15.76,3063700,12.452554
2010-12-02,15.73,15.87,15.64,15.84,2317600,12.515764
2010-12-03,15.82,15.92,15.67,15.9,6587800,12.563172
2010-12-06,15.87,15.87,15.66,15.66,4348400,12.37354
2010-12-07,15.86,15.88,15.62,15.64,3619300,12.357737
2010-12-08,15.64,15.75,15.53,15.63,2491800,12.349836
2010-12-09,15.68,15.77,15.58,15.75,2800800,12.444652
2010-12-10,15.83,15.99,15.74,15.84,4786800,12.515764
2010-12-13,15.98,16.040001,15.9,15.93,2655700,12.586877
2010-12-14,15.99,16.17,15.97,16.1,2726100,12.7212
2010-12-15,16.059999,16.07,15.81,15.86,2636200,12.531567
2010-12-16,15.91,15.93,15.74,15.9,2785100,12.563172
2010-12-17,15.85,15.91,15.74,15.87,3708200,12.539468
2010-12-20,16.0,16.049999,15.84,15.91,3136400,12.571074
2010-12-21,15.94,16.049999,15.87,15.88,2400700,12.54737
2010-12-22,15.89,15.98,15.87,15.88,2473700,12.54737
2010-12-23,15.88,15.94,15.81,15.9,1628300,12.563172
2010-12-27,15.85,15.95,15.7,15.9,1393800,12.563172
2010-12-28,15.95,15.95,15.81,15.85,2191800,12.523666
2010-12-29,15.84,15.92,15.83,15.83,1190800,12.507863
2010-12-30,15.84,15.88,15.71,15.76,1698000,12.452554
2010-12-31,15.76,15.79,15.71,15.72,1416600,12.420948
2011-01-03,15.81,15.83,15.72,15.8,3048400,12.484159
2011-01-04,15.79,15.91,15.68,15.83,2851400,12.507863
2011-01-05,15.81,15.85,15.72,15.77,2444400,12.460455
2011-01-06,15.74,15.77,15.57,15.61,3605000,12.334033
2011-01-07,15.67,15.74,15.52,15.68,5801900,12.389343
2011-01-10,15.59,15.74,15.48,15.74,3209700,12.43675
2011-01-11,15.76,15.77,15.62,15.63,3714800,12.349836
2011-01-12,15.73,15.82,15.66,15.77,2999000,12.460455
2011-01-13,15.78,15.83,15.71,15.77,2160900,12.460455
2011-01-14,15.77,15.8,15.63,15.7,2404200,12.405145
2011-01-18,15.74,15.79,15.65,15.74,2894200,12.43675
2011-01-19,15.77,15.84,15.7,15.82,2882700,12.499961
2011-01-20,15.82,16.209999,15.82,15.94,4982600,12.594778
2011-01-21,16.040001,16.059999,15.89,15.9,5661800,12.563172
2011-01-24,15.9,16.1,15.84,16.09,7371000,12.713299
2011-01-25,16.02,16.15,16.01,16.15,3148400,12.760706
2011-01-26,16.120001,16.16,16.049999,16.110001,1779100,12.729102
2011-01-27,16.129999,16.200001,16.059999,16.15,2713600,12.760706
2011-01-28,16.16,16.17,15.92,16.030001,3912800,12.665891
2011-01-31,16.09,16.26,16.0,16.15,4686400,12.760706
2011-02-01,16.23,16.27,16.17,16.25,3181100,12.83972
2011-02-02,16.200001,16.26,16.07,16.07,2435700,12.697495
2011-02-03,16.08,16.190001,16.01,16.16,8149700,12.768608
2011-02-04,16.190001,16.200001,16.0,16.139999,6955300,12.752805
2011-02-07,16.18,16.35,16.15,16.34,10423000,12.910833
2011-02-08,16.309999,16.35,16.219999,16.24,2291400,12.831819
2011-02-09,16.17,16.190001,16.01,16.1,2945400,12.7212
2011-02-10,16.09,16.209999,16.02,16.129999,2289700,12.744903
2011-02-11,16.040001,16.290001,16.030001,16.190001,2857600,12.792313
2011-02-14,16.040001,16.040001,15.82,15.88,3246200,12.702722
2011-02-15,15.83,16.01,15.8,15.96,3312000,12.766715
2011-02-16,16.0,16.059999,15.86,15.92,2152800,12.734718
2011-02-17,15.86,15.94,15.83,15.91,2038700,12.726719
2011-02-18,15.9,15.91,15.81,15.9,2833700,12.71872
2011-02-22,15.76,15.9,15.72,15.78,2085000,12.622729
2011-02-23,15.76,15.83,15.54,15.54,4142500,12.430749
2011-02-24,15.53,15.65,15.4,15.47,4854700,12.374755
2011-02-25,15.55,15.69,15.47,15.68,3380600,12.542738
2011-02-28,15.7,15.97,15.6,15.86,4044500,12.686723
2011-03-01,15.84,16.1,15.63,15.64,5873500,12.510741
2011-03-02,15.36,15.78,15.35,15.76,5699300,12.606731
2011-03-03,15.82,15.97,15.77,15.92,4604500,12.734718
2011-03-04,15.9,15.95,15.7,15.88,3498700,12.702722
2011-03-07,15.91,16.09,15.8,15.82,3304700,12.654726
2011-03-08,15.83,16.129999,15.81,16.1,2932900,12.878704
2011-03-09,16.040001,16.25,16.040001,16.24,2952600,12.990692
2011-03-10,16.15,16.190001,15.94,16.02,4924200,12.814711
2011-03-11,16.07,16.15,15.99,16.1,2864800,12.878704
2011-03-14,15.99,16.01,15.67,15.75,9339400,12.598732
2011-03-15,15.4,15.72,15.4,15.58,6697400,12.462746
2011-03-16,15.52,15.58,15.24,15.32,5608900,12.254766
2011-03-17,15.53,15.53,15.09,15.2,10243100,12.158776
2011-03-18,15.28,16.73,15.18,16.67,28385400,13.334658
2011-03-21,17.02,17.219999,16.860001,17.1,13789600,13.678624
2011-03-22,17.120001,17.209999,16.870001,16.889999,6187200,13.51064
2011-03-23,16.9,17.02,16.790001,16.959999,5099800,13.566634
2011-03-24,17.02,17.200001,16.92,17.17,3924200,13.734618
2011-03-25,17.16,17.370001,17.08,17.129999,3854100,13.70262
2011-03-28,17.23,17.450001,17.139999,17.17,3354200,13.734618
2011-03-29,17.190001,17.32,17.08,17.290001,2495900,13.830609
2011-03-30,17.4,17.76,17.33,17.68,3853900,14.142577
2011-03-31,17.66,17.75,17.559999,17.559999,2981900,14.046586
2011-04-01,17.719999,17.879999,17.67,17.75,2220600,14.198571
2011-04-04,18.049999,18.049999,17.790001,17.91,3298400,14.326558
2011-04-05,17.809999,17.92,17.629999,17.68,3030400,14.142577
2011-04-06,17.77,17.83,17.66,17.709999,2418800,14.166573
2011-04-07,17.719999,17.719999,17.48,17.49,3972200,13.990592
2011-04-08,17.6,17.700001,17.370001,17.5,2964900,13.998591
2011-04-11,17.48,17.5,17.209999,17.32,3789200,13.854605
2011-04-12,17.23,17.27,17.1,17.23,3880100,13.782612
2011-04-13,17.280001,17.52,17.280001,17.32,4277700,13.854605
2011-04-14,17.17,17.74,17.17,17.639999,5047800,14.110579
2011-04-15,17.77,17.93,17.6,17.879999,4858400,14.30256
2011-04-18,17.73,17.83,17.51,17.82,4153600,14.254565
2011-04-19,17.84,17.9,17.74,17.809999,4321500,14.246566
2011-04-20,18.0,18.16,17.879999,18.110001,3991300,14.486542
2011-04-21,18.16,18.280001,18.08,18.280001,3633900,14.622529
2011-04-25,18.17,18.299999,18.139999,18.26,2554200,14.60653
2011-04-26,18.25,18.299999,18.15,18.27,4500000,14.614529
2011-04-27,18.26,18.4,18.219999,18.34,4358500,14.670523
2011-04-28,18.35,18.49,18.209999,18.459999,4589900,14.766513
2011-04-29,18.5,18.620001,18.379999,18.6,2137200,14.878503
2011-05-02,18.68,18.77,18.52,18.59,3463100,14.870503
2011-05-03,18.540001,18.74,18.469999,18.65,3332300,14.918498
2011-05-04,18.6,18.709999,18.360001,18.49,3903100,14.790511
2011-05-05,18.540001,18.83,18.370001,18.6,5852400,14.878503
2011-05-06,18.75,18.809999,18.639999,18.719999,4974800,14.974492
2011-05-09,18.690001,18.93,18.66,18.91,3187400,15.126477
2011-05-10,18.9,19.35,18.889999,19.26,3878500,15.406449
2011-05-11,19.23,19.24,18.799999,19.110001,4141600,15.286462
2011-05-12,18.940001,18.950001,18.780001,18.9,4792600,15.276761
2011-05-13,18.9,18.959999,18.6,18.73,4485800,15.139351
2011-05-16,18.700001,18.76,18.58,18.690001,3914800,15.10702
2011-05-17,18.65,18.84,18.59,18.629999,3237600,15.058521
2011-05-18,18.700001,18.99,18.620001,18.98,4676800,15.341424
2011-05-19,19.02,19.07,18.870001,19.0,2591000,15.35759
2011-05-20,18.99,19.09,18.82,18.959999,2847700,15.325258
2011-05-23,18.74,18.9,18.67,18.73,2954900,15.139351
2011-05-24,18.790001,18.91,18.700001,18.75,4684600,15.155517
2011-05-25,18.700001,19.08,18.65,18.969999,5436500,15.333341
2011-05-26,18.940001,19.07,18.799999,19.02,2956400,15.373757
2011-05-27,19.1,19.389999,18.950001,19.08,5035500,15.422254
2011-05-31,19.23,19.370001,19.17,19.33,5035700,15.624328
2011-06-01,19.559999,19.57,19.200001,19.24,5615200,15.551581
2011-06-02,19.18,19.42,19.110001,19.35,7363000,15.640494
2011-06-03,19.17,19.32,19.08,19.09,7129800,15.430337
2011-06-06,19.040001,19.17,18.93,19.09,5117900,15.430337
2011-06-07,19.18,19.209999,19.059999,19.09,5468800,15.430337
2011-06-08,19.09,19.129999,18.889999,18.9,8723100,15.276761
2011-06-09,18.93,18.959999,18.75,18.82,5088200,15.212097
2011-06-10,18.799999,19.15,18.76,18.860001,6469200,15.24443
2011-06-13,18.9,18.9,18.610001,18.719999,4088200,15.131268
2011-06-14,18.82,18.9,18.709999,18.84,3437400,15.228264
2011-06-15,18.75,18.85,18.440001,18.49,5163300,14.94536
2011-06-16,18.5,18.790001,18.5,18.66,4127300,15.08277
2011-06-17,18.77,18.92,18.690001,18.74,3898200,15.147434
2011-06-20,18.73,18.85,18.639999,18.83,2605700,15.22018
2011-06-21,18.9,19.110001,18.84,19.0,3308800,15.35759
2011-06-22,19.0,19.1,18.879999,19.02,5535300,15.373757
2011-06-23,18.85,18.889999,18.469999,18.76,5344400,15.1636
2011-06-24,18.809999,19.219999,18.76,18.950001,8528600,15.317176
2011-06-27,19.16,19.219999,19.030001,19.120001,3549700,15.454586
2011-06-28,19.209999,19.290001,19.120001,19.24,2787100,15.551581
2011-06-29,19.280001,19.389999,19.26,19.34,4772400,15.632411
2011-06-30,19.4,19.51,19.24,19.35,4932700,15.640494
2011-07-01,19.440001,19.809999,19.360001,19.790001,2995200,15.996144
2011-07-05,19.67,19.799999,19.57,19.75,3043700,15.963811
2011-07-06,19.690001,19.809999,19.58,19.809999,3185400,16.012308
2011-07-07,19.950001,19.950001,19.76,19.799999,2605500,16.004225
2011-07-08,19.620001,19.75,19.530001,19.75,2067500,15.963811
2011-07-11,19.540001,19.549999,19.27,19.290001,2848800,15.591997
2011-07-12,19.209999,19.66,19.200001,19.450001,4057100,15.721324
2011-07-13,19.5,19.610001,19.33,19.4,3103900,15.680908
2011-07-14,19.41,19.610001,19.27,19.309999,3182700,15.608161
2011-07-15,19.360001,19.43,19.139999,19.389999,4334700,15.672825
2011-07-18,19.290001,19.41,19.17,19.4,3280200,15.680908
2011-07-19,19.5,19.74,19.34,19.709999,3251000,15.931479
2011-07-20,19.809999,20.18,19.76,20.120001,5057300,16.262881
2011-07-21,20.26,20.360001,20.18,20.280001,3395300,16.392208
2011-07-22,20.34,20.34,20.030001,20.26,2613200,16.376041
2011-07-25,19.9,20.18,19.9,20.1,3028100,16.246714
2011-07-26,20.139999,20.139999,20.0,20.049999,2598900,16.206299
2011-07-27,19.98,20.139999,19.98,20.049999,3711900,16.206299
2011-07-28,20.110001,20.120001,19.75,19.790001,4255700,15.996144
2011-07-29,19.620001,19.860001,19.41,19.58,4648800,15.826401
2011-08-01,19.780001,19.780001,19.4,19.559999,4869000,15.810235
2011-08-02,19.450001,19.68,19.290001,19.290001,3401900,15.591997
2011-08-03,19.4,19.43,18.950001,19.32,4134200,15.616244
2011-08-04,19.120001,19.27,18.360001,18.450001,8191200,14.913029
2011-08-05,18.74,18.860001,18.1,18.540001,9523300,14.985776
2011-08-08,18.200001,18.35,17.110001,17.24,9447300,13.934992
2011-08-09,17.49,18.360001,17.129999,18.35,8608200,14.8322
2011-08-10,18.08,18.690001,17.870001,18.23,9403100,14.735204
2011-08-11,18.23,19.360001,18.200001,19.129999,6120700,15.462668
2011-08-12,19.02,19.129999,18.59,18.700001,3330200,15.273184
2011-08-15,18.91,19.540001,18.870001,19.540001,3823200,15.959252
2011-08-16,19.34,19.41,19.059999,19.35,3278300,15.80407
2011-08-17,19.459999,19.74,19.389999,19.440001,2887200,15.877577
2011-08-18,19.09,19.23,18.709999,18.85,6273400,15.395696
2011-08-19,18.67,19.07,18.620001,18.73,3932900,15.297686
2011-08-22,19.02,19.1,18.530001,18.66,3949300,15.240514
2011-08-23,18.940001,19.24,18.610001,19.209999,9616300,15.689724
2011-08-24,19.25,19.719999,19.15,19.57,7385700,15.983754
2011-08-25,19.700001,19.700001,19.02,19.24,4673200,15.714227
2011-08-26,19.16,19.549999,18.719999,19.549999,4473100,15.967419
2011-08-29,19.799999,19.91,19.559999,19.83,5470200,16.196109
2011-08-30,19.809999,19.98,19.700001,19.879999,5133500,16.236945
2011-08-31,19.99,20.139999,19.879999,20.01,4343100,16.343123
2011-09-01,20.110001,20.139999,19.790001,19.790001,5325600,16.163439
2011-09-02,19.389999,19.629999,19.389999,19.450001,3498400,15.885745
2011-09-06,19.059999,19.23,18.84,19.23,4988200,15.70606
2011-09-07,19.440001,19.610001,19.290001,19.610001,4365500,16.016425
2011-09-08,19.540001,20.24,19.51,20.01,5641800,16.343123
2011-09-09,19.76,19.790001,19.27,19.52,5013800,15.942917
2011-09-12,19.27,19.540001,19.1,19.540001,4182200,15.959252
2011-09-13,19.52,19.85,19.26,19.83,3773100,16.196109
2011-09-14,19.860001,20.15,19.49,19.91,4426100,16.261448
2011-09-15,20.049999,20.08,19.709999,19.879999,4806900,16.236945
2011-09-16,20.02,20.139999,19.860001,19.93,4668000,16.277784
2011-09-19,19.620001,20.040001,19.559999,19.969999,2563200,16.310453
2011-09-20,19.99,20.450001,19.85,20.129999,3342900,16.441132
2011-09-21,20.07,20.129999,19.34,19.360001,4145500,15.812238
2011-09-22,18.91,18.950001,18.530001,18.709999,6104400,15.28135
2011-09-23,18.629999,19.07,18.559999,18.969999,3938800,15.493705
2011-09-26,19.110001,19.24,18.860001,19.24,3979500,15.714227
2011-09-27,19.57,19.66,19.139999,19.23,4623800,15.70606
2011-09-28,19.219999,19.42,19.08,19.120001,4239400,15.616218
2011-09-29,19.469999,20.389999,19.379999,19.959999,10296700,16.302285
2011-09-30,19.780001,20.1,19.620001,19.620001,5593700,16.024592
2011-10-03,19.6,19.92,19.17,19.18,4663800,15.665223
2011-10-04,18.969999,19.58,18.700001,19.57,7200000,15.983754
2011-10-05,19.57,19.74,19.209999,19.709999,3237600,16.098098
2011-10-06,19.719999,20.129999,19.58,20.129999,3631600,16.441132
2011-10-07,20.25,20.25,19.75,19.93,3641400,16.277784
2011-10-10,20.190001,20.5,20.190001,20.5,3020700,16.74333
2011-10-11,20.370001,20.379999,19.969999,20.049999,6191100,16.375792
2011-10-12,20.18,20.219999,19.870001,19.879999,5419200,16.236945
2011-10-13,19.83,20.1,19.780001,20.07,2820600,16.392128
2011-10-14,20.290001,20.379999,20.129999,20.35,3359100,16.620818
2011-10-17,20.33,20.6,20.24,20.51,3798400,16.751497
2011-10-18,20.469999,20.91,20.190001,20.73,4629200,16.931181
2011-10-19,20.76,21.120001,20.58,20.67,5044200,16.882177
2011-10-20,20.76,21.030001,20.700001,20.940001,3971400,17.102699
2011-10-21,21.18,21.33,20.99,21.23,3774000,17.339555
2011-10-24,21.209999,21.389999,21.129999,21.25,2917100,17.35589
2011-10-25,21.219999,21.33,20.889999,20.91,3931400,17.078196
2011-10-26,21.15,21.200001,20.82,21.02,8685600,17.168039
2011-10-27,21.299999,21.389999,21.129999,21.25,8408500,17.35589
2011-10-28,21.200001,21.35,21.110001,21.290001,4019400,17.388561
2011-10-31,21.190001,21.23,20.83,20.84,5173800,17.021024
2011-11-01,20.309999,20.6,20.190001,20.23,4749300,16.522807
2011-11-02,20.51,21.469999,19.68,20.08,12063900,16.400295
2011-11-03,20.01,20.360001,19.950001,20.299999,6163900,16.579979
2011-11-04,20.16,20.41,20.07,20.309999,4642800,16.588147
2011-11-07,20.370001,20.42,20.1,20.35,2806400,16.620818
2011-11-08,20.35,20.389999,20.040001,20.17,5022500,16.473803
2011-11-09,19.92,20.040001,19.49,19.58,6303200,15.991922
2011-11-10,19.780001,19.860001,19.33,19.549999,6781200,15.967419
2011-11-11,19.76,19.85,19.67,19.799999,5011300,16.171606
2011-11-14,19.52,19.559999,19.049999,19.25,6501000,15.881207
2011-11-15,19.120001,19.67,19.01,19.6,6488600,16.169957
2011-11-16,19.469999,19.59,19.24,19.27,3475100,15.897708
2011-11-17,19.299999,19.51,19.16,19.360001,4093400,15.971958
2011-11-18,19.440001,19.51,19.299999,19.360001,2381700,15.971958
2011-11-21,19.129999,19.200001,18.860001,19.01,2669600,15.683208
2011-11-22,19.030001,19.110001,18.83,18.9,2890800,15.592458
2011-11-23,18.76,18.799999,18.59,18.68,2832600,15.410959
2011-11-25,18.6,18.77,18.59,18.59,1222300,15.336709
2011-11-28,19.0,19.15,18.84,18.969999,2826800,15.650207
2011-11-29,19.07,19.299999,19.059999,19.219999,2714800,15.856457
2011-11-30,19.66,19.92,19.51,19.9,5235800,16.417456
2011-12-01,19.82,19.950001,19.77,19.799999,2799100,16.334955
2011-12-02,19.93,19.959999,19.610001,19.629999,2762400,16.194706
2011-12-05,19.889999,19.959999,19.68,19.790001,2981300,16.326707
2011-12-06,19.860001,19.91,19.67,19.68,3348800,16.235957
2011-12-07,19.6,19.9,19.530001,19.799999,3166100,16.334955
2011-12-08,19.75,19.77,19.34,19.42,2970400,16.021457
2011-12-09,19.530001,19.870001,19.450001,19.83,4504700,16.359706
2011-12-12,19.620001,19.67,19.219999,19.440001,2725200,16.037957
2011-12-13,19.549999,19.620001,19.120001,19.200001,4004900,15.839958
2011-12-14,19.139999,19.26,18.74,18.76,5812400,15.476959
2011-12-15,18.879999,19.17,18.790001,19.1,3406300,15.757458
2011-12-16,19.17,19.35,19.15,19.219999,4881800,15.856457
2011-12-19,19.33,19.389999,19.040001,19.1,2353400,15.757458
2011-12-20,19.26,19.57,19.23,19.52,2559400,16.103957
2011-12-21,19.540001,19.76,19.43,19.76,2590700,16.301956
2011-12-22,19.83,19.99,19.700001,19.92,2291800,16.433956
2011-12-23,19.98,20.23,19.91,20.219999,1333700,16.681455
2011-12-27,20.18,20.33,20.120001,20.309999,1332500,16.755705
2011-12-28,20.370001,20.459999,20.120001,20.17,1752600,16.640205
2011-12-29,20.16,20.27,20.120001,20.23,1605200,16.689705
2011-12-30,20.299999,20.309999,20.07,20.09,1591800,16.574206
2012-01-03,20.309999,20.35,19.84,19.889999,1898600,16.409205
2012-01-04,19.809999,20.08,19.73,19.790001,2595200,16.326707
2012-01-05,19.690001,19.860001,19.6,19.799999,3991200,16.334955
2012-01-06,19.77,19.84,19.5,19.540001,3143600,16.120457
2012-01-09,19.549999,19.719999,19.530001,19.700001,1882300,16.252457
2012-01-10,19.85,19.889999,19.52,19.549999,3022800,16.128706
2012-01-11,19.530001,19.57,19.290001,19.32,1784400,15.938957
2012-01-12,19.41,19.450001,19.120001,19.16,3250300,15.806957
2012-01-13,19.08,19.190001,18.98,19.09,2839900,15.749208
2012-01-17,19.309999,19.379999,19.01,19.129999,5639200,15.782207
2012-01-18,19.09,19.129999,18.879999,18.940001,3455400,15.625458
2012-01-19,18.91,18.93,18.41,18.43,5534900,15.204709
2012-01-20,18.74,18.82,18.43,18.809999,10466500,15.518208
2012-01-23,18.85,18.92,18.73,18.74,4067800,15.460458
2012-01-24,18.41,18.639999,18.32,18.58,3946400,15.328459
2012-01-25,18.51,18.76,18.35,18.719999,4907000,15.443958
2012-01-26,18.799999,18.860001,18.43,18.48,5568000,15.245959
2012-01-27,18.48,18.48,18.129999,18.23,5903000,15.039709
2012-01-30,18.18,18.4,18.07,18.34,6976400,15.130459
2012-01-31,18.370001,18.559999,18.219999,18.469999,5289600,15.237708
2012-02-01,18.58,18.860001,18.549999,18.68,4573100,15.410959
2012-02-02,18.66,18.75,18.530001,18.58,2632900,15.328459
2012-02-03,18.93,19.040001,18.719999,18.879999,6469900,15.575957
2012-02-06,18.85,18.889999,18.66,18.77,3096000,15.485209
2012-02-07,18.709999,18.969999,18.610001,18.870001,4641700,15.567709
2012-02-08,18.870001,18.92,18.799999,18.889999,6009600,15.584208
2012-02-09,18.9,18.92,18.76,18.84,12613000,15.542958
2012-02-10,18.76,18.92,18.719999,18.91,12539900,15.600708
2012-02-13,19.0,19.07,18.85,18.860001,3753600,15.559459
2012-02-14,18.6,18.73,18.52,18.629999,4435600,15.536939
2012-02-15,18.629999,18.940001,18.469999,18.84,8915700,15.712075
2012-02-16,18.82,19.01,18.75,18.85,10510800,15.720415
2012-02-17,18.85,19.24,18.77,18.98,7527000,15.828831
2012-02-21,19.040001,19.129999,18.889999,18.950001,4441900,15.803813
2012-02-22,18.950001,19.07,18.74,18.790001,3276100,15.670377
2012-02-23,18.790001,18.889999,18.74,18.83,2273900,15.703735
2012-02-24,18.84,18.92,18.73,18.799999,2272700,15.678715
2012-02-27,18.75,18.799999,18.549999,18.620001,4152200,15.528601
2012-02-28,18.620001,18.719999,18.469999,18.52,7224200,15.445203
2012-02-29,18.59,19.68,18.59,19.49,19686800,16.254158
2012-03-01,19.379999,19.41,19.139999,19.360001,7966200,16.145742
2012-03-02,19.299999,19.57,19.25,19.530001,4672300,16.287518
2012-03-05,19.32,19.450001,19.110001,19.309999,6245900,16.104042
2012-03-06,19.129999,19.280001,19.059999,19.16,3338000,15.978946
2012-03-07,19.129999,19.469999,19.07,19.290001,8124600,16.087364
2012-03-08,19.360001,19.48,19.209999,19.42,7696100,16.19578
2012-03-09,19.440001,19.459999,19.24,19.26,4015300,16.062344
2012-03-12,19.32,19.440001,19.129999,19.370001,3512000,16.154082
2012-03-13,19.41,19.48,19.280001,19.469999,3396200,16.237478
2012-03-14,19.440001,19.440001,19.1,19.139999,4846800,15.962266
2012-03-15,19.200001,19.290001,18.959999,19.219999,5229400,16.028984
2012-03-16,19.209999,19.27,19.040001,19.07,3675100,15.903889
2012-03-19,19.08,19.17,18.93,18.940001,3266200,15.795473
2012-03-20,18.879999,19.190001,18.879999,19.15,3504500,15.970606
2012-03-21,19.129999,19.26,19.1,19.129999,2007500,15.953927
2012-03-22,19.049999,19.379999,19.049999,19.299999,6004200,16.095702
2012-03-23,19.27,19.379999,19.25,19.309999,3019600,16.104042
2012-03-26,19.389999,19.549999,19.33,19.49,3115000,16.254158
2012-03-27,19.52,19.639999,19.469999,19.540001,2326100,16.295857
2012-03-28,19.530001,19.540001,19.040001,19.17,5081100,15.987286
2012-03-29,19.1,19.35,18.98,19.35,3193200,16.137402
2012-03-30,19.450001,19.74,19.389999,19.719999,4899800,16.445971
2012-04-02,19.73,19.940001,19.610001,19.870001,4373400,16.571069
2012-04-03,19.940001,19.959999,19.6,19.82,3421000,16.529369
2012-04-04,19.690001,19.77,19.58,19.629999,3599600,16.370914
2012-04-05,19.629999,19.690001,19.42,19.549999,3328200,16.304196
2012-04-09,19.370001,19.51,19.32,19.42,2108400,16.19578
2012-04-10,19.34,19.389999,19.0,19.059999,3336700,15.895549
2012-04-11,19.23,19.26,19.049999,19.07,3027400,15.903889
2012-04-12,19.059999,19.26,18.91,19.26,2875700,16.062344
2012-04-13,19.209999,19.34,19.129999,19.17,3540400,15.987286
2012-04-16,19.209999,19.35,19.1,19.32,4044100,16.112382
2012-04-17,19.41,19.49,19.17,19.48,3327000,16.245818
2012-04-18,19.4,19.43,19.25,19.32,2664500,16.112382
2012-04-19,19.309999,19.440001,19.200001,19.33,2967900,16.120722
2012-04-20,19.370001,19.629999,19.370001,19.530001,2170900,16.287518
2012-04-23,19.4,19.450001,19.139999,19.280001,4393300,16.079024
2012-04-24,19.33,19.530001,19.280001,19.530001,3386100,16.287518
2012-04-25,19.639999,19.799999,19.540001,19.719999,3217300,16.445971
2012-04-26,19.67,19.92,19.6,19.85,3608500,16.554389
2012-04-27,19.940001,20.120001,19.700001,20.049999,8510200,16.721183
2012-04-30,20.01,20.24,19.91,20.209999,3219700,16.854619
2012-05-01,20.26,20.459999,20.08,20.42,4936900,17.029754
2012-05-02,20.34,20.360001,19.940001,20.049999,5934800,16.721183
2012-05-03,20.09,20.309999,19.620001,19.719999,10032800,16.445971
2012-05-04,19.870001,20.15,19.77,20.049999,6155600,16.721183
2012-05-07,20.030001,20.049999,19.84,19.889999,3074800,16.587747
2012-05-08,19.76,19.9,19.700001,19.889999,5511200,16.587747
2012-05-09,19.700001,19.84,19.52,19.77,5452000,16.487671
2012-05-10,19.92,20.309999,19.84,20.25,7080600,16.887978
2012-05-11,20.15,20.309999,20.040001,20.24,5833600,16.879638
2012-05-14,19.969999,20.200001,19.9,20.08,4101800,16.915864
2012-05-15,20.02,20.26,19.790001,19.83,6787900,16.705258
2012-05-16,19.889999,20.209999,19.860001,20.02,7790500,16.865319
2012-05-17,20.02,20.139999,19.700001,19.83,5421300,16.705258
2012-05-18,19.83,19.940001,19.559999,19.620001,3954100,16.52835
2012-05-21,19.610001,19.860001,19.559999,19.860001,3351600,16.730531
2012-05-22,19.879999,20.139999,19.77,19.98,3413700,16.831621
2012-05-23,19.9,20.0,19.700001,19.870001,4167600,16.738956
2012-05-24,19.870001,20.139999,19.82,20.030001,2470100,16.873743
2012-05-25,20.059999,20.18,19.969999,20.18,2786700,17.000106
2012-05-29,20.25,20.25,20.040001,20.24,2995600,17.050651
2012-05-30,20.16,20.309999,20.0,20.02,2797900,16.865319
2012-05-31,20.059999,20.389999,19.959999,20.23,4120300,17.042227
2012-06-01,20.01,20.07,19.82,19.969999,5407600,16.823197
2012-06-04,20.030001,20.030001,19.65,19.780001,6432900,16.663137
2012-06-05,19.790001,20.110001,19.67,19.93,2872300,16.789501
2012-06-06,20.01,20.15,19.85,20.15,3578000,16.974833
2012-06-07,20.25,20.35,20.219999,20.32,2840900,17.118045
2012-06-08,20.32,20.43,20.23,20.4,2155300,17.185439
2012-06-11,20.5,20.5,20.120001,20.16,4677700,16.983258
2012-06-12,20.18,20.309999,20.07,20.299999,1785700,17.101196
2012-06-13,20.26,20.34,20.030001,20.299999,2994500,17.101196
2012-06-14,20.33,20.459999,20.280001,20.41,1917800,17.193863
2012-06-15,20.48,20.73,20.379999,20.620001,3853200,17.370773
2012-06-18,20.530001,20.75,20.530001,20.709999,1925700,17.44659
2012-06-19,20.76,21.0,20.58,20.59,5033600,17.3455
2012-06-20,20.620001,20.780001,20.34,20.58,4089300,17.337076
2012-06-21,20.41,20.620001,20.139999,20.18,4365500,17.000106
2012-06-22,20.299999,20.440001,20.200001,20.34,3175300,17.134894
2012-06-25,20.190001,20.309999,20.08,20.280001,1768000,17.084349
2012-06-26,20.34,20.379999,20.23,20.290001,1578700,17.092774
2012-06-27,20.290001,20.559999,20.290001,20.52,2941100,17.286531
2012-06-28,20.450001,20.639999,20.32,20.620001,1682000,17.370773
2012-06-29,20.860001,21.0,20.549999,20.67,3668000,17.412894
2012-07-02,20.76,20.83,20.6,20.76,3287700,17.488712
2012-07-03,20.709999,20.74,20.57,20.65,1580000,17.396045
2012-07-05,20.59,20.620001,20.389999,20.459999,2536900,17.235984
2012-07-06,20.35,20.59,20.290001,20.57,2313700,17.328651
2012-07-09,20.51,20.58,20.4,20.559999,2559600,17.320227
2012-07-10,20.6,20.74,20.379999,20.469999,1984500,17.244408
2012-07-11,20.459999,20.59,20.4,20.52,2069400,17.286531
2012-07-12,20.42,20.719999,20.379999,20.629999,1996800,17.379196
2012-07-13,20.65,20.99,20.65,20.99,2250300,17.682469
2012-07-16,20.98,21.0,20.639999,20.700001,3023500,17.438167
2012-07-17,20.73,20.84,20.559999,20.799999,1913000,17.522408
2012-07-18,20.75,20.950001,20.73,20.950001,1730900,17.648773
2012-07-19,20.870001,20.940001,20.559999,20.92,3298300,17.6235
2012-07-20,20.91,21.18,20.82,21.15,4757900,17.817257
2012-07-23,21.0,21.040001,20.780001,20.969999,3461400,17.66562
2012-07-24,20.93,20.950001,20.48,20.549999,5142700,17.311802
2012-07-25,20.66,20.809999,20.360001,20.57,3036000,17.328651
2012-07-26,20.73,20.950001,20.73,20.889999,2827900,17.598226
2012-07-27,21.02,21.23,20.950001,21.190001,4745300,17.850954
2012-07-30,21.1,21.23,20.99,21.190001,3132900,17.850954
2012-07-31,21.17,21.27,21.030001,21.059999,2456800,17.741438
2012-08-01,21.08,21.440001,20.870001,20.9,3490300,17.606651
2012-08-02,20.76,21.18,20.469999,20.83,4782800,17.547681
2012-08-03,21.129999,21.389999,21.030001,21.16,2963500,17.825681
2012-08-06,21.25,21.4,20.93,21.059999,3876800,17.741438
2012-08-07,21.16,21.299999,21.030001,21.040001,3252800,17.724591
2012-08-08,21.07,21.139999,20.93,21.110001,3546200,17.783561
2012-08-09,21.059999,21.1,20.969999,21.01,2523800,17.699318
2012-08-10,20.99,21.129999,20.93,21.08,2405700,17.758287
2012-08-13,21.07,21.120001,20.76,20.780001,3067000,17.505561
2012-08-14,20.59,20.690001,20.379999,20.549999,10993800,17.482589
2012-08-15,20.559999,20.65,20.48,20.51,3340600,17.448561
2012-08-16,20.48,20.559999,20.360001,20.42,2699600,17.371994
2012-08-17,20.35,20.450001,20.219999,20.24,2771000,17.218862
2012-08-20,20.219999,20.43,20.139999,20.43,2803800,17.380502
2012-08-21,20.41,20.65,20.299999,20.43,3424700,17.380502
2012-08-22,20.66,20.690001,20.34,20.379999,2839200,17.337964
2012-08-23,20.370001,20.4,20.18,20.24,2845800,17.218862
2012-08-24,20.23,20.360001,20.18,20.32,2174800,17.286921
2012-08-27,20.290001,20.51,20.290001,20.459999,1875000,17.406023
2012-08-28,20.41,20.629999,20.4,20.6,3796900,17.525127
2012-08-29,20.57,20.65,20.5,20.58,1900800,17.508112
2012-08-30,20.5,20.58,20.389999,20.52,1574200,17.457068
2012-08-31,20.57,20.65,20.33,20.389999,2560400,17.346472
2012-09-04,20.41,20.67,20.299999,20.629999,2989300,17.550648
2012-09-05,20.629999,20.75,20.5,20.639999,3494400,17.559155
2012-09-06,20.719999,20.99,20.690001,20.99,3582000,17.856913
2012-09-07,20.98,21.0,20.860001,20.950001,2807100,17.822884
2012-09-10,21.01,21.030001,20.91,20.93,1670600,17.805869
2012-09-11,20.9,20.98,20.85,20.9,1343900,17.780346
2012-09-12,20.91,20.940001,20.690001,20.700001,2051200,17.610201
2012-09-13,20.68,21.1,20.65,21.1,2503700,17.950494
2012-09-14,21.110001,21.25,20.91,21.02,3447500,17.882435
2012-09-17,21.02,21.040001,20.74,20.799999,2738000,17.695273
2012-09-18,20.82,20.9,20.68,20.809999,2824700,17.70378
2012-09-19,20.809999,20.84,20.6,20.719999,2474600,17.627214
2012-09-20,20.709999,21.0,20.65,20.870001,3761800,17.754825
2012-09-21,20.9,21.15,20.799999,21.120001,3542900,17.967509
2012-09-24,21.01,21.309999,21.0,21.290001,2938300,18.112134
2012-09-25,21.290001,21.440001,21.26,21.42,3994500,18.222729
2012-09-26,21.42,21.559999,21.280001,21.450001,3886300,18.248251
2012-09-27,21.49,21.540001,21.25,21.299999,3265700,18.12064
2012-09-28,21.280001,21.35,21.110001,21.299999,2536500,18.12064
2012-10-01,21.33,21.379999,21.139999,21.15,2864700,17.99303
2012-10-02,21.219999,21.26,21.110001,21.200001,1963000,18.035568
2012-10-03,21.24,21.540001,21.219999,21.52,3202100,18.307802
2012-10-04,21.57,21.709999,21.450001,21.51,1709400,18.299295
2012-10-05,21.58,21.68,21.32,21.41,2458700,18.214221
2012-10-08,21.41,21.49,21.27,21.41,1408200,18.214221
2012-10-09,21.370001,21.440001,21.280001,21.360001,1777000,18.171685
2012-10-10,21.4,21.43,21.25,21.290001,1550700,18.112134
2012-10-11,21.370001,21.389999,21.15,21.18,1907300,18.018553
2012-10-12,21.27,21.27,21.030001,21.129999,1106000,17.976015
2012-10-15,21.17,21.43,21.120001,21.4,2148400,18.205714
2012-10-16,21.5,21.5,21.25,21.440001,3214800,18.239744
2012-10-17,21.51,21.75,21.450001,21.75,2954500,18.503471
2012-10-18,21.74,21.75,21.540001,21.690001,1908500,18.452427
2012-10-19,21.690001,21.719999,21.389999,21.41,1871500,18.214221
2012-10-22,21.299999,21.360001,21.15,21.24,2771500,18.069596
2012-10-23,21.08,21.129999,20.870001,21.040001,2870600,17.89945
2012-10-24,21.09,21.389999,21.030001,21.120001,2385800,17.967509
2012-10-25,21.209999,21.379999,21.120001,21.379999,1574100,18.188698
2012-10-26,21.4,21.5,21.120001,21.469999,2338300,18.265265
2012-10-31,21.540001,21.709999,21.459999,21.67,1985600,18.435412
2012-11-01,21.66,21.74,21.559999,21.74,2905100,18.494963
2012-11-02,21.799999,21.809999,21.530001,21.540001,1761200,18.324817
2012-11-05,21.49,21.49,21.27,21.370001,1834200,18.180193
2012-11-06,21.389999,21.629999,21.309999,21.48,2381500,18.273772
2012-11-07,21.43,21.51,20.58,20.629999,5334200,17.550648
2012-11-08,20.549999,20.860001,20.360001,20.389999,4726200,17.346472
2012-11-09,20.35,20.42,20.120001,20.15,3547600,17.142296
2012-11-12,20.15,20.25,20.01,20.16,2040300,17.150803
2012-11-13,20.030001,20.43,19.93,19.959999,4869200,16.980656
2012-11-14,19.959999,20.049999,19.42,19.49,3986100,16.751177
2012-11-15,19.49,19.6,18.950001,19.129999,6430300,16.441765
2012-11-16,19.18,19.59,19.17,19.58,4976700,16.82853
2012-11-19,19.709999,19.709999,19.290001,19.379999,4183800,16.656634
2012-11-20,19.42,19.48,19.18,19.360001,3296500,16.639446
2012-11-21,19.4,19.450001,19.15,19.299999,2236000,16.587876
2012-11-23,19.32,19.34,19.129999,19.26,1238700,16.553498
2012-11-26,19.18,19.58,19.18,19.559999,3182600,16.81134
2012-11-27,19.559999,19.790001,19.48,19.620001,4584100,16.86291
2012-11-28,19.530001,19.74,19.34,19.74,3277600,16.966046
2012-11-29,19.969999,19.969999,19.65,19.76,2223200,16.983236
2012-11-30,19.76,19.879999,19.6,19.73,7578400,16.957451
2012-12-03,19.73,19.889999,19.559999,19.76,2958400,16.983236
2012-12-04,19.75,19.76,19.52,19.629999,2693500,16.871503
2012-12-05,19.68,20.15,19.639999,19.92,4100200,17.120752
2012-12-06,19.940001,20.0,19.799999,19.860001,2817300,17.069184
2012-12-07,19.879999,19.93,19.68,19.84,3207600,17.051994
2012-12-10,19.84,20.07,19.73,19.92,2808900,17.120752
2012-12-11,19.940001,20.120001,19.83,19.879999,3214200,17.086372
2012-12-12,19.9,20.040001,19.83,19.85,2773900,17.060589
2012-12-13,19.83,19.959999,19.790001,19.83,2936400,17.043399
2012-12-14,19.860001,19.91,19.639999,19.67,1909900,16.905883
2012-12-17,19.709999,19.98,19.639999,19.84,2155000,17.051994
2012-12-18,19.870001,19.99,19.799999,19.9,2128300,17.103562
2012-12-19,19.889999,19.93,19.68,19.719999,2690800,16.948856
2012-12-20,19.75,19.82,19.620001,19.67,2681000,16.905883
2012-12-21,19.469999,19.629999,19.360001,19.459999,4393900,16.725392
2012-12-24,19.4,19.450001,19.25,19.389999,1038400,16.665229
2012-12-26,19.42,19.469999,19.120001,19.129999,2172000,16.441765
2012-12-27,19.08,19.15,18.83,19.049999,4020400,16.373007
2012-12-28,18.950001,19.190001,18.879999,19.0,3110200,16.330034
2012-12-31,18.91,19.280001,18.790001,19.25,2557300,16.544903
2013-01-02,19.52,19.620001,19.389999,19.620001,3043300,16.86291
2013-01-03,19.620001,19.75,19.59,19.68,1990900,16.914478
2013-01-04,19.67,19.85,19.629999,19.82,2161000,17.034804
2013-01-07,19.74,19.790001,19.530001,19.6,1981800,16.84572
2013-01-08,19.540001,19.6,19.34,19.469999,4052600,16.733987
2013-01-09,19.51,19.67,19.41,19.67,2498200,16.905883
2013-01-10,19.700001,19.809999,19.629999,19.790001,2605600,17.009021
2013-01-11,19.99,20.27,19.9,20.040001,3661500,17.22389
2013-01-14,20.02,20.07,19.799999,19.879999,3053400,17.086372
2013-01-15,19.860001,20.059999,19.799999,20.059999,2935800,17.241078
2013-01-16,19.969999,20.059999,19.780001,19.92,3760400,17.120752
2013-01-17,19.92,20.08,19.91,19.91,2692100,17.112157
2013-01-18,19.98,20.030001,19.91,20.02,2759000,17.2067
2013-01-22,20.01,20.209999,20.0,20.190001,2301800,17.352811
2013-01-23,20.120001,20.18,20.02,20.16,1994000,17.327026
2013-01-24,20.190001,20.360001,20.059999,20.24,2212200,17.395784
2013-01-25,20.25,20.34,20.1,20.33,2073700,17.473137
2013-01-28,20.290001,20.4,20.030001,20.25,1879100,17.404379
2013-01-29,20.24,20.530001,20.18,20.530001,3155400,17.645032
2013-01-30,20.51,20.610001,20.43,20.51,2146000,17.627843
2013-01-31,20.49,20.530001,20.379999,20.440001,2409700,17.56768
2013-02-01,20.530001,20.620001,20.49,20.559999,2774500,17.670816
2013-02-04,20.51,20.59,20.48,20.530001,1791500,17.645032
2013-02-05,20.57,20.74,20.57,20.67,3362000,17.765359
2013-02-06,20.59,20.809999,20.450001,20.780001,4258100,17.859901
2013-02-07,20.84,20.870001,20.639999,20.870001,3014000,17.937254
2013-02-08,20.85,20.91,20.75,20.91,2246000,17.971632
2013-02-11,20.91,20.969999,20.799999,20.92,3130100,17.980227
2013-02-12,20.879999,21.059999,20.83,21.049999,3336800,18.091958
2013-02-13,20.870001,21.01,20.66,20.780001,3448400,18.037274
2013-02-14,20.76,20.860001,20.389999,20.43,6194000,17.73347
2013-02-15,20.43,20.57,20.32,20.41,6050500,17.716109
2013-02-19,20.5,20.799999,20.43,20.51,5022600,17.802911
2013-02-20,20.48,20.83,20.48,20.700001,3801500,17.967833
2013-02-21,20.639999,20.790001,20.540001,20.67,2942700,17.941792
2013-02-22,20.709999,20.92,20.68,20.9,3329500,18.141435
2013-02-25,20.940001,21.17,20.52,20.52,3592100,17.811591
2013-02-26,20.629999,20.9,20.5,20.700001,4635700,17.967833
2013-02-27,20.75,21.530001,20.75,21.23,9133900,18.427878
2013-02-28,21.280001,21.52,21.16,21.43,4961900,18.601481
2013-03-01,21.48,21.559999,21.27,21.530001,3290200,18.688283
2013-03-04,21.48,21.67,21.43,21.65,2023500,18.792443
2013-03-05,21.709999,21.950001,21.68,21.860001,3465500,18.974726
2013-03-06,21.889999,21.9,21.610001,21.709999,2227000,18.844523
2013-03-07,21.700001,21.780001,21.6,21.629999,2092500,18.775082
2013-03-08,21.719999,21.870001,21.629999,21.82,2884400,18.940005
2013-03-11,21.799999,21.92,21.76,21.85,1452900,18.966046
2013-03-12,21.879999,21.940001,21.74,21.77,1797700,18.896605
2013-03-13,21.82,21.879999,21.74,21.870001,1769300,18.983406
2013-03-14,21.860001,21.9,21.74,21.84,2409600,18.957366
2013-03-15,23.84,24.01,22.83,23.41,24499700,20.320143
2013-03-18,23.040001,23.52,22.959999,23.110001,7814300,20.05974
2013-03-19,23.209999,23.27,22.84,22.969999,3221900,19.938217
2013-03-20,23.040001,23.219999,22.99,23.120001,2810000,20.068421
2013-03-21,23.0,23.469999,22.950001,23.440001,5159800,20.346184
2013-03-22,23.4,23.65,23.360001,23.43,3480000,20.337504
2013-03-25,23.5,23.65,23.200001,23.41,3283400,20.320143
2013-03-26,23.549999,23.76,23.49,23.75,2971200,20.615267
2013-03-27,23.6,23.799999,23.559999,23.67,2384900,20.545826
2013-03-28,23.709999,24.049999,23.639999,23.959999,3165200,20.797548
2013-04-01,23.889999,23.99,23.700001,23.799999,2002900,20.658667
2013-04-02,23.860001,24.08,23.84,23.959999,2891200,20.797548
2013-04-03,23.98,24.040001,23.66,23.73,2647100,20.597906
2013-04-04,23.780001,24.02,23.75,23.940001,3438100,20.780189
2013-04-05,23.639999,23.93,23.52,23.870001,3275800,20.719429
2013-04-08,23.85,24.08,23.82,24.07,2957800,20.89303
2013-04-09,24.15,24.200001,23.92,23.940001,4057700,20.780189
2013-04-10,24.0,24.15,23.959999,24.1,2946400,20.919071
2013-04-11,24.18,24.26,24.110001,24.23,1973800,21.031912
2013-04-12,24.18,24.24,24.02,24.02,2731800,20.84963
2013-04-15,24.0,24.040001,23.51,23.51,3865900,20.406944
2013-04-16,23.67,23.860001,23.540001,23.85,3585500,20.702068
2013-04-17,23.74,23.84,23.42,23.57,3483200,20.459025
2013-04-18,23.58,23.879999,23.559999,23.74,2736900,20.606587
2013-04-19,23.84,24.16,23.75,24.139999,1787500,20.953791
2013-04-22,24.110001,24.190001,23.860001,24.02,1734800,20.84963
2013-04-23,24.110001,24.200001,23.91,24.190001,1756700,20.997192
2013-04-24,24.280001,24.34,24.120001,24.190001,1915700,20.997192
2013-04-25,24.34,24.440001,24.219999,24.32,1679500,21.110033
2013-04-26,24.299999,24.43,24.25,24.26,1515300,21.057953
2013-04-29,24.360001,24.700001,24.26,24.52,2232400,21.283636
2013-04-30,24.559999,24.690001,24.370001,24.68,2899100,21.422518
2013-05-01,24.68,24.73,24.27,24.34,3023000,21.127394
2013-05-02,24.1,24.4,23.93,24.139999,3701600,20.953791
2013-05-03,24.17,24.59,23.959999,24.34,5153200,21.127394
2013-05-06,24.299999,24.32,24.120001,24.18,3518800,20.988512
2013-05-07,24.25,24.42,24.190001,24.379999,3903800,21.162113
2013-05-08,24.33,24.469999,24.120001,24.219999,1998500,21.023232
2013-05-09,23.969999,24.299999,23.950001,24.09,3433800,20.910391
2013-05-10,24.1,24.23,24.030001,24.209999,2137500,21.014551
2013-05-13,24.1,24.190001,24.0,24.08,3067400,20.901711
2013-05-14,23.83,24.299999,23.76,24.129999,3969800,21.126724
2013-05-15,24.1,24.530001,24.059999,24.41,2756100,21.371875
2013-05-16,24.33,24.41,24.07,24.1,2381500,21.100459
2013-05-17,24.16,24.370001,24.08,24.299999,2542500,21.275565
2013-05-20,24.209999,24.389999,24.15,24.27,2061800,21.2493
2013-05-21,24.290001,24.52,24.190001,24.370001,1703500,21.336854
2013-05-22,24.34,24.48,23.68,23.74,2620300,20.785265
2013-05-23,23.57,23.940001,23.450001,23.860001,3264600,20.89033
2013-05-24,23.65,23.790001,23.440001,23.559999,2005600,20.627668
2013-05-28,23.629999,23.870001,23.309999,23.43,2122200,20.513848
2013-05-29,23.26,23.34,22.809999,23.040001,2358000,20.172389
2013-05-30,23.139999,23.6,23.059999,23.200001,2396200,20.312475
2013-05-31,23.15,23.719999,23.09,23.18,4218900,20.294964
2013-06-03,23.190001,23.42,22.969999,23.200001,3309900,20.312475
2013-06-04,23.15,23.49,22.98,23.110001,4100500,20.233677
2013-06-05,23.030001,23.23,22.709999,22.85,5134900,20.006037
2013-06-06,22.84,23.16,22.65,23.15,3955200,20.268697
2013-06-07,23.209999,23.41,23.02,23.389999,1981000,20.478826
2013-06-10,23.41,23.549999,23.190001,23.33,2435500,20.426294
2013-06-11,23.190001,23.26,23.01,23.120001,3635000,20.242432
2013-06-12,23.24,23.41,22.91,23.07,3651800,20.198654
2013-06-13,23.030001,23.68,22.950001,23.620001,2950700,20.680201
2013-06-14,23.57,23.809999,23.5,23.709999,2203000,20.758998
2013-06-17,23.85,23.9,23.43,23.540001,2597700,20.610158
2013-06-18,23.6,23.809999,23.52,23.67,2153000,20.723977
2013-06-19,23.67,23.73,23.09,23.09,2206200,20.216165
2013-06-20,22.940001,22.99,22.41,22.49,2897100,19.690843
2013-06-21,22.65,22.92,22.219999,22.76,3039800,19.927238
2013-06-24,22.58,22.809999,22.360001,22.620001,2138000,19.804663
2013-06-25,22.809999,23.16,22.68,23.07,3109700,20.198654
2013-06-26,23.200001,23.41,23.040001,23.299999,2217800,20.400028
2013-06-27,23.379999,23.629999,23.309999,23.49,1907200,20.56638
2013-06-28,23.459999,23.75,23.309999,23.49,3130800,20.56638
2013-07-01,23.780001,23.780001,23.200001,23.27,2749400,20.373763
2013-07-02,23.25,23.58,23.23,23.450001,3049400,20.53136
2013-07-03,23.299999,23.459999,23.23,23.360001,785500,20.452561
2013-07-05,23.42,23.42,23.08,23.34,1646600,20.43505
2013-07-08,23.450001,23.799999,23.4,23.68,1770700,20.732733
2013-07-09,23.790001,23.870001,23.66,23.860001,1837500,20.89033
2013-07-10,23.799999,24.07,23.719999,24.040001,1583300,21.047927
2013-07-11,24.299999,24.35,24.01,24.309999,1451500,21.284321
2013-07-12,24.32,24.42,24.129999,24.4,947600,21.363119
2013-07-15,24.33,24.709999,24.32,24.639999,2520800,21.573248
2013-07-16,24.67,24.709999,24.35,24.51,1701400,21.459429
2013-07-17,24.620001,24.700001,24.309999,24.459999,1609800,21.415651
2013-07-18,24.530001,24.83,24.49,24.74,1216400,21.660802
2013-07-19,24.74,24.83,24.35,24.639999,2350000,21.573248
2013-07-22,24.73,24.77,24.51,24.58,1290000,21.520716
2013-07-23,24.610001,24.83,24.530001,24.780001,1439200,21.695825
2013-07-24,24.74,24.780001,24.370001,24.450001,1489700,21.406897
2013-07-25,24.35,24.889999,24.35,24.709999,2547200,21.634536
2013-07-26,24.49,24.82,24.33,24.82,2962700,21.730845
2013-07-29,24.76,24.84,24.65,24.67,1279200,21.599515
2013-07-30,24.799999,24.889999,24.76,24.83,1603400,21.739601
2013-07-31,24.75,24.99,24.58,24.82,5029000,21.730845
2013-08-01,25.379999,25.65,24.709999,25.16,2936800,22.028528
2013-08-02,25.18,25.280001,24.91,25.110001,2177300,21.984752
2013-08-05,25.01,25.049999,24.57,24.58,4146900,21.520716
2013-08-06,24.610001,24.92,24.5,24.620001,3107700,21.555739
2013-08-07,24.5,24.75,24.459999,24.530001,2325600,21.47694
2013-08-08,24.389999,24.75,24.33,24.4,9297200,21.363119
2013-08-09,24.4,24.440001,24.129999,24.25,9119800,21.231789
2013-08-12,24.139999,24.24,24.02,24.110001,8489100,21.109214
2013-08-13,24.110001,24.17,23.92,24.030001,3801400,21.039171
2013-08-14,23.76,23.9,23.469999,23.549999,2383600,20.79807
2013-08-15,23.450001,23.469999,23.24,23.290001,2749300,20.568454
2013-08-16,23.27,23.33,23.07,23.18,3565300,20.471308
2013-08-19,23.129999,23.209999,22.879999,22.93,2888800,20.250521
2013-08-20,22.93,23.43,22.870001,23.309999,3711900,20.586116
2013-08-21,23.18,23.26,22.969999,23.0,2443800,20.312341
2013-08-22,23.0,23.139999,22.9,23.01,1605600,20.321173
2013-08-23,23.01,23.25,22.9,23.17,1646900,20.462476
2013-08-26,23.15,23.200001,22.950001,22.99,2233900,20.30351
2013-08-27,22.809999,23.209999,22.73,23.040001,3174000,20.347668
2013-08-28,23.01,23.32,22.92,23.200001,3174600,20.488971
2013-08-29,23.1,23.27,23.0,23.049999,1995400,20.356498
2013-08-30,23.040001,23.139999,22.82,22.93,2228100,20.250521
2013-09-03,23.09,23.129999,22.66,22.76,2859700,20.100387
2013-09-04,22.75,22.950001,22.49,22.93,3224100,20.250521
2013-09-05,22.91,23.030001,22.700001,22.76,2314100,20.100387
2013-09-06,22.860001,23.030001,22.75,22.809999,2877900,20.144543
2013-09-09,22.83,23.15,22.83,23.02,1969400,20.330005
2013-09-10,23.1,23.17,22.969999,23.110001,2033600,20.409488
2013-09-11,23.09,23.129999,22.690001,22.860001,3413300,20.188701
2013-09-12,22.879999,22.99,22.68,22.870001,2444500,20.197533
2013-09-13,22.889999,23.059999,22.84,22.889999,1588200,20.215195
2013-09-16,23.139999,23.200001,22.84,22.870001,3118300,20.197533
2013-09-17,22.91,23.49,22.870001,23.49,3329800,20.745082
2013-09-18,23.48,24.4,23.450001,24.309999,7327000,21.469261
2013-09-19,24.360001,24.629999,24.02,24.209999,5124000,21.380946
2013-09-20,24.209999,24.360001,23.879999,23.92,5236500,21.124835
2013-09-23,23.879999,24.26,23.76,24.25,3785000,21.416273
2013-09-24,24.200001,24.24,24.01,24.030001,2652500,21.221982
2013-09-25,24.01,24.219999,23.950001,24.0,2046800,21.195487
2013-09-26,23.99,24.23,23.959999,24.09,2766600,21.27497
2013-09-27,23.98,24.17,23.84,23.93,2304500,21.133667
2013-09-30,23.809999,24.049999,23.719999,23.969999,3036200,21.168992
2013-10-01,24.02,24.379999,23.940001,24.190001,2888700,21.363285
2013-10-02,24.120001,24.6,24.030001,24.41,3749200,21.557576
2013-10-03,24.299999,24.299999,23.83,23.870001,3406400,21.080678
2013-10-04,23.860001,24.18,23.83,24.129999,2884400,21.310295
2013-10-07,23.99,24.139999,23.870001,23.870001,1365900,21.080678
2013-10-08,23.85,24.07,23.75,23.85,2870000,21.063015
2013-10-09,23.950001,24.33,23.82,23.93,2248600,21.133667
2013-10-10,24.02,24.360001,23.83,24.34,1577500,21.495756
2013-10-11,24.24,24.459999,24.16,24.459999,1450800,21.601733
2013-10-14,24.360001,24.43,23.98,24.41,2343300,21.557576
2013-10-15,24.299999,24.469999,24.030001,24.040001,2088500,21.230813
2013-10-16,24.18,24.379999,24.08,24.35,2584400,21.504588
2013-10-17,24.27,24.75,24.17,24.68,1828600,21.796026
2013-10-18,24.77,24.83,24.57,24.6,2679800,21.725374
2013-10-21,24.549999,24.690001,24.469999,24.6,1839800,21.725374
2013-10-22,24.66,24.940001,24.559999,24.709999,3481400,21.822519
2013-10-23,24.690001,25.02,24.59,24.68,3514400,21.796026
2013-10-24,24.77,24.83,24.43,24.620001,1846900,21.743037
2013-10-25,24.610001,24.889999,24.48,24.870001,2429900,21.963824
2013-10-28,24.940001,25.040001,24.700001,24.84,2690300,21.937329
2013-10-29,24.84,24.93,24.549999,24.799999,2056500,21.902002
2013-10-30,24.879999,25.01,24.440001,24.48,2753600,21.619396
2013-10-31,24.51,24.75,24.25,24.6,3046300,21.725374
2013-11-01,24.639999,24.719999,24.389999,24.41,3496600,21.557576
2013-11-04,24.48,24.58,24.219999,24.450001,2264600,21.592903
2013-11-05,24.42,24.5,24.24,24.26,2911200,21.425105
2013-11-06,24.25,25.17,24.07,25.049999,6943300,22.122788
2013-11-07,25.129999,25.299999,24.690001,24.73,3674000,21.840182
2013-11-08,24.65,24.83,24.35,24.82,9744800,21.919665
2013-11-11,24.870001,25.129999,24.76,25.0,2677500,22.078632
2013-11-12,24.9,25.02,24.809999,24.9,12282500,21.990317
2013-11-13,24.559999,24.99,24.450001,24.98,3029200,22.245905
2013-11-14,25.049999,25.139999,24.82,24.940001,2643000,22.210284
2013-11-15,24.92,25.07,24.790001,25.07,7225800,22.326054
2013-11-18,25.07,25.1,24.82,24.91,4160300,22.183567
2013-11-19,24.84,24.93,24.6,24.68,1856200,21.978741
2013-11-20,24.700001,24.790001,24.360001,24.389999,2351000,21.720481
2013-11-21,24.469999,24.67,24.35,24.540001,2765600,21.854065
2013-11-22,24.540001,25.049999,24.459999,24.98,8578100,22.245905
2013-11-25,25.01,25.030001,24.799999,24.870001,3862800,22.147946
2013-11-26,24.200001,24.23,22.940001,23.58,22806800,20.999137
2013-11-27,23.559999,23.58,23.360001,23.450001,9252800,20.883366
2013-11-29,23.42,23.6,23.35,23.43,3062100,20.865555
2013-12-02,23.17,23.42,22.969999,23.129999,6728500,20.598389
2013-12-03,23.02,23.17,22.92,23.049999,5254800,20.527146
2013-12-04,22.799999,23.09,22.700001,23.09,3277300,20.562768
2013-12-05,23.0,23.23,22.83,23.190001,4889300,20.651824
2013-12-06,23.26,23.5,23.01,23.360001,6625800,20.803217
2013-12-09,23.360001,23.379999,23.01,23.290001,3158000,20.740879
2013-12-10,23.219999,23.5,23.16,23.24,4628500,20.69635
2013-12-11,23.190001,23.27,22.76,22.85,3826200,20.349037
2013-12-12,22.82,23.040001,22.809999,22.85,2201800,20.349037
2013-12-13,22.84,22.9,22.620001,22.68,3138100,20.197644
2013-12-16,22.84,23.01,22.629999,22.790001,3075100,20.295604
2013-12-17,22.75,23.02,22.65,22.889999,4905400,20.384658
2013-12-18,22.85,23.030001,22.459999,22.99,3646500,20.473713
2013-12-19,22.870001,22.889999,22.57,22.76,2527600,20.268887
2013-12-20,22.780001,23.51,22.780001,23.25,6128700,20.705256
2013-12-23,23.299999,23.360001,23.02,23.059999,2700100,20.536051
2013-12-24,23.08,23.219999,22.959999,23.15,745000,20.616201
2013-12-26,23.16,23.25,23.0,23.07,1472800,20.544957
2013-12-27,23.07,23.24,23.01,23.120001,1436900,20.589485
2013-12-30,23.139999,23.23,23.07,23.110001,2159200,20.58058
2013-12-31,23.120001,23.23,23.030001,23.18,1945900,20.642918
2014-01-02,23.17,23.290001,22.809999,22.82,2980400,20.32232
2014-01-03,22.860001,23.0,22.700001,22.809999,3187900,20.313414
2014-01-06,22.93,22.940001,22.690001,22.84,2697800,20.340131
2014-01-07,22.879999,23.200001,22.809999,23.08,2760300,20.553863
2014-01-08,23.02,23.1,22.76,22.84,2521700,20.340131
2014-01-09,22.85,23.110001,22.709999,23.1,3654400,20.571674
2014-01-10,23.23,23.68,23.219999,23.379999,5118800,20.821027
2014-01-13,23.290001,23.360001,23.0,23.040001,5265600,20.518242
2014-01-14,23.040001,23.280001,23.0,23.23,3566000,20.687445
2014-01-15,23.209999,23.469999,23.09,23.459999,6575700,20.89227
2014-01-16,23.450001,23.620001,23.26,23.559999,5048000,20.981326
2014-01-17,23.58,23.6,23.41,23.42,2868100,20.856649
2014-01-21,23.5,23.74,23.469999,23.709999,2551900,21.114908
2014-01-22,23.690001,23.870001,23.68,23.790001,1708000,21.186153
2014-01-23,23.709999,23.76,23.41,23.57,2523700,20.990231
2014-01-24,23.450001,23.639999,23.15,23.15,2767400,20.616201
2014-01-27,23.17,23.299999,23.09,23.18,2559900,20.642918
2014-01-28,23.18,23.370001,23.139999,23.34,2212800,20.785406
2014-01-29,23.200001,23.370001,23.02,23.15,2779400,20.616201
2014-01-30,23.26,23.620001,23.25,23.549999,2780100,20.97242
2014-01-31,23.34,23.77,23.33,23.4,7158900,20.838838
2014-02-03,23.469999,23.639999,22.959999,23.049999,4106100,20.527146
2014-02-04,23.15,23.18,22.870001,23.059999,3668600,20.536051
2014-02-05,22.969999,23.09,22.620001,23.040001,5107600,20.518242
2014-02-06,23.040001,23.209999,22.950001,23.18,4360200,20.642918
2014-02-07,23.24,23.469999,23.18,23.33,3168100,20.7765
2014-02-10,23.290001,23.43,23.1,23.4,3059400,20.838838
2014-02-11,23.360001,23.57,23.299999,23.559999,3701500,20.981326
2014-02-12,23.280001,23.52,23.280001,23.299999,3341000,20.961534
2014-02-13,23.219999,23.52,23.15,23.5,3591300,21.141462
2014-02-14,23.440001,24.059999,23.379999,24.049999,5238300,21.636262
2014-02-18,24.0,24.15,23.719999,24.09,5914600,21.672248
2014-02-19,23.99,24.469999,23.93,24.139999,5924300,21.717229
2014-02-20,24.18,24.540001,24.059999,24.280001,3884500,21.843179
2014-02-21,24.26,24.530001,24.16,24.48,3749600,22.023106
2014-02-24,24.549999,24.700001,24.370001,24.379999,3178600,21.933142
2014-02-25,24.360001,24.48,23.99,24.190001,5774500,21.762212
2014-02-26,24.280001,24.370001,23.530001,23.549999,10724700,21.186443
2014-02-27,23.52,23.780001,23.450001,23.559999,7500600,21.19544
2014-02-28,23.6,23.73,23.549999,23.65,2565700,21.276407
2014-03-03,23.530001,23.59,23.299999,23.48,4131900,21.123469
2014-03-04,23.66,23.77,23.5,23.610001,2064900,21.240423
2014-03-05,23.610001,23.610001,23.24,23.33,3139300,20.988524
2014-03-06,23.389999,23.49,23.209999,23.25,3322500,20.916553
2014-03-07,23.23,23.23,23.01,23.190001,2119500,20.862575
2014-03-10,23.209999,23.24,23.01,23.09,3435500,20.772611
2014-03-11,23.16,23.4,22.940001,23.309999,5707400,20.970531
2014-03-12,23.27,23.459999,23.200001,23.42,8262500,21.069491
2014-03-13,23.5,24.120001,23.459999,23.940001,10242900,21.537303
2014-03-14,23.91,24.02,23.77,23.9,4598900,21.501316
2014-03-17,23.940001,24.26,23.9,24.25,4702700,21.81619
2014-03-18,24.26,24.27,24.02,24.049999,3043900,21.636262
2014-03-19,24.07,24.1,23.74,23.870001,6345700,21.474328
2014-03-20,23.77,23.799999,23.57,23.700001,2241600,21.32139
2014-03-21,23.780001,24.030001,23.6,23.719999,6313200,21.339382
2014-03-24,23.780001,23.870001,23.42,23.540001,5560800,21.177448
2014-03-25,23.59,23.639999,23.27,23.389999,5681800,21.042502
2014-03-26,23.440001,23.629999,23.280001,23.280001,5426300,20.943543
2014-03-27,23.389999,23.469999,23.16,23.389999,6396000,21.042502
2014-03-28,23.52,23.620001,23.42,23.540001,2740000,21.177448
2014-03-31,23.620001,23.82,23.52,23.690001,3592000,21.312394
2014-04-01,23.719999,24.139999,23.639999,23.82,5407900,21.429346
2014-04-02,23.780001,24.059999,23.51,23.969999,4847400,21.564291
2014-04-03,24.049999,24.1,23.67,23.870001,6579500,21.474328
2014-04-04,23.950001,24.16,23.780001,23.799999,3865600,21.411352
2014-04-07,23.799999,23.889999,23.370001,23.389999,4901400,21.042502
2014-04-08,23.49,23.700001,23.190001,23.690001,5740800,21.312394
2014-04-09,23.690001,23.91,23.530001,23.860001,3842100,21.465332
2014-04-10,23.9,24.219999,23.83,23.959999,4125800,21.555294
2014-04-11,23.92,24.34,23.84,24.0,7084800,21.59128
2014-04-14,24.08,24.17,23.85,24.049999,5813400,21.636262
2014-04-15,24.110001,24.469999,24.07,24.459999,4810200,22.005113
2014-04-16,24.549999,24.73,24.35,24.700001,5560700,22.221027
2014-04-17,24.629999,24.809999,24.459999,24.610001,3965900,22.140059
2014-04-21,24.629999,24.66,24.35,24.4,3559300,21.951135
2014-04-22,24.469999,24.65,24.299999,24.549999,5425500,22.08608
2014-04-23,24.610001,24.84,24.57,24.620001,2971700,22.149056
2014-04-24,24.639999,24.780001,24.43,24.559999,3745600,22.095077
2014-04-25,24.57,24.9,24.48,24.860001,4498100,22.364969
2014-04-28,24.889999,24.959999,24.610001,24.82,5253400,22.328982
2014-04-29,24.83,24.940001,24.57,24.59,4381300,22.122066
2014-04-30,24.620001,24.860001,24.6,24.76,5082900,22.275005
2014-05-01,25.23,25.549999,24.57,24.74,4730300,22.257011
2014-05-02,24.65,24.690001,24.23,24.290001,4531300,21.852176
2014-05-05,24.27,24.52,24.24,24.469999,3146000,22.014109
2014-05-06,24.48,24.48,24.24,24.25,2743500,21.81619
2014-05-07,24.299999,24.540001,24.27,24.51,3346100,22.050095
2014-05-08,24.559999,24.639999,24.280001,24.360001,3067300,21.91515
2014-05-09,24.34,24.41,23.93,23.950001,3727200,21.546299
2014-05-12,23.950001,24.059999,23.73,23.73,3760000,21.348378
2014-05-13,23.76,23.860001,23.549999,23.67,5308700,21.2944
2014-05-14,23.450001,23.870001,23.41,23.700001,3903900,21.537952
2014-05-15,23.700001,23.82,23.549999,23.549999,2965300,21.401634
2014-05-16,23.58,23.879999,23.450001,23.879999,5125100,21.70153
2014-05-19,23.82,23.83,23.469999,23.51,3287700,21.365284
2014-05-20,23.51,23.68,23.389999,23.639999,3624200,21.483424
2014-05-21,23.67,23.73,23.52,23.68,3494100,21.519776
2014-05-22,23.68,24.110001,23.610001,24.030001,3863000,21.837847
2014-05-23,24.0,24.049999,23.84,23.870001,2563800,21.692444
2014-05-27,24.0,24.120001,23.860001,23.959999,2888400,21.774232
2014-05-28,23.99,24.07,23.92,24.01,2664600,21.819672
2014-05-29,24.01,24.08,23.860001,24.059999,1822800,21.86511
2014-05-30,24.01,24.16,23.950001,24.120001,4123800,21.919637
2014-06-02,24.09,24.15,23.969999,24.08,1709300,21.883285
2014-06-03,24.030001,24.110001,23.940001,24.02,5392900,21.828759
2014-06-04,23.99,24.01,23.879999,23.940001,2108600,21.756058
2014-06-05,23.93,24.1,23.85,24.1,3267600,21.901461
2014-06-06,24.17,24.24,24.02,24.049999,3430800,21.856022
2014-06-09,24.01,24.08,23.879999,23.93,2401000,21.74697
2014-06-10,23.9,24.07,23.82,23.889999,3554300,21.710618
2014-06-11,23.83,23.93,23.6,23.809999,2832000,21.637916
2014-06-12,23.790001,23.99,23.629999,23.950001,3110200,21.765146
2014-06-13,23.950001,24.040001,23.790001,24.01,2173800,21.819672
2014-06-16,24.18,24.74,24.110001,24.629999,5627000,22.383111
2014-06-17,24.549999,24.610001,24.17,24.48,4779900,22.246795
2014-06-18,24.49,24.82,24.450001,24.77,5618200,22.51034
2014-06-19,24.799999,24.99,24.74,24.969999,5703200,22.692094
2014-06-20,24.99,25.01,24.530001,24.58,12311000,22.337673
2014-06-23,24.65,24.780001,24.559999,24.610001,3397700,22.364936
2014-06-24,24.629999,24.92,24.559999,24.76,9087400,22.501252
2014-06-25,24.709999,25.09,24.709999,25.059999,3452700,22.773884
2014-06-26,25.01,25.209999,24.85,25.16,5318200,22.864762
2014-06-27,25.16,25.41,25.08,25.360001,3334900,23.046517
2014-06-30,25.379999,25.75,25.309999,25.540001,6810900,23.210097
2014-07-01,25.58,25.620001,25.379999,25.379999,4410300,23.064691
2014-07-02,25.34,25.35,24.860001,24.91,2982100,22.637568
2014-07-03,24.92,25.01,24.66,24.77,1931600,22.51034
2014-07-07,24.76,24.93,24.719999,24.780001,2465900,22.519428
2014-07-08,24.74,25.030001,24.74,24.83,2977100,22.564866
2014-07-09,24.9,25.02,24.77,24.9,2051900,22.62848
2014-07-10,24.85,25.059999,24.77,25.059999,2049800,22.773884
2014-07-11,25.040001,25.15,24.91,24.969999,1817400,22.692094
2014-07-14,25.0,25.09,24.690001,24.719999,2253600,22.4649
2014-07-15,24.76,24.950001,24.719999,24.9,2708000,22.62848
2014-07-16,24.9,24.950001,24.690001,24.92,2523400,22.646656
2014-07-17,24.83,25.139999,24.780001,24.809999,3407500,22.54669
2014-07-18,25.0,25.1,24.799999,25.07,2906300,22.782972
2014-07-21,24.99,25.23,24.940001,25.129999,2195700,22.837498
2014-07-22,25.17,25.280001,25.120001,25.120001,1288900,22.828412
2014-07-23,25.120001,25.129999,24.99,25.0,1192200,22.719358
2014-07-24,25.049999,25.219999,24.91,25.16,2250300,22.864762
2014-07-25,25.07,25.139999,24.860001,24.870001,1339600,22.601218
2014-07-28,24.84,25.24,24.83,25.15,2244700,22.855674
2014-07-29,25.18,25.23,24.889999,24.98,2983300,22.701182
2014-07-30,25.02,25.1,24.48,24.559999,3241200,22.319497
2014-07-31,24.450001,24.65,24.299999,24.32,4623500,22.101391
2014-08-01,24.290001,24.65,24.25,24.49,3434700,22.255883
2014-08-04,24.48,24.48,23.98,24.450001,5408500,22.219533
2014-08-05,24.299999,24.360001,23.870001,23.940001,4632300,21.756058
2014-08-06,23.98,24.01,23.469999,23.559999,9841000,21.410722
2014-08-07,23.6,24.01,23.6,23.879999,3876000,21.70153
2014-08-08,23.99,24.35,23.969999,24.33,2854600,22.110479
2014-08-11,24.360001,24.549999,24.26,24.360001,4147700,22.137743
2014-08-12,24.360001,24.530001,24.290001,24.389999,3571700,22.165005
2014-08-13,24.17,24.35,24.07,24.23,2980500,22.236588
2014-08-14,24.280001,24.540001,24.209999,24.5,2438800,22.484376
2014-08-15,24.5,24.700001,24.290001,24.51,4625800,22.493553
2014-08-18,24.58,24.690001,24.34,24.389999,2434200,22.383425
2014-08-19,24.4,24.66,24.379999,24.65,2548900,22.622035
2014-08-20,24.83,24.91,24.530001,24.73,2588500,22.695453
2014-08-21,24.74,24.9,24.67,24.690001,1732300,22.658745
2014-08-22,24.65,24.75,24.459999,24.52,2102600,22.502731
2014-08-25,24.549999,24.85,24.530001,24.790001,2845300,22.750518
2014-08-26,24.860001,24.879999,24.52,24.559999,1718700,22.539439
2014-08-27,24.610001,24.719999,24.549999,24.629999,1759500,22.60368
2014-08-28,24.549999,24.85,24.549999,24.84,993200,22.796404
2014-08-29,24.870001,24.9,24.700001,24.84,2789100,22.796404
2014-09-02,24.85,24.9,24.610001,24.74,2273100,22.70463
2014-09-03,24.76,24.969999,24.76,24.879999,1577300,22.833112
2014-09-04,24.84,24.92,24.620001,24.75,2362100,22.713808
2014-09-05,24.77,25.059999,24.77,25.02,2073500,22.961595
2014-09-08,25.02,25.09,24.75,24.85,2578200,22.805581
2014-09-09,24.790001,24.950001,24.67,24.690001,2935500,22.658745
2014-09-10,24.690001,24.74,24.5,24.610001,3226700,22.585326
2014-09-11,24.620001,24.780001,24.57,24.75,1775700,22.713808
2014-09-12,24.67,24.700001,24.190001,24.25,2217800,22.254943
2014-09-15,24.290001,24.440001,24.23,24.27,2884600,22.273298
2014-09-16,24.23,24.530001,24.219999,24.43,2780800,22.420135
2014-09-17,24.5,24.620001,24.16,24.360001,4665200,22.355894
2014-09-18,24.370001,24.43,24.139999,24.219999,2475700,22.227411
2014-09-19,24.219999,24.280001,24.030001,24.059999,7954100,22.080574
2014-09-22,24.17,24.17,23.83,23.85,4821000,21.887852
2014-09-23,23.799999,23.879999,23.73,23.860001,5104800,21.897029
2014-09-24,23.889999,24.01,23.790001,23.870001,3851000,21.906207
2014-09-25,23.84,24.209999,23.799999,23.940001,4138900,21.970448
2014-09-26,23.940001,24.5,23.809999,24.389999,6338500,22.383425
2014-09-29,24.35,24.51,24.290001,24.459999,3074000,22.447666
2014-09-30,24.49,24.700001,24.389999,24.469999,3960300,22.456843
2014-10-01,24.52,24.75,24.49,24.540001,2987000,22.521086
2014-10-02,24.540001,24.68,24.43,24.530001,3064400,22.511908
2014-10-03,24.57,24.83,24.459999,24.73,2168500,22.695453
2014-10-06,24.75,24.84,24.51,24.620001,1999300,22.594504
2014-10-07,24.58,24.719999,24.469999,24.48,3213800,22.466021
2014-10-08,24.469999,24.790001,24.41,24.75,4941800,22.713808
2014-10-09,24.75,24.84,24.1,24.190001,4097900,22.19988
2014-10-10,24.290001,24.459999,23.940001,24.08,5240900,22.098929
2014-10-13,24.040001,24.15,23.129999,23.16,10151100,21.254618
2014-10-14,23.280001,23.309999,22.629999,22.809999,9142700,20.933412
2014-10-15,22.51,22.59,21.07,22.139999,9788900,20.318533
2014-10-16,21.9,22.83,21.77,22.549999,9922700,20.694802
2014-10-17,22.73,23.32,22.530001,23.17,7457600,21.263795
2014-10-20,23.16,23.65,23.059999,23.540001,3750900,21.603356
2014-10-21,23.629999,23.99,23.530001,23.870001,3943400,21.906207
2014-10-22,23.870001,24.16,23.51,23.52,5155000,21.585001
2014-10-23,23.690001,24.02,23.58,23.82,3148200,21.860319
2014-10-24,23.879999,24.139999,23.799999,24.0,2016700,22.025511
2014-10-27,24.02,24.219999,23.9,24.01,3847700,22.034688
2014-10-28,24.1,24.290001,24.040001,24.290001,3193000,22.291653
2014-10-29,24.33,24.450001,23.879999,24.200001,2371000,22.209057
2014-10-30,24.219999,24.559999,24.18,24.41,4420500,22.40178
2014-10-31,24.5,24.58,24.24,24.549999,5079900,22.530261
2014-11-03,24.629999,25.1,24.559999,24.879999,6256500,22.833112
2014-11-04,24.790001,24.92,24.389999,24.639999,4808700,22.612857
2014-11-05,24.950001,25.209999,24.43,25.129999,9388400,23.062544
2014-11-06,25.08,25.110001,24.530001,24.940001,5957100,22.888177
2014-11-07,24.98,25.27,24.92,25.23,4157700,23.154318
2014-11-10,25.25,25.389999,25.1,25.379999,3213700,23.291977
2014-11-11,25.43,25.559999,25.129999,25.299999,3106600,23.218559
2014-11-12,24.74,24.940001,24.559999,24.57,5329600,22.762748
2014-11-13,24.620001,24.73,24.16,24.190001,4326600,22.410699
2014-11-14,24.110001,24.209999,23.98,24.040001,3989700,22.271733
2014-11-17,24.049999,24.450001,23.950001,24.379999,2971500,22.586723
2014-11-18,24.370001,24.66,24.24,24.59,2906000,22.781277
2014-11-19,24.5,24.629999,24.34,24.379999,2604800,22.586723
2014-11-20,24.309999,24.51,24.219999,24.33,1806000,22.540401
2014-11-21,24.59,24.610001,24.18,24.34,6072900,22.549666
2014-11-24,24.4,24.549999,24.299999,24.35,2973200,22.55893
2014-11-25,24.42,24.440001,24.15,24.309999,3464500,22.521872
2014-11-26,24.370001,24.43,24.219999,24.27,1887800,22.484815
2014-11-28,24.25,24.370001,23.85,23.940001,3599900,22.179088
2014-12-01,23.85,23.879999,23.4,23.5,5473000,21.771452
2014-12-02,23.469999,23.9,23.41,23.77,5478200,22.021593
2014-12-03,23.809999,24.15,23.76,24.09,3590000,22.318055
2014-12-04,24.059999,24.17,23.870001,23.92,4794300,22.160559
2014-12-05,23.74,23.93,23.48,23.549999,3944600,21.817774
2014-12-08,23.52,23.83,23.209999,23.299999,4249200,21.586162
2014-12-09,23.190001,23.6,23.190001,23.450001,3913300,21.725131
2014-12-10,23.43,23.48,22.52,22.65,6864200,20.983974
2014-12-11,22.700001,23.0,22.559999,22.58,4688400,20.919123
2014-12-12,22.51,22.59,22.0,22.0,5688700,20.381785
2014-12-15,22.07,22.120001,21.48,21.540001,5500300,19.955621
2014-12-16,21.530001,22.25,21.41,21.709999,5647900,20.113115
2014-12-17,21.860001,22.530001,21.700001,22.49,5405400,20.835743
2014-12-18,22.549999,23.0,22.49,23.0,4709000,21.30823
2014-12-19,23.08,23.23,22.91,23.1,6554700,21.400875
2014-12-22,23.110001,23.290001,22.879999,23.27,3546000,21.55837
2014-12-23,23.370001,23.549999,23.290001,23.450001,2715900,21.725131
2014-12-24,23.450001,23.799999,23.43,23.76,1894200,22.012328
2014-12-26,23.809999,24.110001,23.799999,23.93,2806900,22.169824
2014-12-29,23.93,24.35,23.93,24.290001,2916200,22.503344
2014-12-30,24.299999,24.379999,23.799999,23.82,2260600,22.067914
2014-12-31,23.870001,23.9,23.389999,23.43,2303100,21.706601
2015-01-02,23.450001,23.66,23.299999,23.629999,2275600,21.891889
2015-01-05,23.27,23.440001,22.700001,22.879999,4125900,21.197056
2015-01-06,22.879999,23.02,22.209999,22.370001,4766400,20.72457
2015-01-07,22.540001,22.870001,22.379999,22.66,5264500,20.993238
2015-01-08,22.860001,23.24,22.709999,23.200001,3429700,21.493519
2015-01-09,23.190001,23.200001,22.65,22.709999,2124300,21.03956
2015-01-12,22.74,22.82,22.370001,22.76,2472800,21.085883
2015-01-13,22.93,23.15,22.49,22.639999,3044900,20.974709
2015-01-14,22.42,22.65,22.209999,22.620001,4441500,20.956181
2015-01-15,22.66,22.76,22.5,22.66,3755700,20.993238
2015-01-16,22.610001,23.01,22.440001,23.0,4188100,21.30823
2015-01-20,23.08,23.120001,22.620001,22.889999,3195900,21.20632
2015-01-21,22.889999,23.18,22.76,23.15,3247900,21.447196
2015-01-22,23.23,23.33,22.74,22.889999,3462000,21.20632
2015-01-23,22.950001,23.129999,22.870001,22.969999,2327500,21.280436
2015-01-26,22.77,23.01,22.4,23.0,2689400,21.30823
2015-01-27,22.870001,23.309999,22.799999,23.139999,3045700,21.437931
2015-01-28,23.17,23.24,22.66,22.76,4317000,21.085883
2015-01-29,22.799999,23.459999,22.700001,23.370001,4108100,21.651015
2015-01-30,23.16,23.440001,23.059999,23.09,4888800,21.39161
2015-02-02,23.120001,23.299999,22.690001,22.9,4296400,21.215585
2015-02-03,22.610001,22.92,22.51,22.84,5485000,21.159999
2015-02-04,22.73,22.92,22.52,22.799999,4895000,21.12294
2015-02-05,22.99,23.280001,22.83,23.190001,3555300,21.484255
2015-02-06,23.129999,23.15,22.110001,22.219999,4352300,20.585602
2015-02-09,22.23,22.559999,22.120001,22.190001,4030600,20.55781
2015-02-10,22.209999,22.719999,22.110001,22.67,3669000,21.002503
2015-02-11,22.290001,22.35,21.610001,21.65,4704600,20.278473
2015-02-12,21.77,22.120001,21.67,22.110001,4691900,20.709333
2015-02-13,22.1,22.15,21.690001,21.76,6230700,20.381505
2015-02-17,21.610001,21.790001,21.51,21.6,5676200,20.231641
2015-02-18,21.540001,21.969999,21.540001,21.940001,4501100,20.550102
2015-02-19,21.959999,21.959999,21.5,21.610001,3713900,20.241008
2015-02-20,21.639999,21.74,21.450001,21.73,2851100,20.353405
2015-02-23,21.74,21.809999,21.48,21.68,2247800,20.306573
2015-02-24,21.709999,22.139999,21.6,22.040001,3994200,20.643768
2015-02-25,21.98,21.99,21.51,21.57,4439000,20.203541
2015-02-26,21.59,21.690001,20.83,21.02,6704800,19.688384
2015-02-27,21.0,21.040001,20.629999,20.790001,6445100,19.472955
2015-03-02,20.809999,20.870001,20.530001,20.690001,5389800,19.37929
2015-03-03,20.68,20.91,20.540001,20.780001,4019800,19.463588
2015-03-04,20.700001,20.879999,20.68,20.74,3900600,19.426122
2015-03-05,20.940001,21.120001,20.84,20.959999,4178100,19.632184
2015-03-06,20.639999,20.879999,20.5,20.65,5344800,19.341823
2015-03-09,20.65,20.879999,20.610001,20.73,4399700,19.416755
2015-03-10,20.709999,20.83,20.629999,20.639999,5046100,19.332456
2015-03-11,20.620001,20.700001,20.4,20.459999,3562000,19.163859
2015-03-12,20.559999,20.82,20.49,20.74,3567600,19.426122
2015-03-13,20.709999,20.75,20.23,20.540001,3938600,19.238793
2015-03-16,20.629999,20.950001,20.58,20.700001,4175200,19.388656
2015-03-17,20.67,20.790001,20.52,20.700001,3459300,19.388656
2015-03-18,20.709999,21.469999,20.639999,21.35,2924600,19.997479
2015-03-19,21.200001,21.26,20.83,20.84,4611200,19.519787
2015-03-20,20.969999,21.26,20.92,21.17,5819000,19.828881
2015-03-23,21.190001,21.290001,20.9,20.91,3640800,19.585352
2015-03-24,20.879999,21.120001,20.76,20.790001,2932000,19.472955
2015-03-25,20.85,20.93,20.57,20.58,2684700,19.276258
2015-03-26,20.59,20.73,20.42,20.42,3288300,19.126394
2015-03-27,20.42,20.66,20.33,20.620001,3085500,19.313725
2015-03-30,20.68,20.870001,20.57,20.629999,3102100,19.323089
2015-03-31,20.6,20.74,20.25,20.41,5408300,19.117027
2015-04-01,20.4,20.83,20.280001,20.780001,3401000,19.463588
2015-04-02,20.77,20.85,20.559999,20.719999,3017900,19.407388
2015-04-06,20.75,21.1,20.719999,21.059999,2772900,19.725849
2015-04-07,20.98,21.07,20.809999,20.870001,2745200,19.547887
2015-04-08,20.870001,20.93,20.629999,20.690001,4118100,19.37929
2015-04-09,20.66,20.700001,20.459999,20.52,3725200,19.220059
2015-04-10,20.540001,20.879999,20.540001,20.76,1962900,19.444855
2015-04-13,20.719999,20.74,20.540001,20.559999,2332800,19.257524
2015-04-14,20.559999,20.75,20.559999,20.719999,1941100,19.407388
2015-04-15,20.82,21.48,20.67,21.309999,6226300,19.960012
2015-04-16,21.120001,21.129999,20.629999,20.860001,5229500,19.53852
2015-04-17,20.66,21.1,20.66,20.9,3597700,19.575985
2015-04-20,21.02,21.23,21.02,21.120001,1981400,19.78205
2015-04-21,21.16,21.24,20.629999,20.66,4114700,19.35119
2015-04-22,20.74,20.99,20.57,20.83,2883600,19.51042
2015-04-23,20.85,21.0,20.75,20.969999,2875500,19.641551
2015-04-24,20.98,21.139999,20.870001,21.049999,3069700,19.716483
2015-04-27,21.1,21.1,20.75,20.809999,3093900,19.491687
2015-04-28,20.719999,21.08,20.68,21.01,2841400,19.679018
2015-04-29,20.889999,21.129999,20.66,21.129999,3283900,19.791415
2015-04-30,21.01,21.049999,20.77,20.969999,4198000,19.641551
2015-05-01,21.030001,21.139999,20.889999,21.059999,2686700,19.725849
2015-05-04,21.059999,21.290001,21.049999,21.110001,2220400,19.772683
2015-05-05,21.07,21.15,20.66,20.700001,3199700,19.388656
2015-05-06,20.75,20.790001,20.190001,20.360001,4399700,19.070195
2015-05-07,20.389999,20.469999,20.23,20.299999,3484700,19.013995
2015-05-08,20.59,20.719999,20.42,20.719999,3458400,19.407388
2015-05-11,20.4,20.84,20.32,20.5,3564600,19.201326
2015-05-12,20.34,20.35,19.959999,20.040001,7664900,18.770468
2015-05-13,19.74,19.959999,19.629999,19.84,6702900,18.815989
2015-05-14,19.98,20.27,19.950001,20.200001,4580400,19.157409
2015-05-15,20.280001,20.440001,20.18,20.389999,4626800,19.337601
2015-05-18,20.35,20.5,20.290001,20.42,4941800,19.366053
2015-05-19,20.389999,20.459999,20.299999,20.389999,2862500,19.337601
2015-05-20,20.42,20.610001,20.219999,20.530001,4351700,19.470377
2015-05-21,20.57,20.639999,20.41,20.51,2915400,19.451408
2015-05-22,20.549999,20.549999,20.360001,20.440001,2188600,19.385022
2015-05-26,20.440001,20.48,20.139999,20.27,2640900,19.223796
2015-05-27,20.27,20.32,20.16,20.24,2855300,19.195344
2015-05-28,20.219999,20.389999,20.18,20.379999,2908500,19.328117
2015-05-29,20.370001,20.51,20.24,20.370001,3535300,19.318635
2015-06-01,20.4,20.42,20.18,20.219999,3308600,19.176375
2015-06-02,20.219999,20.219999,19.700001,19.73,5056000,18.711666
2015-06-03,19.719999,19.76,19.52,19.620001,4083500,18.607345
2015-06-04,19.549999,19.74,19.280001,19.299999,4208000,18.30386
2015-06-05,19.190001,19.450001,19.059999,19.32,4800100,18.322828
2015-06-08,19.290001,19.4,19.18,19.18,3023900,18.190054
2015-06-09,19.18,19.32,19.15,19.290001,3668200,18.294377
2015-06-10,19.389999,19.6,19.389999,19.389999,3652300,18.389215
2015-06-11,19.48,19.59,19.42,19.49,2417700,18.484054
2015-06-12,19.41,19.49,19.24,19.26,1611200,18.265925
2015-06-15,19.200001,19.25,19.049999,19.129999,3275400,18.142634
2015-06-16,19.110001,19.18,19.030001,19.08,3005500,18.095215
2015-06-17,19.139999,19.43,19.120001,19.389999,3856400,18.389215
2015-06-18,19.49,19.73,19.370001,19.67,3742600,18.654764
2015-06-19,19.620001,19.709999,19.48,19.52,3827500,18.512506
2015-06-22,19.540001,19.82,19.459999,19.709999,4178900,18.692698
2015-06-23,19.6,19.719999,19.280001,19.34,2679600,18.341796
2015-06-24,19.35,19.469999,19.17,19.17,4494800,18.18057
2015-06-25,19.209999,19.32,19.120001,19.16,4704300,18.171086
2015-06-26,19.16,19.370001,19.049999,19.35,3511600,18.35128
2015-06-29,19.27,19.530001,19.26,19.26,4244400,18.265925
2015-06-30,19.34,19.360001,18.92,19.030001,6446600,18.047797
2015-07-01,19.07,19.17,18.99,19.08,3134400,18.095215
2015-07-02,19.139999,19.360001,19.1,19.35,3589000,18.35128
2015-07-06,19.299999,19.4,19.110001,19.219999,4107200,18.227989
2015-07-07,19.280001,19.66,19.27,19.6,5090600,18.588377
2015-07-08,19.58,19.6,19.110001,19.219999,4985000,18.227989
2015-07-09,19.309999,19.48,18.940001,18.950001,7152700,17.971926
2015-07-10,18.99,19.290001,18.959999,19.120001,2918900,18.133152
2015-07-13,19.190001,19.27,19.07,19.17,2202100,18.18057
2015-07-14,19.18,19.299999,19.139999,19.26,2129400,18.265925
2015-07-15,19.26,19.280001,19.129999,19.27,1667300,18.275409
2015-07-16,19.32,19.41,19.16,19.24,5125300,18.246957
2015-07-17,19.209999,19.299999,18.99,19.0,3744000,18.019344
2015-07-20,19.0,19.01,18.719999,18.75,3683800,17.782248
2015-07-21,18.75,18.809999,18.549999,18.59,2245600,17.630506
2015-07-22,18.58,18.82,18.559999,18.620001,2780600,17.658958
2015-07-23,18.59,18.629999,18.23,18.34,3371300,17.393409
2015-07-24,18.309999,18.42,18.200001,18.290001,2845800,17.345991
2015-07-27,18.27,18.700001,18.27,18.68,3452800,17.715861
2015-07-28,18.76,18.959999,18.610001,18.889999,4595200,17.915021
2015-07-29,18.82,19.17,18.77,19.08,3367200,18.095215
2015-07-30,19.040001,19.200001,18.959999,19.139999,2423300,18.152118
2015-07-31,19.27,19.469999,19.200001,19.34,3686000,18.341796
2015-08-03,19.370001,19.450001,19.09,19.219999,2634700,18.227989
2015-08-04,19.209999,19.440001,18.83,18.860001,2147600,17.886571
2015-08-05,18.93,19.190001,18.9,19.040001,2940000,18.057281
2015-08-06,19.09,19.110001,18.709999,19.08,4578300,18.095215
2015-08-07,19.040001,19.26,18.93,19.139999,4399200,18.152118
2015-08-10,19.040001,19.59,18.92,19.530001,4787900,18.52199
2015-08-11,19.52,19.66,19.26,19.360001,4562600,18.360764
2015-08-12,19.040001,19.629999,19.0,19.59,4325700,18.819975
2015-08-13,19.549999,19.700001,19.33,19.639999,5087300,18.868009
2015-08-14,19.59,19.93,19.549999,19.92,3747500,19.137003
2015-08-17,19.92,20.0,19.85,19.92,3332000,19.137003
2015-08-18,19.889999,19.959999,19.84,19.91,2802700,19.127396
2015-08-19,19.84,19.950001,19.700001,19.9,3316100,19.117789
2015-08-20,19.780001,20.1,19.700001,19.82,4707700,19.040934
2015-08-21,19.709999,19.82,19.290001,19.309999,4218600,18.55098
2015-08-24,18.559999,19.07,18.25,18.49,7274400,17.763212
2015-08-25,18.84,18.93,17.9,17.92,5067800,17.215618
2015-08-26,18.18,18.24,17.719999,18.23,5287800,17.513432
2015-08-27,18.379999,18.77,18.280001,18.75,4020700,18.012993
2015-08-28,18.74,18.870001,18.639999,18.82,3995500,18.080241
2015-08-31,18.73,18.75,18.33,18.620001,5289600,17.888103
2015-09-01,18.309999,18.32,17.75,17.84,4717400,17.138762
2015-09-02,18.049999,18.07,17.48,17.719999,5898100,17.023478
2015-09-03,17.76,18.07,17.75,17.940001,3506400,17.234832
2015-09-04,17.77,17.790001,17.540001,17.610001,3504700,16.917803
2015-09-08,17.879999,18.01,17.799999,17.98,2542500,17.273259
2015-09-09,18.07,18.09,17.719999,17.75,3845000,17.0523
2015-09-10,17.73,18.01,17.68,17.73,3279300,17.033085
2015-09-11,17.620001,17.76,17.57,17.690001,3233500,16.994659
2015-09-14,17.719999,17.860001,17.67,17.809999,2862600,17.109941
2015-09-15,17.85,17.91,17.709999,17.870001,3002000,17.167584
2015-09-16,17.92,18.17,17.83,18.139999,1809800,17.426969
2015-09-17,18.139999,18.57,18.07,18.280001,2496400,17.561468
2015-09-18,18.08,18.35,18.01,18.049999,4632300,17.340507
2015-09-21,18.129999,18.34,18.059999,18.190001,2875200,17.475005
2015-09-22,18.040001,18.16,17.75,17.82,3422000,17.119548
2015-09-23,17.82,17.950001,17.719999,17.75,3123500,17.0523
2015-09-24,17.700001,17.92,17.690001,17.82,5344800,17.119548
2015-09-25,17.860001,18.049999,17.68,17.889999,6715400,17.186796
2015-09-28,17.82,17.92,17.530001,17.540001,6013700,16.850555
2015-09-29,17.58,17.66,17.48,17.530001,5777900,16.840948
2015-09-30,17.639999,18.049999,17.57,18.040001,3367400,17.330902
2015-10-01,18.1,18.139999,17.6,17.77,3464600,17.071514
2015-10-02,17.76,18.030001,17.620001,18.030001,4183100,17.321294
2015-10-05,18.16,18.58,18.059999,18.549999,3812200,17.820853
2015-10-06,18.530001,18.65,18.35,18.49,3052900,17.763212
2015-10-07,18.57,18.82,18.51,18.57,4415000,17.840068
2015-10-08,18.549999,18.809999,18.48,18.74,3545500,18.003386
2015-10-09,18.75,18.809999,18.549999,18.67,2330500,17.936137
2015-10-12,18.67,18.84,18.48,18.540001,2881700,17.811248
2015-10-13,18.559999,18.620001,18.360001,18.389999,4469300,17.667143
2015-10-14,18.43,18.459999,18.24,18.26,3805400,17.542253
2015-10-15,18.309999,18.719999,18.27,18.66,4947500,17.92653
2015-10-16,18.74,18.85,18.57,18.700001,3066100,17.964959
2015-10-19,18.309999,18.530001,18.26,18.48,5051100,17.753605
2015-10-20,18.43,18.68,18.43,18.59,3329000,17.859282
2015-10-21,18.629999,18.93,18.57,18.77,4191700,18.032207
2015-10-22,18.84,19.26,18.84,19.129999,5540200,18.378055
2015-10-23,19.16,19.25,18.57,18.620001,3988200,17.888103
2015-10-26,18.67,18.790001,18.51,18.77,4498200,18.032207
2015-10-27,18.690001,18.76,18.51,18.59,4322900,17.859282
2015-10-28,18.66,18.76,18.309999,18.530001,4340600,17.801641
2015-10-29,18.459999,18.59,18.27,18.530001,5457300,17.801641
2015-10-30,18.559999,18.65,18.43,18.549999,5422200,17.820853
2015-11-02,18.549999,18.610001,18.360001,18.5,5130400,17.772819
2015-11-03,18.49,18.73,18.4,18.73,4075300,17.993778
2015-11-04,18.719999,18.809999,18.59,18.68,4442600,17.945744
2015-11-05,18.76,18.9,18.469999,18.51,5799800,17.782427
2015-11-06,18.459999,18.73,17.26,17.459999,10387300,16.773698
2015-11-09,17.43,17.57,17.27,17.5,6192500,16.812126
2015-11-10,17.25,17.43,17.08,17.129999,3397200,16.693236
2015-11-11,17.17,17.389999,17.01,17.33,5128900,16.888138
2015-11-12,17.209999,17.379999,16.9,16.91,3381900,16.478846
2015-11-13,16.9,17.040001,16.860001,16.959999,3838200,16.527571
2015-11-16,16.93,17.24,16.879999,17.23,3017200,16.790687
2015-11-17,17.209999,17.32,17.01,17.07,3482600,16.634767
2015-11-18,17.030001,17.18,16.870001,17.16,3038400,16.722472
2015-11-19,17.16,17.290001,17.049999,17.1,2664900,16.664002
2015-11-20,17.17,17.32,16.99,17.09,3251000,16.654257
2015-11-23,17.1,17.219999,16.959999,17.0,4644100,16.566552
2015-11-24,16.98,17.1,16.85,17.059999,4707000,16.625021
2015-11-25,17.059999,17.15,16.92,17.08,3043800,16.644512
2015-11-27,17.07,17.16,17.0,17.0,1181200,16.566552
2015-11-30,17.01,17.09,16.940001,16.950001,4070000,16.517827
2015-12-01,17.01,17.15,16.84,16.99,4259500,16.556806
2015-12-02,16.940001,17.0,16.57,16.6,5754900,16.176751
2015-12-03,16.52,16.629999,16.35,16.450001,4726900,16.030576
2015-12-04,16.48,16.629999,16.370001,16.51,4627200,16.089045
2015-12-07,16.459999,16.5,16.209999,16.41,3844800,15.991595
2015-12-08,16.290001,16.379999,16.15,16.34,3236300,15.92338
2015-12-09,16.33,16.639999,16.26,16.41,2873100,15.991595
2015-12-10,16.41,16.530001,16.07,16.139999,5313100,15.728478
2015-12-11,16.139999,17.469999,16.049999,16.690001,20470300,16.264456
2015-12-14,16.67,16.84,16.299999,16.540001,5570500,16.118281
2015-12-15,16.610001,16.959999,16.59,16.889999,4938000,16.459356
2015-12-16,16.950001,17.629999,16.93,17.6,7606300,17.151254
2015-12-17,17.629999,17.889999,17.440001,17.84,10916700,17.385134
2015-12-18,17.73,17.809999,17.41,17.43,8626900,16.985588
2015-12-21,17.459999,17.540001,17.26,17.530001,4986900,17.083039
2015-12-22,17.549999,17.709999,17.26,17.59,9144400,17.141509
2015-12-23,17.68,18.139999,17.68,18.049999,8384000,17.589779
2015-12-24,18.049999,18.219999,17.98,18.110001,3405300,17.648251
2015-12-28,18.040001,18.209999,17.9,18.18,4482900,17.716466
2015-12-29,18.33,18.48,18.24,18.459999,4442500,17.989325
2015-12-30,18.4,18.48,18.219999,18.299999,3638600,17.833405
2015-12-31,18.290001,18.48,18.059999,18.360001,4090500,17.891876
2016-01-04,18.26,18.290001,17.950001,18.27,5118100,17.804171
2016-01-05,18.309999,18.49,18.040001,18.440001,4854700,17.969837
2016-01-06,18.280001,18.450001,18.1,18.209999,4372800,17.745699
2016-01-07,17.98,18.110001,17.780001,17.85,3701400,17.39488
2016-01-08,17.940001,18.24,17.77,17.809999,4660200,17.355899
2016-01-11,17.709999,17.879999,17.440001,17.6,6813900,17.151254
2016-01-12,17.639999,17.690001,17.129999,17.299999,5609100,16.858902
2016-01-13,17.32,17.51,17.030001,17.07,7041800,16.634767
2016-01-14,17.110001,17.709999,16.940001,17.629999,6195400,17.180488
2016-01-15,17.290001,17.43,17.01,17.299999,6491900,16.858902
2016-01-19,17.43,17.530001,17.32,17.5,4798000,17.053803
2016-01-20,17.27,17.440001,16.379999,16.9,8473300,16.469101
2016-01-21,16.950001,17.610001,16.9,17.43,9739900,16.985588
2016-01-22,17.77,17.870001,17.610001,17.780001,6390700,17.326665
2016-01-25,17.690001,17.809999,17.02,17.1,4858100,16.664002
2016-01-26,17.200001,17.48,17.200001,17.370001,3556400,16.927119
2016-01-27,17.35,17.450001,17.17,17.309999,3908800,16.868647
2016-01-28,17.5,17.68,17.26,17.540001,4402600,17.092784
2016-01-29,17.700001,17.940001,17.68,17.870001,5865900,17.41437
2016-02-01,18.25,18.799999,18.24,18.620001,10143200,18.145247
2016-02-02,18.52,18.610001,18.209999,18.42,5600800,17.950346
2016-02-03,18.549999,19.27,18.540001,19.049999,6606100,18.564282
2016-02-04,19.059999,19.24,18.91,18.950001,4189900,18.466833
2016-02-05,19.040001,19.040001,18.66,18.85,6012200,18.369383
2016-02-08,18.870001,19.059999,18.280001,18.43,8203300,17.960091
2016-02-09,18.43,18.73,18.32,18.549999,6138800,18.077031
2016-02-10,18.59,18.719999,18.120001,18.51,6144800,18.038051
2016-02-11,18.1,18.27,17.52,17.65,6796100,17.443107
2016-02-12,17.690001,17.99,17.549999,17.969999,7357400,17.759356
2016-02-16,18.08,18.209999,17.799999,18.1,6571600,17.887833
2016-02-17,18.26,18.469999,18.040001,18.34,4172400,18.125019
2016-02-18,18.379999,18.66,18.299999,18.559999,3643900,18.34244
2016-02-19,18.43,18.49,18.299999,18.440001,2863500,18.223847
2016-02-22,18.57,18.85,18.49,18.639999,5069500,18.421502
2016-02-23,18.469999,18.59,18.389999,18.58,3282100,18.362206
2016-02-24,18.41,18.889999,18.360001,18.860001,3920000,18.638924
2016-02-25,18.9,19.17,18.73,19.139999,5659000,18.915641
2016-02-26,18.75,18.98,18.4,18.530001,6866900,18.312793
2016-02-29,18.5,18.82,18.5,18.629999,5603900,18.411619
2016-03-01,18.799999,18.93,18.6,18.67,4188800,18.451151
2016-03-02,18.57,18.879999,18.32,18.82,5520500,18.599392
2016-03-03,18.84,18.870001,18.48,18.780001,4531100,18.559862
2016-03-04,18.719999,19.65,18.700001,19.49,7060400,19.261539
2016-03-07,19.41,19.870001,19.35,19.690001,6150500,19.459195
2016-03-08,19.68,19.9,19.51,19.860001,3918500,19.627202
2016-03-09,19.870001,20.17,19.83,19.950001,5377300,19.716147
2016-03-10,19.93,20.309999,19.84,20.190001,6677100,19.953334
2016-03-11,20.34,20.459999,20.15,20.280001,3223300,20.042279
2016-03-14,20.26,20.549999,20.219999,20.43,3783400,20.19052
2016-03-15,20.309999,20.58,20.26,20.51,5307400,20.269583
2016-03-16,20.4,20.709999,20.32,20.629999,3559100,20.388175
2016-03-17,20.67,21.17,20.67,21.07,4062700,20.823018
2016-03-18,21.129999,21.219999,20.719999,20.73,7773400,20.487003
2016-03-21,20.690001,20.98,20.559999,20.950001,3092400,20.704426
2016-03-22,20.98,21.049999,20.84,20.969999,2698600,20.72419
2016-03-23,20.92,21.02,20.790001,20.940001,3025600,20.694543
2016-03-24,20.84,21.08,20.719999,21.0,2021200,20.753839
2016-03-28,21.059999,21.08,20.700001,20.790001,2826400,20.546301
2016-03-29,20.790001,21.290001,20.74,21.25,3483400,21.000908
2016-03-30,21.309999,21.389999,20.65,20.85,7644600,20.605597
2016-03-31,20.9,21.059999,20.77,20.92,6063300,20.674776
2016-04-01,20.84,21.26,20.73,21.200001,4669700,20.951495
2016-04-04,21.18,21.190001,20.91,20.959999,3055000,20.714307
2016-04-05,20.889999,20.969999,20.5,20.51,3407400,20.269583
2016-04-06,20.530001,20.74,20.469999,20.719999,3750400,20.47712
2016-04-07,20.610001,20.85,20.610001,20.73,3196200,20.487003
2016-04-08,20.9,21.01,20.82,20.91,3524000,20.664893
2016-04-11,20.950001,21.15,20.799999,20.860001,2329100,20.61548
2016-04-12,20.9,21.360001,20.889999,21.26,3648200,21.010791
2016-04-13,21.33,21.360001,21.1,21.200001,2396600,20.951495
2016-04-14,21.18,21.23,20.9,20.959999,2916400,20.714307
2016-04-15,20.950001,21.059999,20.9,20.99,2740700,20.743956
2016-04-18,20.9,21.030001,20.76,21.02,3955300,20.773605
2016-04-19,21.1,21.17,20.91,21.0,4859500,20.753839
2016-04-20,20.98,21.049999,20.549999,20.58,3448800,20.338762
2016-04-21,20.6,20.75,20.459999,20.549999,4541900,20.309113
2016-04-22,20.67,20.93,20.66,20.809999,2565600,20.566065
2016-04-25,20.76,21.07,20.65,21.059999,3855700,20.813135
2016-04-26,21.09,21.219999,20.969999,21.1,3080100,20.852667
2016-04-27,21.139999,21.51,21.139999,21.43,3577800,21.178799
2016-04-28,21.27,21.51,21.15,21.360001,3039800,21.109619
2016-04-29,21.24,21.5,21.09,21.450001,4204000,21.198565
2016-05-02,21.459999,21.75,21.440001,21.700001,4366700,21.445634
2016-05-03,21.59,21.66,21.32,21.440001,2559000,21.188682
2016-05-04,21.42,21.84,21.32,21.68,3601000,21.425868
2016-05-05,21.690001,21.889999,21.549999,21.65,3166200,21.396219
2016-05-06,21.629999,21.700001,21.459999,21.629999,2182100,21.376453
2016-05-09,21.74,21.84,21.65,21.68,3982700,21.425868
2016-05-10,21.709999,22.120001,21.709999,22.1,5953600,21.840945
2016-05-11,22.139999,22.299999,21.950001,22.01,6124400,21.752
2016-05-12,21.75,22.17,21.719999,22.110001,4730000,22.110001
2016-05-13,22.07,22.25,21.91,22.0,3532400,22.0
2016-05-16,22.030001,22.25,21.889999,22.24,3818800,22.24
2016-05-17,22.190001,22.25,21.870001,22.0,4290000,22.0
2016-05-18,21.879999,21.92,21.4,21.530001,5178900,21.530001
2016-05-19,21.4,21.91,21.25,21.889999,3391200,21.889999
2016-05-20,21.969999,22.07,21.809999,22.07,2592700,22.07
2016-05-23,22.08,22.139999,21.940001,21.98,3231700,21.98
2016-05-24,22.02,22.15,21.879999,22.030001,2923500,22.030001
2016-05-25,22.030001,22.190001,21.940001,22.120001,2492900,22.120001
2016-05-26,22.120001,22.360001,22.02,22.35,2480100,22.35
2016-05-27,22.379999,22.51,22.26,22.51,3541900,22.51
2016-05-31,22.49,22.73,22.4,22.530001,3771200,22.530001
2016-06-01,22.530001,22.59,22.35,22.59,2324200,22.59
2016-06-02,22.459999,22.629999,22.35,22.6,1896500,22.6
2016-06-03,22.75,23.0,22.700001,22.91,2809900,22.91
2016-06-06,22.91,23.129999,22.84,23.07,3501500,23.07
2016-06-07,23.17,23.219999,23.030001,23.110001,3783300,23.110001
2016-06-08,23.129999,23.26,23.09,23.26,2915600,23.26
2016-06-09,23.24,23.42,23.15,23.389999,2968400,23.389999
2016-06-10,23.280001,23.35,23.02,23.139999,3069800,23.139999
2016-06-13,23.07,23.209999,22.93,22.969999,3358100,22.969999
2016-06-14,22.99,23.08,22.84,23.07,2549600,23.07
2016-06-15,23.08,23.15,22.860001,22.950001,4216000,22.950001
2016-06-16,22.92,23.1,22.719999,23.040001,2692900,23.040001
2016-06-17,22.950001,23.129999,22.879999,23.1,4244100,23.1
2016-06-20,23.23,23.290001,23.02,23.219999,4082600,23.219999
2016-06-21,23.23,23.67,23.1,23.5,3439200,23.5
2016-06-22,23.360001,23.49,23.209999,23.24,3749600,23.24
2016-06-23,23.34,23.5,23.209999,23.49,2829600,23.49
2016-06-24,23.129999,23.52,22.959999,23.34,3324700,23.34
2016-06-27,23.27,23.42,23.040001,23.17,3554300,23.17
2016-06-28,23.35,23.620001,23.15,23.620001,4954200,23.620001
2016-06-29,23.73,24.030001,23.68,24.0,4266800,24.0
2016-06-30,24.030001,24.110001,23.85,24.0,8554300,24.0
2016-07-01,24.08,24.200001,23.93,24.049999,3579300,24.049999
2016-07-05,23.82,24.120001,23.700001,24.049999,7099300,24.049999
2016-07-06,24.0,24.110001,23.790001,24.049999,5879800,24.049999
2016-07-07,24.0,24.049999,23.49,23.52,8357500,23.52
2016-07-08,23.549999,23.91,23.43,23.9,4040900,23.9
2016-07-11,23.82,23.889999,23.66,23.809999,3499200,23.809999
2016-07-12,23.76,23.870001,23.66,23.700001,4811600,23.700001
2016-07-13,23.860001,23.959999,23.719999,23.940001,6518200,23.940001
2016-07-14,23.84,23.92,23.549999,23.66,3415300,23.66
2016-07-15,23.74,24.110001,23.68,24.059999,4717800,24.059999
2016-07-18,24.09,24.139999,23.870001,23.950001,3871800,23.950001
2016-07-19,23.950001,24.02,23.82,23.92,4065300,23.92
2016-07-20,23.93,24.16,23.85,24.120001,5258600,24.120001
2016-07-21,24.07,24.27,24.0,24.24,3335400,24.24
2016-07-22,24.219999,24.709999,24.209999,24.690001,4140800,24.690001
2016-07-25,24.65,24.690001,24.370001,24.51,3451400,24.51
2016-07-26,24.530001,24.57,24.26,24.32,2983900,24.32
2016-07-27,24.32,24.360001,23.74,23.9,5274900,23.9
2016-07-28,23.889999,23.950001,23.65,23.77,5025000,23.77
2016-07-29,23.780001,23.969999,23.75,23.92,5180300,23.92
