Date,Open,High,Low,Close,Volume,Adj Close
1970-01-02,21.5,22.25,21.5,22.25,6400,0.670462
1970-01-05,22.25,22.875,22.25,22.75,4000,0.685528
1970-01-06,22.75,23.0,22.75,22.75,11100,0.685528
1970-01-07,22.75,23.0,22.625,22.75,8600,0.685528
1970-01-08,22.75,23.125,22.75,23.125,6100,0.696828
1970-01-09,23.125,23.25,22.875,23.125,4000,0.696828
1970-01-12,23.125,23.25,22.75,23.125,6000,0.696828
1970-01-13,23.125,23.25,22.625,23.0,7900,0.693061
1970-01-14,22.875,22.875,22.625,22.625,3300,0.681761
1970-01-15,22.625,22.875,22.5,22.75,7500,0.685528
1970-01-16,22.5,22.5,22.125,22.25,5100,0.670462
1970-01-19,22.25,22.25,22.0,22.0,5600,0.662928
1970-01-20,22.0,22.125,21.625,21.875,7200,0.659162
1970-01-21,21.875,22.25,21.75,22.0,4400,0.662928
1970-01-22,22.0,22.25,22.0,22.0,5400,0.662928
1970-01-23,22.0,22.125,21.5,21.75,5300,0.655395
1970-01-26,21.75,21.875,21.375,21.5,5200,0.647862
1970-01-27,21.5,22.0,21.375,21.375,6100,0.644095
1970-01-28,21.5,22.0,21.5,21.625,5700,0.651628
1970-01-29,21.625,21.875,21.125,21.25,11300,0.640328
1970-01-30,21.25,21.375,21.125,21.375,3700,0.644095
1970-02-02,21.375,21.75,21.25,21.5,6800,0.647862
1970-02-03,21.5,21.75,21.375,21.5,5200,0.647862
1970-02-04,21.5,22.0,21.5,21.75,5800,0.655395
1970-02-05,21.75,22.125,21.625,21.875,4300,0.659162
1970-02-06,21.875,21.875,21.625,21.875,4800,0.659162
1970-02-09,21.875,22.0,21.625,21.625,4500,0.651628
1970-02-10,21.625,21.75,21.5,21.5,5300,0.647862
1970-02-11,21.5,21.75,21.375,21.75,4000,0.655395
1970-02-12,21.75,22.5,21.5,22.5,6800,0.677995
1970-02-13,22.25,22.25,21.625,21.75,9200,0.655395
1970-02-16,21.75,22.0,21.625,21.75,3500,0.655395
1970-02-17,21.75,22.125,21.75,22.0,2900,0.662928
1970-02-18,22.125,22.375,22.125,22.375,1700,0.674228
1970-02-19,22.375,22.5,22.25,22.25,2400,0.670462
1970-02-20,22.25,22.625,22.125,22.25,5300,0.670462
1970-02-24,22.25,22.375,22.0,22.125,4100,0.666695
1970-02-25,22.125,22.375,22.0,22.375,8000,0.674228
1970-02-26,22.375,22.375,22.125,22.25,5600,0.670462
1970-02-27,22.25,22.75,22.125,22.625,5400,0.681761
1970-03-02,22.625,22.75,22.25,22.375,7100,0.674228
1970-03-03,22.5,23.125,22.5,23.125,8100,0.696828
1970-03-04,23.125,23.375,22.75,23.125,7600,0.696828
1970-03-05,23.125,23.5,23.0,23.375,5900,0.704361
1970-03-06,23.375,23.5,23.25,23.375,3900,0.704361
1970-03-09,23.375,23.375,22.875,22.875,4900,0.689295
1970-03-10,22.875,23.25,22.875,23.125,4400,0.696828
1970-03-11,23.125,23.125,22.0,22.625,35300,0.681761
1970-03-12,22.5,22.5,22.0,22.25,3000,0.670462
1970-03-13,22.25,22.375,21.75,22.125,5400,0.666695
1970-03-16,22.125,22.375,21.875,22.375,4600,0.674228
1970-03-17,22.375,22.375,22.125,22.125,3100,0.666695
1970-03-18,22.125,22.625,22.0,22.5,7300,0.677995
1970-03-19,22.375,22.375,22.125,22.375,4400,0.674228
1970-03-20,22.0,22.0,21.75,21.75,2400,0.66581
1970-03-23,21.75,22.0,21.75,21.875,3400,0.669636
1970-03-24,21.875,22.125,21.75,22.125,4200,0.677289
1970-03-25,22.125,23.0,22.0,22.875,8100,0.700248
1970-03-26,22.875,23.0,22.75,22.875,4300,0.700248
1970-03-30,22.875,22.875,22.25,22.25,6400,0.681116
1970-03-31,22.25,22.625,22.125,22.25,5000,0.681116
1970-04-01,22.25,22.625,22.125,22.125,6200,0.677289
1970-04-02,22.125,22.5,22.125,22.25,3700,0.681116
1970-04-03,22.25,22.625,22.125,22.375,4300,0.684942
1970-04-06,22.375,22.375,21.875,22.25,12400,0.681116
1970-04-07,22.25,22.25,21.875,22.125,4900,0.677289
1970-04-08,22.125,22.375,21.875,22.375,5500,0.684942
1970-04-09,22.375,22.5,22.125,22.25,4200,0.681116
1970-04-10,22.25,22.625,22.25,22.625,3100,0.692595
1970-04-13,22.625,22.625,22.25,22.25,4600,0.681116
1970-04-14,22.25,22.375,22.0,22.0,6700,0.673463
1970-04-15,22.0,22.5,22.0,22.125,7500,0.677289
1970-04-16,22.125,22.375,22.0,22.0,4300,0.673463
1970-04-17,22.0,22.375,21.875,22.125,4600,0.677289
1970-04-20,22.125,22.25,21.875,22.25,4300,0.681116
1970-04-21,22.25,22.25,21.75,21.875,2800,0.669636
1970-04-22,21.875,21.875,21.5,21.75,7400,0.66581
1970-04-23,21.5,21.5,21.0,21.25,10900,0.650504
1970-04-24,21.25,21.375,20.125,20.625,34100,0.631371
1970-04-27,20.75,21.125,20.75,20.875,6000,0.639024
1970-04-28,20.875,21.25,20.375,20.5,8500,0.627545
1970-04-29,20.5,20.875,20.25,20.5,15900,0.627545
1970-04-30,20.5,20.875,20.5,20.75,6100,0.635198
1970-05-01,20.75,20.75,20.5,20.625,3500,0.631371
1970-05-04,20.625,20.875,20.5,20.625,6500,0.631371
1970-05-05,20.625,20.625,20.375,20.5,4500,0.627545
1970-05-06,20.5,20.75,20.5,20.625,4500,0.631371
1970-05-07,20.625,20.75,20.375,20.5,10600,0.627545
1970-05-08,20.5,20.5,20.125,20.375,5600,0.623718
1970-05-11,20.375,20.375,20.125,20.375,3100,0.623718
1970-05-12,20.375,20.375,20.125,20.125,9500,0.616065
1970-05-13,20.125,20.25,20.0,20.0,7700,0.612239
1970-05-14,20.0,20.375,20.0,20.25,6200,0.619892
1970-05-15,20.25,20.375,20.0,20.25,7900,0.619892
1970-05-18,20.25,20.5,20.125,20.125,7300,0.616065
1970-05-19,20.125,20.25,20.0,20.125,6900,0.616065
1970-05-20,20.125,20.125,19.75,19.875,31500,0.608412
1970-05-21,19.875,19.875,19.375,19.75,15000,0.604586
1970-05-22,19.625,19.625,19.25,19.5,13900,0.596933
1970-05-25,19.25,19.25,19.0,19.125,13800,0.585454
1970-05-26,19.0,19.0,18.5,19.0,18700,0.581627
1970-05-27,19.0,19.25,18.625,19.125,17200,0.585454
1970-05-28,19.125,19.625,19.0,19.375,17900,0.593107
1970-05-29,19.375,19.875,19.375,19.875,22300,0.608412
1970-06-01,19.875,20.125,19.75,20.0,13700,0.612239
1970-06-02,20.0,20.25,20.0,20.125,14500,0.616065
1970-06-03,20.125,20.125,19.75,19.875,12500,0.608412
1970-06-04,19.875,19.875,19.125,19.25,14300,0.58928
1970-06-05,19.125,19.125,18.0,18.5,76700,0.566321
1970-06-08,18.5,18.625,18.25,18.375,14100,0.562495
1970-06-09,18.375,18.375,18.125,18.25,14800,0.558668
1970-06-10,18.25,18.25,18.0,18.125,16200,0.554842
1970-06-11,18.125,18.125,18.0,18.125,14900,0.554842
1970-06-12,18.125,18.125,18.0,18.125,7900,0.554842
1970-06-15,18.125,18.25,18.0,18.25,12900,0.558668
1970-06-16,18.25,18.375,18.125,18.25,17400,0.558668
1970-06-17,18.25,18.5,18.25,18.375,11800,0.562495
1970-06-18,18.375,18.5,18.25,18.375,11600,0.562495
1970-06-19,18.375,18.375,18.125,18.25,7000,0.569516
1970-06-22,18.25,18.375,18.125,18.25,5700,0.569516
1970-06-23,18.25,18.25,18.125,18.125,6100,0.565615
1970-06-24,18.125,18.375,18.125,18.25,6300,0.569516
1970-06-25,18.25,18.25,18.0,18.125,5800,0.565615
1970-06-26,18.125,18.125,17.875,17.875,12000,0.557814
1970-06-29,17.875,18.0,17.625,17.75,7000,0.553913
1970-06-30,17.75,17.75,17.5,17.625,7200,0.550012
1970-07-01,17.625,17.625,17.375,17.625,11300,0.550012
1970-07-02,17.5,17.5,17.375,17.375,8000,0.54221
1970-07-06,17.375,17.5,17.25,17.5,11900,0.546111
1970-07-07,17.5,17.5,17.125,17.375,8700,0.54221
1970-07-08,17.375,17.75,17.25,17.75,14400,0.553913
1970-07-09,17.75,17.75,17.5,17.75,19000,0.553913
1970-07-10,17.75,17.75,17.5,17.625,24000,0.550012
1970-07-13,17.625,17.75,17.375,17.5,37000,0.546111
1970-07-14,17.5,17.5,17.25,17.5,56700,0.546111
1970-07-15,17.5,17.625,17.375,17.625,96400,0.550012
1970-07-16,17.625,17.75,17.5,17.75,45100,0.553913
1970-07-17,17.75,17.875,17.625,17.75,47800,0.553913
1970-07-20,17.75,17.875,17.625,17.625,49800,0.550012
1970-07-21,17.625,17.75,17.5,17.5,25400,0.546111
1970-07-22,17.5,17.5,17.375,17.5,33500,0.546111
1970-07-23,17.5,17.5,17.375,17.5,16200,0.546111
1970-07-24,17.5,17.5,17.25,17.5,24600,0.546111
1970-07-27,17.5,17.625,17.375,17.625,14600,0.550012
1970-07-28,17.625,17.75,17.5,17.75,12500,0.553913
1970-07-29,17.75,17.75,17.5,17.625,15400,0.550012
1970-07-30,17.625,17.625,17.5,17.625,7800,0.550012
1970-07-31,17.625,17.625,17.5,17.625,12300,0.550012
1970-08-03,17.625,17.75,17.5,17.625,8700,0.550012
1970-08-04,17.625,17.75,17.375,17.625,15100,0.550012
1970-08-05,17.625,17.75,17.5,17.75,5200,0.553913
1970-08-06,17.75,17.75,17.5,17.625,8400,0.550012
1970-08-07,17.625,17.75,17.5,17.5,8600,0.546111
1970-08-10,17.5,17.75,17.5,17.75,10000,0.553913
1970-08-11,17.75,17.75,17.5,17.625,7500,0.550012
1970-08-12,17.625,17.75,17.625,17.625,7000,0.550012
1970-08-13,17.625,17.75,17.5,17.5,10400,0.546111
1970-08-14,17.5,17.625,17.5,17.625,7600,0.550012
1970-08-17,17.625,17.75,17.625,17.625,7900,0.550012
1970-08-18,17.625,17.75,17.5,17.5,9700,0.546111
1970-08-19,17.5,17.75,17.5,17.625,9300,0.550012
1970-08-20,17.625,17.875,17.625,17.625,12700,0.550012
1970-08-21,17.625,17.75,17.625,17.625,13900,0.550012
1970-08-24,17.625,17.875,17.625,17.875,26600,0.557814
1970-08-25,17.875,18.0,17.75,17.875,12300,0.557814
1970-08-26,17.875,18.0,17.75,18.0,13600,0.561714
1970-08-27,18.0,18.0,17.75,18.0,8200,0.561714
1970-08-28,18.0,18.0,17.625,17.875,32500,0.557814
1970-08-31,17.875,18.0,17.875,18.0,9700,0.561714
1970-09-01,18.0,18.0,17.75,17.75,16400,0.553913
1970-09-02,17.75,18.0,17.75,18.0,7500,0.561714
1970-09-03,18.0,18.0,17.75,18.0,12600,0.561714
1970-09-04,18.0,18.0,17.75,17.75,13900,0.553913
1970-09-08,17.75,18.0,17.75,18.0,12200,0.561714
1970-09-09,18.0,18.125,17.875,18.0,15400,0.561714
1970-09-10,18.0,18.125,17.875,18.0,12500,0.561714
1970-09-11,18.0,18.25,18.0,18.25,13300,0.569516
1970-09-14,18.25,18.25,18.0,18.25,9200,0.569516
1970-09-15,18.25,18.25,18.0,18.0,11000,0.561714
1970-09-16,18.0,18.125,18.0,18.125,11600,0.565615
1970-09-17,18.125,18.375,18.125,18.375,7500,0.573417
1970-09-18,18.375,18.5,18.125,18.375,9700,0.573417
1970-09-21,18.375,18.5,18.25,18.375,14100,0.573417
1970-09-22,18.375,18.5,18.25,18.25,14100,0.569516
1970-09-23,18.375,18.625,18.375,18.5,15700,0.577318
1970-09-24,18.5,18.75,18.5,18.75,15700,0.585119
1970-09-25,18.375,18.375,18.125,18.375,16100,0.584324
1970-09-28,18.375,18.5,18.25,18.25,9000,0.580349
1970-09-29,18.25,18.375,18.25,18.375,11900,0.584324
1970-09-30,18.375,18.375,18.125,18.375,11900,0.584324
1970-10-01,18.375,18.375,18.25,18.25,5900,0.580349
1970-10-02,18.25,18.375,18.0,18.125,20400,0.576374
1970-10-05,18.125,18.375,18.125,18.25,22000,0.580349
1970-10-06,18.25,18.25,18.0,18.0,13100,0.572399
1970-10-07,18.0,18.25,18.0,18.125,10000,0.576374
1970-10-08,18.125,18.25,18.125,18.125,8900,0.576374
1970-10-09,18.125,18.25,18.125,18.125,7600,0.576374
1970-10-12,18.125,18.25,18.125,18.125,9600,0.576374
1970-10-13,18.125,18.375,18.125,18.125,6600,0.576374
1970-10-14,18.125,18.25,18.125,18.25,3500,0.580349
1970-10-15,18.25,18.25,18.0,18.0,11400,0.572399
1970-10-16,18.0,18.25,18.0,18.0,6200,0.572399
1970-10-19,18.0,18.25,18.0,18.125,13200,0.576374
1970-10-20,18.125,18.375,18.0,18.25,9600,0.580349
1970-10-21,18.25,18.375,18.125,18.125,7400,0.576374
1970-10-22,18.125,18.25,18.0,18.125,8100,0.576374
1970-10-23,18.125,18.25,18.0,18.0,7100,0.572399
1970-10-26,18.0,18.25,18.0,18.0,12300,0.572399
1970-10-27,18.0,18.125,18.0,18.125,13100,0.576374
1970-10-28,18.125,18.125,18.0,18.125,23000,0.576374
1970-10-29,18.125,18.125,17.875,17.875,7300,0.568424
1970-10-30,17.875,18.0,17.75,18.0,7500,0.572399
1970-11-02,18.0,18.0,17.875,18.0,7300,0.572399
1970-11-03,18.0,18.125,17.875,18.0,5100,0.572399
1970-11-04,18.0,18.125,17.875,17.875,6700,0.568424
1970-11-05,17.875,18.0,17.75,17.875,10600,0.568424
1970-11-06,17.875,18.0,17.75,17.875,14800,0.568424
1970-11-09,17.875,18.125,17.875,18.0,13800,0.572399
1970-11-10,18.0,18.125,17.875,18.0,17500,0.572399
1970-11-11,18.25,18.5,18.25,18.25,13400,0.580349
1970-11-12,18.25,18.5,18.25,18.25,7500,0.580349
1970-11-13,18.25,18.375,18.125,18.25,8600,0.580349
1970-11-16,18.25,18.375,18.125,18.375,6100,0.584324
1970-11-17,18.375,18.5,18.125,18.25,7400,0.580349
1970-11-18,18.25,18.375,18.25,18.375,5700,0.584324
1970-11-19,18.375,18.5,18.25,18.375,5500,0.584324
1970-11-20,18.375,18.5,18.375,18.375,7900,0.584324
1970-11-23,18.375,18.625,18.375,18.625,9000,0.592274
1970-11-24,18.625,18.875,18.375,18.75,13000,0.596249
1970-11-25,18.75,19.25,18.75,19.125,13300,0.608174
1970-11-27,19.125,19.875,19.125,19.875,10800,0.632024
1970-11-30,19.875,20.625,19.625,20.25,20900,0.643949
1970-12-01,20.25,20.5,20.0,20.25,20200,0.643949
1970-12-02,20.25,20.375,19.75,20.25,13600,0.643949
1970-12-03,20.25,20.25,20.0,20.25,18300,0.643949
1970-12-04,20.25,20.375,20.125,20.25,10800,0.643949
1970-12-07,20.25,20.625,20.25,20.625,16300,0.655874
1970-12-08,20.625,20.75,20.5,20.75,12000,0.659849
1970-12-09,20.75,20.75,20.5,20.625,13400,0.655874
1970-12-10,20.625,20.75,20.5,20.5,11700,0.651899
1970-12-11,20.5,20.5,20.25,20.375,14100,0.647924
1970-12-14,20.25,20.25,19.875,20.0,13100,0.647115
1970-12-15,20.0,20.0,19.75,19.875,7900,0.643071
1970-12-16,19.875,20.0,19.75,19.875,8000,0.643071
1970-12-17,19.875,20.0,19.625,19.75,13900,0.639026
1970-12-18,19.75,20.0,19.75,19.875,8700,0.643071
1970-12-21,19.875,20.0,19.75,19.75,11300,0.639026
1970-12-22,19.75,20.0,19.75,19.75,17100,0.639026
1970-12-23,19.875,20.125,19.875,20.125,19200,0.65116
1970-12-24,20.125,20.375,19.875,20.375,10000,0.659249
1970-12-28,20.375,20.375,20.125,20.25,8300,0.655204
1970-12-29,20.375,20.875,20.375,20.625,13100,0.667338
1970-12-30,20.625,21.25,20.625,21.125,19600,0.683515
1970-12-31,21.25,22.5,21.25,22.5,25300,0.728005
1971-01-04,22.375,22.375,21.875,22.25,12900,0.719916
1971-01-05,22.25,22.25,21.75,22.25,8600,0.719916
1971-01-06,22.25,22.375,22.125,22.375,12900,0.72396
1971-01-07,22.375,22.375,22.0,22.25,11300,0.719916
1971-01-08,22.25,22.25,22.0,22.125,12100,0.715871
1971-01-11,22.125,22.25,22.0,22.25,12000,0.719916
1971-01-12,22.25,22.5,22.125,22.5,12100,0.728005
1971-01-13,22.5,22.625,22.375,22.625,13300,0.732049
1971-01-14,22.625,22.75,22.375,22.5,9900,0.728005
1971-01-15,22.5,22.75,22.5,22.5,20000,0.728005
1971-01-18,22.625,22.875,22.625,22.75,18800,0.736094
1971-01-19,22.75,23.375,22.75,23.125,28700,0.748227
1971-01-20,23.125,23.375,23.0,23.125,11600,0.748227
1971-01-21,23.0,23.0,22.625,23.0,12900,0.744182
1971-01-22,22.875,22.875,22.375,22.375,12600,0.72396
1971-01-25,22.375,22.375,22.0,22.25,19100,0.719916
1971-01-26,22.25,22.25,21.875,22.0,18700,0.711827
1971-01-27,22.0,22.25,21.75,21.875,11900,0.707782
1971-01-28,21.875,22.125,21.875,22.0,11600,0.711827
1971-01-29,22.0,22.125,21.75,21.75,10400,0.703738
1971-02-01,21.75,22.125,21.75,21.875,10200,0.707782
1971-02-02,22.0,22.25,22.0,22.125,10800,0.715871
1971-02-03,22.125,22.125,21.75,22.0,15400,0.711827
1971-02-04,22.0,22.25,21.75,22.125,12100,0.715871
1971-02-05,22.125,22.125,21.875,22.0,9300,0.711827
1971-02-08,22.0,22.25,22.0,22.25,10300,0.719916
1971-02-09,22.25,22.375,22.0,22.125,9100,0.715871
1971-02-10,22.125,22.5,22.125,22.5,8700,0.728005
1971-02-11,22.5,22.5,22.25,22.25,6400,0.719916
1971-02-12,22.25,22.375,22.25,22.375,5800,0.72396
1971-02-16,22.5,22.875,22.5,22.75,10000,0.736094
1971-02-17,22.75,23.25,22.75,23.25,27500,0.752271
1971-02-18,23.25,23.25,22.75,22.75,15700,0.736094
1971-02-19,22.625,22.625,22.25,22.25,16600,0.719916
1971-02-22,22.25,22.375,22.0,22.0,11000,0.711827
1971-02-23,22.0,22.125,21.625,21.75,13100,0.703738
1971-02-24,21.75,21.875,21.5,21.75,18800,0.703738
1971-02-25,21.75,21.875,21.625,21.75,8500,0.703738
1971-02-26,21.75,22.0,21.625,21.875,8800,0.707782
1971-03-01,21.875,22.0,21.625,21.625,8700,0.699693
1971-03-02,21.625,21.875,21.375,21.75,8900,0.703738
1971-03-03,21.75,21.875,21.5,21.75,4900,0.703738
1971-03-04,21.75,22.0,21.625,21.875,6400,0.707782
1971-03-05,22.0,22.375,22.0,22.0,6600,0.711827
1971-03-08,22.0,22.375,22.0,22.25,9400,0.719916
1971-03-09,22.25,22.375,22.125,22.25,8400,0.719916
1971-03-10,22.25,22.375,22.125,22.125,4300,0.715871
1971-03-11,22.125,22.25,22.0,22.0,11700,0.711827
1971-03-12,22.0,22.25,22.0,22.25,8600,0.719916
1971-03-15,22.25,22.375,22.0,22.375,11700,0.72396
1971-03-16,22.375,22.375,22.0,22.0,12100,0.711827
1971-03-17,22.0,22.25,22.0,22.25,8800,0.719916
1971-03-18,22.25,22.25,22.0,22.25,10800,0.719916
1971-03-19,22.0,22.0,21.75,21.875,9300,0.719094
1971-03-22,21.875,21.875,21.5,21.5,10100,0.706766
1971-03-23,21.5,21.75,21.5,21.5,9900,0.706766
1971-03-24,21.5,21.75,21.5,21.625,8600,0.710876
1971-03-25,21.625,21.75,21.5,21.625,10600,0.710876
1971-03-26,21.625,21.875,21.625,21.75,12900,0.714985
1971-03-29,21.75,21.75,21.625,21.75,7700,0.714985
1971-03-30,21.75,21.75,21.5,21.5,11000,0.706766
1971-03-31,21.625,21.875,21.625,21.625,8300,0.710876
1971-04-01,21.625,21.75,21.5,21.625,8700,0.710876
1971-04-02,21.625,21.625,21.125,21.375,21800,0.702657
1971-04-05,21.375,21.5,21.125,21.5,12000,0.706766
1971-04-06,21.5,21.5,21.25,21.375,9700,0.702657
1971-04-07,21.375,21.75,21.25,21.75,10000,0.714985
1971-04-08,21.75,21.75,21.5,21.625,10600,0.710876
1971-04-12,21.625,21.875,21.625,21.875,10200,0.719094
1971-04-13,21.875,21.875,21.625,21.75,13600,0.714985
1971-04-14,21.75,22.0,21.625,21.625,15800,0.710876
1971-04-15,21.625,21.75,21.625,21.625,13600,0.710876
1971-04-16,21.625,21.875,21.625,21.875,8100,0.719094
1971-04-19,21.875,22.0,21.625,21.625,17400,0.710876
1971-04-20,21.625,21.875,21.625,21.75,10600,0.714985
1971-04-21,21.75,21.875,21.75,21.75,8800,0.714985
1971-04-22,21.75,21.875,21.75,21.75,13600,0.714985
1971-04-23,21.75,21.875,21.625,21.875,11100,0.719094
1971-04-26,21.875,22.0,21.75,22.0,9900,0.723203
1971-04-27,22.0,22.0,21.75,21.875,5600,0.719094
1971-04-28,21.875,22.0,21.75,21.75,10200,0.714985
1971-04-29,21.75,21.875,21.75,21.75,18900,0.714985
1971-04-30,21.75,21.875,21.5,21.625,29500,0.710876
1971-05-03,21.625,21.75,21.375,21.625,6000,0.710876
1971-05-04,21.625,21.75,21.5,21.625,5600,0.710876
1971-05-05,21.625,21.75,21.625,21.75,5000,0.714985
1971-05-06,21.75,21.75,21.5,21.5,5000,0.706766
1971-05-07,21.5,21.75,21.5,21.5,5900,0.706766
1971-05-10,21.5,21.625,21.375,21.375,8900,0.702657
1971-05-11,21.375,21.75,21.25,21.625,5100,0.710876
1971-05-12,21.625,21.625,21.5,21.5,5300,0.706766
1971-05-13,21.5,21.625,21.25,21.25,7400,0.698548
1971-05-14,21.25,21.5,21.125,21.125,8500,0.694439
1971-05-17,21.125,21.25,21.0,21.0,11500,0.69033
1971-05-18,21.0,21.25,21.0,21.25,10800,0.698548
1971-05-19,21.25,21.375,21.125,21.125,9700,0.694439
1971-05-20,21.125,21.375,21.125,21.375,4300,0.702657
1971-05-21,21.375,21.375,21.125,21.25,9200,0.698548
1971-05-24,21.25,21.375,21.0,21.0,10700,0.69033
1971-05-25,21.0,21.125,20.75,20.875,10500,0.686221
1971-05-26,20.875,20.875,20.5,20.5,9500,0.673894
1971-05-27,20.5,20.625,20.0,20.5,14400,0.673894
1971-05-28,20.5,20.5,20.0,20.25,10200,0.665675
1971-06-01,20.25,20.375,20.125,20.25,9500,0.665675
1971-06-02,20.25,20.375,20.125,20.375,9200,0.669785
1971-06-03,20.375,20.375,20.125,20.125,4700,0.661566
1971-06-04,20.125,20.25,20.0,20.0,12800,0.657457
1971-06-07,20.0,20.25,20.0,20.125,5300,0.661566
1971-06-08,20.125,20.125,20.0,20.0,9100,0.657457
1971-06-09,20.0,20.125,19.875,19.875,18300,0.653348
1971-06-10,19.875,20.0,19.875,20.0,7600,0.657457
1971-06-11,20.0,20.0,19.875,20.0,6000,0.657457
1971-06-14,20.0,20.125,19.75,19.75,8200,0.649239
1971-06-15,19.75,20.0,19.75,20.0,11900,0.657457
1971-06-16,19.625,19.625,19.5,19.625,6700,0.656621
1971-06-17,19.625,19.625,19.5,19.5,63100,0.652438
1971-06-18,19.5,19.5,19.5,19.5,21600,0.652438
1971-06-21,19.5,20.0,19.5,19.5,26100,0.652438
1971-06-22,19.5,19.625,19.5,19.625,30600,0.656621
1971-06-23,19.5,19.5,19.125,19.125,93300,0.639892
1971-06-24,19.25,19.5,19.25,19.5,55700,0.652438
1971-06-25,19.5,19.5,19.25,19.375,15600,0.648256
1971-06-28,19.375,19.625,19.375,19.5,19200,0.652438
1971-06-29,19.5,19.75,19.5,19.625,15400,0.656621
1971-06-30,19.625,19.875,19.5,19.875,34500,0.664985
1971-07-01,19.875,19.875,19.625,19.75,24200,0.660803
1971-07-02,19.75,19.875,19.625,19.75,14000,0.660803
1971-07-06,19.75,20.0,19.75,20.0,14700,0.669168
1971-07-07,20.0,20.0,19.75,19.75,18400,0.660803
1971-07-08,19.75,20.0,19.75,20.0,12300,0.669168
1971-07-09,20.0,20.0,19.75,19.875,14200,0.664985
1971-07-12,19.875,20.0,19.75,20.0,12700,0.669168
1971-07-13,20.0,20.0,19.75,19.875,17200,0.664985
1971-07-14,19.875,20.0,19.875,20.0,10800,0.669168
1971-07-15,20.0,20.0,19.875,20.0,19800,0.669168
1971-07-16,20.0,20.25,20.0,20.125,18300,0.67335
1971-07-19,20.125,20.25,20.125,20.25,11100,0.677532
1971-07-20,20.25,20.25,20.125,20.25,14700,0.677532
1971-07-21,20.25,20.25,20.0,20.0,16200,0.669168
1971-07-22,20.0,20.25,20.0,20.125,14100,0.67335
1971-07-23,20.125,20.25,20.0,20.125,13700,0.67335
1971-07-26,20.125,20.375,20.125,20.25,10500,0.677532
1971-07-27,20.25,20.5,20.25,20.25,12200,0.677532
1971-07-28,20.25,20.5,20.25,20.375,10600,0.681715
1971-07-29,20.375,20.375,20.25,20.375,9700,0.681715
1971-07-30,20.375,20.375,19.875,19.875,42600,0.664985
1971-08-02,20.0,20.25,20.0,20.25,7700,0.677532
1971-08-03,20.25,20.25,20.0,20.0,10500,0.669168
1971-08-04,20.0,20.125,19.75,19.875,10200,0.664985
1971-08-05,19.875,20.125,19.875,19.875,8100,0.664985
1971-08-06,20.0,20.125,20.0,20.125,5500,0.67335
1971-08-09,20.125,20.125,19.875,19.875,7700,0.664985
1971-08-10,19.875,20.125,19.875,20.125,6600,0.67335
1971-08-11,20.125,20.125,19.875,19.875,9100,0.664985
1971-08-12,19.875,20.0,19.875,20.0,10000,0.669168
1971-08-13,20.0,20.0,19.75,19.75,5800,0.660803
1971-08-16,19.875,20.125,19.875,20.0,27000,0.669168
1971-08-17,20.0,20.25,19.875,20.0,18500,0.669168
1971-08-18,20.0,20.125,19.875,20.0,19000,0.669168
1971-08-19,20.0,20.125,19.75,19.875,21200,0.664985
1971-08-20,19.875,20.0,19.75,20.0,10400,0.669168
1971-08-23,20.0,20.0,19.75,19.875,13600,0.664985
1971-08-24,19.875,20.0,19.875,20.0,21600,0.669168
1971-08-25,20.0,20.125,19.875,20.0,11100,0.669168
1971-08-26,20.0,20.0,19.625,19.75,28000,0.660803
1971-08-27,19.75,20.0,19.75,19.875,6600,0.664985
1971-08-30,19.875,20.0,19.875,20.0,9000,0.669168
1971-08-31,19.875,19.875,19.75,19.875,12000,0.664985
1971-09-01,19.875,20.0,19.75,19.75,6500,0.660803
1971-09-02,19.875,20.0,19.875,19.875,8100,0.664985
1971-09-03,19.875,20.125,19.875,20.125,9700,0.67335
1971-09-07,20.125,20.25,20.0,20.125,23800,0.67335
1971-09-08,20.125,20.25,20.0,20.25,11600,0.677532
1971-09-09,20.125,20.125,20.0,20.0,8700,0.669168
1971-09-10,20.0,20.25,20.0,20.0,16100,0.669168
1971-09-13,20.0,20.125,19.875,20.125,9000,0.67335
1971-09-14,20.125,20.125,19.875,20.125,7700,0.67335
1971-09-15,20.125,20.125,20.0,20.125,7300,0.67335
1971-09-16,20.125,20.125,20.0,20.0,14100,0.669168
1971-09-17,20.0,20.125,19.875,20.0,4700,0.669168
1971-09-20,20.0,20.0,19.875,20.0,11400,0.669168
1971-09-21,20.0,20.125,19.875,20.0,11700,0.669168
1971-09-22,20.0,20.0,19.75,19.875,11600,0.664985
1971-09-23,19.875,19.875,19.75,19.75,14400,0.660803
1971-09-24,19.5,19.5,19.25,19.25,29800,0.655694
1971-09-27,19.25,19.5,19.25,19.375,8400,0.659952
1971-09-28,19.375,19.5,19.25,19.25,8900,0.655694
1971-09-29,19.25,19.375,19.25,19.375,8200,0.659952
1971-09-30,19.375,19.375,19.25,19.25,10300,0.655694
1971-10-01,19.25,19.5,19.25,19.375,16700,0.659952
1971-10-04,19.5,19.75,19.5,19.625,18500,0.668467
1971-10-05,19.625,19.75,19.5,19.625,14700,0.668467
1971-10-06,19.625,19.875,19.5,19.875,12300,0.676983
1971-10-07,19.875,20.0,19.75,19.875,12100,0.676983
1971-10-08,19.875,20.0,19.875,20.0,11400,0.68124
1971-10-11,20.0,20.125,19.875,19.875,17000,0.676983
1971-10-12,19.875,20.125,19.75,20.0,22400,0.68124
1971-10-13,20.0,20.125,20.0,20.0,12700,0.68124
1971-10-14,20.0,20.25,20.0,20.125,11300,0.685498
1971-10-15,20.125,20.25,20.0,20.125,8300,0.685498
1971-10-18,20.25,20.5,20.25,20.25,15500,0.689756
1971-10-19,20.25,20.375,20.125,20.25,22900,0.689756
1971-10-20,20.25,20.375,20.125,20.125,9700,0.685498
1971-10-21,20.125,20.375,20.125,20.125,10000,0.685498
1971-10-22,20.125,20.25,20.125,20.125,10300,0.685498
1971-10-25,20.125,20.25,20.125,20.125,6400,0.685498
1971-10-26,20.125,20.25,20.0,20.25,12100,0.689756
1971-10-27,20.25,20.25,20.0,20.0,10600,0.68124
1971-10-28,20.0,20.25,20.0,20.125,11100,0.685498
1971-10-29,20.125,20.25,20.0,20.125,7200,0.685498
1971-11-01,20.125,20.125,20.0,20.0,16500,0.68124
1971-11-02,20.0,20.125,20.0,20.0,12200,0.68124
1971-11-03,20.0,20.375,20.0,20.125,7400,0.685498
1971-11-04,20.125,20.375,20.0,20.0,15200,0.68124
1971-11-05,20.0,20.25,20.0,20.25,8400,0.689756
1971-11-08,20.25,20.375,20.125,20.125,7400,0.685498
1971-11-09,20.125,20.25,20.125,20.25,9700,0.689756
1971-11-10,20.25,20.25,20.125,20.25,6600,0.689756
1971-11-11,20.25,20.25,20.0,20.0,10700,0.68124
1971-11-12,20.125,20.375,20.125,20.125,10600,0.685498
1971-11-15,20.125,20.375,20.0,20.0,8200,0.68124
1971-11-16,20.0,20.25,20.0,20.125,10400,0.685498
1971-11-17,20.125,20.375,20.0,20.125,43400,0.685498
1971-11-18,20.125,20.25,20.0,20.0,11900,0.68124
1971-11-19,20.0,20.125,19.875,20.125,7300,0.685498
1971-11-22,20.125,20.125,20.0,20.125,4900,0.685498
1971-11-23,20.125,20.125,19.875,20.0,11100,0.68124
1971-11-24,20.0,20.125,19.875,19.875,6900,0.676983
1971-11-26,19.875,20.0,19.875,19.875,6600,0.676983
1971-11-29,20.0,20.125,20.0,20.0,13700,0.68124
1971-11-30,20.0,20.125,20.0,20.0,9900,0.68124
1971-12-01,20.0,20.25,20.0,20.25,8200,0.689756
1971-12-02,20.25,20.25,20.125,20.125,8400,0.685498
1971-12-03,20.125,20.625,20.125,20.625,22100,0.702529
1971-12-06,20.625,20.875,20.375,20.625,7600,0.702529
1971-12-07,20.625,20.625,20.375,20.5,16200,0.698271
1971-12-08,20.5,20.625,20.375,20.375,7600,0.694014
1971-12-09,20.375,20.75,20.375,20.75,6200,0.706787
1971-12-10,20.75,20.75,20.5,20.625,12800,0.702529
1971-12-13,20.625,20.75,20.5,20.625,9300,0.702529
1971-12-14,20.625,20.875,20.625,20.75,11300,0.706787
1971-12-15,20.5,20.5,20.25,20.375,12800,0.705921
1971-12-16,20.375,20.375,20.125,20.125,8500,0.697259
1971-12-17,20.125,20.25,20.0,20.125,7600,0.697259
1971-12-20,20.125,20.375,20.0,20.25,12100,0.70159
1971-12-21,20.25,20.25,20.0,20.25,13900,0.70159
1971-12-22,20.25,20.25,20.125,20.125,6600,0.697259
1971-12-23,20.125,20.25,20.125,20.125,6300,0.697259
1971-12-27,20.125,20.25,20.0,20.125,6800,0.697259
1971-12-28,20.125,20.25,20.0,20.125,12700,0.697259
1971-12-29,20.125,20.75,20.125,20.75,29000,0.718913
1971-12-30,20.75,21.0,20.5,21.0,15300,0.727575
1971-12-31,21.0,21.0,20.75,21.0,10700,0.727575
1972-01-03,21.0,21.375,20.875,21.125,12900,0.731905
1972-01-04,21.125,21.375,21.125,21.25,11600,0.736236
1972-01-05,21.25,21.5,21.25,21.25,8000,0.736236
1972-01-06,21.25,21.375,21.125,21.375,16200,0.740567
1972-01-07,21.375,21.75,21.375,21.5,12300,0.744898
1972-01-10,21.625,21.875,21.625,21.75,15900,0.753559
1972-01-11,21.75,22.125,21.75,22.125,46400,0.766552
1972-01-12,22.125,22.25,22.0,22.125,26800,0.766552
1972-01-13,22.125,22.125,21.875,22.0,13700,0.762221
1972-01-14,22.0,22.125,22.0,22.125,12500,0.766552
1972-01-17,22.125,22.125,21.875,22.125,14800,0.766552
1972-01-18,22.125,22.125,21.875,22.125,16500,0.766552
1972-01-19,22.125,22.125,22.0,22.125,13800,0.766552
1972-01-20,22.125,22.125,22.0,22.125,10000,0.766552
1972-01-21,22.125,22.125,22.0,22.125,14000,0.766552
1972-01-24,22.125,22.125,21.875,22.0,14300,0.762221
1972-01-25,21.875,21.875,21.5,21.5,12600,0.744898
1972-01-26,21.5,21.75,21.5,21.75,4500,0.753559
1972-01-27,21.75,21.75,21.375,21.375,20400,0.740567
1972-01-28,21.375,21.5,21.125,21.375,7200,0.740567
1972-01-31,21.375,21.5,21.125,21.125,18500,0.731905
1972-02-01,21.125,21.375,21.125,21.375,8700,0.740567
1972-02-02,21.25,21.25,21.0,21.0,17200,0.727575
1972-02-03,21.0,21.125,20.5,20.625,16500,0.714582
1972-02-04,20.625,20.875,20.625,20.875,14900,0.723244
1972-02-07,20.875,21.0,20.75,21.0,10400,0.727575
1972-02-08,21.0,21.125,20.875,21.125,14800,0.731905
1972-02-09,21.125,21.25,20.875,21.25,11600,0.736236
1972-02-10,21.25,21.25,20.875,21.0,11300,0.727575
1972-02-11,21.0,21.0,20.75,21.0,10000,0.727575
1972-02-14,21.0,21.25,20.75,21.0,17600,0.727575
1972-02-15,21.0,21.0,20.75,20.75,7500,0.718913
1972-02-16,20.75,21.0,20.75,20.75,7500,0.718913
1972-02-17,20.75,20.875,20.625,20.75,9100,0.718913
1972-02-18,20.75,20.875,20.75,20.875,6500,0.723244
1972-02-22,20.875,21.0,20.75,20.875,10200,0.723244
1972-02-23,20.875,21.0,20.75,21.0,8700,0.727575
1972-02-24,21.0,21.0,20.875,21.0,7200,0.727575
1972-02-25,21.0,21.125,20.875,21.0,9400,0.727575
1972-02-28,21.0,21.125,20.875,21.0,11600,0.727575
1972-02-29,21.0,21.125,20.875,21.0,9400,0.727575
1972-03-01,21.0,21.0,20.875,21.0,7300,0.727575
1972-03-02,21.0,21.25,20.875,21.0,10200,0.727575
1972-03-03,21.0,21.375,21.0,21.125,8300,0.731905
1972-03-06,21.25,21.375,21.25,21.25,10900,0.736236
1972-03-07,21.375,21.75,21.375,21.75,11100,0.753559
1972-03-08,21.75,21.75,21.375,21.5,5900,0.744898
1972-03-09,21.5,21.625,21.375,21.5,6400,0.744898
1972-03-10,21.5,21.5,21.25,21.25,7000,0.736236
1972-03-13,21.25,21.5,21.25,21.375,6700,0.740567
1972-03-14,21.375,21.625,21.25,21.625,5400,0.749229
1972-03-15,21.625,21.625,21.5,21.625,6200,0.749229
1972-03-16,21.5,21.5,21.125,21.375,7000,0.740567
1972-03-17,21.375,21.75,21.25,21.625,12400,0.749229
1972-03-20,21.375,21.375,21.0,21.125,17100,0.743946
1972-03-21,21.125,21.125,20.875,20.875,16200,0.735142
1972-03-22,20.875,21.0,20.75,21.0,7900,0.739544
1972-03-23,21.0,21.0,20.625,20.75,8700,0.73074
1972-03-24,20.75,20.75,20.25,20.25,16400,0.713132
1972-03-27,20.25,20.25,20.0,20.0,37600,0.704328
1972-03-28,20.0,20.375,20.0,20.125,29600,0.70873
1972-03-29,20.125,20.125,19.875,20.0,23000,0.704328
1972-03-30,20.0,20.125,20.0,20.125,17900,0.70873
1972-04-03,20.125,20.375,20.0,20.25,8000,0.713132
1972-04-04,20.25,20.625,20.25,20.625,9900,0.726338
1972-04-05,20.625,20.75,20.125,20.375,11900,0.717534
1972-04-06,20.375,20.375,20.0,20.0,34200,0.704328
1972-04-07,20.125,20.375,20.125,20.375,8200,0.717534
1972-04-10,20.25,20.25,20.125,20.125,10200,0.70873
1972-04-11,20.125,20.25,20.125,20.25,9500,0.713132
1972-04-12,20.25,20.375,20.0,20.375,29100,0.717534
1972-04-13,20.375,20.375,20.125,20.25,9900,0.713132
1972-04-14,20.25,20.25,20.125,20.125,5800,0.70873
1972-04-17,20.125,20.25,20.0,20.0,14100,0.704328
1972-04-18,20.0,20.25,20.0,20.125,11900,0.70873
1972-04-19,20.125,20.25,20.0,20.0,14300,0.704328
1972-04-20,20.0,20.25,20.0,20.25,10400,0.713132
1972-04-21,20.25,20.25,20.0,20.125,6700,0.70873
1972-04-24,20.125,20.25,20.125,20.125,8900,0.70873
1972-04-25,20.125,20.25,20.0,20.125,6400,0.70873
1972-04-26,20.125,20.25,20.0,20.25,5300,0.713132
1972-04-27,20.25,20.25,20.125,20.25,7700,0.713132
1972-04-28,20.25,20.25,20.125,20.25,6000,0.713132
1972-05-01,20.25,20.25,20.0,20.125,8100,0.70873
1972-05-02,20.125,20.375,20.125,20.125,11000,0.70873
1972-05-03,20.125,20.25,20.125,20.125,10100,0.70873
1972-05-04,20.125,20.25,20.125,20.25,10700,0.713132
1972-05-05,20.25,20.25,20.125,20.25,4700,0.713132
1972-05-08,20.25,20.25,20.0,20.25,28500,0.713132
1972-05-09,20.25,20.25,20.0,20.125,7000,0.70873
1972-05-10,20.125,20.25,20.125,20.125,6400,0.70873
1972-05-11,20.125,20.25,20.0,20.25,4900,0.713132
1972-05-12,20.25,20.25,20.125,20.125,8300,0.70873
1972-05-15,20.125,20.25,20.125,20.25,22900,0.713132
1972-05-16,20.25,20.25,20.125,20.25,4500,0.713132
1972-05-17,20.25,20.375,20.125,20.125,6600,0.70873
1972-05-18,20.125,20.25,20.125,20.125,5600,0.70873
1972-05-19,20.125,20.25,20.125,20.125,11400,0.70873
1972-05-22,20.125,20.25,20.125,20.125,7100,0.70873
1972-05-23,20.125,20.25,20.125,20.25,6200,0.713132
1972-05-24,20.25,20.25,20.125,20.125,10200,0.70873
1972-05-25,20.125,20.25,20.125,20.25,7100,0.713132
1972-05-26,20.25,20.25,20.125,20.25,7800,0.713132
1972-05-30,20.25,20.25,20.125,20.25,5700,0.713132
1972-05-31,20.25,20.375,20.0,20.125,5500,0.70873
1972-06-01,20.125,20.375,20.125,20.125,12000,0.70873
1972-06-02,20.125,20.25,20.125,20.25,4700,0.713132
1972-06-05,20.25,20.375,20.125,20.25,5300,0.713132
1972-06-06,20.25,20.375,20.125,20.25,11400,0.713132
1972-06-07,20.25,20.25,20.125,20.125,6700,0.70873
1972-06-08,20.125,20.25,20.125,20.125,4700,0.70873
1972-06-09,20.125,20.25,20.125,20.125,2900,0.70873
1972-06-12,20.125,20.375,20.125,20.375,7600,0.717534
1972-06-13,20.375,20.375,20.125,20.25,3400,0.713132
1972-06-14,20.25,20.375,20.25,20.25,4400,0.713132
1972-06-15,20.25,20.5,20.25,20.25,4800,0.713132
1972-06-16,20.0,20.0,19.875,20.0,10800,0.716715
1972-06-19,20.0,20.0,19.875,19.875,9200,0.712236
1972-06-20,19.875,20.125,19.875,20.0,5700,0.716715
1972-06-21,20.0,20.0,19.875,19.875,8700,0.712236
1972-06-22,19.875,20.0,19.875,19.875,10900,0.712236
1972-06-23,19.875,20.0,19.875,19.875,5300,0.712236
1972-06-26,19.875,20.0,19.625,19.625,6700,0.703277
1972-06-27,19.625,19.75,19.625,19.625,8600,0.703277
1972-06-28,19.625,19.875,19.625,19.75,4400,0.707756
1972-06-29,19.75,20.0,19.75,20.0,5600,0.716715
1972-06-30,20.0,20.0,19.75,19.75,5600,0.707756
1972-07-03,19.75,20.0,19.75,19.875,5800,0.712236
1972-07-05,19.875,20.0,19.75,19.75,10900,0.707756
1972-07-06,19.75,20.0,19.75,20.0,5600,0.716715
1972-07-07,20.0,20.0,19.75,19.875,6400,0.712236
1972-07-10,19.875,20.0,19.75,19.75,12400,0.707756
1972-07-11,19.75,20.0,19.75,19.875,4700,0.712236
1972-07-12,19.875,19.875,19.625,19.75,8500,0.707756
1972-07-13,19.75,19.75,19.625,19.75,6200,0.707756
1972-07-14,19.75,19.75,19.625,19.625,4200,0.703277
1972-07-17,19.75,19.875,19.75,19.75,6700,0.707756
1972-07-18,19.75,19.875,19.75,19.75,6000,0.707756
1972-07-19,19.75,19.875,19.75,19.875,10300,0.712236
1972-07-20,19.875,19.875,19.625,19.875,7600,0.712236
1972-07-21,19.875,19.875,19.75,19.875,7800,0.712236
1972-07-24,19.875,19.875,19.625,19.625,8500,0.703277
1972-07-25,19.625,19.875,19.625,19.75,6700,0.707756
1972-07-26,19.75,19.875,19.75,19.75,6500,0.707756
1972-07-27,19.75,19.875,19.75,19.75,5700,0.707756
1972-07-28,19.75,19.875,19.75,19.75,5300,0.707756
1972-07-31,19.75,20.0,19.75,19.875,6200,0.712236
1972-08-01,19.875,20.0,19.75,20.0,4700,0.716715
1972-08-02,20.0,20.0,19.875,19.875,7100,0.712236
1972-08-03,19.875,19.875,19.75,19.75,8200,0.707756
1972-08-04,19.75,20.0,19.75,19.75,6000,0.707756
1972-08-07,19.75,19.875,19.75,19.75,5600,0.707756
1972-08-08,19.875,20.0,19.875,19.875,6600,0.712236
1972-08-09,19.875,20.0,19.75,19.75,7600,0.707756
1972-08-10,19.75,19.875,19.625,19.75,6000,0.707756
1972-08-11,19.75,19.875,19.75,19.875,2900,0.712236
1972-08-14,19.875,20.0,19.75,20.0,6600,0.716715
1972-08-15,20.0,20.0,19.75,19.75,3900,0.707756
1972-08-16,19.75,19.875,19.75,19.875,2700,0.712236
1972-08-17,19.875,20.125,19.875,20.125,8500,0.721195
1972-08-18,20.125,20.125,20.0,20.0,9100,0.716715
1972-08-21,20.0,20.125,19.875,20.0,4100,0.716715
1972-08-22,20.0,20.125,20.0,20.0,5600,0.716715
1972-08-23,20.0,20.125,19.875,20.0,5800,0.716715
1972-08-24,20.0,20.125,19.875,19.875,8900,0.712236
1972-08-25,19.875,20.25,19.875,20.0,6900,0.716715
1972-08-28,20.0,20.125,20.0,20.0,4900,0.716715
1972-08-29,20.0,20.125,19.875,20.0,3700,0.716715
1972-08-30,20.0,20.125,20.0,20.125,5000,0.721195
1972-08-31,20.125,20.125,19.875,20.0,9600,0.716715
1972-09-01,20.0,20.25,19.875,20.0,14300,0.716715
1972-09-05,20.0,20.125,19.875,20.0,3900,0.716715
1972-09-06,20.0,20.0,19.875,19.875,7900,0.712236
1972-09-07,19.875,20.0,19.75,19.75,7000,0.707756
1972-09-08,19.75,20.0,19.75,20.0,4000,0.716715
1972-09-11,20.0,20.0,19.875,20.0,5500,0.716715
1972-09-12,20.0,20.0,19.875,20.0,2500,0.716715
1972-09-13,20.0,20.0,19.75,19.75,8700,0.707756
1972-09-14,19.875,20.0,19.875,20.0,4900,0.716715
1972-09-15,20.0,20.0,19.75,19.75,4900,0.707756
1972-09-18,19.75,19.875,19.75,19.75,3500,0.707756
1972-09-19,19.75,20.0,19.75,19.875,5000,0.712236
1972-09-20,19.875,20.0,19.75,20.0,5100,0.716715
1972-09-21,19.75,19.75,19.375,19.5,7300,0.711244
1972-09-22,19.5,19.625,19.25,19.25,6900,0.702126
1972-09-25,19.25,19.375,19.25,19.375,16800,0.706685
1972-09-26,19.25,19.25,19.25,19.25,39300,0.702126
1972-09-27,19.25,19.625,19.25,19.375,39700,0.706685
1972-09-28,19.375,19.625,19.375,19.625,30200,0.715804
1972-09-29,19.625,19.625,19.375,19.625,9300,0.715804
1972-10-02,19.625,19.625,19.375,19.375,9600,0.706685
1972-10-03,19.375,19.625,19.375,19.5,13100,0.711244
1972-10-04,19.5,19.625,19.5,19.5,25300,0.711244
1972-10-05,19.5,19.75,19.5,19.75,12100,0.720363
1972-10-06,19.75,19.75,19.5,19.75,14500,0.720363
1972-10-09,19.75,19.75,19.5,19.75,7900,0.720363
1972-10-10,19.625,19.625,19.5,19.5,4500,0.711244
1972-10-11,19.5,19.625,19.5,19.625,7300,0.715804
1972-10-12,19.625,19.75,19.5,19.75,5900,0.720363
1972-10-13,19.75,19.75,19.5,19.5,4200,0.711244
1972-10-16,19.5,19.625,19.5,19.5,4600,0.711244
1972-10-17,19.5,19.625,19.5,19.625,7800,0.715804
1972-10-18,19.625,19.75,19.5,19.75,6400,0.720363
1972-10-19,19.75,19.75,19.625,19.75,6200,0.720363
1972-10-20,19.75,19.75,19.5,19.5,5700,0.711244
1972-10-23,19.5,19.75,19.5,19.75,3300,0.720363
1972-10-24,19.75,19.75,19.5,19.75,7200,0.720363
1972-10-25,19.75,19.75,19.625,19.75,8500,0.720363
1972-10-26,19.75,19.75,19.625,19.625,21400,0.715804
1972-10-27,19.625,19.75,19.625,19.625,6400,0.715804
1972-10-30,19.625,19.875,19.625,19.625,7300,0.715804
1972-10-31,19.75,19.875,19.75,19.75,12900,0.720363
1972-11-01,19.875,20.25,19.875,20.125,18800,0.734041
1972-11-02,20.125,20.375,20.125,20.25,15300,0.7386
1972-11-03,20.25,20.625,20.25,20.5,17800,0.747718
1972-11-06,20.5,20.625,20.375,20.625,16100,0.752278
1972-11-08,20.625,20.75,20.375,20.5,13000,0.747718
1972-11-09,20.5,20.75,20.5,20.5,11300,0.747718
1972-11-10,20.5,20.75,20.5,20.75,19300,0.756837
1972-11-13,20.75,20.75,20.5,20.625,9800,0.752278
1972-11-14,20.625,20.75,20.5,20.625,13700,0.752278
1972-11-15,20.625,20.75,20.5,20.5,13900,0.747718
1972-11-16,20.5,20.75,20.5,20.75,14800,0.756837
1972-11-17,20.75,20.875,20.625,20.625,13400,0.752278
1972-11-20,20.625,21.0,20.625,21.0,13000,0.765955
1972-11-21,21.0,21.5,21.0,21.5,37500,0.784192
1972-11-22,21.625,21.875,21.625,21.625,29500,0.788752
1972-11-24,21.625,22.0,21.625,21.875,31200,0.79787
1972-11-27,21.875,22.0,21.625,21.875,26200,0.79787
1972-11-28,21.875,22.125,21.875,21.875,41800,0.79787
1972-11-29,21.875,22.0,21.75,21.75,17200,0.793311
1972-11-30,21.75,21.875,21.5,21.5,16200,0.784192
1972-12-01,21.5,21.75,21.5,21.75,13300,0.793311
1972-12-04,21.75,21.875,21.625,21.75,15900,0.793311
1972-12-05,21.75,21.875,21.625,21.625,11200,0.788752
1972-12-06,21.625,21.875,21.625,21.75,46700,0.793311
1972-12-07,21.75,21.875,21.75,21.875,14000,0.79787
1972-12-08,21.875,21.875,21.75,21.75,10900,0.793311
1972-12-11,21.75,21.875,21.5,21.625,13400,0.788752
1972-12-12,21.625,21.75,21.5,21.5,8700,0.784192
1972-12-13,21.5,21.625,21.375,21.5,13700,0.784192
1972-12-14,21.5,21.5,21.125,21.375,7800,0.779633
1972-12-15,21.375,21.375,21.0,21.375,12200,0.779633
1972-12-18,21.375,21.375,21.0,21.25,11100,0.775074
1972-12-19,21.125,21.125,21.0,21.0,9400,0.765955
1972-12-20,21.0,21.375,21.0,21.125,14700,0.770515
1972-12-21,20.75,20.75,20.125,20.125,16700,0.746407
1972-12-22,20.125,20.25,20.0,20.125,10500,0.746407
1972-12-26,20.125,20.25,20.0,20.25,11000,0.751043
1972-12-27,20.25,20.375,20.125,20.375,9100,0.755679
1972-12-29,20.375,20.625,20.125,20.625,15600,0.764951
1973-01-02,20.625,20.875,20.5,20.75,13000,0.769587
1973-01-03,20.75,21.0,20.75,20.875,12800,0.774223
1973-01-04,20.875,21.125,20.875,21.125,13700,0.783496
1973-01-05,21.125,21.25,20.875,21.125,10300,0.783496
1973-01-08,21.125,21.25,21.0,21.0,8300,0.77886
1973-01-09,21.0,21.25,20.875,20.875,10500,0.774223
1973-01-10,21.0,21.25,21.0,21.125,6800,0.783496
1973-01-11,21.125,21.125,21.0,21.0,11000,0.77886
1973-01-12,21.0,21.125,21.0,21.125,8400,0.783496
1973-01-15,21.125,21.25,20.875,21.125,27100,0.783496
1973-01-16,21.125,21.25,21.0,21.125,10400,0.783496
1973-01-17,21.125,21.125,21.0,21.0,14200,0.77886
1973-01-18,21.0,21.125,20.75,21.0,11900,0.77886
1973-01-19,21.0,21.125,20.75,21.0,8900,0.77886
1973-01-22,21.0,21.0,20.625,20.625,10500,0.764951
1973-01-23,20.625,20.625,20.25,20.5,19000,0.760315
1973-01-24,20.5,20.75,20.375,20.375,16000,0.755679
1973-01-26,20.375,20.375,20.125,20.25,11600,0.751043
1973-01-29,20.25,20.375,20.25,20.25,10100,0.751043
1973-01-30,20.25,20.25,20.125,20.25,10600,0.751043
1973-01-31,20.25,20.5,20.25,20.5,8500,0.760315
1973-02-01,20.5,20.5,20.125,20.125,8000,0.746407
1973-02-02,20.125,20.375,20.125,20.375,8400,0.755679
1973-02-05,20.375,20.375,20.125,20.375,10800,0.755679
1973-02-06,20.375,20.375,20.25,20.25,5900,0.751043
1973-02-07,20.25,20.5,20.25,20.25,9500,0.751043
1973-02-08,20.25,20.25,20.125,20.125,6600,0.746407
1973-02-09,20.125,20.25,20.125,20.125,7600,0.746407
1973-02-12,20.125,20.375,20.125,20.375,9000,0.755679
1973-02-13,20.375,20.375,20.125,20.125,12100,0.746407
1973-02-14,20.125,20.375,20.125,20.375,7200,0.755679
1973-02-15,20.375,20.375,20.125,20.125,7400,0.746407
1973-02-16,20.125,20.25,20.0,20.25,9300,0.751043
1973-02-20,20.25,20.375,20.25,20.375,9400,0.755679
1973-02-21,20.375,20.375,20.25,20.375,6400,0.755679
1973-02-22,20.375,20.375,20.25,20.25,5800,0.751043
1973-02-23,20.25,20.5,20.25,20.25,7000,0.751043
1973-02-26,20.25,20.5,20.25,20.375,5000,0.755679
1973-02-27,20.375,20.5,20.25,20.375,4900,0.755679
1973-02-28,20.375,20.5,20.25,20.5,3800,0.760315
1973-03-01,20.5,20.5,20.25,20.25,8000,0.751043
1973-03-02,20.25,20.5,20.25,20.5,6500,0.760315
1973-03-05,20.5,20.5,20.25,20.25,5600,0.751043
1973-03-06,20.25,20.5,20.25,20.25,9900,0.751043
1973-03-07,20.375,21.0,20.375,20.875,10500,0.774223
1973-03-08,20.875,21.125,20.75,21.125,14000,0.783496
1973-03-09,21.125,21.125,20.875,20.875,9600,0.774223
1973-03-12,20.875,21.0,20.75,21.0,7000,0.77886
1973-03-13,20.875,20.875,20.625,20.625,7100,0.764951
1973-03-14,20.625,20.75,20.5,20.5,5500,0.760315
1973-03-15,20.5,20.625,20.25,20.5,12100,0.760315
1973-03-16,20.625,20.875,20.625,20.75,8500,0.769587
1973-03-19,20.625,20.625,20.375,20.625,7400,0.764951
1973-03-20,20.625,20.75,20.375,20.625,12200,0.764951
1973-03-21,20.625,20.75,20.625,20.75,8400,0.769587
1973-03-22,20.75,20.75,20.625,20.75,12800,0.769587
1973-03-23,20.375,20.375,20.0,20.0,6600,0.754979
1973-03-26,20.0,20.25,20.0,20.25,10000,0.764416
1973-03-27,20.25,20.375,20.125,20.25,10400,0.764416
1973-03-28,20.25,20.25,20.0,20.125,10500,0.759697
1973-03-29,20.125,20.25,20.125,20.25,5200,0.764416
1973-03-30,20.25,20.25,20.0,20.0,4100,0.754979
1973-04-02,20.0,20.25,20.0,20.0,7000,0.754979
1973-04-03,20.125,20.25,20.125,20.125,4600,0.759697
1973-04-04,20.125,20.25,20.125,20.125,8400,0.759697
1973-04-05,20.125,20.25,20.125,20.25,9600,0.764416
1973-04-06,20.25,20.25,20.125,20.125,5300,0.759697
1973-04-09,20.125,20.25,20.0,20.125,10300,0.759697
1973-04-10,20.125,20.25,20.0,20.0,11500,0.754979
1973-04-11,20.0,20.25,20.0,20.25,8300,0.764416
1973-04-12,20.25,20.375,20.125,20.375,8800,0.769134
1973-04-13,20.375,20.375,20.25,20.25,6500,0.764416
1973-04-16,20.375,20.625,20.375,20.5,6400,0.773853
1973-04-17,20.5,20.625,20.375,20.5,11800,0.773853
1973-04-18,20.5,20.5,20.375,20.5,9400,0.773853
1973-04-19,20.5,20.5,20.375,20.375,7700,0.769134
1973-04-23,20.375,20.375,20.25,20.25,8400,0.764416
1973-04-24,20.25,20.375,20.125,20.375,14000,0.769134
1973-04-25,20.375,20.625,20.25,20.625,11300,0.778572
1973-04-26,20.625,20.625,20.375,20.625,3900,0.778572
1973-04-27,20.625,20.625,20.5,20.5,5700,0.773853
1973-04-30,20.5,20.75,20.375,20.5,10900,0.773853
1973-05-01,20.5,20.75,20.5,20.625,20700,0.778572
1973-05-02,20.625,20.875,20.625,20.625,7700,0.778572
1973-05-03,20.625,21.125,20.5,20.75,19000,0.78329
1973-05-04,20.75,20.875,20.625,20.75,5400,0.78329
1973-05-07,20.75,20.75,20.5,20.625,6200,0.778572
1973-05-08,20.625,20.75,20.5,20.625,6100,0.778572
1973-05-09,20.625,20.875,20.625,20.75,6200,0.78329
1973-05-10,20.75,20.875,20.5,20.5,5500,0.773853
1973-05-11,20.5,20.625,20.5,20.5,5500,0.773853
1973-05-14,20.5,20.625,20.5,20.625,8400,0.778572
1973-05-15,20.625,20.75,20.5,20.625,8900,0.778572
1973-05-16,20.625,20.625,20.5,20.5,7400,0.773853
1973-05-17,20.5,20.625,20.5,20.625,4700,0.778572
1973-05-18,20.625,20.625,20.25,20.25,11700,0.764416
1973-05-21,20.25,20.375,20.125,20.125,10600,0.759697
1973-05-22,20.125,20.375,20.0,20.0,10200,0.754979
1973-05-23,20.0,20.25,20.0,20.25,9700,0.764416
1973-05-24,20.25,20.5,20.25,20.25,5700,0.764416
1973-05-25,20.25,20.375,20.25,20.375,5100,0.769134
1973-05-29,20.375,20.375,20.25,20.375,6100,0.769134
1973-05-30,20.375,20.5,20.25,20.375,5200,0.769134
1973-05-31,20.375,20.625,20.25,20.375,4700,0.769134
1973-06-01,20.375,20.5,20.25,20.375,9600,0.769134
1973-06-04,20.375,20.5,20.25,20.25,5200,0.764416
1973-06-05,20.25,20.375,20.25,20.375,14400,0.769134
1973-06-06,20.375,20.5,20.375,20.375,4300,0.769134
1973-06-07,20.375,20.5,20.25,20.375,14000,0.769134
1973-06-08,20.375,20.5,20.25,20.375,7000,0.769134
1973-06-11,20.375,20.875,20.375,20.75,4900,0.78329
1973-06-12,20.75,20.875,20.625,20.625,5900,0.778572
1973-06-13,20.625,20.875,20.625,20.625,8000,0.778572
1973-06-14,20.375,20.375,20.125,20.125,7400,0.773307
1973-06-15,20.125,20.25,20.0,20.125,7400,0.773307
1973-06-18,20.125,20.375,20.0,20.0,9200,0.768504
1973-06-19,20.0,20.125,20.0,20.0,7700,0.768504
1973-06-20,20.0,20.125,20.0,20.0,8900,0.768504
1973-06-21,20.0,20.25,20.0,20.0,8700,0.768504
1973-06-22,20.0,20.125,19.75,19.875,7100,0.763701
1973-06-25,19.875,20.0,19.875,20.0,5800,0.768504
1973-06-26,20.0,20.0,19.875,19.875,4700,0.763701
1973-06-27,19.875,20.0,19.875,20.0,10700,0.768504
1973-06-28,20.0,20.0,19.75,19.875,6500,0.763701
1973-06-29,19.875,20.125,19.75,20.0,5700,0.768504
1973-07-02,20.0,20.125,19.625,19.75,8700,0.758898
1973-07-03,19.75,19.875,19.625,19.625,5500,0.754095
1973-07-05,19.625,19.75,19.625,19.625,4500,0.754095
1973-07-06,19.625,19.75,19.625,19.75,6300,0.758898
1973-07-09,19.75,19.875,19.625,19.625,5800,0.754095
1973-07-10,19.625,19.875,19.625,19.875,4400,0.763701
1973-07-11,19.875,19.875,19.75,19.875,7500,0.763701
1973-07-12,19.875,19.875,19.625,19.75,5600,0.758898
1973-07-13,19.75,19.75,19.5,19.5,5900,0.749292
1973-07-16,19.5,19.625,19.5,19.625,6600,0.754095
1973-07-17,19.625,19.75,19.5,19.5,6700,0.749292
1973-07-18,19.5,19.625,19.375,19.375,9400,0.744489
1973-07-19,19.375,19.375,19.0,19.375,17600,0.744489
1973-07-20,19.375,19.375,19.125,19.125,8300,0.734882
1973-07-23,19.25,19.375,19.25,19.25,9400,0.739685
1973-07-24,19.25,19.375,19.125,19.125,13500,0.734882
1973-07-25,19.125,19.375,19.125,19.125,8500,0.734882
1973-07-26,19.125,19.25,19.0,19.0,9400,0.730079
1973-07-27,19.0,19.125,19.0,19.125,7700,0.734882
1973-07-30,19.125,19.125,19.0,19.0,7300,0.730079
1973-07-31,19.0,19.375,19.0,19.125,8300,0.734882
1973-08-01,19.125,19.125,19.0,19.0,8700,0.730079
1973-08-02,19.0,19.0,18.625,18.75,25500,0.720473
1973-08-03,18.75,18.75,18.625,18.625,12000,0.71567
1973-08-06,18.625,18.875,18.625,18.75,9600,0.720473
1973-08-07,18.75,18.75,18.5,18.625,4800,0.71567
1973-08-08,18.625,18.625,18.5,18.5,6200,0.710866
1973-08-09,18.5,18.75,18.5,18.5,5800,0.710866
1973-08-10,18.5,18.625,18.5,18.5,4200,0.710866
1973-08-13,18.5,18.625,18.5,18.5,5400,0.710866
1973-08-14,18.5,18.625,18.375,18.375,10200,0.706063
1973-08-15,18.375,18.625,18.375,18.5,6500,0.710866
1973-08-16,18.5,18.625,18.375,18.5,6700,0.710866
1973-08-17,18.5,18.5,18.375,18.375,3000,0.706063
1973-08-20,18.375,18.75,18.375,18.375,6400,0.706063
1973-08-21,18.375,18.375,18.125,18.125,4600,0.696457
1973-08-22,18.125,18.375,18.125,18.375,4200,0.706063
1973-08-23,18.375,18.375,18.25,18.375,7700,0.706063
1973-08-24,18.375,18.625,18.375,18.625,4300,0.71567
1973-08-27,18.625,18.75,18.25,18.25,6000,0.70126
1973-08-28,18.25,18.625,18.25,18.5,7500,0.710866
1973-08-29,18.5,18.625,18.25,18.375,6300,0.706063
1973-08-30,18.375,18.375,18.25,18.375,6100,0.706063
1973-08-31,18.375,18.5,18.25,18.5,7300,0.710866
1973-09-04,18.5,18.75,18.375,18.75,4000,0.720473
1973-09-05,18.75,19.0,18.625,19.0,5600,0.730079
1973-09-06,19.0,19.375,18.875,19.375,6300,0.744489
1973-09-07,19.375,19.625,19.375,19.5,4400,0.749292
1973-09-10,19.5,19.5,19.25,19.25,6800,0.739685
1973-09-11,19.25,19.625,19.125,19.125,4000,0.734882
1973-09-12,19.125,19.375,19.0,19.25,4800,0.739685
1973-09-13,19.25,19.5,19.125,19.25,3200,0.739685
1973-09-14,19.25,19.25,19.125,19.125,2500,0.734882
1973-09-17,19.125,19.375,19.0,19.0,3300,0.730079
1973-09-18,19.0,19.25,19.0,19.125,4000,0.734882
1973-09-19,19.0,19.0,18.75,18.75,7200,0.734412
1973-09-20,18.75,18.875,18.625,18.875,5600,0.739308
1973-09-21,19.0,19.125,19.0,19.125,7900,0.7491
1973-09-24,19.125,19.375,19.0,19.125,11800,0.7491
1973-09-25,19.125,19.375,19.125,19.125,8500,0.7491
1973-09-26,19.125,19.25,19.0,19.125,7800,0.7491
1973-09-27,19.125,19.125,18.625,19.125,8100,0.7491
1973-09-28,19.125,19.125,18.625,18.75,9100,0.734412
1973-10-01,19.0,19.375,19.0,19.375,10400,0.758893
1973-10-02,19.375,19.375,19.125,19.25,6500,0.753996
1973-10-03,19.25,19.375,19.125,19.125,9900,0.7491
1973-10-04,19.125,19.375,19.0,19.125,10000,0.7491
1973-10-05,19.125,19.25,18.875,19.0,5700,0.744204
1973-10-08,19.0,19.125,18.75,19.0,5500,0.744204
1973-10-09,19.0,19.0,18.75,18.875,5800,0.739308
1973-10-10,18.875,18.875,18.75,18.75,6400,0.734412
1973-10-11,18.75,19.0,18.625,18.625,5700,0.729516
1973-10-12,18.625,18.875,18.625,18.875,7600,0.739308
1973-10-15,18.875,18.875,18.625,18.625,7800,0.729516
1973-10-16,18.625,18.75,18.5,18.75,8200,0.734412
1973-10-17,18.75,19.125,18.75,18.875,18300,0.739308
1973-10-18,18.875,19.0,18.75,18.75,7300,0.734412
1973-10-19,18.75,18.875,18.75,18.75,5500,0.734412
1973-10-22,18.75,18.75,18.625,18.625,9800,0.729516
1973-10-23,18.625,18.75,18.5,18.5,6700,0.72462
1973-10-24,18.5,18.625,18.5,18.5,15200,0.72462
1973-10-25,18.5,18.625,18.375,18.5,9100,0.72462
1973-10-26,18.5,18.75,18.5,18.75,6600,0.734412
1973-10-29,18.75,19.0,18.625,18.625,8200,0.729516
1973-10-30,18.625,18.75,18.5,18.5,5800,0.72462
1973-10-31,18.5,18.5,18.375,18.375,3700,0.719724
1973-11-01,18.375,18.375,18.125,18.125,8400,0.709932
1973-11-02,18.125,18.25,18.0,18.0,5200,0.705036
1973-11-05,18.0,18.25,18.0,18.0,6200,0.705036
1973-11-06,18.0,18.25,18.0,18.0,4900,0.705036
1973-11-07,18.0,18.25,18.0,18.125,4000,0.709932
1973-11-08,18.125,18.25,18.0,18.125,8100,0.709932
1973-11-09,18.125,18.125,18.0,18.125,8500,0.709932
1973-11-12,18.125,18.125,17.625,17.625,8600,0.690347
1973-11-13,17.625,17.75,16.75,16.875,9100,0.660971
1973-11-14,16.875,17.25,16.75,16.75,7800,0.656075
1973-11-15,16.75,17.125,16.75,17.0,35500,0.665867
1973-11-16,17.0,17.75,17.0,17.125,46400,0.670763
1973-11-19,17.125,17.5,17.125,17.25,13900,0.675659
1973-11-20,17.25,17.625,17.125,17.375,26700,0.680555
1973-11-21,17.375,17.75,17.375,17.75,26100,0.695244
1973-11-23,17.75,17.875,17.5,17.625,16600,0.690347
1973-11-26,17.625,17.625,17.375,17.375,19900,0.680555
1973-11-27,17.375,17.5,17.25,17.25,9700,0.675659
1973-11-28,17.25,17.625,17.125,17.25,25400,0.675659
1973-11-29,17.25,17.375,17.125,17.125,16800,0.670763
1973-11-30,17.125,17.25,17.0,17.125,10700,0.670763
1973-12-03,17.125,17.25,16.875,16.875,25600,0.660971
1973-12-04,17.0,17.375,17.0,17.125,16200,0.670763
1973-12-05,17.125,17.25,16.875,17.0,10300,0.665867
1973-12-06,17.0,17.125,16.875,17.125,9600,0.670763
1973-12-07,17.125,17.125,16.875,16.875,7700,0.660971
1973-12-10,16.875,17.125,16.875,16.875,12000,0.660971
1973-12-11,16.875,17.25,16.875,17.0,10200,0.665867
1973-12-12,17.0,17.25,16.875,17.125,10000,0.670763
1973-12-13,17.0,17.0,16.625,16.75,15500,0.670283
1973-12-14,16.75,16.875,16.5,16.625,13200,0.665281
1973-12-17,16.625,16.625,16.0,16.0,13400,0.64027
1973-12-18,16.0,16.5,15.875,16.125,16600,0.645272
1973-12-19,16.125,16.5,16.0,16.0,14900,0.64027
1973-12-20,16.0,16.25,16.0,16.0,13600,0.64027
1973-12-21,16.0,16.25,16.0,16.25,15500,0.650274
1973-12-24,16.25,16.25,15.875,16.0,12200,0.64027
1973-12-26,16.0,16.375,16.0,16.25,12300,0.650274
1973-12-27,16.25,16.375,16.0,16.125,19500,0.645272
1973-12-28,16.125,16.375,16.125,16.125,14800,0.645272
1973-12-31,16.125,16.375,16.0,16.375,17600,0.655277
1974-01-02,16.375,16.875,16.375,16.875,6900,0.675285
1974-01-03,16.875,17.25,16.875,17.125,6900,0.685289
1974-01-04,17.125,17.375,17.0,17.25,12800,0.690291
1974-01-07,17.25,17.5,17.25,17.5,9600,0.700296
1974-01-08,17.5,17.5,17.25,17.25,10700,0.690291
1974-01-09,17.25,17.375,17.25,17.375,7500,0.695293
1974-01-10,17.375,17.375,17.0,17.125,13100,0.685289
1974-01-11,17.125,17.25,17.0,17.125,5400,0.685289
1974-01-14,17.125,17.375,17.125,17.25,6300,0.690291
1974-01-15,17.25,17.375,17.125,17.375,6600,0.695293
1974-01-16,17.375,17.5,17.125,17.25,5100,0.690291
1974-01-17,17.25,17.5,17.25,17.5,13900,0.700296
1974-01-18,17.5,17.5,17.25,17.375,7200,0.695293
1974-01-21,17.375,17.75,17.25,17.75,13000,0.7103
1974-01-22,17.75,18.0,17.625,17.625,15100,0.705298
1974-01-23,17.625,17.875,17.625,17.875,6600,0.715302
1974-01-24,17.75,17.75,17.625,17.625,6800,0.705298
1974-01-25,17.625,18.0,17.625,17.625,12000,0.705298
1974-01-28,17.625,17.75,17.5,17.75,7600,0.7103
1974-01-29,17.75,17.75,17.5,17.5,6000,0.700296
1974-01-30,17.625,17.75,17.625,17.625,6000,0.705298
1974-01-31,17.625,17.75,17.625,17.75,6400,0.7103
1974-02-01,17.75,17.75,17.625,17.625,4700,0.705298
1974-02-04,17.625,17.625,17.125,17.25,7000,0.690291
1974-02-05,17.25,17.25,17.0,17.25,5000,0.690291
1974-02-06,17.25,17.375,17.125,17.125,6500,0.685289
1974-02-07,17.125,17.25,17.125,17.125,2800,0.685289
1974-02-08,17.25,17.5,17.25,17.5,6900,0.700296
1974-02-11,17.5,17.5,17.25,17.5,4300,0.700296
1974-02-12,17.5,17.625,17.5,17.625,4700,0.705298
1974-02-13,17.625,17.625,17.375,17.375,5300,0.695293
1974-02-14,17.375,17.5,17.25,17.25,4100,0.690291
1974-02-15,17.25,17.375,17.125,17.25,15900,0.690291
1974-02-19,17.25,17.375,17.0,17.0,9400,0.680287
1974-02-20,17.0,17.125,16.875,17.0,17700,0.680287
1974-02-21,17.0,17.0,16.875,17.0,10500,0.680287
1974-02-22,17.0,17.125,17.0,17.125,9800,0.685289
1974-02-25,17.125,17.125,17.0,17.0,8400,0.680287
1974-02-26,17.125,17.375,17.125,17.375,6900,0.695293
1974-02-27,17.375,17.375,17.25,17.375,6200,0.695293
1974-02-28,17.375,17.5,17.25,17.25,4800,0.690291
1974-03-01,17.25,17.375,17.25,17.25,5700,0.690291
1974-03-04,17.25,17.375,17.25,17.25,5900,0.690291
1974-03-05,17.25,17.375,17.125,17.25,10400,0.690291
1974-03-06,17.25,17.375,17.125,17.25,8400,0.690291
1974-03-07,17.25,17.5,17.25,17.25,7000,0.690291
1974-03-08,17.25,17.375,17.25,17.25,7500,0.690291
1974-03-11,17.25,17.375,17.125,17.375,7600,0.695293
1974-03-12,17.375,17.375,17.25,17.25,7200,0.690291
1974-03-13,17.25,17.5,17.25,17.25,4800,0.690291
1974-03-14,17.25,17.5,17.25,17.375,9400,0.695293
1974-03-15,17.125,17.125,16.875,16.875,10300,0.689694
1974-03-18,16.875,17.0,16.75,16.875,9000,0.689694
1974-03-19,16.875,16.875,16.625,16.625,9300,0.679477
1974-03-20,16.625,16.875,16.625,16.875,7200,0.689694
1974-03-21,16.875,17.0,16.75,16.875,12700,0.689694
1974-03-22,16.875,16.875,16.625,16.625,5200,0.679477
1974-03-25,16.625,16.875,16.625,16.625,3900,0.679477
1974-03-26,16.625,16.875,16.625,16.875,3900,0.689694
1974-03-27,16.875,16.875,16.625,16.625,10600,0.679477
1974-03-28,16.625,16.875,16.625,16.875,5900,0.689694
1974-03-29,16.75,16.75,16.625,16.75,3500,0.684585
1974-04-01,16.75,16.875,16.625,16.875,8700,0.689694
1974-04-02,16.875,16.875,16.75,16.875,4900,0.689694
1974-04-03,17.0,17.0,17.0,17.0,32900,0.694803
1974-04-04,17.0,17.0,17.0,17.0,11600,0.694803
1974-04-05,17.0,17.0,17.0,17.0,10800,0.694803
1974-04-08,17.0,17.0,16.875,16.875,31400,0.689694
1974-04-09,16.875,17.0,16.875,16.875,18600,0.689694
1974-04-10,16.875,17.0,16.875,16.875,9300,0.689694
1974-04-11,16.875,17.0,16.875,16.875,9000,0.689694
1974-04-15,16.875,17.0,16.875,16.875,9800,0.689694
1974-04-16,16.875,17.0,16.875,16.875,16000,0.689694
1974-04-17,16.875,17.0,16.75,16.75,43700,0.684585
1974-04-18,16.75,16.75,16.5,16.625,20600,0.679477
1974-04-19,16.625,16.75,16.125,16.125,14300,0.659041
1974-04-22,16.125,16.375,16.125,16.125,10500,0.659041
1974-04-23,16.125,16.25,14.0,15.0,42700,0.613062
1974-04-24,14.875,14.875,14.5,14.75,44900,0.602844
1974-04-25,14.75,14.875,14.125,14.125,39500,0.5773
1974-04-26,14.125,14.625,14.125,14.25,32700,0.582408
1974-04-29,14.0,14.0,13.5,13.875,57500,0.567082
1974-04-30,13.875,13.875,13.5,13.75,29000,0.561973
1974-05-01,13.75,13.75,13.5,13.625,33100,0.556864
1974-05-02,13.5,13.5,13.25,13.375,27200,0.546647
1974-05-03,13.375,13.375,12.875,13.0,47800,0.53132
1974-05-06,13.0,13.25,13.0,13.25,27600,0.541538
1974-05-07,13.25,13.375,13.125,13.25,21200,0.541538
1974-05-08,13.25,13.375,13.125,13.25,23100,0.541538
1974-05-09,13.25,13.5,13.25,13.375,11700,0.546647
1974-05-10,13.375,13.375,12.875,13.0,40300,0.53132
1974-05-13,13.0,13.125,12.875,12.875,21300,0.526211
1974-05-14,12.875,13.0,11.375,11.5,54800,0.470014
1974-05-15,11.5,11.875,11.5,11.75,56400,0.480232
1974-05-16,11.75,12.875,11.75,12.625,36400,0.515993
1974-05-17,12.625,12.875,12.5,12.75,25100,0.521102
1974-05-20,12.75,12.875,12.5,12.75,17500,0.521102
1974-05-21,12.75,12.875,12.625,12.875,16600,0.526211
1974-05-22,12.875,13.375,12.625,12.625,17400,0.515993
1974-05-23,12.625,13.0,12.375,12.625,29700,0.515993
1974-05-24,12.625,13.0,12.625,12.625,12300,0.515993
1974-05-28,12.625,12.875,12.125,12.125,24300,0.495558
1974-05-29,12.125,12.375,12.0,12.125,12900,0.495558
1974-05-30,12.125,12.5,12.0,12.25,23900,0.500667
1974-05-31,12.25,12.375,12.0,12.125,12400,0.495558
1974-06-03,12.25,12.625,12.25,12.5,15100,0.510885
1974-06-04,12.5,12.625,12.25,12.25,25800,0.500667
1974-06-05,12.25,12.5,12.125,12.375,13000,0.505776
1974-06-06,12.375,12.75,12.375,12.5,16400,0.510885
1974-06-07,12.5,12.875,12.375,12.625,9900,0.515993
1974-06-10,12.625,12.875,12.375,12.625,12900,0.515993
1974-06-11,12.625,12.875,12.625,12.875,7900,0.526211
1974-06-12,12.75,12.75,12.625,12.625,11400,0.515993
1974-06-13,12.625,12.875,12.5,12.75,9000,0.521102
1974-06-14,12.25,12.25,11.625,11.625,23500,0.489046
1974-06-17,11.625,11.75,11.5,11.5,21200,0.483788
1974-06-18,11.5,11.625,11.375,11.375,20800,0.478529
1974-06-19,11.375,11.375,11.0,11.125,15900,0.468012
1974-06-20,11.125,11.125,9.875,10.125,36900,0.425943
1974-06-21,10.125,10.375,9.875,10.125,32400,0.425943
1974-06-24,10.125,10.375,10.0,10.125,19100,0.425943
1974-06-25,10.125,10.75,10.125,10.625,13900,0.446978
1974-06-26,10.625,10.875,10.625,10.75,14400,0.452236
1974-06-27,10.625,10.625,10.25,10.25,20200,0.431202
1974-06-28,10.25,10.375,10.125,10.125,13900,0.425943
1974-07-01,10.125,10.375,10.125,10.25,15700,0.431202
1974-07-02,10.25,10.5,10.25,10.25,15800,0.431202
1974-07-03,10.25,10.5,10.125,10.375,16200,0.43646
1974-07-05,10.375,10.5,10.25,10.375,17200,0.43646
1974-07-08,10.375,10.5,10.25,10.375,15800,0.43646
1974-07-09,10.375,10.75,10.375,10.375,12600,0.43646
1974-07-10,10.375,10.5,10.25,10.25,16600,0.431202
1974-07-11,10.25,10.375,10.125,10.375,13700,0.43646
1974-07-12,10.375,10.75,10.0,10.25,117100,0.431202
1974-07-15,10.25,10.375,10.125,10.25,25600,0.431202
1974-07-16,10.25,10.25,10.125,10.25,17700,0.431202
1974-07-17,10.125,10.125,9.875,10.125,46300,0.425943
1974-07-18,10.125,10.125,9.875,10.0,31400,0.420685
1974-07-19,10.0,10.0,9.75,9.875,21700,0.415426
1974-07-22,9.875,9.875,9.625,9.625,38600,0.404909
1974-07-23,9.625,9.875,9.625,9.75,30300,0.410168
1974-07-24,9.75,9.875,9.75,9.875,20400,0.415426
1974-07-25,9.875,9.875,9.75,9.875,19400,0.415426
1974-07-26,9.875,9.875,9.625,9.875,10300,0.415426
1974-07-29,9.875,9.875,9.75,9.75,13800,0.410168
1974-07-30,9.75,9.875,9.75,9.75,9500,0.410168
1974-07-31,9.75,9.875,9.75,9.75,12000,0.410168
1974-08-01,9.75,9.875,9.75,9.75,14400,0.410168
1974-08-02,9.75,9.875,9.75,9.75,20200,0.410168
1974-08-05,9.75,10.0,9.75,10.0,16200,0.420685
1974-08-06,10.0,10.125,9.875,10.125,119100,0.425943
1974-08-07,10.125,10.125,10.0,10.125,24600,0.425943
1974-08-08,10.125,10.375,10.125,10.25,124800,0.431202
1974-08-09,10.25,10.375,10.125,10.25,25300,0.431202
1974-08-12,10.25,10.25,10.0,10.125,40000,0.425943
1974-08-13,10.125,10.375,10.125,10.25,13700,0.431202
1974-08-14,10.25,10.25,9.875,10.0,60600,0.420685
1974-08-15,10.0,10.0,9.875,10.0,14800,0.420685
1974-08-16,10.0,10.0,9.875,10.0,6700,0.420685
1974-08-19,10.0,10.0,9.875,9.875,10400,0.415426
1974-08-20,9.875,10.0,9.75,9.875,17700,0.415426
1974-08-21,9.875,9.875,9.75,9.75,14300,0.410168
1974-08-22,9.75,9.875,9.5,9.75,58100,0.410168
1974-08-23,9.75,9.75,9.5,9.5,17900,0.399651
1974-08-26,9.5,9.875,9.5,9.875,30100,0.415426
1974-08-27,9.875,9.875,9.625,9.625,15100,0.404909
1974-08-28,9.625,9.75,9.625,9.625,12800,0.404909
1974-08-29,9.625,9.75,9.5,9.625,11200,0.404909
1974-08-30,9.625,9.75,9.5,9.75,8000,0.410168
1974-09-03,9.75,9.875,9.625,9.625,12900,0.404909
1974-09-04,9.625,9.75,9.5,9.5,11200,0.399651
1974-09-05,9.5,9.75,9.5,9.625,10500,0.404909
1974-09-06,9.625,9.75,9.625,9.625,13900,0.404909
1974-09-09,9.625,9.75,9.5,9.5,10400,0.399651
1974-09-10,9.5,9.625,9.375,9.5,15100,0.399651
1974-09-11,9.5,9.5,9.25,9.25,11400,0.389133
1974-09-12,9.25,9.375,9.125,9.125,11500,0.383875
1974-09-13,9.125,9.25,9.0,9.0,15900,0.378616
1974-09-16,9.0,9.125,8.75,9.0,23600,0.378616
1974-09-17,9.0,9.125,9.0,9.125,12200,0.383875
1974-09-18,9.125,9.25,9.0,9.125,18600,0.383875
1974-09-19,9.125,9.5,9.125,9.5,22900,0.399651
1974-09-20,9.125,9.125,8.75,9.0,28000,0.393658
1974-09-23,9.0,9.125,8.875,8.875,27000,0.388191
1974-09-24,8.875,9.0,8.875,8.875,8200,0.388191
1974-09-25,8.875,9.125,8.875,9.0,14500,0.393658
1974-09-26,9.0,9.0,8.875,9.0,11300,0.393658
1974-09-27,9.0,9.0,8.75,8.75,11000,0.382723
1974-09-30,8.75,8.875,8.75,8.875,14900,0.388191
1974-10-01,8.875,9.0,8.75,9.0,17400,0.393658
1974-10-02,9.0,9.0,8.75,8.75,19300,0.382723
1974-10-03,8.75,9.0,8.75,8.75,16900,0.382723
1974-10-04,8.75,9.0,8.75,8.75,15400,0.382723
1974-10-07,8.875,9.25,8.875,9.125,18700,0.399126
1974-10-08,9.125,9.375,9.0,9.125,32900,0.399126
1974-10-09,9.125,9.375,9.125,9.25,31800,0.404593
1974-10-10,9.75,10.375,9.75,10.375,27000,0.4538
1974-10-11,10.375,10.625,10.125,10.25,36900,0.448333
1974-10-14,10.25,10.75,10.125,10.625,14200,0.464735
1974-10-15,10.625,11.0,10.625,11.0,15700,0.481138
1974-10-16,11.0,11.0,10.625,10.625,17800,0.464735
1974-10-17,10.625,10.875,10.375,10.75,28000,0.470203
1974-10-18,10.75,10.75,10.5,10.625,8500,0.464735
1974-10-21,10.5,10.5,10.375,10.375,16600,0.4538
1974-10-22,10.375,10.5,10.375,10.5,11900,0.459268
1974-10-23,10.5,10.5,10.25,10.375,19600,0.4538
1974-10-24,10.375,10.375,10.125,10.25,14400,0.448333
1974-10-25,10.25,10.375,10.125,10.125,11400,0.442866
1974-10-28,10.125,10.125,9.875,10.0,19200,0.437398
1974-10-29,10.0,10.0,9.875,10.0,18200,0.437398
1974-10-30,10.0,10.125,9.75,9.875,15000,0.431931
1974-10-31,9.875,9.875,9.125,9.375,21000,0.410061
1974-11-01,9.375,9.375,9.0,9.0,17100,0.393658
1974-11-04,9.125,9.25,9.125,9.125,20100,0.399126
1974-11-05,9.125,9.5,9.125,9.5,8200,0.415528
1974-11-06,9.5,9.625,9.5,9.5,14500,0.415528
1974-11-07,9.5,9.625,9.5,9.625,7000,0.420996
1974-11-08,9.625,9.625,9.375,9.625,13500,0.420996
1974-11-11,9.625,9.625,9.25,9.375,7700,0.410061
1974-11-12,9.375,9.375,9.25,9.25,14400,0.404593
1974-11-13,9.25,9.375,9.125,9.25,9500,0.404593
1974-11-14,9.25,9.375,9.125,9.25,13100,0.404593
1974-11-15,9.25,9.375,9.125,9.125,7700,0.399126
1974-11-18,9.125,9.25,9.125,9.125,13400,0.399126
1974-11-19,9.125,9.375,9.125,9.25,14400,0.404593
1974-11-20,9.25,9.5,9.25,9.375,11700,0.410061
1974-11-21,9.375,9.625,9.25,9.5,13200,0.415528
1974-11-22,9.5,9.625,9.375,9.5,11300,0.415528
1974-11-25,9.5,9.625,9.375,9.5,14500,0.415528
1974-11-26,9.5,9.625,9.375,9.375,16100,0.410061
1974-11-27,9.375,9.625,9.375,9.625,11200,0.420996
1974-11-29,9.625,9.875,9.625,9.75,11400,0.426463
1974-12-02,9.375,9.375,9.0,9.0,22100,0.408881
1974-12-03,9.0,9.125,8.875,9.0,20000,0.408881
1974-12-04,9.0,9.0,8.75,8.875,13800,0.403202
1974-12-05,8.875,9.0,8.875,8.875,11400,0.403202
1974-12-06,8.875,9.0,8.75,9.0,9900,0.408881
1974-12-09,9.0,9.0,8.75,8.75,17000,0.397523
1974-12-10,8.75,8.875,8.75,8.875,14900,0.403202
1974-12-11,8.875,8.875,8.625,8.875,11700,0.403202
1974-12-12,8.75,8.75,8.625,8.625,18700,0.391844
1974-12-13,8.625,8.625,8.5,8.5,18000,0.386166
1974-12-16,8.5,8.625,8.375,8.5,22100,0.386166
1974-12-17,8.375,8.375,8.0,8.125,23700,0.369129
1974-12-18,8.125,8.25,8.0,8.125,19300,0.369129
1974-12-19,8.125,8.25,8.0,8.0,22700,0.36345
1974-12-20,8.0,8.125,8.0,8.0,27800,0.36345
1974-12-23,8.0,8.125,7.75,7.875,42500,0.357771
1974-12-24,7.875,7.875,7.625,7.75,16000,0.352092
1974-12-26,7.75,7.875,7.625,7.625,27700,0.346413
1974-12-27,7.625,7.75,7.5,7.5,24900,0.340734
1974-12-30,7.5,7.75,7.5,7.625,56300,0.346413
1974-12-31,7.625,8.125,7.625,8.0,48000,0.36345
1975-01-02,8.375,9.375,8.375,9.25,27800,0.420239
1975-01-03,9.375,10.0,9.375,9.75,23200,0.442955
1975-01-06,9.875,10.5,9.875,10.375,31300,0.471349
1975-01-07,10.375,10.625,10.375,10.5,12000,0.477028
1975-01-08,10.5,10.75,10.25,10.375,11600,0.471349
1975-01-09,10.25,10.25,10.0,10.125,10300,0.459991
1975-01-10,10.125,10.375,10.0,10.25,13800,0.46567
1975-01-13,10.25,10.5,10.25,10.375,15400,0.471349
1975-01-14,10.375,10.5,10.375,10.5,10700,0.477028
1975-01-15,10.5,10.625,10.375,10.625,23000,0.482707
1975-01-16,10.625,10.75,10.625,10.75,11600,0.488386
1975-01-17,10.75,10.75,10.625,10.625,8700,0.482707
1975-01-20,10.625,10.75,10.625,10.625,13200,0.482707
1975-01-21,10.625,10.875,10.625,10.625,21000,0.482707
1975-01-22,10.625,10.875,10.625,10.875,9000,0.494065
1975-01-23,10.875,11.125,10.875,11.0,13600,0.499744
1975-01-24,11.25,11.375,11.25,11.25,13700,0.511101
1975-01-27,11.25,12.875,11.25,12.625,27800,0.573569
1975-01-28,12.625,13.0,12.625,12.875,37200,0.584927
1975-01-29,12.875,13.0,12.625,12.75,32300,0.579248
1975-01-30,12.75,12.75,12.375,12.5,16500,0.567891
1975-01-31,12.5,12.5,11.75,11.875,17600,0.539496
1975-02-03,12.0,13.0,12.0,13.0,26000,0.590606
1975-02-04,13.0,13.375,12.875,12.875,21500,0.584927
1975-02-05,12.875,13.0,12.625,12.75,12300,0.579248
1975-02-06,12.75,12.875,12.25,12.25,16500,0.556533
1975-02-07,12.25,12.625,12.125,12.375,10800,0.562212
1975-02-10,12.375,12.625,12.25,12.375,10900,0.562212
1975-02-11,12.375,12.375,12.125,12.125,9400,0.550854
1975-02-12,12.125,12.25,11.875,12.125,8700,0.550854
1975-02-13,12.125,12.25,11.875,11.875,9300,0.539496
1975-02-14,11.875,12.0,11.625,11.75,10000,0.533817
1975-02-18,11.5,11.5,11.125,11.25,16100,0.511101
1975-02-19,11.25,11.25,11.125,11.125,11400,0.505423
1975-02-20,11.125,11.125,11.0,11.0,14500,0.499744
1975-02-21,11.0,11.125,11.0,11.0,21200,0.499744
1975-02-24,11.0,11.5,11.0,11.25,16900,0.511101
1975-02-25,11.25,11.375,11.125,11.375,10100,0.51678
1975-02-26,11.375,11.375,11.125,11.375,5100,0.51678
1975-02-27,11.375,11.5,11.25,11.375,5300,0.51678
1975-02-28,11.375,11.375,11.25,11.375,8200,0.51678
1975-03-03,11.375,11.5,11.25,11.5,8900,0.522459
1975-03-04,11.5,11.625,11.375,11.625,6800,0.528138
1975-03-05,11.625,11.75,11.5,11.75,10100,0.533817
1975-03-06,11.75,12.0,11.625,12.0,6000,0.545175
1975-03-07,12.0,12.0,11.875,11.875,4500,0.539496
1975-03-10,11.875,12.25,11.875,12.0,8800,0.545175
1975-03-11,12.0,12.125,11.875,11.875,7700,0.539496
1975-03-12,11.875,12.125,11.75,11.875,10900,0.539496
1975-03-13,11.625,11.625,11.125,11.25,14600,0.511101
1975-03-14,11.25,11.375,11.125,11.25,5900,0.511101
1975-03-17,11.25,11.375,11.125,11.25,11200,0.511101
1975-03-18,11.25,11.375,11.125,11.125,17100,0.505423
1975-03-19,11.125,11.5,11.125,11.375,21000,0.51678
1975-03-20,11.375,11.5,11.25,11.375,12400,0.51678
1975-03-21,11.125,11.125,10.75,10.875,25200,0.510351
1975-03-24,10.875,11.0,10.375,10.5,17200,0.492753
1975-03-25,10.5,10.625,10.25,10.5,12700,0.492753
1975-03-26,10.5,10.75,10.375,10.5,10400,0.492753
1975-03-27,10.5,10.625,10.5,10.625,9600,0.498619
1975-03-31,10.625,10.75,10.375,10.375,10400,0.486887
1975-04-01,10.375,10.5,10.375,10.5,16000,0.492753
1975-04-02,10.5,10.5,10.5,10.5,54300,0.492753
1975-04-03,10.5,10.625,10.5,10.5,25800,0.492753
1975-04-04,10.5,10.625,10.5,10.5,10100,0.492753
1975-04-07,10.625,10.75,10.625,10.625,22600,0.498619
1975-04-08,10.625,10.875,10.625,10.625,40400,0.498619
1975-04-09,10.625,10.75,10.625,10.75,18700,0.504485
1975-04-10,10.75,10.875,10.625,10.75,19800,0.504485
1975-04-11,10.75,10.75,10.625,10.75,12900,0.504485
1975-04-14,10.75,10.875,10.625,10.75,12500,0.504485
1975-04-15,10.75,10.875,10.75,10.875,15400,0.510351
1975-04-16,10.875,10.875,10.625,10.875,35000,0.510351
1975-04-17,10.875,11.125,10.75,11.0,36100,0.516217
1975-04-18,11.0,11.125,11.0,11.0,12900,0.516217
1975-04-21,11.0,11.25,11.0,11.0,26800,0.516217
1975-04-22,11.0,11.25,11.0,11.125,20200,0.522083
1975-04-23,11.125,11.25,11.0,11.25,20600,0.527949
1975-04-24,11.25,11.25,11.0,11.0,13300,0.516217
1975-04-25,11.0,11.0,10.875,10.875,16500,0.510351
1975-04-28,10.875,11.0,10.75,10.75,18900,0.504485
1975-04-29,10.75,10.875,10.75,10.75,9300,0.504485
1975-04-30,10.75,10.75,10.625,10.75,17800,0.504485
1975-05-01,10.75,10.75,10.5,10.75,20400,0.504485
1975-05-02,10.75,10.875,10.625,10.75,8400,0.504485
1975-05-05,10.75,11.0,10.75,10.875,12900,0.510351
1975-05-06,10.875,10.875,10.75,10.75,9300,0.504485
1975-05-07,10.75,10.875,10.75,10.875,9600,0.510351
1975-05-08,10.875,11.0,10.875,11.0,12600,0.516217
1975-05-09,11.0,11.25,10.875,11.25,13300,0.527949
1975-05-12,11.25,11.25,11.125,11.125,15600,0.522083
1975-05-13,11.125,11.375,11.125,11.25,17300,0.527949
1975-05-14,11.25,11.5,11.25,11.375,14900,0.533816
1975-05-15,11.375,11.5,11.25,11.375,11900,0.533816
1975-05-16,11.375,11.375,11.25,11.25,10500,0.527949
1975-05-19,11.25,11.375,11.25,11.375,10100,0.533816
1975-05-20,11.375,11.75,11.25,11.375,22100,0.533816
1975-05-21,11.375,11.5,11.375,11.5,9000,0.539682
1975-05-22,11.375,11.375,11.25,11.375,12700,0.533816
1975-05-23,11.375,11.375,11.25,11.25,8200,0.527949
1975-05-27,11.25,11.5,11.25,11.5,10100,0.539682
1975-05-28,11.5,11.5,11.25,11.375,14800,0.533816
1975-05-29,11.375,11.5,11.25,11.375,29800,0.533816
1975-05-30,11.375,11.5,11.25,11.25,13000,0.527949
1975-06-02,11.375,11.625,11.375,11.625,19700,0.545548
1975-06-03,11.625,12.125,11.625,12.0,78300,0.563146
1975-06-04,12.0,12.125,12.0,12.0,31500,0.563146
1975-06-05,12.0,12.25,12.0,12.25,32000,0.574878
1975-06-06,12.25,12.5,12.125,12.5,15800,0.58661
1975-06-09,12.5,12.875,12.5,12.625,31500,0.592477
1975-06-10,12.625,13.125,12.625,13.0,30300,0.610075
1975-06-11,13.0,13.125,12.75,12.75,13300,0.598343
1975-06-12,12.75,13.0,12.75,12.75,32900,0.598343
1975-06-13,12.375,12.375,12.125,12.375,12200,0.597763
1975-06-16,12.375,12.625,12.375,12.625,14500,0.609839
1975-06-17,12.625,12.75,12.5,12.625,13500,0.609839
1975-06-18,12.625,12.875,12.5,12.625,14500,0.609839
1975-06-19,12.75,13.0,12.75,12.875,28700,0.621915
1975-06-20,13.0,13.75,13.0,13.375,67500,0.646067
1975-06-23,13.375,13.75,13.25,13.625,31800,0.658143
1975-06-24,13.625,13.75,13.5,13.625,33100,0.658143
1975-06-25,13.625,13.625,13.375,13.5,12700,0.652105
1975-06-26,13.5,13.5,13.375,13.5,14300,0.652105
1975-06-27,13.5,13.5,13.0,13.125,38200,0.633991
1975-06-30,13.0,13.0,12.875,12.875,17600,0.621915
1975-07-01,12.875,13.0,12.5,12.75,42700,0.615877
1975-07-02,12.75,12.75,12.0,12.25,24900,0.591725
1975-07-03,12.25,12.375,12.0,12.25,29200,0.591725
1975-07-07,12.25,12.5,12.125,12.25,28600,0.591725
1975-07-08,12.25,12.25,12.0,12.25,23600,0.591725
1975-07-09,12.25,12.375,12.125,12.25,16100,0.591725
1975-07-10,12.25,12.625,12.25,12.5,35900,0.603801
1975-07-11,12.5,12.625,12.375,12.625,29100,0.609839
1975-07-14,12.625,12.875,12.5,12.875,20600,0.621915
1975-07-15,12.875,13.0,12.625,12.875,38300,0.621915
1975-07-16,12.875,13.0,12.75,13.0,27000,0.627953
1975-07-17,13.0,13.0,12.75,12.875,21200,0.621915
1975-07-18,12.875,13.0,12.75,13.0,13200,0.627953
1975-07-21,13.0,13.125,12.875,13.0,16500,0.627953
1975-07-22,13.0,13.0,12.75,12.875,20200,0.621915
1975-07-23,12.875,13.0,12.75,12.75,16900,0.615877
1975-07-24,12.75,13.0,12.75,12.75,17900,0.615877
1975-07-25,12.75,12.875,12.625,12.75,12800,0.615877
1975-07-28,12.75,12.875,12.75,12.75,9200,0.615877
1975-07-29,12.75,12.875,12.75,12.75,8500,0.615877
1975-07-30,12.75,12.875,12.75,12.875,9500,0.621915
1975-07-31,12.875,13.0,12.75,12.75,9000,0.615877
1975-08-01,12.75,12.875,12.75,12.875,4600,0.621915
1975-08-04,12.875,12.875,12.625,12.625,7100,0.609839
1975-08-05,12.625,12.75,12.625,12.75,12000,0.615877
1975-08-06,12.75,12.75,12.5,12.625,8700,0.609839
1975-08-07,12.625,12.75,12.625,12.75,10000,0.615877
1975-08-08,12.75,12.75,12.5,12.625,11000,0.609839
1975-08-11,12.625,12.625,12.5,12.5,7700,0.603801
1975-08-12,12.5,12.75,12.5,12.625,10400,0.609839
1975-08-13,12.625,12.625,12.5,12.5,3600,0.603801
1975-08-14,12.5,12.625,12.5,12.5,7700,0.603801
1975-08-15,12.5,12.625,12.5,12.625,7500,0.609839
1975-08-18,12.625,12.75,12.5,12.625,7800,0.609839
1975-08-19,12.625,12.75,12.5,12.5,6200,0.603801
1975-08-20,12.5,12.625,12.25,12.375,13800,0.597763
1975-08-21,12.375,12.5,12.25,12.375,16300,0.597763
1975-08-22,12.375,12.375,12.125,12.125,7500,0.585687
1975-08-25,12.125,12.25,12.125,12.25,9700,0.591725
1975-08-26,12.25,12.5,12.25,12.375,6700,0.597763
1975-08-27,12.375,12.5,12.25,12.25,7800,0.591725
1975-08-28,12.25,12.5,12.25,12.5,5600,0.603801
1975-08-29,12.5,12.625,12.375,12.625,13800,0.609839
1975-09-02,12.625,12.625,12.375,12.375,10900,0.597763
1975-09-03,12.5,12.75,12.5,12.625,8000,0.609839
1975-09-04,12.625,12.75,12.5,12.75,9600,0.615877
1975-09-05,12.75,12.75,12.5,12.5,6200,0.603801
1975-09-08,12.5,12.75,12.5,12.625,10700,0.609839
1975-09-09,12.625,12.875,12.625,12.75,11800,0.615877
1975-09-10,12.75,12.875,12.5,12.625,13100,0.609839
1975-09-11,12.625,12.75,12.625,12.625,8800,0.609839
1975-09-12,12.625,12.75,12.5,12.5,6100,0.603801
1975-09-15,12.5,12.625,12.5,12.5,4900,0.603801
1975-09-16,12.5,12.625,12.5,12.5,18800,0.603801
1975-09-17,12.5,12.75,12.5,12.75,7900,0.615877
1975-09-18,12.75,12.875,12.625,12.875,17400,0.621915
1975-09-19,12.5,12.5,12.25,12.25,18100,0.608844
1975-09-22,12.25,12.5,12.25,12.375,14100,0.615056
1975-09-23,12.375,12.375,12.125,12.25,12200,0.608844
1975-09-24,12.25,12.375,12.125,12.25,8600,0.608844
1975-09-25,12.25,12.375,12.125,12.25,6900,0.608844
1975-09-26,12.25,12.25,12.125,12.125,5500,0.602631
1975-09-29,12.125,12.25,12.125,12.25,4800,0.608844
1975-09-30,12.25,12.25,12.125,12.125,6200,0.602631
1975-10-01,12.125,12.25,12.0,12.0,11200,0.596418
1975-10-02,12.0,12.125,12.0,12.0,14900,0.596418
1975-10-03,12.0,12.25,12.0,12.125,7200,0.602631
1975-10-06,12.125,12.375,12.125,12.25,8300,0.608844
1975-10-07,12.25,12.5,12.25,12.25,7600,0.608844
1975-10-08,12.25,12.5,12.25,12.5,4200,0.621269
1975-10-09,12.5,12.5,12.375,12.5,6700,0.621269
1975-10-10,12.5,12.5,12.25,12.5,19100,0.621269
1975-10-13,12.5,12.5,12.375,12.375,6100,0.615056
1975-10-14,12.375,12.625,12.375,12.625,15500,0.627482
1975-10-15,12.625,12.75,12.5,12.75,19100,0.633694
1975-10-16,12.75,13.125,12.75,13.125,23000,0.652332
1975-10-17,13.125,13.125,13.0,13.125,12300,0.652332
1975-10-20,13.0,13.0,12.875,13.0,15300,0.64612
1975-10-21,13.0,13.25,13.0,13.125,13500,0.652332
1975-10-22,13.125,13.375,13.125,13.25,11100,0.658545
1975-10-23,13.25,13.375,13.125,13.375,12800,0.664758
1975-10-24,13.375,13.375,13.25,13.375,11800,0.664758
1975-10-27,13.375,13.5,13.125,13.125,14300,0.652332
1975-10-28,13.125,13.375,13.0,13.25,8000,0.658545
1975-10-29,13.25,13.375,13.125,13.25,11300,0.658545
1975-10-30,13.25,13.25,13.125,13.125,9100,0.652332
1975-10-31,13.125,13.25,13.125,13.25,9200,0.658545
1975-11-03,13.25,13.25,13.125,13.125,13200,0.652332
1975-11-04,13.125,13.25,13.125,13.125,15400,0.652332
1975-11-05,13.125,13.25,13.125,13.25,10600,0.658545
1975-11-06,13.25,13.25,13.125,13.25,8500,0.658545
1975-11-07,13.25,13.375,13.125,13.375,10000,0.664758
1975-11-10,13.375,13.5,13.375,13.5,7100,0.670971
1975-11-11,13.5,13.5,13.25,13.5,11900,0.670971
1975-11-12,13.5,13.75,13.5,13.625,11800,0.677183
1975-11-13,13.625,14.375,13.625,14.125,40000,0.702034
1975-11-14,14.125,14.125,14.0,14.0,13600,0.695821
1975-11-17,14.0,14.25,14.0,14.25,9900,0.708247
1975-11-18,14.25,14.25,14.125,14.125,18200,0.702034
1975-11-19,14.125,14.25,14.0,14.0,11500,0.695821
1975-11-20,14.0,14.25,14.0,14.125,12000,0.702034
1975-11-21,14.125,14.25,14.0,14.0,9400,0.695821
1975-11-24,14.0,14.25,14.0,14.25,9500,0.708247
1975-11-25,14.25,14.25,14.0,14.125,8900,0.702034
1975-11-26,14.125,14.125,14.0,14.0,7000,0.695821
1975-11-28,14.0,14.125,14.0,14.125,7600,0.702034
1975-12-01,14.125,14.25,14.0,14.125,11000,0.702034
1975-12-02,14.125,14.125,14.0,14.0,6800,0.695821
1975-12-03,14.0,14.125,13.75,13.75,9800,0.683396
1975-12-04,13.75,13.875,13.625,13.625,10800,0.677183
1975-12-05,13.625,13.75,13.5,13.625,13400,0.677183
1975-12-08,13.625,13.875,13.625,13.875,12400,0.689609
1975-12-09,13.875,14.0,13.75,13.875,19100,0.689609
1975-12-10,13.25,13.25,13.0,13.125,11500,0.669808
1975-12-11,13.125,13.25,13.125,13.125,22400,0.669808
1975-12-12,13.125,13.25,13.125,13.125,6700,0.669808
1975-12-15,13.125,13.125,13.0,13.125,9200,0.669808
1975-12-16,13.125,13.25,12.75,13.0,23000,0.663429
1975-12-17,13.0,13.125,13.0,13.0,10800,0.663429
1975-12-18,13.0,13.125,13.0,13.125,17400,0.669808
1975-12-19,13.125,13.125,12.75,12.875,18800,0.65705
1975-12-22,12.875,13.0,12.875,13.0,13300,0.663429
1975-12-23,13.0,13.0,12.75,12.875,10100,0.65705
1975-12-24,12.875,13.0,12.875,13.0,7900,0.663429
1975-12-26,13.0,13.125,12.875,13.125,5300,0.669808
1975-12-29,13.125,13.125,12.875,13.0,20200,0.663429
1975-12-30,13.0,13.125,12.875,13.0,15400,0.663429
1975-12-31,13.0,13.25,13.0,13.25,17500,0.676187
1976-01-02,13.25,13.875,13.25,13.75,18100,0.701703
1976-01-05,13.75,14.375,13.625,14.375,41700,0.733599
1976-01-06,14.375,14.625,14.375,14.5,49600,0.739978
1976-01-07,14.5,14.625,14.25,14.375,24300,0.733599
1976-01-08,14.375,14.75,14.375,14.5,25700,0.739978
1976-01-09,14.5,14.75,14.5,14.625,13600,0.746357
1976-01-12,14.625,14.875,14.625,14.875,22600,0.759115
1976-01-13,14.875,14.875,14.5,14.5,19500,0.739978
1976-01-14,14.5,14.75,14.5,14.75,17700,0.752736
1976-01-15,14.75,14.875,14.625,14.875,20200,0.759115
1976-01-16,14.875,14.875,14.75,14.75,20600,0.752736
1976-01-19,14.75,15.0,14.75,15.0,18900,0.765495
1976-01-20,15.0,15.0,14.75,15.0,19400,0.765495
1976-01-21,15.0,15.0,14.5,14.75,29100,0.752736
1976-01-22,14.625,14.625,14.125,14.25,41800,0.72722
1976-01-23,14.25,14.5,14.125,14.5,29700,0.739978
1976-01-26,14.5,14.75,14.25,14.625,40400,0.746357
1976-01-27,14.625,14.75,14.375,14.625,37000,0.746357
1976-01-28,14.625,14.75,14.5,14.625,15100,0.746357
1976-01-29,14.625,14.75,14.5,14.625,19300,0.746357
1976-01-30,14.625,14.875,14.625,14.75,17100,0.752736
1976-02-02,14.75,14.875,14.625,14.75,30100,0.752736
1976-02-03,14.75,15.0,14.75,15.0,22300,0.765495
1976-02-04,15.0,15.0,14.875,15.0,24500,0.765495
1976-02-05,15.0,15.0,14.75,14.75,27700,0.752736
1976-02-06,14.75,15.0,14.625,14.875,19300,0.759115
1976-02-09,14.875,15.0,14.75,15.0,29700,0.765495
1976-02-10,15.0,15.0,14.75,15.0,13800,0.765495
1976-02-11,15.0,15.0,14.75,14.875,20800,0.759115
1976-02-12,14.875,15.0,14.875,14.875,19100,0.759115
1976-02-13,14.875,15.0,14.625,14.75,13900,0.752736
1976-02-17,14.75,14.875,14.625,14.75,19400,0.752736
1976-02-18,14.75,14.875,14.75,14.875,24000,0.759115
1976-02-19,14.875,14.875,14.625,14.875,14900,0.759115
1976-02-20,14.875,15.0,14.75,14.875,21200,0.759115
1976-02-23,14.875,15.0,14.875,15.0,17300,0.765495
1976-02-24,15.0,15.0,14.75,15.0,14100,0.765495
1976-02-25,15.0,15.0,14.75,14.75,20800,0.752736
1976-02-26,14.75,14.75,14.375,14.5,29100,0.739978
1976-02-27,14.5,14.75,14.5,14.625,19200,0.746357
1976-03-01,14.625,14.875,14.375,14.625,25700,0.746357
1976-03-02,14.625,14.75,14.625,14.75,15800,0.752736
1976-03-03,14.75,14.75,14.5,14.625,15100,0.746357
1976-03-04,14.625,14.625,14.5,14.625,16600,0.746357
1976-03-05,14.625,14.625,14.375,14.625,26100,0.746357
1976-03-08,14.625,14.875,14.375,14.5,20200,0.739978
1976-03-09,14.5,14.75,14.5,14.5,16500,0.739978
1976-03-10,14.5,14.75,14.375,14.5,18400,0.739978
1976-03-11,14.5,14.625,14.375,14.5,21000,0.739978
1976-03-12,14.5,14.625,14.25,14.5,20000,0.739978
1976-03-15,14.5,14.5,14.25,14.5,21400,0.739978
1976-03-16,14.5,14.5,14.25,14.375,17300,0.733599
1976-03-17,14.375,14.5,14.375,14.5,18800,0.739978
1976-03-18,14.5,14.625,14.25,14.5,12900,0.739978
1976-03-19,14.125,14.125,13.875,14.125,29400,0.739298
1976-03-22,14.125,14.125,13.875,13.875,18600,0.726213
1976-03-23,13.875,14.0,13.625,13.875,24100,0.726213
1976-03-24,13.875,14.125,13.625,13.625,56000,0.713128
1976-03-25,13.625,13.75,13.625,13.75,36800,0.71967
1976-03-26,13.75,13.875,13.5,13.5,42500,0.706585
1976-03-29,13.5,13.75,13.5,13.75,37900,0.71967
1976-03-30,13.75,13.875,13.625,13.875,35400,0.726213
1976-03-31,13.875,14.0,13.75,14.0,17100,0.732755
1976-04-01,14.0,14.25,13.875,14.125,22600,0.739298
1976-04-02,14.125,14.25,14.0,14.125,15000,0.739298
1976-04-05,14.125,14.25,14.0,14.125,18800,0.739298
1976-04-06,14.125,14.25,14.125,14.25,19000,0.74584
1976-04-07,14.25,14.25,14.0,14.0,21400,0.732755
1976-04-08,14.0,14.25,14.0,14.125,14400,0.739298
1976-04-09,14.125,14.125,14.0,14.0,15800,0.732755
1976-04-12,14.0,14.125,13.875,14.0,24800,0.732755
1976-04-13,14.0,14.125,14.0,14.0,16500,0.732755
1976-04-14,14.0,14.125,13.875,13.875,16500,0.726213
1976-04-15,13.875,14.125,13.75,14.0,15600,0.732755
1976-04-19,14.0,14.0,13.75,13.875,24800,0.726213
1976-04-20,13.875,14.0,13.75,13.875,28000,0.726213
1976-04-21,13.875,14.0,13.75,13.75,33100,0.71967
1976-04-22,13.75,13.875,13.5,13.625,41800,0.713128
1976-04-23,13.625,13.875,13.625,13.875,27000,0.726213
1976-04-26,13.875,14.125,13.75,13.875,21800,0.726213
1976-04-27,13.875,13.875,13.375,13.75,27800,0.71967
1976-04-28,13.75,13.875,13.625,13.875,17900,0.726213
1976-04-29,13.875,14.0,13.75,13.75,23700,0.71967
1976-04-30,13.75,13.875,13.625,13.875,12300,0.726213
1976-05-03,13.875,14.0,13.75,14.0,24500,0.732755
1976-05-04,14.0,14.0,13.875,14.0,17200,0.732755
1976-05-05,14.0,14.0,13.875,14.0,21200,0.732755
1976-05-06,14.0,14.0,13.875,14.0,15400,0.732755
1976-05-07,14.0,14.0,13.875,14.0,17300,0.732755
1976-05-10,14.0,14.125,13.75,13.75,19600,0.71967
1976-05-11,13.75,14.0,13.75,13.875,22500,0.726213
1976-05-12,13.875,14.0,13.75,14.0,13900,0.732755
1976-05-13,14.0,14.125,13.875,14.0,17100,0.732755
1976-05-14,14.0,14.125,13.875,14.0,14400,0.732755
1976-05-17,14.0,14.0,13.875,14.0,15800,0.732755
1976-05-18,14.0,14.0,13.875,14.0,25000,0.732755
1976-05-19,14.0,14.0,13.875,14.0,19100,0.732755
1976-05-20,14.0,14.0,13.75,13.875,20400,0.726213
1976-05-21,13.875,14.0,13.875,14.0,15300,0.732755
1976-05-24,14.0,14.0,13.75,13.875,22400,0.726213
1976-05-25,13.875,14.0,13.875,13.875,17000,0.726213
1976-05-26,13.875,14.125,13.75,14.0,13700,0.732755
1976-05-27,14.0,14.0,13.75,13.75,25800,0.71967
1976-05-28,13.75,14.0,13.75,13.875,26300,0.726213
1976-06-01,13.875,14.125,13.875,14.0,19700,0.732755
1976-06-02,14.0,14.0,13.75,13.875,30400,0.726213
1976-06-03,13.875,14.0,13.875,14.0,15300,0.732755
1976-06-04,14.0,14.0,13.75,13.875,15500,0.726213
1976-06-07,13.875,14.125,13.875,13.875,20900,0.726213
1976-06-08,13.875,14.0,13.875,14.0,16500,0.732755
1976-06-09,14.0,14.0,13.875,13.875,11400,0.726213
1976-06-10,13.875,14.0,13.875,14.0,16500,0.732755
1976-06-11,14.0,14.0,13.875,14.0,17100,0.732755
1976-06-14,14.0,14.125,13.875,13.875,21900,0.726213
1976-06-15,13.875,14.125,13.875,14.0,32300,0.732755
1976-06-16,14.0,14.0,13.625,13.625,28400,0.732057
1976-06-17,13.625,13.875,13.625,13.625,28400,0.732057
1976-06-18,13.625,13.75,13.5,13.625,25900,0.732057
1976-06-21,13.625,13.75,13.375,13.5,27400,0.725341
1976-06-22,13.5,13.625,13.5,13.5,41300,0.725341
1976-06-23,13.5,13.625,13.375,13.5,22700,0.725341
1976-06-24,13.5,13.625,13.375,13.375,29300,0.718624
1976-06-25,13.375,13.375,13.25,13.375,24500,0.718624
1976-06-28,13.375,13.375,13.25,13.25,27300,0.711908
1976-06-29,13.25,13.375,13.125,13.25,33900,0.711908
1976-06-30,13.25,13.375,13.125,13.125,40100,0.705192
1976-07-01,13.125,13.375,13.0,13.125,20400,0.705192
1976-07-02,13.125,13.375,13.0,13.375,23700,0.718624
1976-07-06,13.375,13.5,13.25,13.5,23600,0.725341
1976-07-07,13.375,13.375,13.125,13.25,16200,0.711908
1976-07-08,13.25,13.375,13.25,13.375,20500,0.718624
1976-07-09,13.375,13.5,13.125,13.5,32600,0.725341
1976-07-12,13.5,13.625,13.375,13.625,34900,0.732057
1976-07-13,13.625,13.625,13.5,13.5,18200,0.725341
1976-07-14,13.5,13.875,13.5,13.875,34500,0.745489
1976-07-15,13.875,14.0,13.875,13.875,166600,0.745489
1976-07-16,13.875,14.0,13.75,13.875,75700,0.745489
1976-07-19,13.875,14.0,13.875,14.0,29600,0.752205
1976-07-20,14.0,14.125,13.875,14.0,73800,0.752205
1976-07-21,14.0,14.125,13.875,14.125,46900,0.758921
1976-07-22,14.125,14.125,14.0,14.0,51800,0.752205
1976-07-23,14.0,14.25,14.0,14.125,18900,0.758921
1976-07-26,14.125,14.25,14.0,14.0,22800,0.752205
1976-07-27,14.0,14.125,14.0,14.125,21600,0.758921
1976-07-28,14.125,14.125,14.0,14.0,12800,0.752205
1976-07-29,14.0,14.25,13.875,14.0,24800,0.752205
1976-07-30,14.0,14.25,14.0,14.125,15600,0.758921
1976-08-02,14.125,14.25,14.125,14.25,19100,0.765637
1976-08-03,14.25,14.25,14.0,14.25,25300,0.765637
1976-08-04,14.25,14.25,14.125,14.25,14000,0.765637
1976-08-05,14.25,14.25,14.125,14.125,29700,0.758921
1976-08-06,14.125,14.375,14.125,14.375,29200,0.772353
1976-08-09,14.375,14.5,14.25,14.375,20700,0.772353
1976-08-10,14.375,14.625,14.25,14.5,44700,0.77907
1976-08-11,14.5,14.625,14.375,14.5,34100,0.77907
1976-08-12,14.5,14.625,14.375,14.5,28300,0.77907
1976-08-13,14.5,14.625,14.375,14.5,28700,0.77907
1976-08-16,14.5,14.625,14.375,14.625,22500,0.785786
1976-08-17,14.625,14.625,14.375,14.5,29300,0.77907
1976-08-18,14.5,14.75,14.5,14.625,27800,0.785786
1976-08-19,14.625,14.625,14.375,14.375,32500,0.772353
1976-08-20,14.375,14.625,14.25,14.5,18900,0.77907
1976-08-23,14.5,14.5,14.375,14.5,21700,0.77907
1976-08-24,14.5,14.625,14.375,14.5,17600,0.77907
1976-08-25,14.5,14.625,14.375,14.375,20800,0.772353
1976-08-26,14.5,14.625,14.5,14.5,11500,0.77907
1976-08-27,14.5,14.625,14.25,14.625,20400,0.785786
1976-08-30,14.625,14.625,14.375,14.625,15400,0.785786
1976-08-31,14.625,14.625,14.5,14.5,27000,0.77907
1976-09-01,14.5,14.75,14.5,14.75,21700,0.792502
1976-09-02,14.75,14.75,14.5,14.625,14600,0.785786
1976-09-03,14.625,14.75,14.5,14.75,27300,0.792502
1976-09-07,14.75,14.875,14.625,14.875,43700,0.799218
1976-09-08,14.875,15.0,14.75,15.0,94400,0.805934
1976-09-09,15.0,15.125,14.875,15.0,30400,0.805934
1976-09-10,15.0,15.125,14.875,15.0,35600,0.805934
1976-09-13,15.0,15.125,14.875,15.125,29800,0.81265
1976-09-14,15.125,15.125,14.875,15.0,39700,0.805934
1976-09-15,15.0,15.125,14.875,15.125,34000,0.81265
1976-09-16,15.125,15.25,15.0,15.125,27100,0.81265
1976-09-17,15.125,15.25,15.0,15.25,43300,0.819366
1976-09-20,15.25,15.25,15.125,15.25,40800,0.819366
1976-09-21,15.25,15.625,15.125,15.5,90000,0.832798
1976-09-22,15.25,15.25,14.75,14.875,72600,0.81833
1976-09-23,14.875,15.25,14.75,14.875,49400,0.81833
1976-09-24,14.875,14.875,14.625,14.75,72100,0.811453
1976-09-27,14.75,14.875,14.625,14.75,21800,0.811453
1976-09-28,14.75,14.875,14.5,14.625,46100,0.804576
1976-09-29,14.625,14.75,14.5,14.625,31300,0.804576
1976-09-30,14.625,14.625,14.5,14.625,22900,0.804576
1976-10-01,14.625,14.75,14.625,14.75,28100,0.811453
1976-10-04,14.75,14.75,14.5,14.75,26100,0.811453
1976-10-05,14.75,14.75,14.625,14.75,29500,0.811453
1976-10-06,14.75,14.875,14.625,14.625,47900,0.804576
1976-10-07,14.625,14.875,14.625,14.875,26000,0.81833
1976-10-08,14.875,14.875,14.625,14.625,32000,0.804576
1976-10-11,14.625,14.75,14.5,14.5,26800,0.7977
1976-10-12,14.5,14.75,14.5,14.625,48700,0.804576
1976-10-13,14.625,14.75,14.5,14.75,26700,0.811453
1976-10-14,14.75,14.75,14.625,14.625,17500,0.804576
1976-10-15,14.625,14.75,14.625,14.625,24000,0.804576
1976-10-18,14.625,14.75,14.5,14.75,34200,0.811453
1976-10-19,14.625,14.625,14.5,14.5,37100,0.7977
1976-10-20,14.5,14.75,14.5,14.625,40900,0.804576
1976-10-21,14.625,14.625,14.5,14.5,27400,0.7977
1976-10-22,14.5,14.625,14.5,14.5,27600,0.7977
1976-10-25,14.5,14.75,14.5,14.5,25600,0.7977
1976-10-26,14.5,14.625,14.5,14.5,32700,0.7977
1976-10-27,14.5,14.75,14.5,14.5,69600,0.7977
1976-10-28,14.5,14.625,14.5,14.625,26300,0.804576
1976-10-29,14.625,14.75,14.375,14.75,30400,0.811453
1976-11-01,14.75,14.875,14.625,14.75,30100,0.811453
1976-11-03,14.75,14.75,14.5,14.625,24000,0.804576
1976-11-04,14.625,14.75,14.5,14.625,32700,0.804576
1976-11-05,14.625,14.75,14.625,14.75,19600,0.811453
1976-11-08,14.75,14.75,14.375,14.5,81200,0.7977
1976-11-09,14.5,14.625,14.375,14.5,47200,0.7977
1976-11-10,14.5,14.625,14.375,14.375,24800,0.790823
1976-11-11,14.375,14.5,14.375,14.5,24800,0.7977
1976-11-12,14.5,14.5,14.375,14.5,39200,0.7977
1976-11-15,14.5,14.625,14.375,14.375,26200,0.790823
1976-11-16,14.5,14.625,14.5,14.625,26500,0.804576
1976-11-17,14.625,14.625,14.5,14.5,27800,0.7977
1976-11-18,14.5,14.625,14.5,14.625,40900,0.804576
1976-11-19,14.625,14.75,14.5,14.625,27600,0.804576
1976-11-22,14.625,14.625,13.625,14.625,33000,0.804576
1976-11-23,14.625,14.75,14.5,14.625,27700,0.804576
1976-11-24,14.625,14.75,14.625,14.75,14100,0.811453
1976-11-26,14.75,14.875,14.625,14.875,35700,0.81833
1976-11-29,14.875,15.0,14.875,14.875,36300,0.81833
1976-11-30,14.875,15.0,14.875,14.875,36600,0.81833
1976-12-01,14.875,15.0,14.875,15.0,21500,0.825207
1976-12-02,15.0,15.0,14.875,14.875,27100,0.81833
1976-12-03,14.875,15.0,14.75,15.0,33100,0.825207
1976-12-06,15.0,15.125,14.875,15.125,44100,0.832083
1976-12-07,15.125,15.25,14.875,15.125,34500,0.832083
1976-12-08,15.125,15.25,15.0,15.25,28900,0.83896
1976-12-09,15.25,15.5,15.125,15.375,39200,0.845837
1976-12-10,14.875,14.875,14.625,14.75,47200,0.831019
1976-12-13,14.75,15.0,14.625,14.625,42000,0.823977
1976-12-14,14.75,15.0,14.75,14.875,36200,0.838062
1976-12-15,14.875,14.875,14.75,14.875,37400,0.838062
1976-12-16,14.875,14.875,14.625,14.625,28500,0.823977
1976-12-17,14.625,14.875,14.625,14.625,46500,0.823977
1976-12-20,14.625,14.875,14.625,14.875,23200,0.838062
1976-12-21,14.875,14.875,14.625,14.875,34100,0.838062
1976-12-22,14.875,14.875,14.625,14.875,38100,0.838062
1976-12-23,14.875,14.875,14.625,14.75,43600,0.831019
1976-12-27,14.75,14.875,14.75,14.875,35300,0.838062
1976-12-28,14.875,15.0,14.75,14.75,30800,0.831019
1976-12-29,14.875,15.0,14.875,15.0,44300,0.845104
1976-12-30,15.0,15.0,14.875,14.875,40400,0.838062
1976-12-31,14.875,15.125,14.75,15.125,38100,0.852147
1977-01-03,15.125,15.375,15.125,15.25,47800,0.859189
1977-01-04,15.25,15.25,15.125,15.25,38400,0.859189
1977-01-05,15.25,15.375,15.125,15.25,32800,0.859189
1977-01-06,15.25,15.5,15.25,15.5,50300,0.873274
1977-01-07,15.5,15.5,15.375,15.5,45600,0.873274
1977-01-10,15.5,15.5,15.25,15.25,40700,0.859189
1977-01-11,15.25,15.5,15.25,15.25,41900,0.859189
1977-01-12,15.25,15.375,15.25,15.375,34000,0.866232
1977-01-13,15.375,15.375,15.25,15.375,23100,0.866232
1977-01-14,15.375,15.5,15.25,15.375,21600,0.866232
1977-01-17,15.375,15.5,15.375,15.375,29500,0.866232
1977-01-18,15.375,15.5,15.25,15.5,36900,0.873274
1977-01-19,15.5,15.5,15.375,15.5,38400,0.873274
1977-01-20,15.5,15.625,15.375,15.625,23400,0.880317
1977-01-21,15.625,15.625,15.5,15.625,33700,0.880317
1977-01-24,15.625,16.0,15.625,16.0,55900,0.901445
1977-01-25,16.0,16.0,15.875,16.0,79600,0.901445
1977-01-26,16.0,16.125,15.875,16.0,37500,0.901445
1977-01-27,16.0,16.125,15.875,16.125,34800,0.908487
1977-01-28,16.125,16.125,15.875,16.125,24800,0.908487
1977-01-31,16.125,16.25,16.0,16.125,31000,0.908487
1977-02-01,16.125,16.25,16.0,16.0,26100,0.901445
1977-02-02,16.0,16.125,15.875,16.0,29700,0.901445
1977-02-03,16.0,16.125,15.875,16.0,20400,0.901445
1977-02-04,16.0,16.25,16.0,16.25,23900,0.91553
1977-02-07,16.25,16.25,15.75,15.75,109500,0.88736
1977-02-08,15.75,16.0,15.75,15.875,30100,0.894402
1977-02-09,15.875,15.875,15.5,15.625,42000,0.880317
1977-02-10,15.625,16.125,15.5,15.5,32500,0.873274
1977-02-11,15.5,15.625,15.5,15.625,26900,0.880317
1977-02-14,15.625,15.75,15.375,15.375,26100,0.866232
1977-02-15,15.375,15.5,15.375,15.375,23300,0.866232
1977-02-16,15.375,15.625,15.375,15.625,26500,0.880317
1977-02-17,15.625,15.625,15.5,15.625,25000,0.880317
1977-02-18,15.625,15.75,15.5,15.5,34000,0.873274
1977-02-22,15.5,15.625,15.5,15.5,20100,0.873274
1977-02-23,15.5,15.75,15.5,15.625,13300,0.880317
1977-02-24,15.625,15.625,15.375,15.625,19800,0.880317
1977-02-25,15.625,15.625,15.5,15.5,17900,0.873274
1977-02-28,15.5,15.625,15.375,15.625,56800,0.880317
1977-03-01,15.625,15.75,15.5,15.75,21100,0.88736
1977-03-02,15.75,15.875,15.625,15.75,20200,0.88736
1977-03-03,15.75,16.0,15.75,15.75,23000,0.88736
1977-03-04,15.75,15.875,15.75,15.875,27200,0.894402
1977-03-07,15.875,16.0,15.75,15.875,16600,0.894402
1977-03-08,15.875,16.125,15.875,16.0,23300,0.901445
1977-03-09,16.0,16.0,15.875,16.0,33200,0.901445
1977-03-10,15.625,15.625,15.25,15.375,42000,0.886284
1977-03-11,15.375,15.5,15.25,15.375,22000,0.886284
1977-03-14,15.375,15.625,15.375,15.375,15900,0.886284
1977-03-15,15.375,15.625,15.375,15.625,21700,0.900695
1977-03-16,15.625,15.625,15.5,15.625,16200,0.900695
1977-03-17,15.625,15.75,15.375,15.5,14000,0.89349
1977-03-18,15.5,15.625,15.5,15.625,10600,0.900695
1977-03-21,15.625,15.625,15.5,15.625,16900,0.900695
1977-03-22,15.5,15.5,15.375,15.375,17600,0.886284
1977-03-23,15.375,15.5,15.25,15.25,19900,0.879079
1977-03-24,15.25,15.5,15.25,15.375,19400,0.886284
1977-03-25,15.375,15.5,15.375,15.375,20500,0.886284
1977-03-28,15.375,15.375,15.25,15.375,25700,0.886284
1977-03-29,15.375,15.5,15.25,15.5,18300,0.89349
1977-03-30,15.5,15.5,15.375,15.5,26400,0.89349
1977-03-31,15.5,15.625,15.375,15.375,23600,0.886284
1977-04-01,15.375,15.625,15.25,15.5,14500,0.89349
1977-04-04,15.5,15.625,15.5,15.625,26500,0.900695
1977-04-05,15.625,15.75,15.5,15.5,22100,0.89349
1977-04-06,15.5,15.75,15.5,15.625,10500,0.900695
1977-04-07,15.625,15.625,15.5,15.5,18300,0.89349
1977-04-11,15.5,15.75,15.5,15.75,18300,0.907901
1977-04-12,15.75,15.75,15.625,15.625,19100,0.900695
1977-04-13,15.625,15.875,15.625,15.875,30000,0.915106
1977-04-14,15.875,15.875,15.75,15.875,24800,0.915106
1977-04-15,15.875,16.0,15.625,15.875,22200,0.915106
1977-04-18,15.875,15.875,15.625,15.875,22500,0.915106
1977-04-19,15.875,15.875,15.5,15.75,20700,0.907901
1977-04-20,15.75,15.875,15.625,15.75,35000,0.907901
1977-04-21,15.75,15.75,15.5,15.625,16400,0.900695
1977-04-22,15.625,15.625,15.5,15.625,17400,0.900695
1977-04-25,15.625,15.625,15.5,15.5,22400,0.89349
1977-04-26,15.625,15.75,15.625,15.75,20400,0.907901
1977-04-27,15.75,16.0,15.75,15.75,18900,0.907901
1977-04-28,15.75,15.875,15.75,15.875,9600,0.915106
1977-04-29,15.875,16.0,15.75,15.875,13300,0.915106
1977-05-02,15.875,16.0,15.75,15.875,23200,0.915106
1977-05-03,15.875,16.0,15.75,15.875,24800,0.915106
1977-05-04,15.875,16.0,15.875,16.0,15100,0.922312
1977-05-05,16.0,16.125,15.875,15.875,19000,0.915106
1977-05-06,15.875,16.0,15.875,15.875,18500,0.915106
1977-05-09,15.875,16.0,15.875,15.875,27500,0.915106
1977-05-10,15.875,16.125,15.875,16.125,29000,0.929518
1977-05-11,16.125,16.25,16.0,16.25,23200,0.936723
1977-05-12,16.25,16.25,16.0,16.0,21400,0.922312
1977-05-13,16.0,16.125,16.0,16.0,17000,0.922312
1977-05-16,16.0,16.25,16.0,16.25,19500,0.936723
1977-05-17,16.25,16.25,16.0,16.125,30000,0.929518
1977-05-18,16.125,16.375,16.125,16.25,42100,0.936723
1977-05-19,16.25,16.25,16.125,16.125,26300,0.929518
1977-05-20,16.125,16.25,16.125,16.125,15600,0.929518
1977-05-23,16.125,16.25,16.125,16.25,22800,0.936723
1977-05-24,16.25,16.375,16.125,16.25,23200,0.936723
1977-05-25,16.25,16.375,16.125,16.375,19200,0.943929
1977-05-26,16.375,16.5,16.25,16.375,19000,0.943929
1977-05-27,16.375,16.5,16.125,16.25,14900,0.936723
1977-05-31,16.25,16.5,16.25,16.375,20100,0.943929
1977-06-01,16.375,16.5,16.25,16.375,16300,0.943929
1977-06-02,16.375,16.5,16.25,16.5,13100,0.951134
1977-06-03,16.5,16.5,16.375,16.5,25000,0.951134
1977-06-06,16.5,16.75,16.5,16.625,22000,0.95834
1977-06-07,16.625,16.875,16.5,16.875,27500,0.972751
1977-06-08,16.875,17.125,16.75,16.875,58500,0.972751
1977-06-09,16.875,17.0,16.875,17.0,23100,0.979956
1977-06-10,16.375,16.375,16.125,16.375,48900,0.964466
1977-06-13,16.375,16.5,16.125,16.125,23800,0.949741
1977-06-14,16.125,16.375,16.125,16.375,30400,0.964466
1977-06-15,16.375,16.375,16.25,16.375,16700,0.964466
1977-06-16,16.375,16.75,16.375,16.5,27200,0.971828
1977-06-17,16.5,16.75,16.5,16.5,28900,0.971828
1977-06-20,16.5,16.75,16.5,16.625,27200,0.979191
1977-06-21,16.625,16.875,16.625,16.875,28100,0.993915
1977-06-22,16.75,16.75,16.5,16.5,22600,0.971828
1977-06-23,16.5,16.625,16.5,16.625,30800,0.979191
1977-06-24,16.625,16.875,16.625,16.875,34600,0.993915
1977-06-27,16.875,17.125,16.875,17.125,36100,1.00864
1977-06-28,17.125,17.125,16.875,17.125,30600,1.00864
1977-06-29,17.125,17.125,16.875,17.0,35100,1.001278
1977-06-30,17.0,17.125,16.875,17.125,30900,1.00864
1977-07-01,17.125,17.375,17.125,17.125,14500,1.00864
1977-07-05,17.125,17.375,17.125,17.125,19200,1.00864
1977-07-06,17.125,17.375,16.25,17.375,21000,1.023365
1977-07-07,17.375,17.5,17.25,17.375,32300,1.023365
1977-07-08,17.5,17.75,17.5,17.625,23300,1.038089
1977-07-11,17.625,17.75,17.375,17.5,34100,1.030727
1977-07-12,17.5,17.75,17.375,17.75,69900,1.045452
1977-07-13,17.75,17.875,17.625,17.75,33200,1.045452
1977-07-15,17.75,17.875,17.0,17.75,46500,1.045452
1977-07-18,17.75,17.875,17.375,17.75,58600,1.045452
1977-07-19,17.75,17.875,17.5,17.625,54000,1.038089
1977-07-20,17.625,17.875,17.625,17.75,23700,1.045452
1977-07-21,17.75,17.875,17.75,17.875,26600,1.052814
1977-07-22,17.875,18.0,17.625,17.75,40000,1.045452
1977-07-25,17.75,18.0,17.625,17.75,21900,1.045452
1977-07-26,17.75,17.875,17.625,17.75,17700,1.045452
1977-07-27,17.75,18.0,17.5,17.625,20000,1.038089
1977-07-28,17.625,17.625,17.375,17.5,22000,1.030727
1977-07-29,17.5,17.5,17.125,17.25,27400,1.016002
1977-08-01,17.25,17.25,17.125,17.25,23800,1.016002
1977-08-02,17.25,17.5,17.25,17.375,18400,1.023365
1977-08-03,17.625,17.625,17.25,17.25,17800,1.016002
1977-08-04,17.25,17.5,17.25,17.375,23500,1.023365
1977-08-05,17.375,17.5,17.25,17.375,12400,1.023365
1977-08-08,17.375,17.5,17.25,17.375,23500,1.023365
1977-08-09,17.375,17.5,17.125,17.25,13200,1.016002
1977-08-10,17.25,17.375,17.125,17.25,13600,1.016002
1977-08-11,17.25,17.375,17.25,17.25,11700,1.016002
1977-08-12,17.25,17.375,17.0,17.125,15300,1.00864
1977-08-15,17.125,17.375,17.0,17.125,22800,1.00864
1977-08-16,17.125,17.125,17.0,17.0,21100,1.001278
1977-08-17,17.0,17.125,16.875,17.125,45900,1.00864
1977-08-18,17.125,17.25,17.0,17.0,18500,1.001278
1977-08-19,17.0,17.125,16.875,17.0,15700,1.001278
1977-08-22,17.0,17.0,16.875,16.875,12200,0.993915
1977-08-23,16.875,17.0,16.75,16.75,16100,0.986553
1977-08-24,16.75,17.0,16.625,16.875,25800,0.993915
1977-08-25,16.875,16.875,16.625,16.875,26600,0.993915
1977-08-26,16.875,17.0,16.75,16.875,16100,0.993915
1977-08-29,16.875,17.0,16.75,16.875,28500,0.993915
1977-08-30,16.875,17.0,16.75,16.875,12800,0.993915
1977-08-31,16.875,16.875,16.75,16.875,36000,0.993915
1977-09-01,16.875,17.25,16.875,17.0,16300,1.001278
1977-09-02,17.125,17.375,17.125,17.125,16200,1.00864
1977-09-06,17.125,17.25,17.0,17.125,18800,1.00864
1977-09-07,17.125,17.25,17.125,17.25,17700,1.016002
1977-09-08,17.25,17.25,17.0,17.125,16000,1.00864
1977-09-09,17.125,17.125,17.0,17.0,46100,1.001278
1977-09-12,16.875,16.875,16.625,16.75,15000,1.008018
1977-09-13,16.75,16.75,16.625,16.75,20400,1.008018
1977-09-14,16.75,16.875,16.625,16.875,27500,1.01554
1977-09-15,16.875,17.0,16.75,16.875,17200,1.01554
1977-09-16,16.875,16.875,16.625,16.75,16600,1.008018
1977-09-19,16.75,16.875,16.625,16.75,13000,1.008018
1977-09-20,16.75,16.875,16.5,16.625,12300,1.000495
1977-09-21,16.625,16.625,16.5,16.625,19700,1.000495
1977-09-22,16.625,16.625,16.375,16.5,10500,0.992973
1977-09-23,16.5,16.625,16.375,16.375,23800,0.98545
1977-09-26,16.375,16.5,16.25,16.5,19800,0.992973
1977-09-27,16.5,16.625,16.25,16.25,11600,0.977928
1977-09-28,16.25,16.5,16.25,16.375,12300,0.98545
1977-09-29,16.5,16.625,16.5,16.625,14500,1.000495
1977-09-30,16.625,16.75,16.5,16.75,19900,1.008018
1977-10-03,16.75,17.0,16.75,16.875,23500,1.01554
1977-10-04,16.875,17.0,16.75,16.875,12800,1.01554
1977-10-05,16.875,16.875,16.75,16.875,14100,1.01554
1977-10-06,16.875,16.875,16.625,16.625,16000,1.000495
1977-10-07,16.625,17.0,16.625,16.875,17700,1.01554
1977-10-10,16.875,16.875,16.75,16.75,13100,1.008018
1977-10-11,16.75,16.875,16.75,16.75,16400,1.008018
1977-10-12,16.75,16.875,16.625,16.875,13200,1.01554
1977-10-13,16.875,16.875,16.375,16.5,41600,0.992973
1977-10-14,16.5,16.5,16.25,16.375,10600,0.98545
1977-10-17,16.375,16.5,16.125,16.375,19900,0.98545
1977-10-18,16.375,16.5,16.125,16.125,17100,0.970405
1977-10-19,16.125,16.25,16.0,16.0,15800,0.962883
1977-10-20,16.0,16.125,15.625,16.125,46100,0.970405
1977-10-21,16.0,16.0,15.875,16.0,13700,0.962883
1977-10-24,16.0,16.0,15.75,15.75,22700,0.947838
1977-10-25,15.75,15.75,15.625,15.75,35900,0.947838
1977-10-26,15.75,15.875,15.625,15.875,20700,0.95536
1977-10-27,15.875,16.25,15.875,16.0,31300,0.962883
1977-10-28,16.125,16.25,16.125,16.125,24000,0.970405
1977-10-31,16.125,16.375,16.0,16.0,26300,0.962883
1977-11-01,16.0,16.125,15.875,16.0,49300,0.962883
1977-11-02,16.0,16.125,16.0,16.125,33600,0.970405
1977-11-03,16.125,16.125,15.875,16.0,31500,0.962883
1977-11-04,16.0,16.125,16.0,16.125,32300,0.970405
1977-11-07,16.125,16.5,16.125,16.375,37900,0.98545
1977-11-08,16.375,16.5,16.375,16.5,30500,0.992973
1977-11-09,16.5,16.75,16.5,16.75,82000,1.008018
1977-11-10,16.75,16.75,16.625,16.75,19400,1.008018
1977-11-11,16.75,17.0,16.625,16.75,194200,1.008018
1977-11-14,16.75,16.875,16.5,16.625,18600,1.000495
1977-11-15,16.625,16.875,16.625,16.875,26600,1.01554
1977-11-16,16.875,16.875,16.625,16.75,45800,1.008018
1977-11-17,16.75,16.75,16.125,16.5,21500,0.992973
1977-11-18,16.5,16.75,16.5,16.625,14000,1.000495
1977-11-21,16.625,16.75,16.625,16.75,12400,1.008018
1977-11-22,16.75,16.75,16.5,16.75,65100,1.008018
1977-11-23,16.75,16.75,16.5,16.625,15400,1.000495
1977-11-25,16.625,16.75,16.625,16.625,10900,1.000495
1977-11-28,16.625,17.0,16.375,16.75,28000,1.008018
1977-11-29,16.75,16.875,16.625,16.875,29000,1.01554
1977-11-30,16.875,17.0,16.75,16.875,25400,1.01554
1977-12-01,16.875,17.0,16.75,17.0,31100,1.023063
1977-12-02,17.0,17.125,16.875,17.0,22200,1.023063
1977-12-05,17.0,17.125,17.0,17.0,27900,1.023063
1977-12-06,17.0,17.125,17.0,17.125,31500,1.030586
1977-12-07,17.125,17.25,17.125,17.25,29800,1.038108
1977-12-08,17.25,17.25,17.125,17.25,43900,1.038108
1977-12-09,17.125,17.125,17.0,17.125,23300,1.030586
1977-12-12,16.875,16.875,16.375,16.375,22400,1.007814
1977-12-13,16.375,16.5,16.375,16.5,43100,1.015507
1977-12-14,16.5,16.5,16.375,16.5,28000,1.015507
1977-12-15,16.5,16.625,16.25,16.25,24500,1.00012
1977-12-16,16.25,16.5,16.25,16.25,22800,1.00012
1977-12-19,16.25,16.5,16.25,16.25,20800,1.00012
1977-12-20,16.25,16.5,16.25,16.5,20300,1.015507
1977-12-21,16.5,16.5,16.25,16.375,31200,1.007814
1977-12-22,16.375,16.5,16.125,16.5,37100,1.015507
1977-12-23,16.5,16.625,16.5,16.625,27200,1.0232
1977-12-27,16.625,16.75,16.5,16.5,18400,1.015507
1977-12-28,16.5,16.625,16.5,16.625,19100,1.0232
1977-12-29,16.625,16.875,16.5,16.625,24300,1.0232
1977-12-30,16.625,16.625,16.5,16.5,18600,1.015507
1978-01-03,16.5,16.75,16.5,16.5,21600,1.015507
1978-01-04,16.5,16.625,16.375,16.375,25000,1.007814
1978-01-05,16.375,16.625,16.375,16.5,39400,1.015507
1978-01-06,16.5,16.5,16.375,16.375,22200,1.007814
1978-01-09,16.375,16.375,16.25,16.25,27800,1.00012
1978-01-10,16.25,16.375,16.0,16.125,42400,0.992427
1978-01-11,16.125,16.25,16.0,16.125,19100,0.992427
1978-01-12,16.125,16.125,16.0,16.125,37400,0.992427
1978-01-13,16.125,16.25,16.125,16.125,17900,0.992427
1978-01-16,16.125,16.25,16.125,16.125,20300,0.992427
1978-01-17,16.125,16.25,16.125,16.125,28800,0.992427
1978-01-18,16.125,16.25,16.125,16.25,17200,1.00012
1978-01-19,16.25,16.375,16.0,16.125,25100,0.992427
1978-01-20,16.125,16.25,16.0,16.125,16200,0.992427
1978-01-23,16.125,16.25,16.125,16.25,28900,1.00012
1978-01-24,16.25,16.375,16.125,16.25,32100,1.00012
1978-01-25,16.25,16.375,16.125,16.125,11800,0.992427
1978-01-26,16.125,16.25,16.125,16.25,18600,1.00012
1978-01-27,16.25,16.25,16.125,16.125,16900,0.992427
1978-01-30,16.25,16.375,16.25,16.25,21200,1.00012
1978-01-31,16.25,16.5,16.25,16.5,19600,1.015507
1978-02-01,16.5,16.5,16.375,16.5,17500,1.015507
1978-02-02,16.5,16.5,16.25,16.5,18300,1.015507
1978-02-03,16.5,16.625,16.25,16.5,20400,1.015507
1978-02-06,16.5,16.625,16.375,16.5,10000,1.015507
1978-02-07,16.5,16.625,16.5,16.5,12400,1.015507
1978-02-08,16.5,16.75,16.5,16.75,18400,1.030893
1978-02-09,16.75,16.875,16.625,16.75,22900,1.030893
1978-02-10,16.75,16.875,16.5,16.625,26600,1.0232
1978-02-13,16.625,16.75,16.625,16.625,11300,1.0232
1978-02-14,16.625,16.75,16.5,16.75,14800,1.030893
1978-02-15,16.75,16.75,16.625,16.75,15900,1.030893
1978-02-16,16.625,16.625,16.25,16.5,32900,1.015507
1978-02-17,16.5,16.75,16.375,16.625,13500,1.0232
1978-02-21,16.625,16.625,16.25,16.375,147000,1.007814
1978-02-22,16.25,16.25,16.125,16.125,42800,0.992427
1978-02-23,16.125,16.25,16.0,16.0,37300,0.984734
1978-02-24,16.125,16.375,16.125,16.25,20500,1.00012
1978-02-27,16.25,16.5,16.0,16.25,43800,1.00012
1978-02-28,16.25,16.375,16.125,16.25,27500,1.00012
1978-03-01,16.25,16.375,16.125,16.375,19200,1.007814
1978-03-02,16.375,16.375,16.25,16.375,12400,1.007814
1978-03-03,16.375,16.375,16.25,16.25,21600,1.00012
1978-03-06,16.25,16.375,16.25,16.375,26600,1.007814
1978-03-07,16.375,16.5,16.125,16.375,17900,1.007814
1978-03-08,16.375,16.625,16.25,16.5,27700,1.015507
1978-03-09,16.5,16.625,16.5,16.625,17400,1.0232
1978-03-10,16.125,16.125,16.0,16.125,21800,1.015642
1978-03-13,16.125,16.25,16.0,16.125,24300,1.015642
1978-03-14,16.125,16.25,16.125,16.125,11300,1.015642
1978-03-15,16.125,16.25,16.125,16.25,14900,1.023515
1978-03-16,16.25,16.25,16.0,16.125,17400,1.015642
1978-03-17,16.125,16.125,16.0,16.0,16200,1.007769
1978-03-20,16.0,16.25,16.0,16.0,21700,1.007769
1978-03-21,16.0,16.125,16.0,16.0,27500,1.007769
1978-03-22,16.0,16.125,16.0,16.125,34600,1.015642
1978-03-23,16.125,16.25,16.0,16.0,11800,1.007769
1978-03-27,16.0,16.125,16.0,16.125,18100,1.015642
1978-03-28,16.125,16.25,16.125,16.25,15800,1.023515
1978-03-29,16.25,16.25,16.125,16.125,10500,1.015642
1978-03-30,16.125,16.25,16.125,16.25,15300,1.023515
1978-03-31,16.25,16.25,16.125,16.25,19500,1.023515
1978-04-03,16.25,16.25,16.0,16.0,26500,1.007769
1978-04-04,16.0,16.125,16.0,16.0,11400,1.007769
1978-04-05,16.0,16.125,16.0,16.125,10500,1.015642
1978-04-06,16.125,16.25,16.0,16.125,14100,1.015642
1978-04-07,16.125,16.25,16.125,16.25,16000,1.023515
1978-04-10,16.25,16.25,16.0,16.0,31000,1.007769
1978-04-11,16.0,16.125,16.0,16.125,12400,1.015642
1978-04-12,16.125,16.25,16.0,16.25,23400,1.023515
1978-04-13,16.25,16.25,16.125,16.25,27500,1.023515
1978-04-14,16.25,16.375,16.125,16.375,23200,1.031388
1978-04-17,16.375,16.375,16.125,16.25,35100,1.023515
1978-04-18,16.25,16.25,16.0,16.25,23300,1.023515
1978-04-19,16.25,16.25,16.0,16.125,21900,1.015642
1978-04-20,16.125,16.25,16.0,16.25,58200,1.023515
1978-04-21,16.25,16.375,16.0,16.125,23800,1.015642
1978-04-24,16.125,16.5,15.875,16.0,52600,1.007769
1978-04-25,16.0,16.125,15.75,15.75,54500,0.992022
1978-04-26,15.75,15.875,15.625,15.625,78600,0.984149
1978-04-27,15.625,15.75,15.625,15.625,39700,0.984149
1978-04-28,15.625,15.75,15.625,15.75,39600,0.992022
1978-05-01,15.75,15.875,15.625,15.875,40000,0.999895
1978-05-02,15.875,15.875,15.75,15.875,27700,0.999895
1978-05-03,15.875,16.125,15.75,15.75,26300,0.992022
1978-05-04,15.75,16.0,15.625,15.625,29100,0.984149
1978-05-05,15.625,15.875,15.625,15.75,26800,0.992022
1978-05-08,15.75,15.875,15.625,15.625,32800,0.984149
1978-05-09,15.625,15.75,15.5,15.75,25400,0.992022
1978-05-10,15.75,15.75,15.625,15.75,18400,0.992022
1978-05-11,15.75,15.75,15.5,15.625,28800,0.984149
1978-05-12,15.625,15.625,15.5,15.5,28500,0.976276
1978-05-15,15.5,15.625,15.375,15.5,42200,0.976276
1978-05-16,15.5,15.75,15.5,15.75,32200,0.992022
1978-05-17,15.75,15.875,15.625,15.875,22100,0.999895
1978-05-18,15.875,15.875,15.625,15.625,26700,0.984149
1978-05-19,15.625,15.875,15.625,15.625,13200,0.984149
1978-05-22,15.625,15.75,15.5,15.625,20800,0.984149
1978-05-23,15.625,15.75,15.5,15.625,22400,0.984149
1978-05-24,15.625,15.75,15.5,15.75,23100,0.992022
1978-05-25,15.75,15.75,15.625,15.625,22400,0.984149
1978-05-26,15.625,15.75,15.5,15.625,10500,0.984149
1978-05-30,15.625,15.875,15.625,15.75,14800,0.992022
1978-05-31,15.75,16.0,15.625,16.0,42700,1.007769
1978-06-01,16.0,16.125,15.875,16.0,24700,1.007769
1978-06-02,16.0,16.125,15.875,16.125,42300,1.015642
1978-06-05,16.125,16.125,16.0,16.125,17700,1.015642
1978-06-06,16.125,16.25,16.0,16.125,36200,1.015642
1978-06-07,16.125,16.375,16.125,16.125,20300,1.015642
1978-06-08,16.125,16.5,16.125,16.5,27000,1.039261
1978-06-09,16.5,16.5,16.25,16.375,14600,1.031388
1978-06-12,16.375,16.375,16.25,16.25,13000,1.023515
1978-06-13,16.25,16.25,16.125,16.125,30100,1.015642
1978-06-14,15.875,15.875,15.5,15.625,30200,1.007901
1978-06-15,15.625,15.625,15.25,15.375,35400,0.991775
1978-06-16,15.375,15.5,15.25,15.5,18900,0.999838
1978-06-19,15.5,15.625,15.25,15.25,19800,0.983711
1978-06-20,15.25,15.875,15.25,15.5,22200,0.999838
1978-06-21,15.5,15.5,15.25,15.25,17200,0.983711
1978-06-22,15.375,15.5,15.375,15.375,13000,0.991775
1978-06-23,15.375,15.625,15.375,15.5,20100,0.999838
1978-06-26,15.5,15.5,15.25,15.375,26100,0.991775
1978-06-27,15.375,15.5,15.25,15.375,11800,0.991775
1978-06-28,15.375,15.625,15.375,15.625,18500,1.007901
1978-06-29,15.625,15.75,15.5,15.5,16600,0.999838
1978-06-30,15.625,15.75,15.625,15.75,11900,1.015964
1978-07-03,15.75,15.75,15.625,15.625,16300,1.007901
1978-07-05,15.625,15.875,15.625,15.75,15700,1.015964
1978-07-06,15.625,15.625,15.5,15.5,19600,0.999838
1978-07-07,15.5,15.875,15.375,15.5,25000,0.999838
1978-07-10,15.5,15.75,15.5,15.625,14500,1.007901
1978-07-11,15.625,15.75,15.5,15.625,14600,1.007901
1978-07-12,15.625,15.75,15.5,15.75,18300,1.015964
1978-07-13,15.75,15.875,15.5,15.75,14700,1.015964
1978-07-14,15.75,15.75,15.5,15.625,18600,1.007901
1978-07-17,15.625,15.875,15.625,15.75,20700,1.015964
1978-07-18,15.75,15.875,15.625,15.875,20700,1.024027
1978-07-19,15.875,16.125,15.5,15.875,15300,1.024027
1978-07-20,15.875,15.875,15.75,15.875,20500,1.024027
1978-07-21,15.875,15.875,15.625,15.75,17900,1.015964
1978-07-24,15.75,16.0,15.625,16.0,26000,1.032091
1978-07-25,16.0,16.0,15.75,15.875,17500,1.024027
1978-07-26,15.875,16.0,15.75,15.875,15000,1.024027
1978-07-27,15.875,16.0,15.75,15.875,11200,1.024027
1978-07-28,15.875,16.0,15.625,15.75,28000,1.015964
1978-07-31,15.75,15.875,15.625,15.75,23100,1.015964
1978-08-01,15.75,15.875,15.625,15.75,24900,1.015964
1978-08-02,15.75,15.875,15.75,15.875,63500,1.024027
1978-08-03,15.875,16.125,15.875,16.0,47800,1.032091
1978-08-04,16.0,16.125,16.0,16.0,15800,1.032091
1978-08-07,16.0,16.25,16.0,16.25,23400,1.048217
1978-08-08,16.25,16.25,16.0,16.25,46400,1.048217
1978-08-09,16.25,16.25,16.125,16.125,19100,1.040154
1978-08-10,16.125,16.375,16.125,16.375,25200,1.05628
1978-08-11,16.375,16.375,16.25,16.25,14000,1.048217
1978-08-14,16.25,16.5,15.875,16.25,23100,1.048217
1978-08-15,16.25,16.375,16.125,16.25,22400,1.048217
1978-08-16,16.25,16.375,16.125,16.125,16600,1.040154
1978-08-17,16.375,16.5,16.375,16.5,89200,1.064343
1978-08-18,16.5,16.75,16.5,16.625,238800,1.072407
1978-08-21,16.625,16.75,16.375,16.625,70200,1.072407
1978-08-22,16.625,16.625,16.375,16.5,80100,1.064343
1978-08-23,16.5,16.625,16.25,16.375,36100,1.05628
1978-08-24,16.375,16.5,16.375,16.375,23100,1.05628
1978-08-25,16.375,16.5,16.375,16.5,19300,1.064343
1978-08-28,16.5,16.5,16.25,16.375,24200,1.05628
1978-08-29,16.375,16.5,16.25,16.375,30800,1.05628
1978-08-30,16.375,16.5,16.375,16.375,10000,1.05628
1978-08-31,16.375,16.5,16.375,16.5,33300,1.064343
1978-09-01,16.5,16.5,16.375,16.5,18600,1.064343
1978-09-05,16.5,16.75,16.5,16.75,56600,1.08047
1978-09-06,16.75,16.75,16.25,16.25,248800,1.048217
1978-09-07,16.25,16.375,16.125,16.375,21400,1.05628
1978-09-08,16.375,16.375,16.125,16.375,23600,1.05628
1978-09-11,16.375,16.625,16.25,16.5,34600,1.064343
1978-09-12,16.5,16.5,16.375,16.5,15200,1.064343
1978-09-13,16.5,16.5,16.375,16.5,23000,1.064343
1978-09-14,16.5,16.5,16.25,16.5,27300,1.064343
1978-09-15,16.5,16.5,16.375,16.375,39800,1.05628
1978-09-18,16.5,16.625,16.5,16.5,27100,1.064343
1978-09-19,16.5,16.625,16.375,16.5,22500,1.064343
1978-09-20,16.125,16.125,15.875,16.0,84300,1.05642
1978-09-21,16.0,16.0,15.875,15.875,16200,1.048167
1978-09-22,15.875,16.0,15.875,16.0,17500,1.05642
1978-09-25,16.0,16.0,15.875,16.0,21000,1.05642
1978-09-26,16.0,16.0,15.875,16.0,22500,1.05642
1978-09-27,16.0,16.0,15.875,15.875,17200,1.048167
1978-09-28,15.875,16.0,15.875,16.0,12900,1.05642
1978-09-29,16.0,16.0,15.75,15.75,16100,1.039914
1978-10-02,15.75,15.875,15.75,15.75,9900,1.039914
1978-10-03,15.75,15.875,15.75,15.75,11400,1.039914
1978-10-04,15.75,15.875,15.75,15.875,16900,1.048167
1978-10-05,15.875,16.0,15.75,15.875,11900,1.048167
1978-10-06,15.875,15.875,15.625,15.875,118800,1.048167
1978-10-09,15.875,15.875,15.75,15.875,17000,1.048167
1978-10-10,15.875,16.5,15.75,15.75,19500,1.039914
1978-10-11,15.75,15.875,15.75,15.75,17700,1.039914
1978-10-12,15.75,15.875,15.75,15.875,21200,1.048167
1978-10-13,15.875,15.875,15.625,15.75,15000,1.039914
1978-10-16,15.75,15.75,15.5,15.625,24100,1.03166
1978-10-17,15.625,15.75,15.5,15.625,38500,1.03166
1978-10-18,15.625,16.375,15.5,15.5,33200,1.023407
1978-10-19,15.5,15.5,15.25,15.375,22400,1.015154
1978-10-20,15.375,15.375,15.25,15.375,40500,1.015154
1978-10-23,15.375,15.375,15.125,15.375,31500,1.015154
1978-10-24,15.375,15.375,15.25,15.25,24600,1.006901
1978-10-25,15.25,15.375,15.25,15.375,18000,1.015154
1978-10-26,15.375,15.875,15.125,15.25,16100,1.006901
1978-10-27,15.25,15.25,15.0,15.0,28300,0.990394
1978-10-30,15.0,15.125,14.75,15.0,152900,0.990394
1978-10-31,15.0,15.0,14.625,14.75,81100,0.973887
1978-11-01,14.75,15.0,14.5,14.75,42100,0.973887
1978-11-02,14.875,15.0,14.875,15.0,33800,0.990394
1978-11-03,15.0,15.125,14.875,14.875,19400,0.982141
1978-11-06,14.875,15.125,14.875,14.875,25700,0.982141
1978-11-07,14.875,15.0,14.75,14.875,20000,0.982141
1978-11-08,14.875,14.875,14.625,14.625,23700,0.965634
1978-11-09,14.625,14.875,14.625,14.75,21500,0.973887
1978-11-10,14.75,14.75,14.625,14.625,19800,0.965634
1978-11-13,14.625,14.875,13.75,14.625,16600,0.965634
1978-11-14,14.625,14.75,14.5,14.5,24700,0.957381
1978-11-15,14.5,14.625,14.375,14.5,34000,0.957381
1978-11-16,14.5,14.625,14.375,14.375,17400,0.949128
1978-11-17,14.375,14.875,14.375,14.75,32900,0.973887
1978-11-20,14.75,14.875,14.625,14.875,20200,0.982141
1978-11-21,14.875,14.875,14.75,14.875,26200,0.982141
1978-11-22,14.875,15.0,14.375,15.0,26200,0.990394
1978-11-24,15.0,15.125,15.0,15.0,6100,0.990394
1978-11-27,15.0,15.125,15.0,15.125,49400,0.998647
1978-11-28,15.125,15.25,15.0,15.25,66300,1.006901
1978-11-29,15.25,15.375,15.125,15.125,28000,0.998647
1978-11-30,15.125,15.25,15.0,15.125,10900,0.998647
1978-12-01,15.125,15.25,15.0,15.125,28400,0.998647
1978-12-04,15.125,15.375,15.0,15.375,21600,1.015154
1978-12-05,15.375,15.625,15.375,15.5,11400,1.023407
1978-12-06,15.5,15.625,15.25,15.375,13300,1.015154
1978-12-07,15.375,15.5,15.25,15.25,11900,1.006901
1978-12-08,15.25,15.75,15.25,15.25,13400,1.006901
1978-12-11,15.25,15.25,15.125,15.25,14800,1.006901
1978-12-12,15.25,15.25,15.125,15.125,20400,0.998647
1978-12-13,14.75,14.75,14.25,14.5,89400,0.982054
1978-12-14,14.5,14.625,14.125,14.375,79200,0.973588
1978-12-15,14.375,14.875,14.125,14.125,27200,0.956656
1978-12-18,14.125,14.125,13.875,14.0,65900,0.94819
1978-12-19,14.0,14.0,13.875,13.875,27900,0.939724
1978-12-20,13.875,14.0,13.875,13.875,25400,0.939724
1978-12-21,13.875,14.0,13.625,13.75,39800,0.931258
1978-12-22,13.75,13.875,13.625,13.875,22700,0.939724
1978-12-26,13.875,14.0,13.625,13.875,35500,0.939724
1978-12-27,13.75,13.75,13.5,13.5,32900,0.914326
1978-12-28,13.5,13.625,13.375,13.5,45300,0.914326
1978-12-29,13.5,13.75,13.5,13.5,49100,0.914326
1979-01-02,13.5,13.875,13.5,13.875,39000,0.939724
1979-01-03,13.875,14.25,13.875,14.125,19200,0.956656
1979-01-04,14.25,14.625,14.25,14.625,23800,0.99052
1979-01-05,14.625,14.625,14.5,14.625,15600,0.99052
1979-01-08,14.625,14.875,14.5,14.875,17800,1.007452
1979-01-09,14.875,14.875,14.5,14.625,25100,0.99052
1979-01-10,14.625,14.625,14.375,14.5,19300,0.982054
1979-01-11,14.5,14.625,14.375,14.625,12200,0.99052
1979-01-12,14.625,14.75,14.25,14.5,18600,0.982054
1979-01-15,14.5,14.625,14.375,14.5,17500,0.982054
1979-01-16,14.5,14.875,14.5,14.75,18000,0.998986
1979-01-17,14.75,14.75,14.5,14.75,12800,0.998986
1979-01-18,14.75,14.875,14.5,14.75,12000,0.998986
1979-01-19,14.75,14.75,14.5,14.75,10300,0.998986
1979-01-22,14.75,15.0,14.625,14.625,15900,0.99052
1979-01-23,14.625,14.75,14.625,14.625,31000,0.99052
1979-01-24,14.625,14.75,14.625,14.625,12800,0.99052
1979-01-25,14.625,14.875,14.625,14.75,23800,0.998986
1979-01-26,14.75,15.0,14.625,14.875,13800,1.007452
1979-01-29,14.875,15.0,14.75,14.875,18400,1.007452
1979-01-30,14.875,15.0,14.875,15.0,21500,1.015918
1979-01-31,15.0,15.125,14.875,15.125,18200,1.024384
1979-02-01,15.125,15.125,14.875,15.125,20000,1.024384
1979-02-02,15.125,15.125,14.875,15.0,28300,1.015918
1979-02-05,15.0,15.125,14.625,14.875,18500,1.007452
1979-02-06,14.875,14.875,14.625,14.875,16600,1.007452
1979-02-07,14.875,14.875,14.625,14.75,14500,0.998986
1979-02-08,14.75,14.75,14.625,14.75,22800,0.998986
1979-02-09,14.75,14.875,14.625,14.625,21800,0.99052
1979-02-12,14.625,14.875,14.5,14.75,17200,0.998986
1979-02-13,14.75,14.875,14.75,14.75,13500,0.998986
1979-02-14,14.75,14.875,14.75,14.875,15400,1.007452
1979-02-15,14.875,14.875,14.75,14.875,10000,1.007452
1979-02-16,14.875,15.0,14.875,14.875,24300,1.007452
1979-02-20,14.875,15.0,14.875,14.875,12100,1.007452
1979-02-21,14.875,15.0,14.875,15.0,51000,1.015918
1979-02-22,15.0,15.125,14.875,15.0,14700,1.015918
1979-02-23,15.0,15.125,14.875,14.875,12900,1.007452
1979-02-26,14.875,15.125,14.875,15.0,22200,1.015918
1979-02-27,15.0,15.125,14.75,14.875,39500,1.007452
1979-02-28,14.875,15.0,14.75,15.0,14000,1.015918
1979-03-01,15.0,15.125,14.875,15.0,27800,1.015918
1979-03-02,15.0,15.0,14.875,15.0,22700,1.015918
1979-03-05,15.0,15.25,14.875,15.25,156800,1.03285
1979-03-06,15.25,15.375,15.125,15.25,20900,1.03285
1979-03-07,15.25,15.25,15.125,15.125,15500,1.024384
1979-03-08,15.125,15.375,15.125,15.25,14300,1.03285
1979-03-09,15.25,15.5,15.125,15.375,25000,1.041316
1979-03-12,15.375,15.5,15.25,15.375,13500,1.041316
1979-03-13,15.375,15.5,15.25,15.5,24400,1.049782
1979-03-14,15.125,15.125,14.625,14.625,62100,1.016759
1979-03-15,14.625,14.875,14.625,14.875,28000,1.034139
1979-03-16,14.875,14.875,14.625,14.625,16200,1.016759
1979-03-19,14.625,14.75,14.625,14.75,21100,1.025449
1979-03-20,14.75,14.875,14.5,14.625,25400,1.016759
1979-03-21,14.625,14.875,14.5,14.625,38400,1.016759
1979-03-22,14.625,14.75,14.625,14.75,15500,1.025449
1979-03-23,14.75,14.875,14.5,14.75,14100,1.025449
1979-03-26,14.75,14.875,14.625,14.75,20500,1.025449
1979-03-27,14.75,14.75,14.625,14.75,41500,1.025449
1979-03-28,14.75,14.875,14.625,14.875,24800,1.034139
1979-03-29,14.875,14.875,14.625,14.625,34500,1.016759
1979-03-30,14.625,14.875,14.625,14.75,16900,1.025449
1979-04-02,14.75,14.75,14.5,14.625,46500,1.016759
1979-04-03,14.625,14.875,14.625,14.75,19900,1.025449
1979-04-04,14.75,14.875,14.625,14.75,30200,1.025449
1979-04-05,14.75,14.75,14.625,14.75,32300,1.025449
1979-04-06,14.75,14.875,14.625,14.75,22100,1.025449
1979-04-09,14.75,15.0,14.75,15.0,42400,1.04283
1979-04-10,15.0,15.0,14.875,14.875,18500,1.034139
1979-04-11,14.875,15.125,14.875,14.875,18100,1.034139
1979-04-12,14.875,15.0,14.875,14.875,14300,1.034139
1979-04-16,14.875,15.375,14.75,15.0,16000,1.04283
1979-04-17,15.0,15.0,14.75,14.75,14100,1.025449
1979-04-18,14.75,15.0,14.75,15.0,14800,1.04283
1979-04-19,15.0,15.0,14.875,14.875,15600,1.034139
1979-04-20,14.875,15.0,14.75,14.875,16000,1.034139
1979-04-23,14.875,15.0,14.75,14.75,28500,1.025449
1979-04-24,14.75,15.125,14.75,14.875,26900,1.034139
1979-04-25,14.875,15.0,14.625,14.75,36600,1.025449
1979-04-26,14.75,14.75,14.5,14.5,18800,1.008069
1979-04-27,14.5,14.75,14.5,14.625,26800,1.016759
1979-04-30,14.625,14.75,14.375,14.75,20200,1.025449
1979-05-01,14.75,14.75,14.625,14.75,13700,1.025449
1979-05-02,14.75,14.75,14.625,14.625,11800,1.016759
1979-05-03,14.625,14.75,14.625,14.625,29000,1.016759
1979-05-04,14.625,14.625,14.25,14.375,184200,0.999378
1979-05-07,14.25,14.25,14.0,14.125,27500,0.981998
1979-05-08,14.125,14.25,14.0,14.0,28500,0.973308
1979-05-09,14.0,14.25,14.0,14.25,17600,0.990688
1979-05-10,14.25,14.75,14.0,14.0,32800,0.973308
1979-05-11,14.0,14.875,13.875,14.0,25400,0.973308
1979-05-14,14.0,14.0,13.75,13.75,22900,0.955927
1979-05-15,13.75,14.0,13.75,14.0,33500,0.973308
1979-05-16,14.0,14.125,14.0,14.125,16200,0.981998
1979-05-17,14.125,14.375,14.0,14.375,17800,0.999378
1979-05-18,14.375,14.5,14.25,14.25,22100,0.990688
1979-05-21,14.25,14.375,14.125,14.375,63500,0.999378
1979-05-22,14.375,14.375,14.25,14.25,20700,0.990688
1979-05-23,14.25,14.375,14.25,14.25,90700,0.990688
1979-05-24,14.25,14.375,14.125,14.375,18100,0.999378
1979-05-25,14.375,15.25,14.25,14.5,36100,1.008069
1979-05-29,14.5,14.75,14.375,14.75,28600,1.025449
1979-05-30,14.75,15.5,14.75,14.875,28400,1.034139
1979-05-31,14.875,15.625,14.875,15.125,92300,1.05152
1979-06-01,15.125,15.125,15.0,15.125,15100,1.05152
1979-06-04,15.125,15.125,15.0,15.0,19800,1.04283
1979-06-05,15.0,15.125,15.0,15.0,18700,1.04283
1979-06-06,15.0,15.25,15.0,15.125,15400,1.05152
1979-06-07,15.125,15.25,15.125,15.25,35000,1.06021
1979-06-08,15.25,15.25,15.0,15.0,58400,1.04283
1979-06-11,15.0,15.25,15.0,15.125,22800,1.05152
1979-06-12,15.25,15.75,15.25,15.625,93000,1.086281
1979-06-13,15.625,15.75,15.5,15.75,30600,1.094971
1979-06-14,15.75,15.875,14.875,14.875,51600,1.061088
1979-06-15,14.875,15.0,14.75,14.75,10200,1.052171
1979-06-18,14.75,14.875,14.75,14.875,14100,1.061088
1979-06-19,14.875,14.875,14.5,14.75,13800,1.052171
1979-06-20,14.75,14.875,14.5,14.625,16000,1.043254
1979-06-21,14.625,14.75,14.5,14.5,17200,1.034338
1979-06-22,14.625,14.75,14.625,14.75,26500,1.052171
1979-06-25,14.75,15.5,14.5,14.625,21800,1.043254
1979-06-26,14.625,14.75,14.5,14.75,15700,1.052171
1979-06-27,14.75,14.75,14.5,14.75,19700,1.052171
1979-06-28,14.75,14.875,14.375,14.75,13900,1.052171
1979-06-29,14.75,14.75,14.5,14.625,17700,1.043254
1979-07-02,14.625,14.875,14.625,14.875,27900,1.061088
1979-07-03,14.875,14.875,14.625,14.625,7000,1.043254
1979-07-05,14.625,14.875,14.625,14.625,13500,1.043254
1979-07-06,14.625,15.5,14.625,14.75,12800,1.052171
1979-07-09,14.75,14.875,14.75,14.875,69000,1.061088
1979-07-10,14.875,14.875,14.75,14.75,16600,1.052171
1979-07-11,14.75,14.875,14.375,14.875,17200,1.061088
1979-07-12,14.875,15.75,14.75,14.875,12700,1.061088
1979-07-13,14.875,14.875,14.75,14.875,14400,1.061088
1979-07-16,14.875,14.875,14.75,14.875,17600,1.061088
1979-07-17,14.875,14.875,14.75,14.875,33200,1.061088
1979-07-18,14.875,14.875,14.75,14.875,155600,1.061088
1979-07-19,14.875,14.875,14.75,14.75,45900,1.052171
1979-07-20,14.75,14.875,14.75,14.875,21600,1.061088
1979-07-23,14.875,14.875,14.75,14.75,81100,1.052171
1979-07-24,14.75,14.875,14.75,14.75,21000,1.052171
1979-07-25,14.75,14.875,14.75,14.875,80500,1.061088
1979-07-26,14.875,14.875,14.75,14.75,56100,1.052171
1979-07-27,14.75,14.75,14.625,14.625,43500,1.043254
1979-07-30,14.625,15.25,14.5,14.5,29000,1.034338
1979-07-31,14.5,14.875,14.5,14.75,29700,1.052171
1979-08-01,14.75,14.75,14.625,14.75,33800,1.052171
1979-08-02,14.75,14.75,14.5,14.625,16400,1.043254
1979-08-03,14.625,14.75,14.5,14.625,30200,1.043254
1979-08-06,14.625,15.25,14.5,14.5,25000,1.034338
1979-08-07,14.5,14.625,14.5,14.5,25000,1.034338
1979-08-08,14.5,15.375,14.5,14.625,28100,1.043254
1979-08-09,14.625,14.875,14.5,14.75,92100,1.052171
1979-08-10,14.75,14.875,14.75,14.75,33300,1.052171
1979-08-13,14.75,15.0,14.75,14.875,59900,1.061088
1979-08-14,14.875,15.125,14.875,15.125,108900,1.078921
1979-08-15,15.125,15.875,14.875,14.875,23500,1.061088
1979-08-16,14.875,15.125,14.875,14.875,24300,1.061088
1979-08-17,14.875,15.75,14.875,15.0,18700,1.070004
1979-08-20,15.0,15.0,14.75,15.0,19200,1.070004
1979-08-21,15.0,15.0,14.875,14.875,16700,1.061088
1979-08-22,14.875,15.125,14.875,15.0,62000,1.070004
1979-08-23,15.0,15.0,14.875,14.875,17100,1.061088
1979-08-24,14.875,15.125,14.875,14.875,38000,1.061088
1979-08-27,14.875,15.0,14.875,14.875,37800,1.061088
1979-08-28,14.875,15.0,14.75,14.875,51900,1.061088
1979-08-29,14.875,15.0,14.875,14.875,13900,1.061088
1979-08-30,14.875,15.75,14.875,15.0,52500,1.070004
1979-08-31,15.0,15.0,14.875,15.0,13300,1.070004
1979-09-04,15.0,15.0,14.75,14.875,25000,1.061088
1979-09-05,14.875,15.0,14.75,15.0,31800,1.070004
1979-09-06,15.0,15.0,14.875,14.875,54100,1.061088
1979-09-07,14.875,15.0,14.875,15.0,15700,1.070004
1979-09-10,15.0,15.0,14.75,15.0,58800,1.070004
1979-09-11,15.0,15.0,14.875,15.0,29000,1.070004
1979-09-12,15.0,15.0,14.75,14.75,21800,1.052171
1979-09-13,14.75,15.375,14.625,14.75,58600,1.052171
1979-09-14,14.25,14.25,13.875,13.875,76700,1.017343
1979-09-17,13.875,14.0,13.875,13.875,29800,1.017343
1979-09-18,13.875,14.75,13.875,13.875,42200,1.017343
1979-09-19,13.875,14.125,13.875,14.0,84000,1.026508
1979-09-20,14.0,14.125,13.875,14.0,21200,1.026508
1979-09-21,14.0,14.0,13.875,14.0,45500,1.026508
1979-09-24,14.0,14.0,13.75,13.875,18500,1.017343
1979-09-25,13.875,13.875,13.5,13.5,36800,0.989847
1979-09-26,13.625,14.625,13.625,13.75,28300,1.008178
1979-09-27,13.75,14.0,13.625,14.0,21200,1.026508
1979-09-28,13.875,13.875,13.75,13.875,21500,1.017343
1979-10-01,13.875,13.875,13.625,13.75,21800,1.008178
1979-10-02,13.75,13.875,13.625,13.75,20700,1.008178
1979-10-03,13.75,14.625,13.75,13.875,22400,1.017343
1979-10-04,13.875,14.0,13.75,14.0,27900,1.026508
1979-10-05,14.0,14.125,13.875,14.0,27000,1.026508
1979-10-08,14.0,14.75,13.875,14.0,22300,1.026508
1979-10-09,14.0,14.0,13.75,13.875,20400,1.017343
1979-10-10,13.75,13.75,13.125,13.25,81100,0.971517
1979-10-11,13.25,14.125,13.0,13.625,42000,0.999013
1979-10-12,13.625,13.75,13.5,13.625,34900,0.999013
1979-10-15,13.625,14.125,13.375,13.5,39200,0.989847
1979-10-16,13.5,14.125,13.5,13.5,29700,0.989847
1979-10-17,13.5,13.625,13.5,13.5,28000,0.989847
1979-10-18,13.5,13.75,13.5,13.75,33900,1.008178
1979-10-19,13.75,13.75,13.375,13.375,50000,0.980682
1979-10-22,13.375,14.0,13.25,13.25,36600,0.971517
1979-10-23,13.25,13.25,13.0,13.0,30200,0.953186
1979-10-24,13.0,13.75,13.0,13.0,50100,0.953186
1979-10-25,13.0,13.25,13.0,13.0,26500,0.953186
1979-10-26,13.125,13.375,13.125,13.125,23500,0.962352
1979-10-29,13.125,13.25,13.0,13.0,25300,0.953186
1979-10-30,13.0,13.625,12.875,13.0,130600,0.953186
1979-10-31,13.0,13.125,12.875,12.875,40200,0.944021
1979-11-01,12.875,13.125,12.875,13.125,19100,0.962352
1979-11-02,13.125,13.75,13.0,13.125,23200,0.962352
1979-11-05,13.125,13.125,13.0,13.125,16900,0.962352
1979-11-06,13.125,13.125,12.875,13.125,126400,0.962352
1979-11-07,13.0,13.0,12.875,13.0,19600,0.953186
1979-11-08,13.0,13.0,12.875,13.0,21100,0.953186
1979-11-09,13.0,13.0,12.75,12.875,26000,0.944021
1979-11-12,12.875,13.5,12.75,12.875,26500,0.944021
1979-11-13,12.875,13.125,12.875,13.125,19100,0.962352
1979-11-14,13.0,13.0,12.875,13.0,36100,0.953186
1979-11-15,13.0,13.75,13.0,13.125,34800,0.962352
1979-11-16,13.125,13.125,13.0,13.0,27400,0.953186
1979-11-19,13.0,13.125,13.0,13.0,25800,0.953186
1979-11-20,13.0,13.0,12.75,12.875,34100,0.944021
1979-11-21,12.875,12.875,12.625,12.875,29200,0.944021
1979-11-23,12.875,13.0,12.75,12.75,13800,0.934856
1979-11-26,12.875,13.625,12.875,13.125,79800,0.962352
1979-11-27,13.25,14.0,13.25,13.75,52700,1.008178
1979-11-28,13.75,14.25,13.75,14.0,41200,1.026508
1979-11-29,14.0,14.125,13.875,13.875,43700,1.017343
1979-11-30,13.875,14.0,13.75,14.0,21000,1.026508
1979-12-03,13.875,13.875,13.5,13.625,17300,0.999013
1979-12-04,13.625,13.75,13.5,13.75,26400,1.008178
1979-12-05,13.75,14.0,13.625,13.875,47400,1.017343
1979-12-06,13.875,14.125,13.875,13.875,41300,1.017343
1979-12-07,14.0,14.75,14.0,14.125,27500,1.035674
1979-12-10,14.125,14.125,14.0,14.125,33800,1.035674
1979-12-11,14.125,14.125,14.0,14.125,31100,1.035674
1979-12-12,13.375,13.375,13.0,13.125,64500,0.990398
1979-12-13,13.125,13.125,13.0,13.125,45200,0.990398
1979-12-14,13.125,13.125,12.75,12.875,53000,0.971534
1979-12-17,12.875,13.625,12.75,12.875,104400,0.971534
1979-12-18,12.875,12.875,12.625,12.875,36500,0.971534
1979-12-19,12.875,12.875,12.625,12.625,44700,0.952669
1979-12-20,12.625,12.75,12.625,12.625,41400,0.952669
1979-12-21,12.625,12.625,12.375,12.375,54400,0.933804
1979-12-24,12.375,13.125,12.375,12.625,36600,0.952669
1979-12-26,12.625,12.75,12.5,12.5,44500,0.943236
1979-12-27,12.5,12.5,12.375,12.375,63200,0.933804
1979-12-28,12.375,12.5,12.375,12.375,121900,0.933804
1979-12-31,12.375,12.5,12.25,12.375,102200,0.933804
1980-01-02,12.375,12.5,12.25,12.375,70500,0.933804
1980-01-03,12.375,12.75,12.375,12.625,47400,0.952669
1980-01-04,12.625,12.75,12.5,12.75,28500,0.962101
1980-01-07,12.75,12.875,12.625,12.875,20400,0.971534
1980-01-08,12.875,12.875,12.75,12.75,40600,0.962101
1980-01-09,12.75,12.875,12.75,12.875,21800,0.971534
1980-01-10,12.875,13.0,12.75,12.875,19400,0.971534
1980-01-11,12.875,13.0,12.75,12.75,47600,0.962101
1980-01-14,12.75,13.5,12.75,12.875,26400,0.971534
1980-01-15,12.875,13.125,12.875,13.0,25700,0.980966
1980-01-16,13.0,13.0,12.875,13.0,54300,0.980966
1980-01-17,13.0,13.0,12.875,12.875,28300,0.971534
1980-01-18,12.875,13.0,12.75,12.75,65700,0.962101
1980-01-21,12.75,12.875,12.75,12.875,46500,0.971534
1980-01-22,12.875,12.875,12.625,12.75,46200,0.962101
1980-01-23,12.75,12.75,12.625,12.625,27100,0.952669
1980-01-24,12.625,12.75,12.625,12.75,30300,0.962101
1980-01-25,12.75,12.75,12.625,12.75,21900,0.962101
1980-01-28,12.75,12.875,12.625,12.75,22700,0.962101
1980-01-29,12.75,12.75,12.5,12.5,22200,0.943236
1980-01-30,12.5,12.625,12.5,12.625,24900,0.952669
1980-01-31,12.625,12.625,12.25,12.5,72300,0.943236
1980-02-01,12.5,12.75,12.5,12.625,27400,0.952669
1980-02-04,12.625,12.75,12.625,12.625,28900,0.952669
1980-02-05,12.625,12.875,12.625,12.625,22600,0.952669
1980-02-06,12.625,12.75,12.625,12.75,18600,0.962101
1980-02-07,12.75,12.75,12.5,12.5,33100,0.943236
1980-02-08,12.5,12.625,12.5,12.5,33900,0.943236
1980-02-11,12.5,12.625,12.375,12.5,71600,0.943236
1980-02-12,12.5,12.5,12.375,12.5,20400,0.943236
1980-02-13,12.5,12.625,12.25,12.625,94100,0.952669
1980-02-14,12.625,12.75,12.5,12.5,204000,0.943236
1980-02-15,12.5,12.5,12.25,12.25,29200,0.924372
1980-02-19,12.25,12.375,12.125,12.25,52200,0.924372
1980-02-20,12.25,12.75,12.125,12.25,23900,0.924372
1980-02-21,12.25,12.375,12.0,12.0,31200,0.905507
1980-02-22,12.0,12.25,12.0,12.0,25200,0.905507
1980-02-25,12.0,12.125,12.0,12.0,24700,0.905507
1980-02-26,12.0,12.5,12.0,12.125,27100,0.914939
1980-02-27,12.125,12.25,12.0,12.125,19400,0.914939
1980-02-28,12.125,12.25,12.0,12.125,25400,0.914939
1980-02-29,12.125,12.25,12.0,12.25,25600,0.924372
1980-03-03,12.25,12.375,12.125,12.125,23500,0.914939
1980-03-04,12.125,12.25,11.875,11.875,24400,0.896075
1980-03-05,11.875,12.0,11.875,11.875,27200,0.896075
1980-03-06,11.75,11.75,11.625,11.75,35400,0.886642
1980-03-07,11.75,11.75,11.5,11.75,39600,0.886642
1980-03-10,11.75,11.875,11.625,11.625,29000,0.87721
1980-03-11,11.625,12.0,11.625,12.0,29100,0.905507
1980-03-12,12.0,12.875,11.75,11.875,48400,0.896075
1980-03-13,11.875,12.0,11.875,12.0,43300,0.905507
1980-03-14,11.625,11.625,11.25,11.375,35700,0.887943
1980-03-17,11.375,11.5,11.25,11.25,28400,0.878186
1980-03-18,11.25,11.375,11.25,11.375,33700,0.887943
1980-03-19,11.375,11.375,11.25,11.25,17400,0.878186
1980-03-20,11.25,11.375,11.125,11.25,42600,0.878186
1980-03-21,11.25,11.5,11.25,11.375,22200,0.887943
1980-03-24,11.375,11.5,11.125,11.25,48600,0.878186
1980-03-25,11.25,11.75,11.125,11.125,23000,0.868428
1980-03-26,11.125,11.375,11.125,11.125,25600,0.868428
1980-03-27,11.125,11.25,11.0,11.0,34600,0.85867
1980-03-28,11.0,11.25,10.875,11.125,33900,0.868428
1980-03-31,11.125,11.375,11.125,11.25,25700,0.878186
1980-04-01,11.25,11.625,11.125,11.5,29500,0.897701
1980-04-02,11.5,11.75,11.375,11.625,114000,0.907459
1980-04-03,11.625,11.75,11.375,11.5,24600,0.897701
1980-04-07,11.5,11.625,11.25,11.625,27000,0.907459
1980-04-08,11.625,12.0,11.5,11.75,50200,0.917216
1980-04-09,11.875,12.25,11.875,12.25,27800,0.956247
1980-04-10,12.375,12.875,12.375,12.875,77500,1.005035
1980-04-11,12.875,13.0,12.625,12.75,23800,0.995277
1980-04-14,12.75,12.75,12.375,12.5,146500,0.975762
1980-04-15,12.5,13.0,12.25,12.375,53900,0.966004
1980-04-16,12.375,12.75,12.375,12.5,105800,0.975762
1980-04-17,12.5,12.75,12.375,12.75,24600,0.995277
1980-04-18,12.75,12.75,12.375,12.625,25000,0.985519
1980-04-21,12.625,12.75,12.5,12.5,24600,0.975762
1980-04-22,12.5,12.75,12.5,12.625,31600,0.985519
1980-04-23,12.625,12.875,12.625,12.75,26400,0.995277
1980-04-24,12.75,13.0,12.5,13.0,80000,1.014792
1980-04-25,13.0,13.25,12.875,13.25,52800,1.034308
1980-04-28,13.25,13.25,13.0,13.0,36000,1.014792
1980-04-29,13.0,13.125,12.875,12.875,75100,1.005035
1980-04-30,12.875,13.125,12.875,13.125,176100,1.02455
1980-05-01,13.125,13.125,12.75,12.875,27000,1.005035
1980-05-02,12.875,13.125,12.875,13.125,33500,1.02455
1980-05-05,13.125,13.125,12.875,13.0,22500,1.014792
1980-05-06,13.0,13.125,12.75,13.0,19100,1.014792
1980-05-07,13.0,13.0,12.75,13.0,25500,1.014792
1980-05-08,13.0,13.125,12.875,13.125,31400,1.02455
1980-05-09,13.125,13.125,12.875,13.125,18100,1.02455
1980-05-12,13.125,13.25,13.0,13.125,32800,1.02455
1980-05-13,13.125,13.125,12.875,13.0,21800,1.014792
1980-05-14,13.0,13.125,12.875,13.0,30400,1.014792
1980-05-15,13.0,13.125,13.0,13.125,70700,1.02455
1980-05-16,13.125,13.125,13.0,13.125,67600,1.02455
1980-05-19,13.125,13.125,13.0,13.0,79600,1.014792
1980-05-20,13.0,13.125,13.0,13.125,32900,1.02455
1980-05-21,13.125,13.125,12.75,12.875,96900,1.005035
1980-05-22,12.75,12.75,12.375,12.75,132900,0.995277
1980-05-23,12.75,13.0,12.625,12.875,46700,1.005035
1980-05-27,12.875,13.5,12.75,13.0,49100,1.014792
1980-05-28,13.0,13.0,12.875,12.875,37400,1.005035
1980-05-29,12.875,13.0,12.75,12.875,61700,1.005035
1980-05-30,12.875,13.125,12.75,13.125,36800,1.02455
1980-06-02,13.0,13.0,12.875,12.875,37100,1.005035
1980-06-03,12.875,13.5,12.875,13.125,34700,1.02455
1980-06-04,13.125,13.25,13.0,13.125,26500,1.02455
1980-06-05,13.125,13.375,13.0,13.375,51600,1.044065
1980-06-06,13.375,13.375,13.25,13.25,22800,1.034308
1980-06-09,13.25,13.375,13.25,13.25,67700,1.034308
1980-06-10,13.25,14.25,13.25,13.25,90300,1.034308
1980-06-11,13.25,13.625,13.125,13.5,85300,1.053823
1980-06-12,13.0,13.0,12.75,12.875,102800,1.035723
1980-06-13,12.875,13.125,12.875,13.0,158500,1.045778
1980-06-16,13.125,13.375,13.125,13.25,49700,1.065889
1980-06-17,13.25,13.375,13.125,13.25,42800,1.065889
1980-06-18,13.25,13.5,13.25,13.5,62000,1.086001
1980-06-19,13.5,13.875,13.25,13.375,52900,1.075945
1980-06-20,13.375,13.375,13.25,13.25,49900,1.065889
1980-06-23,13.25,13.5,13.25,13.25,171800,1.065889
1980-06-24,13.25,13.375,13.125,13.25,43800,1.065889
1980-06-25,13.25,13.375,13.25,13.25,32500,1.065889
1980-06-26,13.25,13.375,13.25,13.25,30200,1.065889
1980-06-27,13.25,13.25,13.125,13.25,27700,1.065889
1980-06-30,13.25,13.25,13.125,13.25,43900,1.065889
1980-07-01,13.25,13.25,13.125,13.125,41900,1.055834
1980-07-02,13.125,13.25,13.0,13.0,87300,1.045778
1980-07-03,13.0,13.25,13.0,13.125,37300,1.055834
1980-07-07,13.125,13.25,13.125,13.125,21600,1.055834
1980-07-08,13.125,13.25,13.0,13.125,55600,1.055834
1980-07-09,13.125,13.25,12.875,13.125,35800,1.055834
1980-07-10,13.125,13.125,12.875,13.125,56600,1.055834
1980-07-11,13.125,13.125,13.0,13.125,23100,1.055834
1980-07-14,13.125,13.125,12.875,12.875,38400,1.035723
1980-07-15,12.875,13.0,12.75,12.75,65500,1.025667
1980-07-16,12.75,12.875,12.75,12.75,110100,1.025667
1980-07-17,12.75,13.0,12.75,12.75,220800,1.025667
1980-07-18,12.75,13.0,12.75,12.875,28100,1.035723
1980-07-21,12.875,13.0,12.75,12.875,31900,1.035723
1980-07-22,12.875,13.0,12.875,12.875,33500,1.035723
1980-07-23,12.875,13.0,12.75,12.875,40200,1.035723
1980-07-24,12.875,13.0,12.875,12.875,26000,1.035723
1980-07-25,12.875,13.0,12.75,13.0,21700,1.045778
1980-07-28,13.0,13.0,12.875,12.875,27300,1.035723
1980-07-29,12.875,13.125,12.875,13.0,27200,1.045778
1980-07-30,13.0,13.0,12.75,12.875,51300,1.035723
1980-07-31,12.875,12.875,12.75,12.75,24500,1.025667
1980-08-01,12.75,12.875,12.625,12.625,32600,1.015612
1980-08-04,12.625,12.75,12.5,12.625,88000,1.015612
1980-08-05,12.625,12.625,12.125,12.625,43900,1.015612
1980-08-06,12.625,12.625,12.0,12.5,20700,1.005556
1980-08-07,12.5,12.625,12.375,12.5,209000,1.005556
1980-08-08,12.5,12.5,12.25,12.5,106100,1.005556
1980-08-11,12.5,12.75,12.375,12.625,48200,1.015612
1980-08-12,12.5,12.5,12.375,12.5,46700,1.005556
1980-08-13,12.5,12.625,12.375,12.5,35500,1.005556
1980-08-14,12.5,12.5,12.375,12.5,35700,1.005556
1980-08-15,12.5,12.75,12.375,12.5,40200,1.005556
1980-08-18,12.5,12.75,12.5,12.75,44300,1.025667
1980-08-19,12.625,12.625,12.5,12.5,21700,1.005556
1980-08-20,12.5,12.75,12.5,12.5,82000,1.005556
1980-08-21,12.5,12.625,12.375,12.625,23000,1.015612
1980-08-22,12.625,12.625,12.5,12.5,25800,1.005556
1980-08-25,12.5,12.875,12.5,12.5,22500,1.005556
1980-08-26,12.5,12.625,12.375,12.5,31900,1.005556
1980-08-27,12.5,12.625,12.5,12.5,24100,1.005556
1980-08-28,12.5,12.625,12.375,12.5,69800,1.005556
1980-08-29,12.5,12.75,12.5,12.625,16700,1.015612
1980-09-02,12.625,12.875,12.625,12.75,25500,1.025667
1980-09-03,12.75,12.875,12.75,12.875,25500,1.035723
1980-09-04,12.875,13.125,12.875,13.0,23500,1.045778
1980-09-05,13.0,13.0,12.875,13.0,23000,1.045778
1980-09-08,12.875,12.875,12.75,12.75,20300,1.025667
1980-09-09,12.75,12.875,12.75,12.875,57900,1.035723
1980-09-10,12.875,12.875,12.75,12.75,34100,1.025667
1980-09-11,12.75,12.875,12.75,12.875,22900,1.035723
1980-09-12,12.875,13.125,12.875,12.875,202400,1.035723
1980-09-15,12.875,13.125,12.875,13.125,51100,1.055834
1980-09-16,13.125,13.125,12.875,12.875,100000,1.035723
1980-09-17,12.875,13.125,12.875,13.0,74500,1.045778
1980-09-18,12.375,12.375,12.0,12.125,89300,1.006354
1980-09-19,12.125,12.5,12.0,12.0,30100,0.995979
1980-09-22,12.0,12.25,12.0,12.125,92600,1.006354
1980-09-23,12.125,12.125,12.0,12.125,40000,1.006354
1980-09-24,12.125,12.125,11.875,11.875,49500,0.985605
1980-09-25,11.875,12.0,11.75,12.0,31600,0.995979
1980-09-26,11.875,11.875,11.75,11.875,41400,0.985605
1980-09-29,11.875,11.875,11.625,11.875,27400,0.985605
1980-09-30,11.875,11.875,11.625,11.875,28600,0.985605
1980-10-01,11.875,11.875,11.625,11.75,69300,0.97523
1980-10-02,11.75,11.875,11.625,11.875,28700,0.985605
1980-10-03,11.875,11.875,11.75,11.75,32900,0.97523
1980-10-06,11.75,12.0,11.75,11.875,35100,0.985605
1980-10-07,11.875,12.125,11.875,12.125,45000,1.006354
1980-10-08,12.125,12.125,11.875,12.0,17500,0.995979
1980-10-09,12.0,12.0,11.75,11.875,33000,0.985605
1980-10-10,11.875,11.875,11.75,11.875,39600,0.985605
1980-10-13,11.875,11.875,11.375,11.75,19300,0.97523
1980-10-14,11.75,11.875,11.75,11.75,32900,0.97523
1980-10-15,11.75,11.875,11.75,11.875,50100,0.985605
1980-10-16,11.875,11.875,11.75,11.75,127600,0.97523
1980-10-17,11.75,11.875,11.75,11.875,31300,0.985605
1980-10-20,11.875,11.875,11.625,11.75,37400,0.97523
1980-10-21,11.75,11.875,11.625,11.75,38100,0.97523
1980-10-22,11.75,11.875,11.625,11.625,30600,0.964855
1980-10-23,11.625,11.75,11.625,11.75,60900,0.97523
1980-10-24,11.75,11.875,11.625,11.75,24400,0.97523
1980-10-27,11.75,11.875,11.625,11.75,32900,0.97523
1980-10-28,11.75,11.75,11.625,11.75,34700,0.97523
1980-10-29,11.75,11.75,11.625,11.625,31200,0.964855
1980-10-30,11.625,11.625,11.5,11.625,35900,0.964855
1980-10-31,11.625,11.75,11.5,11.625,32200,0.964855
1980-11-03,11.625,11.75,11.5,11.5,36300,0.95448
1980-11-05,11.5,11.75,11.5,11.625,47200,0.964855
1980-11-06,11.625,11.625,11.5,11.625,96600,0.964855
1980-11-07,11.5,11.5,11.375,11.5,49600,0.95448
1980-11-10,11.5,11.5,11.375,11.375,31600,0.944105
1980-11-11,11.375,11.625,11.0,11.5,35300,0.95448
1980-11-12,11.5,11.625,11.375,11.625,43300,0.964855
1980-11-13,11.625,11.75,11.5,11.625,43200,0.964855
1980-11-14,11.625,11.75,11.5,11.625,40600,0.964855
1980-11-17,11.625,11.625,11.375,11.375,63200,0.944105
1980-11-18,11.375,11.5,11.375,11.5,51800,0.95448
1980-11-19,11.5,11.625,11.0,11.375,124100,0.944105
1980-11-20,11.375,11.5,11.25,11.375,43300,0.944105
1980-11-21,11.375,11.5,11.25,11.375,36800,0.944105
1980-11-24,11.375,11.375,11.25,11.25,48500,0.933731
1980-11-25,11.25,11.5,11.25,11.375,36800,0.944105
1980-11-26,11.375,11.375,11.25,11.375,76100,0.944105
1980-11-28,11.375,11.5,11.25,11.25,26400,0.933731
1980-12-01,11.25,11.375,11.125,11.25,44400,0.933731
1980-12-02,11.25,11.25,11.125,11.25,29800,0.933731
1980-12-03,11.25,11.25,11.125,11.125,31100,0.923356
1980-12-04,11.125,11.25,11.125,11.25,200200,0.933731
1980-12-05,11.25,11.25,11.125,11.25,71500,0.933731
1980-12-08,11.25,11.25,11.125,11.25,54100,0.933731
1980-12-09,11.25,11.25,11.125,11.25,113900,0.933731
1980-12-10,11.25,11.25,11.0,11.25,65300,0.933731
1980-12-11,11.25,11.25,11.0,11.0,128600,0.912981
1980-12-12,10.75,10.75,10.0,10.625,126500,0.915134
1980-12-15,10.625,10.625,10.0,10.5,175200,0.904368
1980-12-16,10.375,10.375,10.125,10.25,79600,0.882835
1980-12-17,10.25,10.375,10.125,10.25,130600,0.882835
1980-12-18,10.25,11.0,10.25,10.75,164600,0.925901
1980-12-19,11.0,11.25,11.0,11.0,145300,0.947433
1980-12-22,11.0,11.5,11.0,11.375,155900,0.979732
1980-12-23,11.375,11.5,11.125,11.125,122600,0.958199
1980-12-24,11.125,11.25,11.125,11.125,249300,0.958199
1980-12-26,11.125,11.375,11.125,11.25,68500,0.968966
1980-12-29,11.25,11.25,11.0,11.0,119300,0.947433
1980-12-30,11.0,11.25,11.0,11.0,68800,0.947433
1980-12-31,11.0,11.125,10.875,10.875,87300,0.936667
1981-01-02,10.875,11.25,10.875,11.25,23700,0.968966
1981-01-05,11.25,11.625,11.25,11.625,100000,1.001265
1981-01-06,11.875,12.0,11.875,12.0,72800,1.033563
1981-01-07,11.625,11.625,11.375,11.5,62200,0.990498
1981-01-08,11.5,11.625,11.375,11.5,32200,0.990498
1981-01-09,11.5,11.5,11.25,11.25,48500,0.968966
1981-01-12,11.375,11.5,11.375,11.5,37700,0.990498
1981-01-13,11.375,11.375,11.125,11.25,25800,0.968966
1981-01-14,11.25,11.25,11.0,11.0,120700,0.947433
1981-01-15,11.0,11.25,11.0,11.25,41000,0.968966
1981-01-16,11.25,11.375,11.125,11.375,100200,0.979732
1981-01-19,11.375,11.375,11.25,11.25,28500,0.968966
1981-01-20,11.25,11.375,11.125,11.375,28200,0.979732
1981-01-21,11.25,11.25,11.0,11.125,20600,0.958199
1981-01-22,11.125,11.375,11.125,11.375,22500,0.979732
1981-01-23,11.25,11.25,11.125,11.125,30400,0.958199
1981-01-26,11.125,11.375,11.125,11.125,19900,0.958199
1981-01-27,11.125,11.25,11.125,11.25,25400,0.968966
1981-01-28,11.25,11.375,11.125,11.25,28100,0.968966
1981-01-29,11.25,11.5,11.25,11.25,33800,0.968966
1981-01-30,11.25,11.5,11.25,11.5,22700,0.990498
1981-02-02,11.5,11.5,11.125,11.25,30000,0.968966
1981-02-03,11.25,11.5,11.25,11.375,29500,0.979732
1981-02-04,11.375,11.375,11.25,11.25,30700,0.968966
1981-02-05,11.25,11.375,11.25,11.25,29000,0.968966
1981-02-06,11.25,11.375,11.25,11.25,32200,0.968966
1981-02-09,11.25,11.5,11.25,11.5,47400,0.990498
1981-02-10,11.5,11.5,11.25,11.375,59500,0.979732
1981-02-11,11.375,11.5,11.375,11.375,23800,0.979732
1981-02-12,11.375,11.5,11.25,11.375,22900,0.979732
1981-02-13,11.375,11.5,11.25,11.25,17300,0.968966
1981-02-17,11.25,11.375,11.125,11.125,32600,0.958199
1981-02-18,11.125,11.25,11.125,11.125,31200,0.958199
1981-02-19,11.125,11.25,11.0,11.25,28500,0.968966
1981-02-20,11.25,11.25,11.125,11.125,32400,0.958199
1981-02-23,11.125,11.375,11.125,11.25,33200,0.968966
1981-02-24,11.25,11.5,11.25,11.375,33700,0.979732
1981-02-25,11.375,11.625,11.375,11.625,25400,1.001265
1981-02-26,11.625,11.625,11.25,11.625,16400,1.001265
1981-02-27,11.625,11.625,11.375,11.375,25600,0.979732
1981-03-02,11.375,11.625,11.375,11.625,27800,1.001265
1981-03-03,11.625,11.625,11.375,11.625,20300,1.001265
1981-03-04,11.625,11.625,11.125,11.5,30700,0.990498
1981-03-05,11.5,11.625,11.375,11.375,18000,0.979732
1981-03-06,11.375,11.625,11.375,11.5,17200,0.990498
1981-03-09,11.5,11.625,11.375,11.5,32600,0.990498
1981-03-10,11.5,11.625,11.5,11.5,21400,0.990498
1981-03-11,11.5,11.875,11.5,11.75,34400,1.012031
1981-03-12,11.75,11.875,11.625,11.75,85500,1.012031
1981-03-13,11.375,11.375,11.125,11.375,44600,1.01426
1981-03-16,11.375,11.375,11.125,11.375,42200,1.01426
1981-03-17,11.375,11.375,11.25,11.25,36900,1.003114
1981-03-18,11.25,11.375,11.25,11.25,40300,1.003114
1981-03-19,11.375,11.625,11.375,11.375,71700,1.01426
1981-03-20,11.375,11.5,11.375,11.375,26200,1.01426
1981-03-23,11.375,11.5,11.375,11.375,61100,1.01426
1981-03-24,11.375,11.5,11.0,11.375,27800,1.01426
1981-03-25,11.375,11.5,11.375,11.5,22400,1.025406
1981-03-26,11.5,11.75,11.375,11.375,37700,1.01426
1981-03-27,11.375,11.5,11.125,11.25,34800,1.003114
1981-03-30,11.25,11.625,11.25,11.5,56600,1.025406
1981-03-31,11.5,11.75,11.5,11.75,63600,1.047697
1981-04-01,11.75,11.75,11.375,11.5,23200,1.025406
1981-04-02,11.5,11.5,11.375,11.375,25600,1.01426
1981-04-03,11.375,11.625,11.375,11.5,28600,1.025406
1981-04-06,11.5,11.625,11.375,11.5,39800,1.025406
1981-04-07,11.5,11.625,11.375,11.375,24900,1.01426
1981-04-08,11.375,11.375,11.25,11.375,28100,1.01426
1981-04-09,11.375,11.375,11.25,11.25,27700,1.003114
1981-04-10,11.25,11.375,11.125,11.25,27900,1.003114
1981-04-13,11.25,11.25,11.125,11.125,27800,0.991969
1981-04-14,11.125,11.25,11.0,11.25,23900,1.003114
1981-04-15,11.25,11.375,11.125,11.25,66700,1.003114
1981-04-16,11.25,11.5,11.25,11.375,105600,1.01426
1981-04-20,11.375,11.5,11.25,11.25,37600,1.003114
1981-04-21,11.25,11.375,11.25,11.25,33600,1.003114
1981-04-22,11.25,11.5,11.25,11.5,122300,1.025406
1981-04-23,11.5,11.625,11.375,11.375,32200,1.01426
1981-04-24,11.375,11.5,11.375,11.375,23200,1.01426
1981-04-27,11.375,11.625,11.375,11.5,35100,1.025406
1981-04-28,11.5,11.625,11.375,11.5,120200,1.025406
1981-04-29,11.5,11.625,11.375,11.5,43600,1.025406
1981-04-30,11.5,11.5,11.25,11.5,25100,1.025406
1981-05-01,11.5,11.5,11.25,11.5,61800,1.025406
1981-05-04,11.5,11.5,11.25,11.5,54400,1.025406
1981-05-05,11.5,11.5,11.25,11.25,35100,1.003114
1981-05-06,11.25,11.375,11.25,11.375,30700,1.01426
1981-05-07,11.375,11.375,11.25,11.25,49100,1.003114
1981-05-08,11.25,11.375,11.25,11.25,45800,1.003114
1981-05-11,11.25,11.25,11.125,11.125,23200,0.991969
1981-05-12,11.125,11.25,11.125,11.125,24900,0.991969
1981-05-13,11.125,11.375,11.125,11.375,42300,1.01426
1981-05-14,11.375,11.375,11.25,11.375,47600,1.01426
1981-05-15,11.375,11.5,11.25,11.5,77900,1.025406
1981-05-18,11.5,11.625,11.375,11.5,39200,1.025406
1981-05-19,11.5,11.625,11.25,11.25,28900,1.003114
1981-05-20,11.25,11.5,11.25,11.375,33100,1.01426
1981-05-21,11.375,11.375,11.25,11.25,21500,1.003114
1981-05-22,11.25,11.375,11.25,11.25,22000,1.003114
1981-05-26,11.375,11.5,11.375,11.375,58500,1.01426
1981-05-27,11.375,11.5,11.25,11.25,18400,1.003114
1981-05-28,11.25,11.5,11.25,11.375,20400,1.01426
1981-05-29,11.375,11.5,11.375,11.375,22600,1.01426
1981-06-01,11.375,11.625,11.375,11.625,40900,1.036551
1981-06-02,11.625,11.75,11.625,11.625,31700,1.036551
1981-06-03,11.625,11.75,11.5,11.5,16200,1.025406
1981-06-04,11.5,11.625,11.5,11.5,47700,1.025406
1981-06-05,11.5,11.75,11.5,11.75,134700,1.047697
1981-06-08,11.75,11.75,11.625,11.625,41600,1.036551
1981-06-09,11.625,11.75,11.625,11.75,46300,1.047697
1981-06-10,11.75,11.875,11.75,11.75,57600,1.047697
1981-06-11,11.75,12.25,11.75,12.25,72900,1.09228
1981-06-12,11.875,11.875,11.375,11.375,53700,1.048497
1981-06-15,11.75,12.0,11.75,12.0,124800,1.106106
1981-06-16,12.0,12.125,12.0,12.0,84000,1.106106
1981-06-17,12.0,12.25,12.0,12.25,216700,1.12915
1981-06-18,12.25,12.25,11.875,11.875,57200,1.094584
1981-06-19,11.875,11.875,11.75,11.75,25600,1.083062
1981-06-22,11.75,11.75,11.625,11.625,43200,1.071541
1981-06-23,11.625,11.625,11.5,11.625,33800,1.071541
1981-06-24,11.625,11.625,11.375,11.5,103000,1.060019
1981-06-25,11.5,11.5,11.25,11.25,55400,1.036975
1981-06-26,11.25,11.375,11.25,11.375,30500,1.048497
1981-06-29,11.375,11.625,11.375,11.375,53400,1.048497
1981-06-30,11.375,11.5,11.375,11.375,39300,1.048497
1981-07-01,11.375,11.5,11.25,11.375,157200,1.048497
1981-07-02,11.375,11.5,11.25,11.25,44500,1.036975
1981-07-06,11.25,11.375,11.25,11.25,32400,1.036975
1981-07-07,11.25,11.5,11.25,11.25,26800,1.036975
1981-07-08,11.25,11.375,11.25,11.375,81800,1.048497
1981-07-09,11.375,11.375,11.25,11.375,32500,1.048497
1981-07-10,11.375,11.375,11.125,11.25,17800,1.036975
1981-07-13,11.25,11.375,11.25,11.375,28200,1.048497
1981-07-14,11.375,11.5,11.25,11.25,34900,1.036975
1981-07-15,11.25,11.375,11.125,11.25,36800,1.036975
1981-07-16,11.25,11.375,11.125,11.125,111100,1.025453
1981-07-17,11.125,11.25,11.125,11.125,23100,1.025453
1981-07-20,11.125,11.25,11.125,11.25,27400,1.036975
1981-07-21,11.25,11.25,11.125,11.125,61700,1.025453
1981-07-22,11.125,11.25,11.125,11.125,91400,1.025453
1981-07-23,11.125,11.25,11.125,11.125,26300,1.025453
1981-07-24,11.125,11.25,11.125,11.25,87700,1.036975
1981-07-27,11.25,11.375,11.125,11.375,67500,1.048497
1981-07-28,11.375,11.375,11.25,11.375,41300,1.048497
1981-07-29,11.375,11.5,11.25,11.5,95500,1.060019
1981-07-30,11.5,11.5,11.25,11.5,104000,1.060019
1981-07-31,11.5,11.5,11.25,11.5,35600,1.060019
1981-08-03,11.5,11.5,11.25,11.375,65000,1.048497
1981-08-04,11.375,11.5,11.25,11.375,53500,1.048497
1981-08-05,11.375,11.375,11.25,11.25,39300,1.036975
1981-08-06,11.25,11.375,11.25,11.375,17800,1.048497
1981-08-07,11.375,11.5,11.375,11.5,51700,1.060019
1981-08-10,11.5,11.5,11.375,11.5,48200,1.060019
1981-08-11,11.5,11.75,11.375,11.75,46400,1.083062
1981-08-12,11.75,11.875,11.625,11.75,57500,1.083062
1981-08-13,11.75,11.875,11.625,11.75,102000,1.083062
1981-08-14,11.75,11.75,11.625,11.625,24700,1.071541
1981-08-17,11.625,11.75,11.5,11.5,40200,1.060019
1981-08-18,11.5,11.75,11.125,11.75,37900,1.083062
1981-08-19,11.75,11.875,11.75,11.875,38900,1.094584
1981-08-20,11.875,12.0,11.875,12.0,48900,1.106106
1981-08-21,12.0,12.0,11.75,11.75,29100,1.083062
1981-08-24,11.75,11.875,11.625,11.75,31900,1.083062
1981-08-25,11.75,11.75,11.5,11.625,111100,1.071541
1981-08-26,11.625,11.625,11.5,11.5,86800,1.060019
1981-08-27,11.5,11.625,11.5,11.625,23500,1.071541
1981-08-28,11.625,11.625,11.5,11.625,41400,1.071541
1981-08-31,11.625,11.875,11.625,11.75,88700,1.083062
1981-09-01,11.75,11.75,11.625,11.75,30600,1.083062
1981-09-02,11.75,11.75,11.375,11.625,23800,1.071541
1981-09-03,11.625,11.75,11.125,11.625,29300,1.071541
1981-09-04,11.625,11.75,11.375,11.5,161000,1.060019
1981-09-08,11.5,11.5,11.375,11.5,51100,1.060019
1981-09-09,11.5,11.75,11.375,11.625,64200,1.071541
1981-09-10,11.625,11.875,11.625,11.75,44400,1.083062
1981-09-11,11.75,12.0,11.75,11.875,81800,1.094584
1981-09-14,11.875,12.125,11.875,12.0,56900,1.106106
1981-09-15,12.0,12.125,12.0,12.125,27900,1.117628
1981-09-16,12.125,12.125,11.875,12.0,30300,1.106106
1981-09-17,12.0,12.125,11.875,12.0,45000,1.106106
1981-09-18,11.375,11.375,11.125,11.25,56200,1.074585
1981-09-21,11.25,11.375,11.0,11.0,48900,1.050706
1981-09-22,11.0,11.25,11.0,11.125,28100,1.062645
1981-09-23,11.125,11.25,11.0,11.125,159800,1.062645
1981-09-24,11.125,11.125,11.0,11.0,28700,1.050706
1981-09-25,11.0,11.125,11.0,11.0,51900,1.050706
1981-09-28,11.0,11.125,10.875,11.0,82200,1.050706
1981-09-29,11.0,11.125,10.875,11.0,35600,1.050706
1981-09-30,11.0,11.0,10.875,11.0,40600,1.050706
1981-10-01,11.0,11.25,11.0,11.0,33700,1.050706
1981-10-02,11.0,11.125,11.0,11.125,33500,1.062645
1981-10-05,11.125,11.25,11.0,11.125,36300,1.062645
1981-10-06,11.125,11.125,11.0,11.0,24700,1.050706
1981-10-07,11.0,11.125,11.0,11.125,46800,1.062645
1981-10-08,11.125,11.125,11.0,11.125,32100,1.062645
1981-10-09,11.125,11.25,11.125,11.25,35700,1.074585
1981-10-12,11.25,11.375,11.125,11.125,40800,1.062645
1981-10-13,11.25,11.375,11.25,11.25,34700,1.074585
1981-10-14,11.25,11.375,11.125,11.25,29600,1.074585
1981-10-15,11.25,11.25,11.125,11.25,24700,1.074585
1981-10-16,11.25,11.25,11.125,11.25,117600,1.074585
1981-10-19,11.25,11.25,11.125,11.125,44800,1.062645
1981-10-20,11.125,11.25,11.125,11.25,18900,1.074585
1981-10-21,11.25,11.25,11.0,11.125,19900,1.062645
1981-10-22,11.125,11.25,11.0,11.0,26300,1.050706
1981-10-23,11.0,11.25,11.0,11.125,19100,1.062645
1981-10-26,11.125,11.25,11.0,11.0,93900,1.050706
1981-10-27,11.0,11.25,11.0,11.125,41500,1.062645
1981-10-28,11.125,11.25,11.125,11.125,22900,1.062645
1981-10-29,11.125,11.25,11.125,11.25,26100,1.074585
1981-10-30,11.25,11.5,11.125,11.5,39700,1.098465
1981-11-02,11.5,11.625,11.375,11.5,78400,1.098465
1981-11-03,11.5,11.625,11.375,11.5,54500,1.098465
1981-11-04,11.5,11.5,11.375,11.5,44100,1.098465
1981-11-05,11.5,11.625,11.375,11.625,33700,1.110405
1981-11-06,11.625,11.625,11.5,11.625,23600,1.110405
1981-11-09,11.625,11.875,11.5,11.875,58400,1.134284
1981-11-10,11.875,12.125,11.875,12.125,90400,1.158164
1981-11-11,12.125,12.125,12.0,12.0,45600,1.146224
1981-11-12,12.125,12.25,12.125,12.125,33300,1.158164
1981-11-13,12.125,12.5,12.0,12.125,374500,1.158164
1981-11-16,12.125,12.125,12.0,12.125,83400,1.158164
1981-11-17,12.125,12.125,11.875,12.125,63200,1.158164
1981-11-18,12.125,12.125,12.0,12.0,40200,1.146224
1981-11-19,12.0,12.125,12.0,12.0,81800,1.146224
1981-11-20,12.0,12.125,12.0,12.125,42400,1.158164
1981-11-23,12.125,12.375,12.0,12.25,209200,1.170104
1981-11-24,12.25,12.375,12.25,12.25,114400,1.170104
1981-11-25,12.25,12.375,12.25,12.375,85500,1.182044
1981-11-27,12.375,12.5,12.375,12.5,32000,1.193984
1981-11-30,12.5,12.625,12.25,12.375,38600,1.182044
1981-12-01,12.375,12.5,12.375,12.5,32100,1.193984
1981-12-02,12.5,12.625,12.5,12.5,439900,1.193984
1981-12-03,12.5,12.625,12.5,12.625,58400,1.205923
1981-12-04,12.625,12.75,12.5,12.75,227600,1.217863
1981-12-07,12.75,12.75,12.5,12.625,83800,1.205923
1981-12-08,12.625,12.625,12.5,12.625,58900,1.205923
1981-12-09,12.625,12.625,12.375,12.5,78200,1.193984
1981-12-10,12.5,12.5,12.375,12.5,60700,1.193984
1981-12-11,12.5,12.5,12.25,12.375,143800,1.182044
1981-12-14,11.875,11.875,11.625,11.75,78300,1.161774
1981-12-15,11.75,11.75,11.375,11.625,72500,1.149415
1981-12-16,11.5,11.5,11.375,11.375,63800,1.124697
1981-12-17,11.375,11.375,11.25,11.375,61100,1.124697
1981-12-18,11.375,11.375,11.125,11.25,332000,1.112337
1981-12-21,11.25,11.375,11.25,11.25,56400,1.112337
1981-12-22,11.25,11.375,11.125,11.25,251800,1.112337
1981-12-23,11.25,11.25,11.125,11.25,87400,1.112337
1981-12-24,11.25,11.375,11.25,11.375,28500,1.124697
1981-12-28,11.375,11.375,11.25,11.25,94400,1.112337
1981-12-29,11.25,11.375,11.125,11.125,89100,1.099978
1981-12-30,11.125,11.375,11.125,11.25,58700,1.112337
1981-12-31,11.25,11.375,11.125,11.375,155500,1.124697
1982-01-04,11.375,11.375,11.125,11.375,48400,1.124697
1982-01-05,11.375,11.375,11.125,11.25,80800,1.112337
1982-01-06,11.25,11.375,11.125,11.25,135200,1.112337
1982-01-07,11.25,11.375,11.125,11.25,38100,1.112337
1982-01-08,11.25,11.375,11.125,11.25,58400,1.112337
1982-01-11,11.25,11.375,11.25,11.25,43600,1.112337
1982-01-12,11.25,11.375,11.125,11.125,50800,1.099978
1982-01-13,11.125,11.25,11.0,11.125,165900,1.099978
1982-01-14,11.125,11.125,11.0,11.125,59400,1.099978
1982-01-15,11.125,11.125,11.0,11.125,60700,1.099978
1982-01-18,11.125,11.25,11.0,11.25,147200,1.112337
1982-01-19,11.25,11.25,11.125,11.125,153300,1.099978
1982-01-20,11.125,11.25,11.0,11.125,58900,1.099978
1982-01-21,11.125,11.25,11.125,11.25,56600,1.112337
1982-01-22,11.25,11.25,11.0,11.125,106800,1.099978
1982-01-25,11.125,11.25,11.125,11.25,38200,1.112337
1982-01-26,11.25,11.25,11.125,11.25,43300,1.112337
1982-01-27,11.25,11.375,11.125,11.125,32000,1.099978
1982-01-28,11.25,11.375,11.25,11.25,30900,1.112337
1982-01-29,11.25,11.5,11.25,11.375,47100,1.124697
1982-02-01,11.375,11.5,11.25,11.25,42700,1.112337
1982-02-02,11.25,11.375,11.25,11.375,41200,1.124697
1982-02-03,11.375,11.5,11.25,11.25,23600,1.112337
1982-02-04,11.25,11.5,11.25,11.5,28700,1.137056
1982-02-05,11.5,11.5,11.375,11.375,34300,1.124697
1982-02-08,11.375,11.5,11.375,11.375,38600,1.124697
1982-02-09,11.375,11.5,11.375,11.5,23300,1.137056
1982-02-10,11.5,11.5,11.375,11.5,34800,1.137056
1982-02-11,11.5,11.5,11.375,11.375,17200,1.124697
1982-02-12,11.375,11.625,11.375,11.625,23300,1.149415
1982-02-16,11.625,11.625,11.5,11.5,24100,1.137056
1982-02-17,11.5,11.625,11.375,11.375,29100,1.124697
1982-02-18,11.375,11.625,11.375,11.5,36900,1.137056
1982-02-19,11.5,11.625,11.5,11.5,96900,1.137056
1982-02-22,11.5,11.625,11.5,11.625,58400,1.149415
1982-02-23,11.625,11.625,11.5,11.625,64300,1.149415
1982-02-24,11.625,11.75,11.5,11.75,171800,1.161774
1982-02-25,11.75,11.75,11.625,11.75,86300,1.161774
1982-02-26,11.75,12.0,11.625,11.75,83700,1.161774
1982-03-01,11.75,12.0,11.75,12.0,113700,1.186493
1982-03-02,12.0,12.375,12.0,12.25,196200,1.211212
1982-03-03,12.25,12.375,12.125,12.125,68700,1.198852
1982-03-04,12.125,12.375,12.125,12.25,135100,1.211212
1982-03-05,12.25,12.5,12.125,12.5,76200,1.23593
1982-03-08,12.5,12.5,12.25,12.375,214600,1.223571
1982-03-09,12.375,12.5,12.25,12.5,70400,1.23593
1982-03-10,12.5,12.5,12.25,12.375,265600,1.223571
1982-03-11,12.375,12.5,12.25,12.375,114900,1.223571
1982-03-12,11.875,11.875,11.625,11.625,103500,1.189796
1982-03-15,11.625,11.625,11.375,11.5,184500,1.177003
1982-03-16,11.5,11.5,11.0,11.25,809300,1.151416
1982-03-17,11.25,11.375,11.125,11.25,101500,1.151416
1982-03-18,11.25,11.375,11.25,11.25,108900,1.151416
1982-03-19,11.25,11.5,11.25,11.5,84000,1.177003
1982-03-22,11.5,11.625,11.375,11.5,73400,1.177003
1982-03-23,11.5,11.75,11.5,11.5,58500,1.177003
1982-03-24,11.5,11.75,11.375,11.5,108000,1.177003
1982-03-25,11.5,11.625,11.375,11.5,42000,1.177003
1982-03-26,11.5,11.625,11.5,11.625,35500,1.189796
1982-03-29,11.625,11.625,11.375,11.5,57500,1.177003
1982-03-30,11.5,11.625,11.5,11.5,52300,1.177003
1982-03-31,11.5,11.625,11.5,11.5,194900,1.177003
1982-04-01,11.5,11.625,11.5,11.625,61100,1.189796
1982-04-02,11.625,11.75,11.5,11.625,59800,1.189796
1982-04-05,11.625,11.75,11.5,11.625,77700,1.189796
1982-04-06,11.625,11.625,11.5,11.625,46300,1.189796
1982-04-07,11.625,11.625,11.5,11.625,81700,1.189796
1982-04-08,11.625,11.75,11.5,11.625,45400,1.189796
1982-04-12,11.625,11.75,11.5,11.625,62100,1.189796
1982-04-13,11.625,11.75,11.625,11.625,44700,1.189796
1982-04-14,11.625,11.875,11.625,11.875,250500,1.215383
1982-04-15,11.875,12.0,11.875,12.0,220900,1.228177
1982-04-16,12.0,12.0,11.875,11.875,161900,1.215383
1982-04-19,11.875,12.125,11.875,11.875,62900,1.215383
1982-04-20,11.875,12.0,11.875,12.0,50000,1.228177
1982-04-21,12.0,12.125,11.875,12.125,114100,1.24097
1982-04-22,12.125,12.25,12.0,12.25,60800,1.253764
1982-04-23,12.25,12.375,12.25,12.25,139400,1.253764
1982-04-26,12.25,12.5,12.25,12.25,145300,1.253764
1982-04-27,12.25,12.25,12.0,12.125,54300,1.24097
1982-04-28,12.125,12.125,12.0,12.125,42900,1.24097
1982-04-29,12.125,12.25,12.0,12.125,89100,1.24097
1982-04-30,12.125,12.25,12.0,12.0,82300,1.228177
1982-05-03,12.0,12.125,12.0,12.125,46300,1.24097
1982-05-04,12.125,12.25,12.0,12.125,42200,1.24097
1982-05-05,12.125,12.25,12.0,12.25,35200,1.253764
1982-05-06,12.25,12.375,12.125,12.25,54600,1.253764
1982-05-07,12.25,12.375,12.125,12.375,113400,1.266557
1982-05-10,12.375,12.5,12.25,12.375,52400,1.266557
1982-05-11,12.375,12.5,12.25,12.5,515200,1.279351
1982-05-12,12.5,12.5,12.375,12.375,54000,1.266557
1982-05-13,12.375,12.5,12.25,12.375,67600,1.266557
1982-05-14,12.375,12.625,12.25,12.375,375600,1.266557
1982-05-17,12.375,12.625,12.25,12.25,115300,1.253764
1982-05-18,12.25,12.375,12.125,12.25,68900,1.253764
1982-05-19,12.25,12.375,12.125,12.25,46400,1.253764
1982-05-20,12.25,12.25,12.0,12.25,160800,1.253764
1982-05-21,12.25,12.5,12.25,12.375,344800,1.266557
1982-05-24,12.375,12.5,12.25,12.375,37000,1.266557
1982-05-25,12.375,12.375,12.25,12.25,156300,1.253764
1982-05-26,12.25,12.375,12.125,12.25,49200,1.253764
1982-05-27,12.25,12.25,12.125,12.25,52000,1.253764
1982-05-28,12.25,12.25,12.125,12.25,29200,1.253764
1982-06-01,12.25,12.25,12.125,12.125,55200,1.24097
1982-06-02,12.125,12.375,12.125,12.375,170400,1.266557
1982-06-03,12.375,12.375,12.125,12.375,151400,1.266557
1982-06-04,12.375,12.375,12.125,12.25,43300,1.253764
1982-06-07,12.25,12.375,12.125,12.375,47900,1.266557
1982-06-08,12.375,12.375,12.125,12.25,51100,1.253764
1982-06-09,12.25,12.375,12.0,12.0,96200,1.228177
1982-06-10,12.0,12.125,11.875,12.0,102300,1.228177
1982-06-11,12.0,12.125,11.875,12.125,139100,1.24097
1982-06-14,12.125,12.125,12.0,12.0,52900,1.228177
1982-06-15,12.0,12.125,11.875,12.0,94600,1.228177
1982-06-16,11.5,11.5,11.375,11.5,94400,1.219692
1982-06-17,11.5,11.5,11.375,11.375,45500,1.206434
1982-06-18,11.375,11.5,11.25,11.5,50100,1.219692
1982-06-21,11.5,11.5,11.375,11.375,54300,1.206434
1982-06-22,11.375,11.625,11.375,11.5,119400,1.219692
1982-06-23,11.5,11.625,11.5,11.5,75900,1.219692
1982-06-24,11.5,11.75,11.5,11.625,118800,1.232949
1982-06-25,11.625,11.75,11.625,11.75,48200,1.246207
1982-06-28,11.75,11.75,11.5,11.625,102400,1.232949
1982-06-29,11.625,11.75,11.625,11.75,72800,1.246207
1982-06-30,11.75,11.75,11.625,11.625,40300,1.232949
1982-07-01,11.625,11.75,11.625,11.75,43000,1.246207
1982-07-02,11.75,11.75,11.625,11.625,80700,1.232949
1982-07-06,11.625,11.75,11.625,11.625,30800,1.232949
1982-07-07,11.625,11.75,11.625,11.625,35900,1.232949
1982-07-08,11.625,11.75,11.625,11.75,42300,1.246207
1982-07-09,11.75,11.75,11.625,11.625,100400,1.232949
1982-07-12,11.625,11.875,11.625,11.75,83100,1.246207
1982-07-13,11.75,11.75,11.625,11.75,51800,1.246207
1982-07-14,11.75,11.75,11.625,11.625,47000,1.232949
1982-07-15,11.625,11.75,11.625,11.625,29600,1.232949
1982-07-16,11.625,11.75,11.625,11.75,119100,1.246207
1982-07-19,11.75,11.75,11.625,11.625,32000,1.232949
1982-07-20,11.625,11.75,11.625,11.625,84400,1.232949
1982-07-21,11.625,11.75,11.5,11.625,254300,1.232949
1982-07-22,11.625,11.625,11.5,11.625,46700,1.232949
1982-07-23,11.625,11.625,11.5,11.625,51700,1.232949
1982-07-26,11.625,11.625,11.25,11.375,106100,1.206434
1982-07-27,11.375,11.375,11.125,11.25,120300,1.193177
1982-07-28,11.25,11.25,11.125,11.125,76500,1.179919
1982-07-29,11.125,11.25,11.125,11.125,240600,1.179919
1982-07-30,11.125,11.25,11.125,11.125,51800,1.179919
1982-08-02,11.125,11.375,11.125,11.375,157300,1.206434
1982-08-03,11.375,11.5,11.25,11.375,86200,1.206434
1982-08-04,11.375,11.375,11.125,11.25,55700,1.193177
1982-08-05,11.25,11.375,11.125,11.125,53200,1.179919
1982-08-06,11.125,11.25,11.0,11.125,159600,1.179919
1982-08-09,11.125,11.25,11.0,11.125,85200,1.179919
1982-08-10,11.125,11.25,11.0,11.25,44800,1.193177
1982-08-11,11.25,11.375,11.125,11.125,82300,1.179919
1982-08-12,11.125,11.375,11.125,11.125,64900,1.179919
1982-08-13,11.125,11.5,11.125,11.5,72500,1.219692
1982-08-16,11.5,11.75,11.5,11.75,118700,1.246207
1982-08-17,11.75,12.25,11.75,12.25,194700,1.299237
1982-08-18,12.25,12.625,11.875,12.0,305300,1.272722
1982-08-19,12.0,12.125,11.875,12.0,131700,1.272722
1982-08-20,12.0,12.25,11.875,12.25,265400,1.299237
1982-08-23,12.25,12.375,12.125,12.25,146900,1.299237
1982-08-24,12.25,12.375,12.125,12.125,378400,1.285979
1982-08-25,12.125,12.375,12.125,12.375,975000,1.312494
1982-08-26,12.375,12.625,12.375,12.5,565200,1.325752
1982-08-27,12.5,12.5,12.375,12.375,268700,1.312494
1982-08-30,12.375,12.5,12.25,12.375,202700,1.312494
1982-08-31,12.5,12.75,12.5,12.625,127200,1.339009
1982-09-01,12.625,12.625,12.375,12.5,141200,1.325752
1982-09-02,12.5,12.625,12.375,12.5,67800,1.325752
1982-09-03,12.5,12.625,12.5,12.625,72400,1.339009
1982-09-07,12.625,12.625,12.5,12.625,98100,1.339009
1982-09-08,12.625,12.625,12.5,12.625,116100,1.339009
1982-09-09,12.625,12.75,12.5,12.5,182300,1.325752
1982-09-10,12.5,12.75,12.5,12.5,228100,1.325752
1982-09-13,12.5,12.75,12.5,12.5,95300,1.325752
1982-09-14,12.5,12.75,12.5,12.75,68100,1.352267
1982-09-15,12.75,12.75,12.5,12.625,71700,1.339009
1982-09-16,12.625,12.75,12.5,12.625,357600,1.339009
1982-09-17,12.25,12.25,12.0,12.25,197600,1.343946
1982-09-20,12.25,12.25,12.0,12.25,87800,1.343946
1982-09-21,12.25,12.25,12.0,12.125,366300,1.330233
1982-09-22,12.125,12.25,12.125,12.125,198300,1.330233
1982-09-23,12.125,12.25,12.0,12.125,133500,1.330233
1982-09-24,12.125,12.25,12.0,12.25,111200,1.343946
1982-09-27,12.25,12.25,12.125,12.125,110400,1.330233
1982-09-28,12.125,12.25,12.0,12.0,112200,1.316519
1982-09-29,12.0,12.125,12.0,12.0,64900,1.316519
1982-09-30,12.0,12.25,12.0,12.0,56700,1.316519
1982-10-01,12.0,12.25,12.0,12.25,62100,1.343946
1982-10-04,12.25,12.25,12.0,12.25,108900,1.343946
1982-10-05,12.25,12.25,12.0,12.25,71000,1.343946
1982-10-06,12.25,12.375,12.125,12.25,73600,1.343946
1982-10-07,12.25,12.375,12.125,12.25,388500,1.343946
1982-10-08,12.25,12.875,12.25,12.625,312300,1.385088
1982-10-11,12.625,12.875,12.625,12.875,367200,1.412515
1982-10-12,12.875,13.125,12.875,13.0,658500,1.426229
1982-10-13,13.0,13.125,12.875,12.875,230400,1.412515
1982-10-14,12.875,13.125,12.875,13.0,210100,1.426229
1982-10-15,13.0,13.0,12.875,13.0,302300,1.426229
1982-10-18,13.0,13.125,12.875,12.875,196100,1.412515
1982-10-19,12.875,13.0,12.875,12.875,152300,1.412515
1982-10-20,12.875,13.0,12.875,12.875,111700,1.412515
1982-10-21,12.875,13.125,12.875,13.0,234200,1.426229
1982-10-22,13.0,13.125,12.875,13.0,233800,1.426229
1982-10-25,12.875,12.875,12.625,12.75,252200,1.398801
1982-10-26,12.625,12.625,12.0,12.5,670400,1.371374
1982-10-27,12.5,12.75,12.5,12.75,112300,1.398801
1982-10-28,12.75,12.75,12.625,12.625,64700,1.385088
1982-10-29,12.625,12.75,12.625,12.75,109800,1.398801
1982-11-01,12.75,12.75,12.5,12.625,94700,1.385088
1982-11-02,12.625,12.75,12.625,12.625,135000,1.385088
1982-11-03,12.625,13.0,12.625,12.875,336200,1.412515
1982-11-04,12.875,13.125,12.875,13.0,290100,1.426229
1982-11-05,13.0,13.25,13.0,13.125,217000,1.439943
1982-11-08,13.125,13.375,13.125,13.125,108500,1.439943
1982-11-09,13.125,13.25,13.125,13.25,228500,1.453656
1982-11-10,13.25,13.25,13.0,13.25,283800,1.453656
1982-11-11,13.25,13.375,13.125,13.25,96600,1.453656
1982-11-12,13.25,13.375,13.25,13.375,174600,1.46737
1982-11-15,13.375,13.5,13.25,13.25,100500,1.453656
1982-11-16,13.25,13.875,13.125,13.25,163900,1.453656
1982-11-17,13.25,13.5,13.25,13.375,150600,1.46737
1982-11-18,13.375,13.5,13.375,13.375,104600,1.46737
1982-11-19,13.375,13.625,13.375,13.625,142600,1.494798
1982-11-22,13.625,13.625,13.375,13.375,138700,1.46737
1982-11-23,13.375,13.5,13.25,13.375,290500,1.46737
1982-11-24,13.375,13.5,13.375,13.375,177900,1.46737
1982-11-26,13.375,13.625,13.375,13.5,178100,1.481084
1982-11-29,13.5,13.75,13.5,13.625,66400,1.494798
1982-11-30,13.625,13.75,13.5,13.625,234700,1.494798
1982-12-01,13.625,13.75,13.5,13.5,271900,1.481084
1982-12-02,13.5,13.75,13.5,13.75,231100,1.508511
1982-12-03,13.75,13.75,13.625,13.625,76000,1.494798
1982-12-06,13.625,13.75,13.625,13.75,90800,1.508511
1982-12-07,13.75,13.75,13.625,13.625,129000,1.494798
1982-12-08,13.625,13.75,13.625,13.625,237900,1.494798
1982-12-09,13.625,13.75,13.5,13.625,128700,1.494798
1982-12-10,13.25,13.25,13.0,13.125,396300,1.485742
1982-12-13,13.125,13.125,12.875,12.875,102400,1.457442
1982-12-14,13.0,13.25,13.0,13.0,114000,1.471592
1982-12-15,13.0,13.125,12.75,12.875,477100,1.457442
1982-12-16,12.875,12.875,12.625,12.75,72900,1.443292
1982-12-17,12.75,12.875,12.625,12.625,58800,1.429142
1982-12-20,12.625,12.875,12.625,12.75,165200,1.443292
1982-12-21,12.75,13.0,12.75,13.0,193600,1.471592
1982-12-22,13.0,13.125,12.875,13.0,54500,1.471592
1982-12-23,13.0,13.125,13.0,13.125,49000,1.485742
1982-12-27,13.125,13.125,12.875,13.0,83700,1.471592
1982-12-28,13.0,13.125,12.875,13.125,50100,1.485742
1982-12-29,13.125,13.125,13.0,13.125,84100,1.485742
1982-12-30,13.125,13.125,13.0,13.0,57100,1.471592
1982-12-31,13.0,13.25,13.0,13.125,75000,1.485742
1983-01-03,13.125,13.25,13.0,13.125,62800,1.485742
1983-01-04,13.125,13.625,13.125,13.625,145300,1.542341
1983-01-05,13.625,13.875,13.625,13.75,243300,1.556491
1983-01-06,13.75,14.0,13.625,13.75,237600,1.556491
1983-01-07,13.75,14.0,13.75,13.875,179800,1.570641
1983-01-10,13.875,14.125,13.75,13.875,242700,1.570641
1983-01-11,13.875,14.125,13.875,13.875,104000,1.570641
1983-01-12,13.875,14.0,13.875,13.875,82000,1.570641
1983-01-13,13.875,14.125,13.875,14.0,87600,1.584791
1983-01-14,14.0,14.125,13.875,14.0,76000,1.584791
1983-01-17,14.0,14.125,13.875,14.0,135000,1.584791
1983-01-18,14.0,14.0,13.75,13.75,409900,1.556491
1983-01-19,13.75,13.875,13.625,13.875,215100,1.570641
1983-01-20,13.875,14.0,13.75,13.875,135700,1.570641
1983-01-21,13.875,14.0,13.75,14.0,83300,1.584791
1983-01-24,13.875,13.875,13.625,13.75,174700,1.556491
1983-01-25,13.75,14.0,13.75,13.875,78600,1.570641
1983-01-26,13.875,14.0,13.875,14.0,66100,1.584791
1983-01-27,14.0,14.125,13.75,14.125,188300,1.598941
1983-01-28,14.125,14.125,13.875,14.0,69800,1.584791
1983-01-31,14.0,14.125,13.875,14.0,52300,1.584791
1983-02-01,14.0,14.125,13.875,14.0,61700,1.584791
1983-02-02,14.0,14.0,13.875,14.0,48100,1.584791
1983-02-03,14.0,14.0,13.875,14.0,69800,1.584791
1983-02-04,14.0,14.25,14.0,14.125,79100,1.598941
1983-02-07,14.125,14.25,14.0,14.125,149700,1.598941
1983-02-08,14.125,14.125,13.875,14.0,100900,1.584791
1983-02-09,14.0,14.0,13.75,13.875,679100,1.570641
1983-02-10,13.875,14.0,13.75,13.875,87500,1.570641
1983-02-11,13.875,14.0,13.75,13.875,178000,1.570641
1983-02-14,13.875,14.0,13.75,14.0,115000,1.584791
1983-02-15,14.0,14.0,13.875,14.0,116800,1.584791
1983-02-16,14.0,14.0,13.875,14.0,90700,1.584791
1983-02-17,14.0,14.0,13.75,14.0,70400,1.584791
1983-02-18,14.0,14.0,13.875,13.875,97800,1.570641
1983-02-22,13.875,14.125,13.875,14.0,63100,1.584791
1983-02-23,14.0,14.125,13.875,14.125,54100,1.598941
1983-02-24,14.125,14.25,14.0,14.125,86300,1.598941
1983-02-25,14.125,14.375,14.0,14.375,77900,1.627241
1983-02-28,14.375,14.5,14.25,14.375,56800,1.627241
1983-03-01,14.375,14.625,14.375,14.5,138800,1.641391
1983-03-02,14.5,14.875,14.5,14.75,183000,1.669691
1983-03-03,14.75,14.875,14.75,14.875,315900,1.68384
1983-03-04,14.875,15.125,14.75,14.875,291800,1.68384
1983-03-07,14.875,15.25,14.875,15.25,187000,1.72629
1983-03-08,15.25,15.25,15.0,15.125,246500,1.71214
1983-03-09,15.125,15.25,15.0,15.125,345600,1.71214
1983-03-10,14.625,14.625,14.375,14.375,180300,1.673718
1983-03-11,14.375,14.5,14.375,14.375,97000,1.673718
1983-03-14,14.375,14.5,14.25,14.375,98100,1.673718
1983-03-15,14.375,14.5,14.375,14.375,65000,1.673718
1983-03-16,14.375,14.375,14.25,14.25,311600,1.659163
1983-03-17,14.25,14.25,14.125,14.25,61000,1.659163
1983-03-18,14.25,14.375,14.125,14.375,85000,1.673718
1983-03-21,14.375,14.375,14.25,14.25,105400,1.659163
1983-03-22,14.25,14.375,14.25,14.375,99200,1.673718
1983-03-23,14.375,14.375,14.125,14.25,169100,1.659163
1983-03-24,14.25,14.25,14.0,14.0,215400,1.630055
1983-03-25,14.0,14.25,14.0,14.125,151000,1.644609
1983-03-28,14.125,14.875,14.0,14.0,162400,1.630055
1983-03-29,14.0,14.125,14.0,14.125,87200,1.644609
1983-03-30,14.125,14.125,13.875,13.875,67400,1.615501
1983-03-31,13.875,14.75,13.75,13.875,92900,1.615501
1983-04-04,13.875,14.0,13.75,14.0,135500,1.630055
1983-04-05,14.0,14.125,13.875,14.0,68800,1.630055
1983-04-06,14.0,14.0,13.875,14.0,161900,1.630055
1983-04-07,14.0,14.125,13.875,14.125,178800,1.644609
1983-04-08,14.0,14.0,13.875,13.875,106100,1.615501
1983-04-11,13.875,14.125,13.875,14.0,80900,1.630055
1983-04-12,14.0,14.125,14.0,14.0,71700,1.630055
1983-04-13,14.0,14.25,14.0,14.125,86200,1.644609
1983-04-14,14.125,14.375,14.0,14.375,130200,1.673718
1983-04-15,14.375,14.5,14.125,14.375,130400,1.673718
1983-04-18,14.375,14.5,14.25,14.5,109900,1.688272
1983-04-19,14.5,14.5,14.375,14.5,87900,1.688272
1983-04-20,14.5,14.625,14.25,14.5,129700,1.688272
1983-04-21,14.5,14.625,14.375,14.5,100300,1.688272
1983-04-22,14.5,14.75,14.375,14.375,105200,1.673718
1983-04-25,14.375,14.625,14.375,14.375,69800,1.673718
1983-04-26,14.375,14.625,14.375,14.5,110600,1.688272
1983-04-27,14.5,14.625,14.375,14.5,67200,1.688272
1983-04-28,14.5,14.625,14.5,14.5,62300,1.688272
1983-04-29,14.5,14.75,14.5,14.625,75800,1.702826
1983-05-02,14.625,14.75,14.625,14.625,106600,1.702826
1983-05-03,14.625,14.75,14.625,14.75,214800,1.71738
1983-05-04,14.75,14.875,14.75,14.875,86800,1.731934
1983-05-05,14.875,15.0,14.75,15.0,130800,1.746488
1983-05-06,15.0,15.125,14.75,14.75,72900,1.71738
1983-05-09,14.75,14.875,14.625,14.875,83400,1.731934
1983-05-10,14.875,15.125,14.75,15.0,327800,1.746488
1983-05-11,15.0,15.125,14.875,15.0,202600,1.746488
1983-05-12,15.0,15.0,14.875,15.0,85700,1.746488
1983-05-13,15.0,15.0,14.875,15.0,98100,1.746488
1983-05-16,15.0,15.0,14.75,15.0,73500,1.746488
1983-05-17,15.0,15.0,14.75,15.0,73300,1.746488
1983-05-18,15.0,15.0,14.875,14.875,70500,1.731934
1983-05-19,14.875,15.0,14.875,14.875,84700,1.731934
1983-05-20,14.875,15.125,14.875,15.0,119800,1.746488
1983-05-23,15.0,15.0,14.875,14.875,110600,1.731934
1983-05-24,14.875,15.0,14.875,15.0,147900,1.746488
1983-05-25,15.0,15.0,14.875,15.0,206700,1.746488
1983-05-26,15.0,15.125,14.875,15.0,223700,1.746488
1983-05-27,15.0,15.25,15.0,15.0,147100,1.746488
1983-05-31,15.0,15.25,15.0,15.25,91800,1.775596
1983-06-01,15.25,15.25,15.0,15.125,136300,1.761042
1983-06-02,15.125,15.25,15.0,15.25,55200,1.775596
1983-06-03,15.25,15.25,15.125,15.25,99900,1.775596
1983-06-06,15.25,15.25,15.0,15.25,56300,1.775596
1983-06-07,15.25,15.25,15.0,15.25,63600,1.775596
1983-06-08,15.25,15.25,14.875,15.0,112600,1.746488
1983-06-09,15.0,15.0,14.875,15.0,134800,1.746488
1983-06-10,14.375,14.375,14.25,14.375,136000,1.721932
1983-06-13,14.375,14.375,14.25,14.375,180900,1.721932
1983-06-14,14.375,14.375,14.125,14.125,146600,1.691985
1983-06-15,14.125,14.25,14.0,14.25,176400,1.706958
1983-06-16,14.25,14.25,14.0,14.25,177500,1.706958
1983-06-17,14.25,14.5,14.0,14.125,84700,1.691985
1983-06-20,14.125,14.125,14.0,14.0,69000,1.677012
1983-06-21,14.0,14.25,14.0,14.125,110300,1.691985
1983-06-22,14.125,14.25,14.125,14.25,265000,1.706958
1983-06-23,14.25,14.25,14.0,14.125,159400,1.691985
1983-06-24,14.125,14.25,14.0,14.0,59700,1.677012
1983-06-27,14.0,14.25,14.0,14.0,65600,1.677012
1983-06-28,14.0,14.125,13.875,13.875,414700,1.662038
1983-06-29,13.875,14.0,13.75,13.75,63700,1.647065
1983-06-30,13.875,14.0,13.875,14.0,316600,1.677012
1983-07-01,14.0,14.0,13.875,14.0,54100,1.677012
1983-07-05,14.0,14.0,13.75,13.875,99100,1.662038
1983-07-06,13.875,14.0,13.75,13.875,140500,1.662038
1983-07-07,13.875,13.875,13.625,13.75,90400,1.647065
1983-07-08,13.75,13.875,13.625,13.75,61300,1.647065
1983-07-11,13.75,13.875,13.25,13.75,77100,1.647065
1983-07-12,13.75,13.875,13.375,13.625,84700,1.632092
1983-07-13,13.625,13.625,13.5,13.625,49000,1.632092
1983-07-14,13.625,13.75,13.5,13.625,60100,1.632092
1983-07-15,13.625,13.75,13.5,13.625,62300,1.632092
1983-07-18,13.625,13.75,13.0,13.625,128300,1.632092
1983-07-19,13.625,13.875,13.625,13.75,160600,1.647065
1983-07-20,13.75,14.25,13.75,14.25,350000,1.706958
1983-07-21,14.25,14.375,14.125,14.25,85400,1.706958
1983-07-22,14.25,14.375,14.125,14.25,147900,1.706958
1983-07-25,14.25,14.375,14.25,14.375,58100,1.721932
1983-07-26,14.375,14.5,14.25,14.375,96600,1.721932
1983-07-27,14.375,14.375,14.25,14.25,198500,1.706958
1983-07-28,14.25,14.375,14.25,14.375,40100,1.721932
1983-07-29,14.375,14.375,14.25,14.375,72000,1.721932
1983-08-01,14.375,14.375,14.25,14.375,49700,1.721932
1983-08-02,14.375,14.375,14.125,14.25,53800,1.706958
1983-08-03,14.25,14.375,14.125,14.125,46500,1.691985
1983-08-04,14.125,14.25,14.125,14.125,58600,1.691985
1983-08-05,14.125,14.375,14.125,14.25,77200,1.706958
1983-08-08,14.25,14.625,14.0,14.0,100900,1.677012
1983-08-09,14.0,14.125,13.875,14.0,77900,1.677012
1983-08-10,14.0,14.125,14.0,14.125,148500,1.691985
1983-08-11,14.125,14.25,14.0,14.25,70500,1.706958
1983-08-12,14.25,14.375,14.125,14.125,80400,1.691985
1983-08-15,14.125,14.5,14.125,14.5,205700,1.736905
1983-08-16,14.5,14.625,14.375,14.5,150000,1.736905
1983-08-17,14.5,14.75,14.375,14.75,61100,1.766852
1983-08-18,14.75,14.875,14.625,14.625,95100,1.751878
1983-08-19,14.625,14.75,14.5,14.75,100600,1.766852
1983-08-22,14.75,14.75,14.5,14.625,243600,1.751878
1983-08-23,14.625,14.75,14.5,14.625,99900,1.751878
1983-08-24,14.625,14.625,14.5,14.625,50300,1.751878
1983-08-25,14.625,14.625,14.5,14.5,55400,1.736905
1983-08-26,14.5,14.625,14.5,14.5,35000,1.736905
1983-08-29,14.5,14.625,14.5,14.5,33600,1.736905
1983-08-30,14.5,14.75,14.5,14.625,70100,1.751878
1983-08-31,14.625,14.75,14.5,14.75,90100,1.766852
1983-09-01,14.75,14.75,14.375,14.625,42800,1.751878
1983-09-02,14.625,14.875,14.625,14.75,62900,1.766852
1983-09-06,14.75,14.875,14.625,14.75,53100,1.766852
1983-09-07,14.75,14.875,14.625,14.75,135500,1.766852
1983-09-08,14.75,14.875,14.75,14.875,49200,1.781825
1983-09-09,14.875,14.875,14.75,14.75,206900,1.766852
1983-09-12,14.75,14.875,14.75,14.875,193600,1.781825
1983-09-13,14.875,14.875,14.75,14.875,250100,1.781825
1983-09-14,14.875,15.0,14.75,14.75,480300,1.766852
1983-09-15,14.75,14.875,14.75,14.75,227700,1.766852
1983-09-16,14.375,14.375,14.125,14.25,107900,1.756988
1983-09-19,14.25,14.375,14.125,14.25,315500,1.756988
1983-09-20,14.25,14.375,14.25,14.375,114200,1.7724
1983-09-21,14.375,14.375,14.25,14.375,104200,1.7724
1983-09-22,14.375,14.375,14.25,14.375,49800,1.7724
1983-09-23,14.375,14.375,14.25,14.25,151800,1.756988
1983-09-26,14.25,14.5,14.25,14.5,61500,1.787812
1983-09-27,14.5,14.5,14.25,14.5,109400,1.787812
1983-09-28,14.5,14.5,14.375,14.5,76500,1.787812
1983-09-29,14.5,14.625,14.375,14.625,94500,1.803224
1983-09-30,14.625,14.75,14.5,14.625,384800,1.803224
1983-10-03,14.625,14.625,14.5,14.625,86100,1.803224
1983-10-04,14.625,14.75,14.625,14.75,178500,1.818637
1983-10-05,14.75,15.125,14.625,15.0,340000,1.849461
1983-10-06,15.0,15.375,15.0,15.25,357300,1.880285
1983-10-07,15.25,15.5,15.125,15.5,172400,1.91111
1983-10-10,15.5,15.5,15.125,15.25,216600,1.880285
1983-10-11,15.25,15.375,15.125,15.25,116600,1.880285
1983-10-12,15.25,15.375,15.125,15.25,196800,1.880285
1983-10-13,15.25,15.75,15.125,15.75,252000,1.941934
1983-10-14,15.375,15.375,15.125,15.25,262300,1.880285
1983-10-17,15.25,15.375,15.125,15.25,90200,1.880285
1983-10-18,15.25,15.375,15.125,15.25,194500,1.880285
1983-10-19,15.25,15.25,15.0,15.25,348800,1.880285
1983-10-20,15.25,15.75,15.125,15.75,731400,1.941934
1983-10-21,15.75,16.0,15.75,15.75,251300,1.941934
1983-10-24,15.75,15.875,15.625,15.75,343100,1.941934
1983-10-25,15.75,16.0,15.75,15.875,371500,1.957346
1983-10-26,15.875,15.875,15.75,15.75,549100,1.941934
1983-10-27,15.75,16.0,15.75,15.75,101700,1.941934
1983-10-28,15.75,15.875,15.75,15.75,62300,1.941934
1983-10-31,15.75,15.875,15.625,15.875,115400,1.957346
1983-11-01,15.875,16.0,15.625,15.75,103600,1.941934
1983-11-02,15.75,15.875,15.625,15.875,67800,1.957346
1983-11-03,15.875,15.875,15.75,15.875,121700,1.957346
1983-11-04,15.875,15.875,15.625,15.875,141300,1.957346
1983-11-07,15.875,15.875,15.625,15.625,75300,1.926522
1983-11-08,15.625,15.75,15.5,15.5,215200,1.91111
1983-11-09,15.5,15.75,15.5,15.625,206000,1.926522
1983-11-10,15.625,15.75,15.5,15.75,219300,1.941934
1983-11-11,15.75,15.75,15.5,15.75,198700,1.941934
1983-11-14,15.75,15.75,15.625,15.625,159300,1.926522
1983-11-15,15.625,15.75,15.5,15.625,146800,1.926522
1983-11-16,15.625,15.625,15.5,15.625,192400,1.926522
1983-11-17,15.625,15.75,15.5,15.625,143700,1.926522
1983-11-18,15.625,15.625,15.375,15.5,67200,1.91111
1983-11-21,15.5,15.5,15.375,15.375,77000,1.895697
1983-11-22,15.375,15.875,15.375,15.875,210300,1.957346
1983-11-23,15.75,15.75,15.5,15.625,57800,1.926522
1983-11-25,15.625,15.625,15.25,15.25,282200,1.880285
1983-11-28,15.25,15.375,14.0,14.0,224800,1.726164
1983-11-29,14.0,14.625,13.75,14.5,343500,1.787812
1983-11-30,14.5,14.625,14.375,14.5,159400,1.787812
1983-12-01,14.5,14.5,14.25,14.25,117800,1.809398
1983-12-02,14.25,14.5,14.125,14.25,373400,1.809398
1983-12-05,14.25,14.25,14.0,14.25,234800,1.809398
1983-12-06,14.25,14.25,14.0,14.125,96300,1.793526
1983-12-07,14.125,14.125,14.0,14.0,491200,1.777654
1983-12-08,14.0,14.25,14.0,14.125,175700,1.793526
1983-12-09,13.625,13.625,13.5,13.5,192600,1.766699
1983-12-12,13.5,13.625,13.5,13.5,138400,1.766699
1983-12-13,13.5,13.625,13.5,13.625,186600,1.783057
1983-12-14,13.625,13.625,13.125,13.375,437100,1.75034
1983-12-15,13.375,13.375,13.25,13.25,436600,1.733982
1983-12-16,13.25,13.5,13.25,13.25,352300,1.733982
1983-12-19,13.375,13.5,13.375,13.5,171200,1.766699
1983-12-20,13.5,13.625,13.375,13.625,209300,1.783057
1983-12-21,13.625,14.0,13.5,13.75,376600,1.799415
1983-12-22,13.875,14.0,13.875,14.0,216600,1.832132
1983-12-23,14.0,14.0,13.875,13.875,255200,1.815773
1983-12-27,13.875,13.875,13.625,13.875,401200,1.815773
1983-12-28,13.875,14.0,13.75,13.875,159700,1.815773
1983-12-29,13.875,14.125,13.875,13.875,153800,1.815773
1983-12-30,13.875,14.0,13.75,13.75,79100,1.799415
1984-01-03,13.75,14.0,13.75,14.0,87500,1.832132
1984-01-04,14.0,14.25,13.875,14.125,135700,1.84849
1984-01-05,14.125,14.375,14.125,14.25,106900,1.864848
1984-01-06,14.25,14.5,14.25,14.25,359600,1.864848
1984-01-09,14.375,14.5,14.375,14.375,183400,1.881207
1984-01-10,14.375,14.5,14.25,14.5,83700,1.897565
1984-01-11,14.5,14.5,14.125,14.25,481300,1.864848
1984-01-12,14.25,14.5,14.125,14.375,51100,1.881207
1984-01-13,14.375,14.75,14.375,14.625,357400,1.913923
1984-01-16,14.625,14.625,14.25,14.25,444100,1.864848
1984-01-17,14.25,14.375,14.25,14.25,286900,1.864848
1984-01-18,14.25,14.5,14.25,14.375,209800,1.881207
1984-01-19,14.375,14.5,14.25,14.375,203700,1.881207
1984-01-20,14.375,14.375,14.125,14.125,285800,1.84849
1984-01-23,14.125,14.25,13.875,14.125,197300,1.84849
1984-01-24,14.125,14.25,14.0,14.0,235900,1.832132
1984-01-25,14.0,14.25,14.0,14.25,76800,1.864848
1984-01-26,14.25,14.25,13.75,14.25,62500,1.864848
1984-01-27,14.25,14.25,14.125,14.25,247700,1.864848
1984-01-30,14.25,14.25,14.0,14.25,59200,1.864848
1984-01-31,14.25,14.25,14.0,14.0,152600,1.832132
1984-02-01,14.0,14.125,14.0,14.125,176600,1.84849
1984-02-02,14.125,14.125,14.0,14.125,85900,1.84849
1984-02-03,14.125,14.25,14.0,14.25,123500,1.864848
1984-02-06,14.125,14.125,14.0,14.0,56000,1.832132
1984-02-07,14.0,14.125,13.75,13.875,125000,1.815773
1984-02-08,13.875,13.875,13.25,13.375,309800,1.75034
1984-02-09,13.375,13.375,12.75,13.25,248400,1.733982
1984-02-10,13.25,13.625,13.25,13.375,246300,1.75034
1984-02-13,13.375,13.625,13.375,13.5,127200,1.766699
1984-02-14,13.625,13.875,13.625,13.75,156700,1.799415
1984-02-15,13.75,13.75,13.5,13.625,82300,1.783057
1984-02-16,13.625,13.625,13.375,13.5,89400,1.766699
1984-02-17,13.5,13.625,13.125,13.25,87400,1.733982
1984-02-21,13.125,13.125,12.75,12.875,192400,1.684907
1984-02-22,12.875,13.0,12.75,12.875,67300,1.684907
1984-02-23,12.875,13.0,12.75,12.875,96300,1.684907
1984-02-24,12.875,13.0,12.75,12.875,86100,1.684907
1984-02-27,12.875,13.5,12.875,13.5,205700,1.766699
1984-02-28,13.5,13.75,13.5,13.625,118300,1.783057
1984-02-29,13.625,14.0,13.5,14.0,159100,1.832132
1984-03-01,14.0,14.25,13.75,14.25,198300,1.864848
1984-03-02,14.25,14.375,14.125,14.125,304000,1.84849
1984-03-05,14.125,14.125,14.0,14.125,115900,1.84849
1984-03-06,14.125,14.125,14.0,14.0,168600,1.832132
1984-03-07,14.0,14.125,13.75,13.75,55100,1.799415
1984-03-08,13.75,14.0,13.75,13.875,85100,1.815773
1984-03-09,13.875,13.875,13.5,13.625,62700,1.783057
1984-03-12,13.625,13.625,13.375,13.5,57700,1.766699
1984-03-13,13.5,13.875,13.5,13.75,74600,1.799415
1984-03-14,13.75,13.875,13.625,13.625,154500,1.783057
1984-03-15,13.625,13.75,13.5,13.625,382800,1.783057
1984-03-16,13.375,13.375,13.125,13.125,207500,1.772254
1984-03-19,13.125,13.25,13.125,13.25,68700,1.789133
1984-03-20,13.25,13.375,13.125,13.25,57800,1.789133
1984-03-21,13.25,13.375,13.125,13.25,236500,1.789133
1984-03-22,13.25,13.25,12.875,12.875,166300,1.738497
1984-03-23,12.875,13.0,12.75,12.75,74000,1.721619
1984-03-26,12.75,13.0,12.75,12.75,118900,1.721619
1984-03-27,12.75,12.875,12.75,12.875,65500,1.738497
1984-03-28,12.875,13.0,12.75,12.875,89600,1.738497
1984-03-29,12.875,13.0,12.875,12.875,54800,1.738497
1984-03-30,12.875,13.125,12.75,12.875,109300,1.738497
1984-04-02,12.875,13.125,12.5,12.5,223500,1.687861
1984-04-03,12.5,12.625,12.375,12.375,82000,1.670983
1984-04-04,12.375,12.75,12.375,12.625,186600,1.70474
1984-04-05,12.625,12.75,12.5,12.5,116500,1.687861
1984-04-06,12.5,12.625,12.25,12.5,95300,1.687861
1984-04-09,12.5,12.625,12.375,12.625,181200,1.70474
1984-04-10,12.625,12.75,12.5,12.5,148900,1.687861
1984-04-11,12.5,12.625,12.375,12.375,62300,1.670983
1984-04-12,12.375,12.5,12.375,12.5,140000,1.687861
1984-04-13,12.5,12.625,12.375,12.625,199600,1.70474
1984-04-16,12.625,12.625,12.25,12.5,123300,1.687861
1984-04-17,12.5,12.625,12.375,12.5,147700,1.687861
1984-04-18,12.5,12.5,12.375,12.5,186900,1.687861
1984-04-19,12.5,12.5,12.125,12.375,167400,1.670983
1984-04-23,12.375,12.5,12.25,12.5,182600,1.687861
1984-04-24,12.5,12.5,12.25,12.25,223000,1.654104
1984-04-25,12.25,12.375,12.0,12.125,128600,1.637226
1984-04-26,12.125,12.125,11.5,11.75,245700,1.58659
1984-04-27,11.875,12.125,11.875,12.0,148800,1.620347
1984-04-30,12.0,12.125,12.0,12.125,106200,1.637226
1984-05-01,12.125,12.375,11.875,12.375,146000,1.670983
1984-05-02,12.375,12.5,12.375,12.375,65800,1.670983
1984-05-03,12.375,12.5,12.25,12.375,131400,1.670983
1984-05-04,12.375,12.5,12.25,12.25,149100,1.654104
1984-05-07,12.25,12.5,12.25,12.5,65700,1.687861
1984-05-08,12.5,12.5,12.375,12.5,83500,1.687861
1984-05-09,12.5,13.375,12.5,13.25,257200,1.789133
1984-05-10,13.25,13.375,13.125,13.25,567400,1.789133
1984-05-11,13.25,13.5,13.25,13.375,159300,1.806012
1984-05-14,13.375,13.375,13.125,13.25,133100,1.789133
1984-05-15,13.25,13.25,13.125,13.25,227400,1.789133
1984-05-16,13.25,13.25,13.125,13.25,113200,1.789133
1984-05-17,13.125,13.125,12.875,12.875,71700,1.738497
1984-05-18,12.875,13.0,12.625,12.75,71100,1.721619
1984-05-21,12.75,12.75,12.5,12.5,224200,1.687861
1984-05-22,12.5,12.625,12.375,12.375,118900,1.670983
1984-05-23,12.375,12.5,12.25,12.5,187400,1.687861
1984-05-24,12.5,12.5,12.375,12.5,62300,1.687861
1984-05-25,12.5,12.5,12.375,12.375,290600,1.670983
1984-05-29,12.375,12.5,12.125,12.125,188100,1.637226
1984-05-30,12.125,12.5,12.125,12.5,298900,1.687861
1984-05-31,12.5,12.75,12.5,12.625,291300,1.70474
1984-06-01,12.625,13.25,12.625,13.25,524500,1.789133
1984-06-04,13.25,13.5,13.125,13.25,184500,1.789133
1984-06-05,13.25,13.375,13.125,13.125,57600,1.772254
1984-06-06,13.125,13.25,13.125,13.125,109700,1.772254
1984-06-07,13.125,13.25,13.0,13.125,146700,1.772254
1984-06-08,13.125,13.125,13.0,13.0,109800,1.755376
1984-06-11,13.0,13.125,13.0,13.0,212700,1.755376
1984-06-12,13.0,13.0,12.875,12.875,73900,1.738497
1984-06-13,12.875,13.125,12.875,13.0,475400,1.755376
1984-06-14,12.875,12.875,12.625,12.75,139100,1.779097
1984-06-15,12.75,12.75,12.5,12.625,82100,1.761655
1984-06-18,12.625,12.625,12.375,12.625,175100,1.761655
1984-06-19,12.625,12.75,12.5,12.5,285000,1.744213
1984-06-20,12.5,12.625,12.375,12.5,372500,1.744213
1984-06-21,12.5,12.625,12.375,12.5,129500,1.744213
1984-06-22,12.5,12.625,12.25,12.5,226100,1.744213
1984-06-25,12.5,12.625,12.5,12.5,51700,1.744213
1984-06-26,12.5,12.625,12.375,12.5,60300,1.744213
1984-06-27,12.5,12.625,12.375,12.625,81400,1.761655
1984-06-28,12.625,12.875,12.5,12.625,359200,1.761655
1984-06-29,12.625,12.75,12.625,12.625,236500,1.761655
1984-07-02,12.625,12.875,12.625,12.75,265200,1.779097
1984-07-03,12.75,12.875,12.75,12.75,227400,1.779097
1984-07-05,12.75,12.875,12.75,12.875,83100,1.796539
1984-07-06,12.875,12.875,12.75,12.75,79400,1.779097
1984-07-09,12.75,13.0,12.75,12.875,139600,1.796539
1984-07-10,12.875,13.125,12.875,13.0,87200,1.813981
1984-07-11,13.0,13.125,12.875,13.0,475100,1.813981
1984-07-12,13.0,13.25,13.0,13.0,83100,1.813981
1984-07-13,13.0,13.125,13.0,13.0,141200,1.813981
1984-07-16,13.0,13.125,12.75,12.875,170100,1.796539
1984-07-17,12.875,12.875,12.75,12.75,222200,1.779097
1984-07-18,12.75,13.0,12.75,12.875,90400,1.796539
1984-07-19,12.875,13.0,12.75,12.75,158500,1.779097
1984-07-20,12.75,12.875,12.625,12.75,54300,1.779097
1984-07-23,12.625,12.625,12.125,12.25,260200,1.709329
1984-07-24,12.25,12.375,12.125,12.25,255700,1.709329
1984-07-25,12.25,12.375,12.125,12.25,498100,1.709329
1984-07-26,12.25,12.375,12.125,12.25,100300,1.709329
1984-07-27,12.25,12.5,12.125,12.25,193900,1.709329
1984-07-30,12.25,12.375,12.25,12.25,55000,1.709329
1984-07-31,12.25,12.75,12.25,12.5,377500,1.744213
1984-08-01,12.625,13.125,12.625,12.875,151100,1.796539
1984-08-02,12.875,13.5,12.75,13.5,163900,1.88375
1984-08-03,13.5,13.5,13.0,13.25,452600,1.848866
1984-08-06,13.25,13.5,13.125,13.25,665300,1.848866
1984-08-07,13.25,13.5,13.0,13.375,432400,1.866308
1984-08-08,13.375,13.625,13.375,13.5,260400,1.88375
1984-08-09,13.5,13.75,13.375,13.625,107600,1.901192
1984-08-10,13.625,14.25,13.625,13.875,726100,1.936076
1984-08-13,13.875,14.0,13.75,13.75,291500,1.918634
1984-08-14,13.75,14.0,13.75,13.875,324400,1.936076
1984-08-15,13.875,14.0,13.75,13.875,55800,1.936076
1984-08-16,13.875,14.0,13.875,13.875,89100,1.936076
1984-08-17,13.875,14.0,13.875,13.875,59700,1.936076
1984-08-20,14.125,14.375,14.125,14.25,445500,1.988403
1984-08-21,14.25,14.25,14.125,14.125,135700,1.970961
1984-08-22,14.125,14.25,14.0,14.25,353000,1.988403
1984-08-23,14.25,14.25,14.0,14.0,248700,1.953519
1984-08-24,14.0,14.25,13.875,14.125,425500,1.970961
1984-08-27,14.125,14.25,14.0,14.125,128700,1.970961
1984-08-28,14.125,14.125,14.0,14.125,59800,1.970961
1984-08-29,14.125,14.125,13.875,13.875,82900,1.936076
1984-08-30,13.875,14.0,13.75,14.0,85600,1.953519
1984-08-31,14.0,14.0,13.75,13.875,48500,1.936076
1984-09-04,13.875,13.875,13.625,13.875,140100,1.936076
1984-09-05,13.875,13.875,13.75,13.75,86400,1.918634
1984-09-06,13.75,14.125,13.75,14.125,98400,1.970961
1984-09-07,14.0,14.0,13.875,13.875,543900,1.936076
1984-09-10,13.875,14.0,13.75,13.75,66300,1.918634
1984-09-11,13.75,14.0,13.75,13.75,1253000,1.918634
1984-09-12,13.75,13.875,13.75,13.875,1224100,1.936076
1984-09-13,13.875,13.875,13.625,13.75,120400,1.918634
1984-09-14,13.625,13.625,13.125,13.625,803500,1.961095
1984-09-17,13.625,13.875,13.5,13.75,169900,1.979086
1984-09-18,13.75,14.0,13.75,13.875,121800,1.997078
1984-09-19,13.875,14.25,13.875,14.125,331600,2.033061
1984-09-20,14.125,14.5,14.0,14.375,514000,2.069045
1984-09-21,14.375,14.375,14.25,14.25,290500,2.051053
1984-09-24,14.25,14.375,14.125,14.125,52100,2.033061
1984-09-25,14.125,14.125,13.875,14.0,156900,2.01507
1984-09-26,14.0,14.125,13.75,14.0,110500,2.01507
1984-09-27,14.125,14.375,14.125,14.375,78900,2.069045
1984-09-28,14.375,14.375,14.125,14.25,197000,2.051053
1984-10-01,14.125,14.125,13.875,14.0,284700,2.01507
1984-10-02,14.0,14.125,14.0,14.0,56600,2.01507
1984-10-03,14.0,14.25,13.875,14.125,140900,2.033061
1984-10-04,14.125,14.25,14.0,14.125,80800,2.033061
1984-10-05,14.125,14.625,14.0,14.625,254800,2.105028
1984-10-08,14.625,14.875,14.625,14.75,148600,2.12302
1984-10-09,14.75,14.875,14.375,14.75,108000,2.12302
1984-10-10,14.75,14.875,14.75,14.75,139200,2.12302
1984-10-11,14.75,14.875,14.625,14.75,192900,2.12302
1984-10-12,14.75,15.0,14.75,14.875,296900,2.141012
1984-10-15,14.875,15.0,14.875,15.0,250000,2.159003
1984-10-16,15.0,15.0,14.75,14.75,206400,2.12302
1984-10-17,14.75,14.875,14.625,14.75,146300,2.12302
1984-10-18,14.75,15.125,14.75,15.125,416800,2.176995
1984-10-19,15.125,15.25,14.25,15.0,299400,2.159003
1984-10-22,15.0,15.125,14.875,15.0,84200,2.159003
1984-10-23,15.0,15.125,15.0,15.0,259800,2.159003
1984-10-24,15.0,15.25,15.0,15.125,185800,2.176995
1984-10-25,15.125,15.25,14.875,15.0,286600,2.159003
1984-10-26,15.0,15.0,14.75,14.75,47000,2.12302
1984-10-29,14.75,14.875,14.5,14.5,61500,2.087036
1984-10-30,14.5,14.875,14.5,14.625,111500,2.105028
1984-10-31,14.75,15.0,14.75,15.0,94700,2.159003
1984-11-01,15.0,15.0,14.875,15.0,169500,2.159003
1984-11-02,15.125,15.375,15.125,15.25,317000,2.194987
1984-11-05,15.25,15.375,15.25,15.25,139000,2.194987
1984-11-06,15.25,15.5,15.25,15.375,98000,2.212978
1984-11-07,15.375,15.5,15.25,15.375,193600,2.212978
1984-11-08,15.375,15.5,15.375,15.375,140000,2.212978
1984-11-09,15.375,15.5,15.25,15.375,133700,2.212978
1984-11-12,15.375,15.5,15.375,15.375,97100,2.212978
1984-11-13,15.375,15.375,15.25,15.25,84900,2.194987
1984-11-14,15.25,15.25,14.875,14.875,69000,2.141012
1984-11-15,14.875,15.25,14.875,15.125,190600,2.176995
1984-11-16,15.125,15.25,14.875,14.875,103700,2.141012
1984-11-19,14.875,15.0,14.75,14.875,98800,2.141012
1984-11-20,14.875,15.125,14.75,15.0,98600,2.159003
1984-11-21,15.0,15.125,15.0,15.125,86000,2.176995
1984-11-23,15.125,15.5,15.0,15.375,156200,2.212978
1984-11-26,15.375,15.5,15.375,15.375,62400,2.212978
1984-11-27,15.375,15.5,15.25,15.5,172300,2.23097
1984-11-28,15.5,15.75,15.5,15.625,1039800,2.248962
1984-11-29,15.625,15.75,15.625,15.75,558900,2.266953
1984-11-30,15.625,15.75,15.625,15.75,181600,2.266953
1984-12-03,15.625,15.75,15.25,15.375,135900,2.212978
1984-12-04,15.5,15.625,15.375,15.625,654800,2.248962
1984-12-05,15.625,15.625,15.5,15.625,63400,2.248962
1984-12-06,15.5,15.75,15.5,15.75,135000,2.266953
1984-12-07,15.625,15.75,15.5,15.5,428900,2.23097
1984-12-10,15.5,15.625,15.5,15.5,138700,2.23097
1984-12-11,15.0,15.125,15.0,15.0,348400,2.219135
1984-12-12,15.0,15.25,15.0,15.125,122700,2.237627
1984-12-13,15.125,15.25,15.125,15.125,93600,2.237627
1984-12-14,15.125,15.25,15.0,15.125,89200,2.237627
1984-12-17,15.25,15.375,15.125,15.25,150200,2.25612
1984-12-18,15.375,16.125,15.25,16.125,484000,2.38557
1984-12-19,16.0,16.125,15.75,15.875,213400,2.348584
1984-12-20,15.875,16.0,15.375,15.375,361400,2.274613
1984-12-21,15.375,15.5,15.25,15.375,171800,2.274613
1984-12-24,15.375,15.375,15.25,15.25,48900,2.25612
1984-12-26,15.25,15.375,15.125,15.25,44800,2.25612
1984-12-27,15.125,15.25,15.0,15.125,124800,2.237627
1984-12-28,15.0,15.5,15.0,15.5,172200,2.293106
1984-12-31,15.375,16.0,15.25,16.0,235800,2.367077
1985-01-02,15.875,15.875,15.25,15.5,183100,2.293106
1985-01-03,15.375,15.625,15.25,15.375,66200,2.274613
1985-01-04,15.375,15.375,15.125,15.25,28400,2.25612
1985-01-07,15.25,15.375,15.125,15.375,234600,2.274613
1985-01-08,15.375,15.375,15.25,15.25,89700,2.25612
1985-01-09,15.375,15.375,15.0,15.375,77200,2.274613
1985-01-10,15.25,15.5,15.0,15.5,85500,2.293106
1985-01-11,15.5,15.5,15.25,15.25,129900,2.25612
1985-01-14,15.375,15.5,15.25,15.5,86200,2.293106
1985-01-15,15.5,15.625,15.375,15.5,662500,2.293106
1985-01-16,15.625,15.625,15.375,15.625,249500,2.311599
1985-01-17,15.625,15.625,15.125,15.375,90600,2.274613
1985-01-18,15.375,15.5,15.25,15.375,97000,2.274613
1985-01-21,15.375,15.5,15.25,15.25,165700,2.25612
1985-01-22,15.25,15.875,15.0,15.25,272700,2.25612
1985-01-23,15.375,15.5,15.25,15.5,153300,2.293106
1985-01-24,15.375,15.5,15.125,15.25,373900,2.25612
1985-01-25,15.375,15.375,15.125,15.25,418700,2.25612
1985-01-28,15.25,15.375,15.125,15.25,104900,2.25612
1985-01-29,15.125,15.25,15.125,15.125,74300,2.237627
1985-01-30,15.375,15.5,15.125,15.25,739400,2.25612
1985-01-31,15.25,15.25,15.0,15.25,101400,2.25612
1985-02-01,15.25,15.25,15.125,15.25,128500,2.25612
1985-02-04,15.125,15.625,15.125,15.5,172000,2.293106
1985-02-05,15.625,15.75,15.375,15.375,361400,2.274613
1985-02-06,15.375,15.5,15.25,15.375,135200,2.274613
1985-02-07,15.375,15.5,15.25,15.375,114400,2.274613
1985-02-08,15.5,15.5,15.0,15.375,424500,2.274613
1985-02-11,15.5,15.5,15.125,15.25,116300,2.25612
1985-02-12,15.375,15.625,15.25,15.625,78200,2.311599
1985-02-13,15.625,15.875,15.625,15.75,183700,2.330091
1985-02-14,15.75,15.875,15.625,15.75,136100,2.330091
1985-02-15,15.75,15.875,15.625,15.75,50300,2.330091
1985-02-19,15.875,15.875,15.625,15.875,92700,2.348584
1985-02-20,15.75,15.875,15.625,15.625,69100,2.311599
1985-02-21,15.75,15.75,15.5,15.625,185000,2.311599
1985-02-22,15.75,15.75,15.5,15.75,306400,2.330091
1985-02-25,15.625,15.75,15.5,15.625,169000,2.311599
1985-02-26,15.625,15.875,15.5,15.75,125600,2.330091
1985-02-27,15.75,15.875,15.625,15.875,214700,2.348584
1985-02-28,15.875,15.875,15.0,15.875,262000,2.348584
1985-03-01,15.75,15.875,15.75,15.875,137700,2.348584
1985-03-04,15.875,15.875,15.75,15.875,81300,2.348584
1985-03-05,15.75,15.875,15.75,15.75,306700,2.330091
1985-03-06,15.875,15.875,15.75,15.75,320700,2.330091
1985-03-07,15.75,15.875,15.75,15.875,245400,2.348584
1985-03-08,15.75,15.875,15.5,15.5,379300,2.293106
1985-03-11,15.5,15.75,15.5,15.75,704800,2.330091
1985-03-12,15.625,15.75,15.625,15.625,1079000,2.311599
1985-03-13,15.75,16.0,15.625,15.75,1739000,2.330091
1985-03-14,15.875,15.875,15.75,15.75,950700,2.330091
1985-03-15,15.25,15.5,15.25,15.375,548900,2.336931
1985-03-18,15.375,15.5,15.125,15.125,311700,2.298932
1985-03-19,15.125,15.375,15.125,15.375,228000,2.336931
1985-03-20,15.375,15.625,15.375,15.625,177000,2.37493
1985-03-21,15.625,15.75,15.5,15.625,94400,2.37493
1985-03-22,15.5,15.75,15.5,15.75,198400,2.39393
1985-03-25,15.75,15.875,15.0,15.625,89500,2.37493
1985-03-26,15.625,15.875,15.5,15.625,71800,2.37493
1985-03-27,15.625,15.875,15.625,15.875,74800,2.412929
1985-03-28,15.875,16.0,15.75,15.875,187600,2.412929
1985-03-29,16.0,16.5,15.875,16.5,527100,2.507926
1985-04-01,16.25,16.75,15.5,16.75,330300,2.545925
1985-04-02,16.625,16.75,16.5,16.5,112500,2.507926
1985-04-03,16.875,17.0,16.75,16.75,500800,2.545925
1985-04-04,16.75,16.875,16.75,16.875,411100,2.564924
1985-04-08,16.75,16.875,15.625,16.75,165900,2.545925
1985-04-09,16.625,16.75,16.5,16.625,183500,2.526926
1985-04-10,16.625,16.75,16.5,16.5,344600,2.507926
1985-04-11,16.625,16.625,16.5,16.625,176800,2.526926
1985-04-12,16.625,16.75,16.5,16.625,217800,2.526926
1985-04-15,16.625,16.75,16.5,16.625,620200,2.526926
1985-04-16,16.75,16.75,16.5,16.625,569900,2.526926
1985-04-17,16.75,16.875,16.625,16.75,487900,2.545925
1985-04-18,16.875,16.875,16.625,16.75,384700,2.545925
1985-04-19,16.625,16.75,16.5,16.625,167000,2.526926
1985-04-22,16.625,16.75,16.5,16.5,224200,2.507926
1985-04-23,16.625,16.625,16.5,16.625,260100,2.526926
1985-04-24,16.625,16.75,16.5,16.625,203000,2.526926
1985-04-25,16.5,16.625,16.5,16.5,87700,2.507926
1985-04-26,16.625,16.625,16.5,16.625,107300,2.526926
1985-04-29,16.5,16.625,16.375,16.375,108600,2.488927
1985-04-30,16.375,16.5,16.25,16.5,178000,2.507926
1985-05-01,16.125,16.375,16.125,16.125,106000,2.450928
1985-05-02,16.125,16.25,16.0,16.125,124100,2.450928
1985-05-03,16.125,16.25,16.0,16.25,71400,2.469927
1985-05-06,16.125,16.375,16.125,16.375,96600,2.488927
1985-05-07,16.375,16.75,16.375,16.75,210300,2.545925
1985-05-08,16.625,16.875,16.625,16.625,411300,2.526926
1985-05-09,16.625,16.75,16.5,16.625,64500,2.526926
1985-05-10,16.75,16.75,16.625,16.625,74900,2.526926
1985-05-13,16.625,16.75,16.625,16.75,100000,2.545925
1985-05-14,16.75,16.75,16.5,16.625,367500,2.526926
1985-05-15,16.625,16.75,16.5,16.625,219100,2.526926
1985-05-16,16.625,16.75,16.375,16.75,174000,2.545925
1985-05-17,16.625,17.0,16.625,16.875,294200,2.564924
1985-05-20,17.0,17.25,16.875,17.125,459400,2.602923
1985-05-21,17.0,17.125,16.625,16.875,480400,2.564924
1985-05-22,16.75,16.875,16.5,16.625,444800,2.526926
1985-05-23,16.5,16.625,16.375,16.375,190800,2.488927
1985-05-24,16.5,16.5,16.375,16.375,170400,2.488927
1985-05-28,16.5,16.75,16.5,16.5,179100,2.507926
1985-05-29,16.625,16.625,16.5,16.625,573200,2.526926
1985-05-30,16.625,16.625,16.375,16.375,235100,2.488927
1985-05-31,16.375,16.625,16.375,16.625,472400,2.526926
1985-06-03,16.625,16.75,16.5,16.75,550000,2.545925
1985-06-04,16.75,17.125,16.625,17.125,805100,2.602923
1985-06-05,17.125,17.375,17.0,17.375,405600,2.640922
1985-06-06,17.375,17.625,17.25,17.625,187000,2.678921
1985-06-07,17.625,17.625,17.375,17.375,144800,2.640922
1985-06-10,17.5,17.625,17.375,17.375,1323000,2.640922
1985-06-11,17.5,17.625,17.375,17.5,2634000,2.659922
1985-06-12,17.5,17.75,17.375,17.75,452100,2.697921
1985-06-13,17.75,17.75,17.5,17.5,1645000,2.659922
1985-06-14,17.25,17.25,17.0,17.25,317200,2.686396
1985-06-17,17.25,17.375,17.125,17.25,181200,2.686396
1985-06-18,17.25,17.5,17.25,17.375,223200,2.705863
1985-06-19,17.5,17.5,17.375,17.375,125400,2.705863
1985-06-20,17.375,17.5,17.25,17.5,177800,2.725329
1985-06-21,17.5,17.5,17.25,17.5,427600,2.725329
1985-06-24,17.5,17.5,17.125,17.25,537800,2.686396
1985-06-25,17.25,17.25,17.0,17.125,103500,2.666929
1985-06-26,17.125,17.25,17.0,17.0,338000,2.647463
1985-06-27,17.0,17.125,16.75,17.0,268300,2.647463
1985-06-28,17.0,17.25,17.0,17.125,488200,2.666929
1985-07-01,17.125,17.125,17.0,17.0,104700,2.647463
1985-07-02,17.125,17.25,17.125,17.25,144400,2.686396
1985-07-03,17.25,17.25,17.0,17.25,54100,2.686396
1985-07-05,17.125,17.25,17.0,17.25,64200,2.686396
1985-07-08,17.25,17.25,17.0,17.0,133700,2.647463
1985-07-09,17.0,17.25,17.0,17.125,139400,2.666929
1985-07-10,17.25,17.5,17.125,17.375,99200,2.705863
1985-07-11,17.5,17.875,17.375,17.75,270400,2.764263
1985-07-12,17.875,17.875,17.625,17.75,108600,2.764263
1985-07-15,17.625,17.75,17.5,17.75,289200,2.764263
1985-07-16,17.75,17.75,17.375,17.625,200200,2.744796
1985-07-17,17.5,17.875,17.375,17.625,297400,2.744796
1985-07-18,17.625,17.75,17.5,17.5,90600,2.725329
1985-07-19,17.625,17.625,17.0,17.375,105400,2.705863
1985-07-22,17.375,17.375,16.75,16.875,385400,2.627996
1985-07-23,16.625,16.75,15.75,16.0,367100,2.49173
1985-07-24,16.0,16.375,16.0,16.375,307400,2.55013
1985-07-25,16.375,16.5,16.25,16.375,139000,2.55013
1985-07-26,16.375,16.5,16.25,16.375,408500,2.55013
1985-07-29,16.375,16.375,16.0,16.125,189800,2.511196
1985-07-30,16.0,16.25,15.875,16.125,178200,2.511196
1985-07-31,16.125,16.375,16.0,16.0,417500,2.49173
1985-08-01,16.125,16.5,15.875,16.125,288900,2.511196
1985-08-02,16.125,16.25,16.0,16.25,115200,2.530663
1985-08-05,16.25,16.25,15.875,16.0,406000,2.49173
1985-08-06,15.875,16.0,15.625,15.75,198400,2.452796
1985-08-07,15.5,15.75,15.125,15.375,266600,2.394397
1985-08-08,15.375,15.75,15.25,15.75,230400,2.452796
1985-08-09,15.875,15.875,15.625,15.875,197000,2.472263
1985-08-12,15.875,16.0,15.75,15.75,161700,2.452796
1985-08-13,15.75,15.875,15.625,15.75,240600,2.452796
1985-08-14,15.75,15.875,15.75,15.875,125500,2.472263
1985-08-15,16.0,16.125,15.875,16.125,121400,2.511196
1985-08-16,16.125,16.125,15.875,16.0,200600,2.49173
1985-08-19,16.125,16.125,15.875,16.0,70300,2.49173
1985-08-20,16.0,16.25,15.875,16.125,109900,2.511196
1985-08-21,16.25,16.5,16.125,16.375,90800,2.55013
1985-08-22,16.5,16.5,16.25,16.375,71800,2.55013
1985-08-23,16.25,16.5,16.25,16.25,57200,2.530663
1985-08-26,16.375,16.5,16.125,16.5,51800,2.569596
1985-08-27,16.375,16.5,16.25,16.5,46300,2.569596
1985-08-28,16.5,16.625,16.375,16.625,72400,2.589063
1985-08-29,16.625,16.75,16.5,16.625,82300,2.589063
1985-08-30,16.75,16.75,16.5,16.5,111600,2.569596
1985-09-03,16.5,16.5,16.375,16.375,152400,2.55013
1985-09-04,16.5,16.5,16.25,16.5,126100,2.569596
1985-09-05,16.5,16.5,16.375,16.5,97700,2.569596
1985-09-06,16.5,16.5,16.25,16.375,113600,2.55013
1985-09-09,16.375,16.375,16.125,16.25,171800,2.530663
1985-09-10,16.125,16.375,15.625,15.625,2622000,2.43333
1985-09-11,15.75,16.375,15.25,15.5,3019000,2.413863
1985-09-12,15.5,15.5,15.125,15.25,669700,2.37493
1985-09-13,15.125,15.375,15.125,15.375,195800,2.394397
1985-09-16,15.375,15.625,15.375,15.625,1271000,2.43333
1985-09-17,15.625,15.75,15.5,15.625,3992000,2.43333
1985-09-18,15.125,15.25,15.0,15.125,113500,2.420527
1985-09-19,15.0,15.25,15.0,15.25,77600,2.440531
1985-09-20,15.125,15.375,14.75,14.75,586900,2.360514
1985-09-23,14.875,14.875,14.5,14.625,203600,2.34051
1985-09-24,14.625,14.625,14.5,14.625,155000,2.34051
1985-09-25,14.5,14.625,14.5,14.5,162400,2.320505
1985-09-26,14.625,14.625,14.0,14.125,208400,2.260492
1985-09-30,14.125,14.375,14.0,14.375,245400,2.300501
1985-10-01,14.375,14.75,14.25,14.625,134000,2.34051
1985-10-02,14.75,14.75,14.375,14.625,229200,2.34051
1985-10-03,14.5,14.625,14.25,14.5,250100,2.320505
1985-10-04,14.5,14.5,14.25,14.5,96200,2.320505
1985-10-07,14.5,14.625,14.375,14.375,223100,2.300501
1985-10-08,14.5,14.5,14.375,14.375,100700,2.300501
1985-10-09,14.375,14.625,14.375,14.625,194900,2.34051
1985-10-10,14.625,14.75,14.5,14.75,180500,2.360514
1985-10-11,14.75,14.875,14.625,14.625,406000,2.34051
1985-10-14,14.625,14.75,14.5,14.75,115100,2.360514
1985-10-15,14.625,14.875,14.625,14.625,353300,2.34051
1985-10-16,14.75,14.875,14.625,14.875,392500,2.380518
1985-10-17,14.875,15.125,14.125,15.125,307500,2.420527
1985-10-18,15.125,15.125,14.875,14.875,279400,2.380518
1985-10-21,14.875,15.0,14.625,14.875,74700,2.380518
1985-10-22,14.875,15.125,14.75,15.0,361100,2.400523
1985-10-23,15.0,15.125,14.875,15.125,263800,2.420527
1985-10-24,15.0,15.375,15.0,15.125,266300,2.420527
1985-10-25,15.0,15.125,15.0,15.125,82300,2.420527
1985-10-28,15.125,15.25,15.0,15.25,428400,2.440531
1985-10-29,15.125,15.375,15.125,15.375,132600,2.460536
1985-10-30,15.375,15.375,15.0,15.125,299300,2.420527
1985-10-31,15.125,15.125,14.875,15.0,105700,2.400523
1985-11-01,15.0,15.125,14.875,15.0,288900,2.400523
1985-11-04,15.125,15.125,14.875,14.875,151300,2.380518
1985-11-05,15.0,15.375,14.875,15.25,297600,2.440531
1985-11-06,15.125,15.5,15.125,15.375,161600,2.460536
1985-11-07,15.25,15.375,15.0,15.125,425500,2.420527
1985-11-08,15.125,15.125,15.0,15.125,308800,2.420527
1985-11-11,15.125,15.375,15.125,15.375,533300,2.460536
1985-11-12,15.375,15.5,15.25,15.375,672600,2.460536
1985-11-13,15.375,15.5,15.25,15.25,206500,2.440531
1985-11-14,15.375,15.75,15.25,15.75,316000,2.520549
1985-11-15,15.625,15.75,15.25,15.5,194000,2.48054
1985-11-18,15.5,15.625,15.375,15.625,170100,2.500545
1985-11-19,15.625,15.625,15.5,15.625,163100,2.500545
1985-11-20,15.625,15.625,15.5,15.625,203700,2.500545
1985-11-21,15.625,15.625,15.5,15.625,281000,2.500545
1985-11-22,15.625,15.75,15.5,15.625,241600,2.500545
1985-11-25,15.625,15.75,15.5,15.625,181500,2.500545
1985-11-26,15.625,15.75,15.5,15.5,257600,2.48054
1985-11-27,15.5,15.75,15.375,15.625,146900,2.500545
1985-11-29,15.25,15.375,15.125,15.25,261000,2.507945
1985-12-02,15.125,15.25,15.125,15.25,148300,2.507945
1985-12-03,15.25,15.375,15.125,15.25,107400,2.507945
1985-12-04,15.125,15.375,15.125,15.375,505200,2.528502
1985-12-05,15.375,15.5,15.125,15.375,433200,2.528502
1985-12-06,15.375,15.375,15.125,15.25,492300,2.507945
1985-12-09,15.25,15.5,15.25,15.375,155100,2.528502
1985-12-10,15.5,15.625,15.375,15.5,316900,2.549059
1985-12-11,15.5,15.875,15.5,15.875,245100,2.61073
1985-12-12,15.75,15.75,15.5,15.5,191000,2.549059
1985-12-13,15.5,15.75,15.5,15.625,258800,2.569616
1985-12-16,15.625,15.75,15.375,15.5,314000,2.549059
1985-12-17,15.5,15.875,15.5,15.75,417600,2.590173
1985-12-18,15.875,16.125,15.75,15.875,309000,2.61073
1985-12-19,16.0,16.125,15.75,16.125,670200,2.651844
1985-12-20,16.125,16.375,16.0,16.375,347300,2.692957
1985-12-23,16.25,16.25,16.0,16.125,342100,2.651844
1985-12-24,16.0,16.0,15.75,15.875,108500,2.61073
1985-12-26,15.875,16.0,15.75,15.75,92600,2.590173
1985-12-27,15.75,15.875,15.75,15.875,130100,2.61073
1985-12-30,15.75,15.75,15.5,15.75,116000,2.590173
1985-12-31,15.75,15.875,15.625,15.875,126500,2.61073
1986-01-02,15.875,15.875,15.5,15.75,308700,2.590173
1986-01-03,15.625,15.875,15.625,15.875,332800,2.61073
1986-01-06,15.875,15.875,15.625,15.75,122500,2.590173
1986-01-07,15.875,16.375,15.75,16.375,822500,2.692957
1986-01-08,16.375,16.5,16.0,16.0,447200,2.631287
1986-01-09,16.0,16.0,15.625,15.75,390200,2.590173
1986-01-10,15.75,15.75,15.625,15.75,188000,2.590173
1986-01-13,15.625,15.75,15.375,15.625,234300,2.569616
1986-01-14,15.875,15.875,15.625,15.75,282000,2.590173
1986-01-15,15.625,15.75,15.625,15.75,123600,2.590173
1986-01-16,15.875,16.0,15.75,16.0,375400,2.631287
1986-01-17,16.0,16.25,16.0,16.125,128700,2.651844
1986-01-20,16.125,16.125,16.0,16.0,110400,2.631287
1986-01-21,16.125,16.375,16.125,16.125,173200,2.651844
1986-01-22,16.125,16.25,16.0,16.125,85400,2.651844
1986-01-23,16.25,16.5,16.125,16.375,231200,2.692957
1986-01-24,16.5,16.625,16.375,16.5,126000,2.713514
1986-01-27,16.625,17.0,16.125,16.875,413400,2.775185
1986-01-28,16.875,17.25,16.875,17.125,378300,2.816299
1986-01-29,17.25,17.5,16.875,17.0,588100,2.795742
1986-01-30,17.0,17.5,17.0,17.375,589000,2.857413
1986-01-31,17.375,17.75,17.125,17.5,333600,2.87797
1986-02-03,17.625,17.75,17.25,17.375,258700,2.857413
1986-02-04,17.5,17.625,17.125,17.25,457500,2.836856
1986-02-05,17.125,17.25,17.0,17.125,396400,2.816299
1986-02-06,17.0,17.375,17.0,17.375,432500,2.857413
1986-02-07,17.375,17.375,17.125,17.25,260200,2.836856
1986-02-10,17.25,17.375,17.125,17.375,137500,2.857413
1986-02-11,17.375,17.375,17.125,17.25,337400,2.836856
1986-02-12,17.0,17.25,17.0,17.0,159900,2.795742
1986-02-13,17.125,17.125,16.875,17.125,131700,2.816299
1986-02-14,17.25,17.375,17.125,17.25,291700,2.836856
1986-02-18,17.25,17.5,17.125,17.5,428900,2.87797
1986-02-19,17.375,17.5,17.125,17.25,134800,2.836856
1986-02-20,17.125,17.75,17.0,17.375,298600,2.857413
1986-02-21,17.5,17.625,17.375,17.375,304500,2.857413
1986-02-24,17.5,17.625,17.375,17.5,189400,2.87797
1986-02-25,17.5,17.75,17.375,17.75,463300,2.919084
1986-02-26,17.625,17.75,17.5,17.625,320400,2.898527
1986-02-27,17.875,18.625,17.625,18.5,1160000,3.042425
1986-02-28,18.625,19.125,18.5,19.0,613000,3.124653
1986-03-03,19.0,19.0,18.5,18.625,394400,3.062982
1986-03-04,18.625,18.875,18.5,18.625,318800,3.062982
1986-03-05,18.375,18.75,17.875,18.125,223900,2.980754
1986-03-06,18.375,18.625,18.25,18.5,496000,3.042425
1986-03-07,18.5,18.875,18.5,18.5,158900,3.042425
1986-03-10,18.5,18.75,18.0,18.625,192900,3.062982
1986-03-11,18.75,19.25,18.625,19.0,421600,3.124653
1986-03-12,19.125,19.375,19.0,19.0,501200,3.124653
1986-03-13,18.75,19.0,18.625,18.75,823900,3.083539
1986-03-14,18.75,19.0,18.75,19.0,315800,3.124653
1986-03-17,18.75,19.0,18.625,18.75,2628000,3.083539
1986-03-18,18.625,18.875,18.5,18.75,252300,3.083539
1986-03-19,18.75,18.875,18.625,18.75,4514000,3.083539
1986-03-20,18.0,18.0,17.75,18.0,233000,3.028025
1986-03-21,18.0,18.125,17.5,17.625,2627000,2.964941
1986-03-24,17.375,17.875,17.25,17.5,513600,2.943913
1986-03-25,17.625,17.875,17.5,17.875,296300,3.006997
1986-03-26,17.75,18.125,17.75,18.0,537900,3.028025
1986-03-27,18.25,18.375,18.0,18.125,471900,3.049053
1986-03-31,18.25,18.625,18.125,18.5,480000,3.112137
1986-04-01,18.5,18.625,17.75,17.875,424700,3.006997
1986-04-02,17.75,17.75,16.5,17.0,1933000,2.859802
1986-04-03,17.25,17.875,17.125,17.75,2328000,2.985969
1986-04-04,17.75,18.125,17.75,18.0,655700,3.028025
1986-04-07,17.875,18.0,17.625,17.875,514200,3.006997
1986-04-08,18.125,18.375,18.0,18.375,556400,3.091109
1986-04-09,18.5,19.125,18.375,18.875,1160000,3.175221
1986-04-10,18.875,19.0,18.875,18.875,174100,3.175221
1986-04-11,19.125,19.25,18.875,18.875,760500,3.175221
1986-04-14,18.875,19.0,18.75,18.75,353700,3.154193
1986-04-15,18.75,18.875,18.625,18.875,379600,3.175221
1986-04-16,18.875,19.0,18.75,18.75,283300,3.154193
1986-04-17,18.75,18.875,18.625,18.875,439900,3.175221
1986-04-18,18.75,18.875,18.625,18.875,347500,3.175221
1986-04-21,18.875,18.875,18.5,18.625,178400,3.133165
1986-04-22,18.375,18.5,17.875,18.125,418400,3.049053
1986-04-23,18.0,18.125,17.75,18.0,190400,3.028025
1986-04-24,17.875,18.25,17.875,17.875,233300,3.006997
1986-04-25,18.0,18.125,17.875,18.0,227200,3.028025
1986-04-28,17.875,18.0,17.5,17.75,677000,2.985969
1986-04-29,17.5,17.625,17.0,17.5,578100,2.943913
1986-04-30,17.375,17.375,17.0,17.0,360900,2.859802
1986-05-01,17.0,17.375,16.875,17.375,399600,2.922885
1986-05-02,17.5,17.75,17.375,17.5,352000,2.943913
1986-05-05,17.5,17.625,17.25,17.5,246100,2.943913
1986-05-06,17.5,17.5,17.0,17.25,230400,2.901857
1986-05-07,17.125,17.125,16.5,16.875,376800,2.838774
1986-05-08,16.875,17.0,16.625,16.625,173100,2.796718
1986-05-09,16.75,16.875,16.375,16.875,792800,2.838774
1986-05-12,16.625,16.875,16.625,16.75,483400,2.817746
1986-05-13,16.75,17.0,16.75,16.875,236600,2.838774
1986-05-14,16.75,17.25,16.75,17.0,253800,2.859802
1986-05-15,17.125,17.375,17.0,17.0,510300,2.859802
1986-05-16,17.0,17.25,16.875,17.0,202500,2.859802
1986-05-19,17.125,17.125,16.875,17.0,331800,2.859802
1986-05-20,16.875,17.0,16.75,17.0,150600,2.859802
1986-05-21,16.875,17.0,16.375,16.375,528300,2.754662
1986-05-22,16.5,16.875,16.5,16.875,229800,2.838774
1986-05-23,16.75,16.875,16.75,16.75,126200,2.817746
1986-05-27,16.75,17.0,16.75,17.0,314700,2.859802
1986-05-28,17.0,17.25,17.0,17.125,339100,2.880829
1986-05-29,17.0,17.125,16.875,17.0,205900,2.859802
1986-05-30,17.0,17.125,16.75,17.0,435500,2.859802
1986-06-02,17.0,17.0,16.5,16.5,562000,2.77569
1986-06-03,16.5,17.125,16.5,16.875,228600,2.838774
1986-06-04,17.0,17.0,16.375,16.625,506200,2.796718
1986-06-05,16.75,16.75,16.5,16.5,165800,2.77569
1986-06-06,16.75,16.875,16.5,16.875,197500,2.838774
1986-06-09,16.875,16.875,16.5,16.625,122200,2.796718
1986-06-10,16.625,16.75,16.5,16.75,539300,2.817746
1986-06-11,16.75,16.875,16.625,16.625,4354000,2.796718
1986-06-12,16.375,16.75,16.25,16.375,440200,2.826057
1986-06-13,16.375,16.5,16.125,16.375,2660000,2.826057
1986-06-16,16.5,16.625,16.25,16.5,242800,2.84763
1986-06-17,16.5,16.875,16.375,16.5,210300,2.84763
1986-06-18,16.375,16.625,16.25,16.375,351400,2.826057
1986-06-19,16.25,16.25,15.875,16.0,549900,2.761338
1986-06-20,16.0,16.25,15.875,16.25,389100,2.804484
1986-06-23,16.125,16.25,15.875,16.0,161300,2.761338
1986-06-24,16.0,16.5,15.875,16.25,169800,2.804484
1986-06-25,16.125,16.25,16.0,16.0,386700,2.761338
1986-06-26,16.0,16.25,15.875,16.125,369400,2.782911
1986-06-27,16.125,16.5,16.125,16.25,189200,2.804484
1986-06-30,16.25,16.5,16.125,16.5,996900,2.84763
1986-07-01,16.375,16.625,16.375,16.625,299300,2.869203
1986-07-02,16.625,16.75,16.5,16.625,421000,2.869203
1986-07-03,16.5,16.875,16.25,16.375,378600,2.826057
1986-07-07,16.5,16.5,16.375,16.5,544200,2.84763
1986-07-08,16.5,16.625,16.25,16.375,218600,2.826057
1986-07-09,16.5,16.625,16.375,16.5,177000,2.84763
1986-07-10,16.625,16.75,16.375,16.75,254600,2.890776
1986-07-11,16.875,17.125,16.75,17.0,375900,2.933922
1986-07-14,17.125,17.375,17.0,17.375,365800,2.99864
1986-07-15,17.25,17.625,16.75,16.875,1060000,2.912349
1986-07-16,16.875,16.875,16.5,16.5,238600,2.84763
1986-07-17,16.5,16.75,16.375,16.75,1240000,2.890776
1986-07-18,16.625,16.75,16.25,16.375,264500,2.826057
1986-07-21,16.375,16.875,16.25,16.75,381900,2.890776
1986-07-22,16.875,17.0,16.75,16.875,381300,2.912349
1986-07-23,17.0,17.25,16.875,17.25,397400,2.977068
1986-07-24,17.125,17.375,17.125,17.25,216900,2.977068
1986-07-25,17.25,17.625,17.125,17.5,632500,3.020213
1986-07-28,17.5,17.5,17.25,17.375,302500,2.99864
1986-07-29,17.25,17.5,17.125,17.125,253000,2.955495
1986-07-30,17.25,17.375,17.0,17.125,246700,2.955495
1986-07-31,17.125,17.125,16.75,16.75,679000,2.890776
1986-08-01,16.875,16.875,16.625,16.75,391900,2.890776
1986-08-04,16.625,16.75,16.375,16.625,434900,2.869203
1986-08-05,16.75,16.75,16.5,16.625,154300,2.869203
1986-08-06,16.625,16.875,16.5,16.75,635600,2.890776
1986-08-07,16.5,17.375,16.125,17.25,716800,2.977068
1986-08-08,17.125,17.25,16.875,17.0,270300,2.933922
1986-08-11,17.125,17.25,17.0,17.125,148500,2.955495
1986-08-12,17.125,17.375,17.125,17.375,245100,2.99864
1986-08-13,17.375,17.5,17.125,17.375,406200,2.99864
1986-08-14,17.375,17.625,17.25,17.5,250800,3.020213
1986-08-15,17.5,17.875,17.375,17.875,252300,3.084932
1986-08-18,17.875,17.875,17.625,17.75,218000,3.063359
1986-08-19,17.75,18.0,17.625,17.875,377700,3.084932
1986-08-20,17.875,18.5,17.75,18.375,836300,3.171224
1986-08-21,18.25,18.5,18.125,18.25,533400,3.149651
1986-08-22,18.25,18.375,18.0,18.25,474500,3.149651
1986-08-25,18.25,18.25,17.875,18.0,265000,3.106505
1986-08-26,17.75,17.875,17.125,17.5,838200,3.020213
1986-08-27,17.5,17.75,17.5,17.625,521100,3.041786
1986-08-28,17.625,18.0,17.375,17.75,574500,3.063359
1986-08-29,17.875,18.0,17.75,18.0,238300,3.106505
1986-09-02,18.125,18.375,18.0,18.0,344400,3.106505
1986-09-03,18.125,18.25,17.875,18.0,426400,3.106505
1986-09-04,18.0,18.5,17.875,18.5,614900,3.192797
1986-09-05,18.375,18.5,17.875,18.0,1220000,3.106505
1986-09-08,18.0,18.25,18.0,18.0,389700,3.106505
1986-09-09,18.0,18.25,17.75,18.0,1010000,3.106505
1986-09-10,17.875,18.125,17.75,18.0,305800,3.106505
1986-09-11,18.0,18.125,17.375,17.5,939600,3.020213
1986-09-12,17.625,17.625,17.375,17.5,453300,3.020213
1986-09-15,17.5,17.5,17.0,17.375,9310000,2.99864
1986-09-16,17.25,17.5,17.125,17.5,4050000,3.020213
1986-09-17,16.875,17.125,16.75,16.875,833400,2.983964
1986-09-18,16.75,16.875,16.5,16.625,446500,2.939757
1986-09-19,16.5,16.75,16.25,16.75,363700,2.96186
1986-09-22,16.875,16.875,16.625,16.75,172800,2.96186
1986-09-23,16.875,17.0,16.75,16.75,141400,2.96186
1986-09-24,16.875,17.0,16.75,17.0,262800,3.006067
1986-09-25,17.0,17.0,16.375,16.75,609900,2.96186
1986-09-26,16.5,16.75,16.5,16.625,193600,2.939757
1986-09-29,16.625,16.75,16.5,16.5,110100,2.917654
1986-09-30,16.5,16.75,16.5,16.5,121600,2.917654
1986-10-01,16.625,16.75,16.375,16.625,300500,2.939757
1986-10-02,16.5,16.625,16.375,16.375,212600,2.89555
1986-10-03,16.5,16.75,16.375,16.375,220000,2.89555
1986-10-06,16.5,16.625,16.375,16.5,233800,2.917654
1986-10-07,16.75,16.875,16.0,16.875,412600,2.983964
1986-10-08,16.875,17.0,16.75,16.875,184800,2.983964
1986-10-09,16.875,17.0,16.75,17.0,330200,3.006067
1986-10-10,16.875,17.0,16.625,16.75,274000,2.96186
1986-10-13,16.875,16.875,16.625,16.75,222600,2.96186
1986-10-14,16.875,17.0,16.75,16.75,236300,2.96186
1986-10-15,16.75,16.875,16.5,16.75,220100,2.96186
1986-10-16,16.75,17.0,16.625,16.875,169200,2.983964
1986-10-17,16.625,16.875,16.625,16.875,134100,2.983964
1986-10-20,16.875,17.0,16.75,16.875,229000,2.983964
1986-10-21,17.0,17.125,16.875,17.0,352300,3.006067
1986-10-22,16.875,17.0,16.875,16.875,100000,2.983964
1986-10-23,17.0,17.25,16.875,17.25,301200,3.050274
1986-10-24,17.25,17.375,17.125,17.25,159000,3.050274
1986-10-27,17.125,17.375,17.125,17.25,659700,3.050274
1986-10-28,17.25,17.5,17.125,17.25,277300,3.050274
1986-10-29,17.25,17.5,17.25,17.5,125800,3.094481
1986-10-30,17.75,18.25,17.75,18.0,549400,3.182895
1986-10-31,18.0,18.0,17.625,17.875,158200,3.160791
1986-11-03,17.875,18.0,17.625,17.625,183000,3.116585
1986-11-04,17.75,17.875,17.625,17.625,262900,3.116585
1986-11-05,17.875,17.875,17.5,17.75,226100,3.138688
1986-11-06,17.625,17.75,17.125,17.625,227500,3.116585
1986-11-07,17.625,17.625,17.375,17.5,774900,3.094481
1986-11-10,17.5,17.625,17.375,17.375,147500,3.072378
1986-11-11,17.5,17.5,17.125,17.25,160600,3.050274
1986-11-12,17.25,17.5,17.125,17.375,233100,3.072378
1986-11-13,17.375,17.625,17.375,17.5,341600,3.094481
1986-11-14,17.5,17.875,17.0,17.5,200500,3.094481
1986-11-17,17.5,17.625,17.5,17.5,110800,3.094481
1986-11-18,17.5,17.75,17.125,17.25,313000,3.050274
1986-11-19,17.25,17.5,17.125,17.5,209600,3.094481
1986-11-20,17.5,17.625,17.375,17.625,144900,3.116585
1986-11-21,17.625,17.875,17.5,17.875,204500,3.160791
1986-11-24,17.75,18.0,17.625,18.0,194900,3.182895
1986-11-25,18.0,18.0,17.75,17.75,229600,3.138688
1986-11-26,17.75,18.0,17.625,18.0,399600,3.182895
1986-11-28,18.0,18.125,17.875,18.125,121700,3.204998
1986-12-01,18.0,18.125,17.875,18.0,267900,3.182895
1986-12-02,18.125,18.5,18.0,18.5,639400,3.271309
1986-12-03,18.375,18.5,18.25,18.5,366700,3.271309
1986-12-04,18.375,18.5,18.25,18.5,396700,3.271309
1986-12-05,18.375,18.5,18.125,18.25,358000,3.227102
1986-12-08,18.375,18.375,18.125,18.125,278400,3.204998
1986-12-09,18.25,18.5,18.125,18.125,3860000,3.204998
1986-12-10,17.75,17.875,17.375,17.75,3730000,3.213144
1986-12-11,17.75,17.75,17.375,17.625,1690000,3.190516
1986-12-12,17.625,17.75,17.375,17.5,1780000,3.167889
1986-12-15,17.5,17.5,17.375,17.5,200700,3.167889
1986-12-16,17.5,17.625,17.375,17.5,262400,3.167889
1986-12-17,17.5,17.625,17.375,17.375,213500,3.145261
1986-12-18,17.375,17.5,17.25,17.5,344700,3.167889
1986-12-19,17.375,17.5,17.0,17.25,523800,3.122633
1986-12-22,17.125,17.25,17.0,17.125,564100,3.100005
1986-12-23,17.125,17.125,16.625,16.75,1000000,3.032122
1986-12-24,16.875,16.875,16.75,16.75,227400,3.032122
1986-12-26,16.875,16.875,16.75,16.75,128300,3.032122
1986-12-29,16.75,16.875,16.625,16.75,257200,3.032122
1986-12-30,16.75,16.875,16.625,16.75,183500,3.032122
1986-12-31,16.75,16.75,16.375,16.5,461900,2.986866
1987-01-02,16.5,17.25,16.5,17.25,536500,3.122633
1987-01-05,17.5,17.625,17.375,17.5,280000,3.167889
1987-01-06,17.5,17.75,17.375,17.625,449200,3.190516
1987-01-07,17.5,17.75,17.5,17.625,291300,3.190516
1987-01-08,17.875,18.0,17.75,18.0,365300,3.2584
1987-01-09,17.875,18.375,17.875,18.375,424800,3.326283
1987-01-12,18.375,18.375,18.125,18.375,435200,3.326283
1987-01-13,18.125,18.5,18.125,18.375,907700,3.326283
1987-01-14,18.375,18.375,17.875,18.0,664700,3.2584
1987-01-15,18.0,18.125,17.75,18.0,502200,3.2584
1987-01-16,18.0,18.25,17.75,18.125,456600,3.281028
1987-01-19,18.125,18.375,18.0,18.375,174300,3.326283
1987-01-20,18.25,18.625,18.25,18.5,1090000,3.348911
1987-01-21,18.5,18.75,18.375,18.375,652200,3.326283
1987-01-22,18.25,18.75,18.25,18.625,670100,3.371539
1987-01-23,18.625,18.875,18.375,18.5,885500,3.348911
1987-01-26,18.375,18.5,18.25,18.375,765100,3.326283
1987-01-27,18.375,18.5,18.125,18.375,531500,3.326283
1987-01-28,18.375,18.5,18.125,18.5,455400,3.348911
1987-01-29,18.5,18.5,18.25,18.375,356700,3.326283
1987-01-30,18.375,18.375,18.125,18.25,157800,3.303655
1987-02-02,18.25,18.375,18.125,18.25,184800,3.303655
1987-02-03,18.25,18.375,18.25,18.25,179000,3.303655
1987-02-04,18.375,18.375,18.25,18.25,358600,3.303655
1987-02-05,18.25,18.5,18.25,18.375,313300,3.326283
1987-02-06,18.25,18.75,18.125,18.25,213900,3.303655
1987-02-09,18.375,18.375,18.0,18.125,419100,3.281028
1987-02-10,18.0,18.125,17.875,18.0,788700,3.2584
1987-02-11,18.0,18.375,18.0,18.25,308300,3.303655
1987-02-12,18.375,18.375,18.125,18.25,229800,3.303655
1987-02-13,18.25,18.625,18.0,18.375,844800,3.326283
1987-02-17,18.5,18.625,18.375,18.625,405200,3.371539
1987-02-18,18.625,18.625,18.375,18.5,252500,3.348911
1987-02-19,18.5,18.625,18.375,18.5,173700,3.348911
1987-02-20,18.5,18.875,18.5,18.75,235400,3.394166
1987-02-23,18.75,18.875,18.375,18.625,157600,3.371539
1987-02-24,18.625,19.0,18.625,18.875,137100,3.416794
1987-02-25,18.75,18.875,18.75,18.875,223700,3.416794
1987-02-26,18.75,18.875,18.625,18.625,234400,3.371539
1987-02-27,18.75,18.875,18.625,18.75,236200,3.394166
1987-03-02,18.75,18.75,18.5,18.5,243600,3.348911
1987-03-03,18.625,18.625,18.375,18.5,129600,3.348911
1987-03-04,18.625,18.75,18.5,18.625,188500,3.371539
1987-03-05,18.625,18.75,18.5,18.5,380000,3.348911
1987-03-06,18.5,18.875,18.0,18.125,501300,3.281028
1987-03-09,18.125,18.375,17.875,18.0,9970000,3.2584
1987-03-10,17.25,17.625,17.25,17.375,1300000,3.220404
1987-03-11,17.375,17.5,17.0,17.25,1050000,3.197235
1987-03-12,17.25,17.5,17.25,17.375,214400,3.220404
1987-03-13,17.5,17.625,17.375,17.5,218600,3.243572
1987-03-16,17.5,18.5,17.25,17.5,139100,3.243572
1987-03-17,17.5,17.5,17.25,17.5,791100,3.243572
1987-03-18,17.75,17.875,17.5,17.5,267400,3.243572
1987-03-19,17.625,17.625,17.375,17.625,397700,3.26674
1987-03-20,17.625,17.625,17.375,17.625,486100,3.26674
1987-03-23,17.625,17.75,17.375,17.5,475900,3.243572
1987-03-24,17.625,17.75,17.5,17.625,161100,3.26674
1987-03-25,17.75,17.875,17.625,17.75,407200,3.289909
1987-03-26,17.875,17.875,17.75,17.75,183000,3.289909
1987-03-27,17.875,18.0,17.625,17.75,209600,3.289909
1987-03-30,17.625,17.625,17.375,17.375,218200,3.220404
1987-03-31,17.375,17.5,17.25,17.375,553900,3.220404
1987-04-01,17.25,17.375,17.0,17.375,191600,3.220404
1987-04-02,17.5,17.5,17.25,17.5,231300,3.243572
1987-04-03,17.5,17.875,17.25,17.75,473800,3.289909
1987-04-06,17.75,17.875,17.5,17.625,179600,3.26674
1987-04-07,17.625,17.625,17.25,17.25,140200,3.197235
1987-04-08,17.25,17.375,17.125,17.125,271200,3.174067
1987-04-09,17.25,17.25,16.875,17.0,282000,3.150899
1987-04-10,16.875,17.125,16.75,17.125,187300,3.174067
1987-04-13,17.125,17.25,16.875,16.875,164800,3.12773
1987-04-14,16.875,17.0,15.75,16.0,588900,2.965552
1987-04-15,16.0,16.625,15.875,16.625,329300,3.081393
1987-04-16,16.75,16.75,16.5,16.75,550100,3.104562
1987-04-20,16.875,17.0,16.625,17.0,260600,3.150899
1987-04-21,16.875,17.125,16.625,17.0,215600,3.150899
1987-04-22,17.0,17.25,16.5,16.75,209700,3.104562
1987-04-23,16.5,16.75,16.125,16.625,198600,3.081393
1987-04-24,16.5,16.625,16.25,16.5,223700,3.058225
1987-04-27,16.375,16.625,16.125,16.25,302300,3.011888
1987-04-28,16.125,16.5,16.125,16.25,231700,3.011888
1987-04-29,16.5,16.75,16.375,16.625,173000,3.081393
1987-04-30,16.625,17.125,16.5,17.0,200400,3.150899
1987-05-01,16.875,17.0,16.75,16.875,156500,3.12773
1987-05-04,17.0,17.0,16.75,16.875,292100,3.12773
1987-05-05,17.0,17.0,16.875,16.875,283100,3.12773
1987-05-06,16.875,17.375,16.875,17.25,395200,3.197235
1987-05-07,17.125,17.25,16.875,17.0,717700,3.150899
1987-05-08,17.125,17.125,16.625,16.875,324500,3.12773
1987-05-11,16.875,17.125,16.75,17.0,313000,3.150899
1987-05-12,17.0,17.0,16.75,16.75,93200,3.104562
1987-05-13,16.875,17.0,16.75,16.875,128200,3.12773
1987-05-14,17.0,17.0,16.75,17.0,615100,3.150899
1987-05-15,16.75,16.875,16.375,16.375,238000,3.035057
1987-05-18,16.625,16.75,16.25,16.625,137600,3.081393
1987-05-19,16.625,16.625,16.0,16.0,357400,2.965552
1987-05-20,16.0,16.125,15.75,15.875,319400,2.942383
1987-05-21,16.0,16.0,15.875,16.0,267100,2.965552
1987-05-22,16.0,16.125,15.875,16.0,192400,2.965552
1987-05-26,16.125,16.375,16.0,16.125,178000,2.98872
1987-05-27,16.25,16.25,16.125,16.125,223200,2.98872
1987-05-28,16.25,16.625,16.125,16.5,335000,3.058225
1987-05-29,16.75,16.875,16.625,16.875,276900,3.12773
1987-06-01,16.875,16.875,16.625,16.625,143100,3.081393
1987-06-02,16.75,16.875,16.375,16.875,255500,3.12773
1987-06-03,16.875,17.125,16.75,17.0,642400,3.150899
1987-06-04,17.0,17.25,16.875,17.0,135400,3.150899
1987-06-05,17.0,17.25,17.0,17.0,237700,3.150899
1987-06-08,17.125,17.125,17.0,17.125,119500,3.174067
1987-06-09,17.125,17.125,16.75,17.125,12290000,3.174067
1987-06-10,16.25,16.625,16.25,16.25,1340000,3.087614
1987-06-11,16.25,16.5,16.25,16.375,1380000,3.111365
1987-06-12,16.375,16.5,16.25,16.5,1250000,3.135116
1987-06-15,16.375,16.5,16.25,16.25,139200,3.087614
1987-06-16,16.375,16.375,16.125,16.375,147300,3.111365
1987-06-17,16.375,16.375,16.125,16.125,175900,3.063863
1987-06-18,16.375,16.375,16.125,16.375,309300,3.111365
1987-06-19,16.375,16.375,16.0,16.125,1940000,3.063863
1987-06-22,16.125,16.25,16.0,16.125,462600,3.063863
1987-06-23,16.125,16.5,16.0,16.25,526200,3.087614
1987-06-24,16.25,16.5,16.125,16.25,214700,3.087614
1987-06-25,16.375,16.5,16.25,16.375,173000,3.111365
1987-06-26,16.375,16.5,16.0,16.125,127400,3.063863
1987-06-29,16.25,16.375,16.125,16.375,110900,3.111365
1987-06-30,16.375,16.375,16.125,16.25,154900,3.087614
1987-07-01,16.125,16.375,16.125,16.25,191200,3.087614
1987-07-02,16.375,16.375,16.25,16.375,120300,3.111365
1987-07-06,16.25,16.375,16.0,16.25,225900,3.087614
1987-07-07,16.0,16.25,16.0,16.125,284000,3.063863
1987-07-08,16.25,16.375,16.125,16.375,435300,3.111365
1987-07-09,16.375,16.625,16.25,16.375,353600,3.111365
1987-07-10,16.375,16.5,16.375,16.5,121200,3.135116
1987-07-13,16.375,16.375,16.25,16.375,223000,3.111365
1987-07-14,16.25,16.25,16.0,16.125,216700,3.063863
1987-07-15,16.0,16.25,16.0,16.125,218100,3.063863
1987-07-16,16.125,16.5,16.0,16.375,312100,3.111365
1987-07-17,16.375,16.5,16.0,16.125,1440000,3.063863
1987-07-20,16.125,16.125,15.75,15.75,333700,2.99261
1987-07-21,15.875,16.0,15.625,15.75,338400,2.99261
1987-07-22,15.75,15.875,15.25,15.375,487500,2.921358
1987-07-23,15.375,15.5,15.125,15.25,397700,2.897607
1987-07-24,15.125,15.375,15.125,15.375,291900,2.921358
1987-07-27,15.375,15.5,15.125,15.375,285000,2.921358
1987-07-28,15.25,15.25,15.0,15.25,684000,2.897607
1987-07-29,15.125,15.25,15.0,15.25,242400,2.897607
1987-07-30,15.25,15.375,15.125,15.125,186900,2.873856
1987-07-31,15.125,15.25,15.0,15.25,367800,2.897607
1987-08-03,15.25,15.25,15.125,15.125,333100,2.873856
1987-08-04,15.125,15.375,15.125,15.25,208900,2.897607
1987-08-05,15.375,15.5,15.25,15.5,331400,2.945109
1987-08-06,15.5,15.5,15.25,15.5,242300,2.945109
1987-08-07,15.5,15.5,15.0,15.125,397400,2.873856
1987-08-10,15.125,15.25,15.0,15.25,329200,2.897607
1987-08-11,15.125,15.375,15.0,15.375,489900,2.921358
1987-08-12,15.25,15.625,15.25,15.5,396500,2.945109
1987-08-13,15.5,16.0,15.375,15.875,1010000,3.016361
1987-08-14,15.75,16.125,15.75,16.0,624500,3.040112
1987-08-17,15.875,16.125,15.875,16.0,548900,3.040112
1987-08-18,16.0,16.0,15.75,15.875,209500,3.016361
1987-08-19,15.875,16.0,15.75,15.875,181200,3.016361
1987-08-20,16.0,16.0,15.75,16.0,750900,3.040112
1987-08-21,16.0,16.125,15.75,15.75,225000,2.99261
1987-08-24,15.875,16.0,15.75,16.0,156300,3.040112
1987-08-25,16.0,16.0,15.75,15.875,523800,3.016361
1987-08-26,15.875,16.0,15.75,15.875,283900,3.016361
1987-08-27,15.875,15.875,15.75,15.875,139900,3.016361
1987-08-28,15.625,15.875,15.0,15.5,4994000,2.945109
1987-08-31,15.375,15.5,15.375,15.5,223600,2.945109
1987-09-01,15.5,15.5,15.25,15.25,350800,2.897607
1987-09-02,15.375,15.375,15.0,15.125,579300,2.873856
1987-09-03,15.25,15.25,15.0,15.25,338900,2.897607
1987-09-04,15.25,15.375,15.0,15.125,469800,2.873856
1987-09-08,15.125,15.25,15.125,15.25,248900,2.897607
1987-09-09,15.375,15.375,15.0,15.25,525600,2.897607
1987-09-10,15.25,15.375,15.125,15.125,413800,2.873856
1987-09-11,15.25,15.375,15.125,15.25,219700,2.897607
1987-09-14,15.375,15.5,15.25,15.5,15690000,2.945109
1987-09-15,15.5,15.625,15.25,15.5,589800,2.945109
1987-09-16,15.375,15.5,15.25,15.25,33940000,2.897607
1987-09-17,14.75,15.0,14.625,14.75,1200000,2.881976
1987-09-18,15.0,15.0,14.75,14.75,1250000,2.881976
1987-09-21,14.75,14.875,14.625,14.625,415500,2.857552
1987-09-22,14.875,14.875,14.5,14.875,678400,2.906399
1987-09-23,14.875,15.0,14.75,15.0,328200,2.930823
1987-09-24,15.0,15.0,14.75,14.75,170600,2.881976
1987-09-25,14.875,14.875,14.5,14.75,280900,2.881976
1987-09-28,14.875,14.875,14.625,14.875,180900,2.906399
1987-09-29,14.75,14.875,14.625,14.625,228000,2.857552
1987-09-30,14.75,14.75,14.5,14.5,343100,2.833129
1987-10-01,14.625,14.625,14.375,14.5,373900,2.833129
1987-10-02,14.5,14.75,14.5,14.75,584600,2.881976
1987-10-05,14.625,14.75,14.5,14.5,212600,2.833129
1987-10-06,14.625,14.625,14.5,14.5,332600,2.833129
1987-10-07,14.5,14.625,14.375,14.5,292200,2.833129
1987-10-08,14.5,14.625,14.5,14.625,159500,2.857552
1987-10-09,14.5,14.75,14.375,14.5,151200,2.833129
1987-10-12,14.5,14.625,14.375,14.5,187800,2.833129
1987-10-13,14.5,14.875,14.5,14.875,185600,2.906399
1987-10-14,14.875,14.875,14.625,14.75,152300,2.881976
1987-10-15,14.5,14.875,14.375,14.625,226000,2.857552
1987-10-16,14.625,14.875,14.0,14.0,429600,2.735435
1987-10-19,14.0,14.125,12.5,13.25,824500,2.588893
1987-10-20,13.25,14.0,12.875,13.75,706000,2.686588
1987-10-21,14.25,14.875,14.25,14.625,439100,2.857552
1987-10-22,14.25,14.5,14.0,14.25,552200,2.784282
1987-10-23,14.25,14.625,14.125,14.5,198500,2.833129
1987-10-26,14.375,14.375,13.75,14.125,276400,2.759858
1987-10-27,14.375,14.5,14.25,14.25,227900,2.784282
1987-10-28,14.125,14.25,14.0,14.125,254200,2.759858
1987-10-29,14.375,14.5,14.25,14.375,198700,2.808705
1987-10-30,14.5,14.625,14.125,14.125,782300,2.759858
1987-11-02,14.25,14.5,14.125,14.25,201800,2.784282
1987-11-03,14.375,14.5,14.25,14.375,180100,2.808705
1987-11-04,14.5,14.625,14.125,14.5,184400,2.833129
1987-11-05,14.5,14.625,14.25,14.375,332800,2.808705
1987-11-06,14.625,14.75,14.5,14.625,356500,2.857552
1987-11-09,14.5,14.625,14.125,14.25,220900,2.784282
1987-11-10,14.125,14.25,13.875,14.0,285500,2.735435
1987-11-11,14.0,14.125,14.0,14.0,260000,2.735435
1987-11-12,14.125,14.25,14.0,14.25,146500,2.784282
1987-11-13,14.25,14.25,14.0,14.0,153400,2.735435
1987-11-16,14.25,14.5,14.125,14.25,449700,2.784282
1987-11-17,14.25,14.375,14.0,14.25,460000,2.784282
1987-11-18,14.125,14.25,14.0,14.0,159700,2.735435
1987-11-19,14.0,14.125,13.75,13.875,375100,2.711011
1987-11-20,13.75,13.875,13.625,13.875,239700,2.711011
1987-11-23,14.0,14.0,13.75,14.0,261600,2.735435
1987-11-24,14.0,14.25,14.0,14.125,221700,2.759858
1987-11-25,14.125,14.25,14.0,14.125,180400,2.759858
1987-11-27,14.0,14.125,14.0,14.125,92200,2.759858
1987-11-30,14.0,14.125,13.75,13.875,4888700,2.711011
1987-12-01,14.0,14.25,14.0,14.125,432600,2.759858
1987-12-02,14.25,14.25,13.875,14.125,575400,2.759858
1987-12-03,14.125,14.125,13.875,13.875,203900,2.711011
1987-12-04,14.0,14.125,13.875,14.0,277200,2.735435
1987-12-07,13.875,14.125,13.875,14.125,253500,2.759858
1987-12-08,14.125,14.625,14.0,14.125,149600,2.759858
1987-12-09,14.125,14.25,14.0,14.125,37595800,2.759858
1987-12-10,13.625,13.625,13.375,13.375,637500,2.693404
1987-12-11,13.5,13.5,13.25,13.5,502600,2.718576
1987-12-14,13.5,13.625,13.375,13.5,316000,2.718576
1987-12-15,13.5,13.75,13.5,13.75,498700,2.76892
1987-12-16,13.875,14.0,13.75,14.0,173800,2.819264
1987-12-17,13.875,13.875,13.625,13.75,221300,2.76892
1987-12-18,13.75,13.75,13.625,13.75,367000,2.76892
1987-12-21,13.875,14.0,13.75,13.875,464300,2.794092
1987-12-22,13.875,14.0,13.625,14.0,223900,2.819264
1987-12-23,14.0,14.125,13.875,14.0,273700,2.819264
1987-12-24,14.125,14.125,13.75,13.75,234000,2.76892
1987-12-28,13.625,13.75,13.625,13.75,231800,2.76892
1987-12-29,13.75,13.75,13.375,13.5,336400,2.718576
1987-12-30,13.5,13.5,13.125,13.25,703300,2.668232
1987-12-31,13.375,13.375,13.125,13.375,304400,2.693404
1988-01-04,13.5,14.0,13.5,13.875,315200,2.794092
1988-01-05,14.125,14.375,14.0,14.375,356000,2.89478
1988-01-06,14.5,14.625,14.125,14.375,302500,2.89478
1988-01-07,14.625,14.625,14.25,14.375,189900,2.89478
1988-01-08,14.375,14.375,13.75,14.0,218200,2.819264
1988-01-11,13.875,13.875,13.5,13.75,246900,2.76892
1988-01-12,13.875,14.0,13.75,13.875,219700,2.794092
1988-01-13,13.875,14.125,13.75,14.0,257400,2.819264
1988-01-14,14.125,14.125,14.0,14.125,241900,2.844436
1988-01-15,14.25,14.5,14.125,14.25,362800,2.869608
1988-01-18,14.375,14.5,14.25,14.25,244300,2.869608
1988-01-19,14.25,14.375,14.125,14.25,233200,2.869608
1988-01-20,14.375,14.375,14.25,14.25,212200,2.869608
1988-01-21,14.5,14.5,14.375,14.5,258000,2.919952
1988-01-22,14.375,14.5,14.25,14.5,378400,2.919952
1988-01-25,14.5,14.625,14.375,14.625,390200,2.945124
1988-01-26,14.625,14.75,14.5,14.5,253300,2.919952
1988-01-27,14.625,14.75,14.5,14.5,250800,2.919952
1988-01-28,14.625,14.875,14.5,14.875,222500,2.995468
1988-01-29,14.875,15.25,14.75,15.25,465500,3.070984
1988-02-01,15.375,15.375,15.0,15.125,398300,3.045812
1988-02-02,15.0,15.125,14.625,15.0,263700,3.02064
1988-02-03,15.0,15.0,14.25,14.75,306000,2.970296
1988-02-04,14.625,14.75,14.375,14.625,260700,2.945124
1988-02-05,14.5,14.75,14.5,14.625,131400,2.945124
1988-02-08,14.5,14.625,14.375,14.625,203600,2.945124
1988-02-09,14.5,14.5,14.25,14.375,271500,2.89478
1988-02-10,14.375,14.5,14.25,14.5,170000,2.919952
1988-02-11,14.5,14.5,14.0,14.25,526700,2.869608
1988-02-12,14.125,14.25,13.875,14.0,371700,2.819264
1988-02-16,14.125,14.125,14.0,14.125,353500,2.844436
1988-02-17,14.25,14.25,14.0,14.0,172900,2.819264
1988-02-18,14.0,14.125,14.0,14.125,104900,2.844436
1988-02-19,14.125,14.375,14.0,14.375,150400,2.89478
1988-02-22,14.125,14.25,14.0,14.125,325600,2.844436
1988-02-23,14.125,14.5,14.125,14.375,187900,2.89478
1988-02-24,14.375,14.5,14.375,14.375,232700,2.89478
1988-02-25,14.25,14.5,14.25,14.25,210300,2.869608
1988-02-26,14.25,14.375,14.125,14.375,114600,2.89478
1988-02-29,14.375,14.5,14.25,14.5,252400,2.919952
1988-03-01,14.375,14.5,14.25,14.375,226900,2.89478
1988-03-02,14.5,14.625,14.375,14.5,152900,2.919952
1988-03-03,14.5,14.625,14.5,14.625,89200,2.945124
1988-03-04,14.5,14.625,14.25,14.5,432100,2.919952
1988-03-07,14.375,14.5,14.25,14.25,448500,2.869608
1988-03-08,14.25,14.375,14.125,14.125,7401500,2.844436
1988-03-09,14.25,14.25,14.0,14.125,11371500,2.844436
1988-03-10,13.625,13.75,13.5,13.5,765800,2.801889
1988-03-11,13.5,13.75,13.5,13.75,542000,2.853775
1988-03-14,13.75,13.875,13.625,13.75,303600,2.853775
1988-03-15,13.75,13.875,13.75,13.875,181400,2.879719
1988-03-16,13.75,14.0,13.75,13.875,228300,2.879719
1988-03-17,13.875,14.0,13.875,14.0,162800,2.905662
1988-03-18,14.0,14.0,13.75,14.0,371700,2.905662
1988-03-21,14.0,14.0,13.625,13.625,175000,2.827832
1988-03-22,13.75,13.75,13.625,13.75,116300,2.853775
1988-03-23,13.625,13.875,13.625,13.75,403100,2.853775
1988-03-24,13.625,13.75,13.5,13.625,218800,2.827832
1988-03-25,13.625,13.75,13.5,13.5,225000,2.801889
1988-03-28,13.625,13.625,13.5,13.5,220200,2.801889
1988-03-29,13.5,13.625,13.5,13.5,139200,2.801889
1988-03-30,13.625,13.625,13.5,13.5,152900,2.801889
1988-03-31,13.625,13.625,13.5,13.625,132500,2.827832
1988-04-04,13.625,13.625,13.5,13.625,156700,2.827832
1988-04-05,13.625,13.625,13.5,13.625,183700,2.827832
1988-04-06,13.5,13.625,13.375,13.625,329900,2.827832
1988-04-07,13.625,13.625,13.5,13.5,173200,2.801889
1988-04-08,13.625,13.625,13.5,13.625,482200,2.827832
1988-04-11,13.625,13.875,13.5,13.875,187700,2.879719
1988-04-12,13.875,13.875,13.625,13.75,242300,2.853775
1988-04-13,13.625,13.75,13.625,13.625,137200,2.827832
1988-04-14,13.625,13.75,13.375,13.5,299200,2.801889
1988-04-15,13.375,13.5,13.25,13.375,303200,2.775945
1988-04-18,13.5,13.5,13.25,13.25,191700,2.750002
1988-04-19,13.25,13.375,13.125,13.125,308100,2.724058
1988-04-20,13.125,13.25,13.125,13.25,185600,2.750002
1988-04-21,13.125,13.375,13.125,13.25,251800,2.750002
1988-04-22,13.25,13.375,13.25,13.375,161100,2.775945
1988-04-25,13.375,13.5,13.125,13.125,296400,2.724058
1988-04-26,13.25,13.375,13.125,13.25,258600,2.750002
1988-04-27,13.125,13.25,13.125,13.25,138200,2.750002
1988-04-28,13.125,13.25,13.125,13.25,178400,2.750002
1988-04-29,13.125,13.25,13.125,13.125,150300,2.724058
1988-05-02,13.125,13.25,12.75,13.0,502600,2.698115
1988-05-03,12.875,13.0,12.625,12.75,448100,2.646228
1988-05-04,12.75,12.875,12.5,12.5,610700,2.594341
1988-05-05,12.5,12.625,12.375,12.5,525000,2.594341
1988-05-06,12.625,12.625,12.5,12.5,246500,2.594341
1988-05-09,12.375,12.5,12.0,12.125,586300,2.516511
1988-05-10,12.125,12.25,12.0,12.125,271600,2.516511
1988-05-11,12.125,12.25,12.0,12.125,219900,2.516511
1988-05-12,12.125,12.375,12.0,12.375,392900,2.568398
1988-05-13,12.25,12.5,12.25,12.5,155800,2.594341
1988-05-16,12.375,12.75,12.375,12.75,369000,2.646228
1988-05-17,12.75,12.875,12.625,12.625,631100,2.620285
1988-05-18,12.625,12.75,12.5,12.5,189400,2.594341
1988-05-19,12.5,12.625,12.375,12.5,161400,2.594341
1988-05-20,12.5,12.875,12.5,12.75,259300,2.646228
1988-05-23,12.75,12.875,12.625,12.75,156100,2.646228
1988-05-24,12.75,13.125,12.75,13.125,1051900,2.724058
1988-05-25,13.125,13.5,13.125,13.25,340100,2.750002
1988-05-26,13.375,13.5,13.25,13.5,401900,2.801889
1988-05-27,13.5,13.5,13.375,13.5,344900,2.801889
1988-05-31,13.5,13.75,13.375,13.75,356600,2.853775
1988-06-01,13.625,13.875,13.625,13.875,1020000,2.879719
1988-06-02,13.75,14.0,13.75,13.875,219300,2.879719
1988-06-03,14.0,14.125,13.5,13.875,292600,2.879719
1988-06-06,13.875,14.0,13.875,14.0,128000,2.905662
1988-06-07,14.0,14.0,13.75,13.875,206000,2.879719
1988-06-08,13.875,14.0,13.75,14.0,344500,2.905662
1988-06-09,13.875,14.0,13.875,13.875,30726000,2.879719
1988-06-10,13.375,13.5,13.0,13.0,1203700,2.859264
1988-06-13,13.125,13.25,13.0,13.125,501800,2.886757
1988-06-14,13.25,13.5,13.25,13.25,469300,2.91425
1988-06-15,13.25,13.375,13.25,13.375,178500,2.941743
1988-06-16,13.25,13.5,13.25,13.25,137300,2.91425
1988-06-17,13.25,13.375,13.125,13.375,332100,2.941743
1988-06-20,13.375,13.375,13.25,13.375,124500,2.941743
1988-06-21,13.25,13.5,13.25,13.375,247800,2.941743
1988-06-22,13.5,13.625,13.375,13.5,433100,2.969236
1988-06-23,13.5,13.625,13.375,13.375,313400,2.941743
1988-06-24,13.5,13.625,13.375,13.5,810600,2.969236
1988-06-27,13.5,13.875,13.375,13.875,657800,3.051715
1988-06-28,13.75,14.0,13.75,14.0,821600,3.079208
1988-06-29,14.0,14.125,13.875,14.125,482800,3.106701
1988-06-30,14.125,14.125,14.0,14.125,341100,3.106701
1988-07-01,14.0,14.25,14.0,14.25,358900,3.134194
1988-07-05,14.25,14.375,14.125,14.375,457600,3.161686
1988-07-06,14.375,14.5,14.25,14.375,416700,3.161686
1988-07-07,14.25,14.5,14.25,14.5,301400,3.189179
1988-07-08,14.375,14.5,14.375,14.5,895200,3.189179
1988-07-11,14.5,14.625,14.375,14.5,349300,3.189179
1988-07-12,14.625,14.625,14.375,14.375,181900,3.161686
1988-07-13,14.5,14.625,14.375,14.625,275100,3.216672
1988-07-14,14.625,14.625,14.5,14.625,114800,3.216672
1988-07-15,14.5,14.625,14.375,14.5,544100,3.189179
1988-07-18,14.625,14.625,14.375,14.375,179500,3.161686
1988-07-19,14.5,14.5,14.125,14.125,120200,3.106701
1988-07-20,14.25,14.25,14.0,14.125,357000,3.106701
1988-07-21,14.125,14.125,13.875,13.875,185600,3.051715
1988-07-22,14.0,14.0,13.625,13.625,209300,2.996729
1988-07-25,13.75,13.75,13.5,13.625,144500,2.996729
1988-07-26,13.75,13.875,13.625,13.75,184000,3.024222
1988-07-27,13.875,13.875,13.75,13.75,151100,3.024222
1988-07-28,13.875,14.125,13.875,14.0,166800,3.079208
1988-07-29,14.125,14.125,14.0,14.125,276400,3.106701
1988-08-01,14.125,14.125,14.0,14.0,112400,3.079208
1988-08-02,14.0,14.375,14.0,14.125,162500,3.106701
1988-08-03,14.125,14.375,14.125,14.25,162500,3.134194
1988-08-04,14.375,14.5,14.375,14.5,207900,3.189179
1988-08-05,14.5,14.5,14.375,14.5,99400,3.189179
1988-08-08,14.5,14.5,14.375,14.5,146900,3.189179
1988-08-09,14.375,14.5,14.125,14.25,601000,3.134194
1988-08-10,14.25,14.25,14.0,14.125,166500,3.106701
1988-08-11,14.125,14.25,14.0,14.25,123000,3.134194
1988-08-12,14.125,14.25,14.125,14.25,379600,3.134194
1988-08-15,14.125,14.25,14.125,14.125,53200,3.106701
1988-08-16,14.125,14.375,14.125,14.125,190800,3.106701
1988-08-17,14.125,14.375,14.125,14.375,343600,3.161686
1988-08-18,14.25,14.5,14.25,14.25,211000,3.134194
1988-08-19,14.25,14.375,14.25,14.375,162800,3.161686
1988-08-22,14.375,14.5,14.25,14.375,185400,3.161686
1988-08-23,14.25,14.5,14.25,14.375,95400,3.161686
1988-08-24,14.375,14.625,14.375,14.625,187500,3.216672
1988-08-25,14.625,14.875,14.5,14.75,444300,3.244165
1988-08-26,14.75,14.875,14.625,14.875,147700,3.271658
1988-08-29,14.75,14.875,14.75,14.75,150500,3.244165
1988-08-30,14.875,15.0,14.75,15.0,188100,3.299151
1988-08-31,15.0,15.125,14.875,14.875,417200,3.271658
1988-09-01,14.875,15.0,14.75,14.875,339700,3.271658
1988-09-02,15.0,15.25,15.0,15.25,407200,3.354137
1988-09-06,15.125,15.25,15.125,15.125,147100,3.326644
1988-09-07,15.25,15.25,15.125,15.25,178300,3.354137
1988-09-08,15.125,15.375,15.125,15.375,224900,3.38163
1988-09-09,15.25,15.5,15.125,15.375,855600,3.38163
1988-09-12,15.375,15.5,15.25,15.375,633600,3.38163
1988-09-13,15.375,15.5,15.375,15.5,21766300,3.409123
1988-09-14,15.0,15.0,14.75,15.0,7784700,3.391037
1988-09-15,14.875,15.5,14.75,14.75,1268900,3.33452
1988-09-16,14.625,14.875,14.625,14.875,386200,3.362779
1988-09-19,14.75,14.875,14.625,14.625,309000,3.306261
1988-09-20,14.625,14.875,14.625,14.75,156100,3.33452
1988-09-21,14.75,15.0,14.75,15.0,236300,3.391037
1988-09-22,14.875,14.875,14.75,14.875,146400,3.362779
1988-09-23,14.75,14.875,14.5,14.625,249600,3.306261
1988-09-26,14.5,14.75,14.375,14.75,223800,3.33452
1988-09-27,14.75,15.0,14.75,14.75,329700,3.33452
1988-09-28,14.875,14.875,14.625,14.75,147600,3.33452
1988-09-29,14.625,15.0,14.625,14.625,660000,3.306261
1988-09-30,14.75,14.75,14.5,14.5,279600,3.278003
1988-10-03,14.625,14.625,14.375,14.5,162700,3.278003
1988-10-04,14.625,15.625,14.625,15.375,1124200,3.475813
1988-10-05,15.375,15.625,15.25,15.5,631600,3.504072
1988-10-06,15.5,15.875,15.25,15.875,554100,3.588848
1988-10-07,15.875,16.25,15.75,16.25,637600,3.673624
1988-10-10,16.125,16.25,15.875,16.0,323500,3.617106
1988-10-11,15.875,16.125,15.875,16.125,321000,3.645365
1988-10-12,16.0,16.0,15.75,15.75,301700,3.560589
1988-10-13,15.875,16.0,15.75,15.875,219900,3.588848
1988-10-14,16.0,16.0,15.75,15.75,152600,3.560589
1988-10-17,15.75,15.875,15.75,15.875,118800,3.588848
1988-10-18,15.875,16.0,15.75,16.0,315700,3.617106
1988-10-19,16.0,16.0,15.75,15.875,215600,3.588848
1988-10-20,15.875,16.125,15.75,16.125,216500,3.645365
1988-10-21,16.0,16.125,15.875,16.125,213200,3.645365
1988-10-24,16.0,16.125,16.0,16.125,190200,3.645365
1988-10-25,16.0,16.125,16.0,16.0,162700,3.617106
1988-10-26,16.125,16.375,16.0,16.375,556500,3.701882
1988-10-27,16.25,16.5,16.125,16.25,372200,3.673624
1988-10-28,16.375,16.5,16.25,16.375,285500,3.701882
1988-10-31,16.25,16.625,16.25,16.625,240400,3.7584
1988-11-01,16.5,16.75,16.5,16.75,366100,3.786658
1988-11-02,16.625,16.75,16.625,16.625,237900,3.7584
1988-11-03,16.625,16.75,16.5,16.625,220300,3.7584
1988-11-04,16.625,16.75,16.5,16.75,256200,3.786658
1988-11-07,16.5,16.625,16.375,16.5,155000,3.730141
1988-11-08,16.5,16.625,16.375,16.5,100500,3.730141
1988-11-09,16.5,16.625,16.5,16.5,316400,3.730141
1988-11-10,16.625,16.625,16.5,16.5,76500,3.730141
1988-11-11,16.5,16.625,16.375,16.5,145900,3.730141
1988-11-14,16.5,16.5,16.25,16.375,352400,3.701882
1988-11-15,16.375,16.5,16.25,16.5,237300,3.730141
1988-11-16,16.375,16.5,16.25,16.375,150300,3.701882
1988-11-17,16.25,16.375,16.125,16.25,120300,3.673624
1988-11-18,16.25,16.375,16.0,16.0,147000,3.617106
1988-11-21,16.0,16.0,15.75,15.875,179700,3.588848
1988-11-22,15.75,16.0,15.75,16.0,136000,3.617106
1988-11-23,16.0,16.125,15.875,16.0,55600,3.617106
1988-11-25,16.0,16.0,15.875,15.875,86900,3.588848
1988-11-28,15.875,16.0,15.875,16.0,74000,3.617106
1988-11-29,15.875,16.125,15.875,16.0,111600,3.617106
1988-11-30,16.0,16.375,16.0,16.375,216800,3.701882
1988-12-01,16.375,16.375,16.125,16.25,118900,3.673624
1988-12-02,16.125,16.375,16.125,16.25,95100,3.673624
1988-12-05,16.375,16.5,16.25,16.375,184900,3.701882
1988-12-06,16.25,16.5,16.25,16.5,121800,3.730141
1988-12-07,16.5,16.625,16.375,16.625,184000,3.7584
1988-12-08,16.5,16.625,16.5,16.5,129600,3.730141
1988-12-09,16.625,16.625,16.5,16.5,86800,3.730141
1988-12-12,16.625,16.75,16.5,16.625,264200,3.7584
1988-12-13,16.625,16.875,16.625,16.875,4867900,3.814917
1988-12-14,16.25,16.375,16.0,16.25,1517600,3.76739
1988-12-15,16.25,16.25,16.125,16.25,1117100,3.76739
1988-12-16,16.125,16.25,16.125,16.25,275700,3.76739
1988-12-19,16.0,16.25,16.0,16.125,396100,3.73841
1988-12-20,16.25,16.25,16.125,16.25,95300,3.76739
1988-12-21,16.0,16.25,16.0,16.0,83400,3.70943
1988-12-22,17.0,17.375,16.875,17.125,1555800,3.970249
1988-12-23,17.125,17.375,17.125,17.25,539600,3.999229
1988-12-27,17.375,17.5,17.25,17.25,305100,3.999229
1988-12-28,17.375,17.375,17.25,17.375,193200,4.028209
1988-12-29,17.375,17.5,17.25,17.375,494400,4.028209
1988-12-30,17.375,17.5,17.375,17.375,253800,4.028209
1989-01-03,17.5,17.5,17.375,17.375,259000,4.028209
1989-01-04,17.375,17.625,17.375,17.5,529400,4.057189
1989-01-05,17.5,17.75,17.5,17.5,1107500,4.057189
1989-01-06,17.75,17.875,17.625,17.75,350600,4.115149
1989-01-09,17.875,18.25,17.75,18.0,569900,4.173109
1989-01-10,18.0,18.125,17.875,17.875,185200,4.144129
1989-01-11,17.875,18.0,17.75,17.875,331100,4.144129
1989-01-12,17.75,17.875,17.75,17.75,233500,4.115149
1989-01-13,17.75,17.875,17.625,17.75,195500,4.115149
1989-01-16,17.75,17.75,17.625,17.625,181000,4.086169
1989-01-17,17.75,17.875,17.625,17.75,302300,4.115149
1989-01-18,17.75,18.0,17.625,18.0,223200,4.173109
1989-01-19,17.875,18.0,17.75,18.0,235300,4.173109
1989-01-20,17.875,18.0,17.75,17.875,172100,4.144129
1989-01-23,17.875,18.0,17.75,18.0,165400,4.173109
1989-01-24,17.75,18.0,17.75,18.0,182300,4.173109
1989-01-25,18.0,18.0,17.875,17.875,589600,4.144129
1989-01-26,18.0,18.125,17.875,18.0,851100,4.173109
1989-01-27,18.125,18.25,18.0,18.0,240900,4.173109
1989-01-30,18.0,18.25,17.875,18.25,406900,4.231069
1989-01-31,18.25,18.25,18.0,18.25,181600,4.231069
1989-02-01,18.25,18.25,18.125,18.125,128000,4.202089
1989-02-02,18.125,18.25,18.0,18.125,240400,4.202089
1989-02-03,18.125,18.25,18.0,18.125,133400,4.202089
1989-02-06,18.25,18.25,18.125,18.25,152100,4.231069
1989-02-07,18.125,18.5,18.125,18.5,232100,4.289028
1989-02-08,18.375,18.5,18.25,18.25,274500,4.231069
1989-02-09,18.25,18.5,18.125,18.125,210500,4.202089
1989-02-10,18.0,18.125,17.875,17.875,405900,4.144129
1989-02-13,17.875,17.875,17.75,17.875,301000,4.144129
1989-02-14,18.0,18.125,17.75,17.875,124900,4.144129
1989-02-15,18.0,18.0,17.875,18.0,138700,4.173109
1989-02-16,18.125,18.125,18.0,18.0,115200,4.173109
1989-02-17,18.125,18.125,18.0,18.0,99200,4.173109
1989-02-21,18.0,18.125,18.0,18.0,907500,4.173109
1989-02-22,17.875,18.0,17.75,17.75,411000,4.115149
1989-02-23,17.75,17.875,17.75,17.875,87900,4.144129
1989-02-24,17.875,17.875,17.75,17.75,161100,4.115149
1989-02-27,17.625,17.75,17.625,17.75,131200,4.115149
1989-02-28,17.75,17.875,17.625,17.75,190500,4.115149
1989-03-01,17.625,17.75,17.625,17.625,138400,4.086169
1989-03-02,17.75,17.75,17.5,17.625,187300,4.086169
1989-03-03,17.625,17.75,17.625,17.75,144100,4.115149
1989-03-06,17.875,18.0,17.75,18.0,623500,4.173109
1989-03-07,17.875,18.0,17.875,17.875,80800,4.144129
1989-03-08,17.875,18.0,17.875,17.875,102800,4.144129
1989-03-09,17.875,18.25,17.875,18.125,1392400,4.202089
1989-03-10,17.875,17.875,17.125,17.625,172600,4.183102
1989-03-13,17.625,17.75,17.375,17.625,535100,4.183102
1989-03-14,17.75,17.875,17.625,17.75,666500,4.212769
1989-03-15,17.625,17.75,17.625,17.625,235700,4.183102
1989-03-16,17.75,17.875,17.625,17.75,403400,4.212769
1989-03-17,17.625,17.75,17.5,17.5,258400,4.153434
1989-03-20,17.5,17.75,17.5,17.75,254100,4.212769
1989-03-21,17.75,17.875,17.625,17.75,126500,4.212769
1989-03-22,17.875,18.0,17.75,17.75,151400,4.212769
1989-03-23,17.75,17.875,17.75,17.75,190100,4.212769
1989-03-27,17.75,17.875,17.75,17.875,137300,4.242436
1989-03-28,17.875,17.875,17.625,17.875,242500,4.242436
1989-03-29,17.875,17.875,17.75,17.875,107000,4.242436
1989-03-30,17.75,17.875,17.625,17.625,195100,4.183102
1989-03-31,17.625,17.875,17.625,17.875,200900,4.242436
1989-04-03,17.875,17.875,17.625,17.75,124500,4.212769
1989-04-04,17.625,17.75,17.625,17.625,40700,4.183102
1989-04-05,17.75,18.25,17.625,18.125,656600,4.301771
1989-04-06,18.125,18.5,18.125,18.5,288100,4.390773
1989-04-07,18.375,18.75,18.25,18.625,534400,4.420441
1989-04-10,18.625,18.625,18.25,18.375,168000,4.361106
1989-04-11,18.375,18.5,18.25,18.25,138400,4.331438
1989-04-12,18.375,18.5,18.25,18.375,151700,4.361106
1989-04-13,18.5,18.5,18.25,18.25,75200,4.331438
1989-04-14,18.375,18.5,18.25,18.5,132400,4.390773
1989-04-17,18.5,18.5,18.25,18.5,210100,4.390773
1989-04-18,18.5,18.75,18.375,18.625,318900,4.420441
1989-04-19,18.625,18.75,18.5,18.625,127000,4.420441
1989-04-20,18.5,18.625,18.5,18.5,73300,4.390773
1989-04-21,18.625,18.75,18.5,18.625,130900,4.420441
1989-04-24,18.625,18.625,18.5,18.625,167800,4.420441
1989-04-25,18.625,18.875,18.5,18.625,417700,4.420441
1989-04-26,18.75,18.75,18.625,18.75,204300,4.450108
1989-04-27,18.625,18.875,18.625,18.875,966500,4.479775
1989-04-28,18.75,19.0,18.75,18.875,188900,4.479775
1989-05-01,19.0,19.0,18.875,19.0,722100,4.509443
1989-05-02,18.875,19.5,18.875,19.5,435900,4.628112
1989-05-03,19.5,19.75,19.375,19.75,293700,4.687447
1989-05-04,19.75,19.75,19.5,19.5,402800,4.628112
1989-05-05,19.625,19.75,19.5,19.5,184500,4.628112
1989-05-08,19.5,19.625,19.375,19.375,127100,4.598445
1989-05-09,19.375,19.5,19.25,19.25,93000,4.568778
1989-05-10,19.25,19.375,19.125,19.25,132800,4.568778
1989-05-11,19.25,19.375,19.25,19.25,159200,4.568778
1989-05-12,19.625,19.875,19.375,19.75,638500,4.687447
1989-05-15,19.75,19.75,19.5,19.75,306500,4.687447
1989-05-16,19.75,19.875,19.625,19.875,388100,4.717114
1989-05-17,19.875,20.0,19.75,20.0,133700,4.746782
1989-05-18,19.875,20.0,19.75,19.75,233700,4.687447
1989-05-19,19.875,20.0,19.75,20.0,311400,4.746782
1989-05-22,20.0,20.0,19.625,19.625,311300,4.65778
1989-05-23,19.75,19.875,19.625,19.75,546200,4.687447
1989-05-24,19.75,20.0,19.75,20.0,1276600,4.746782
1989-05-25,20.0,20.25,19.875,20.0,245700,4.746782
1989-05-26,19.875,20.0,19.875,19.875,163400,4.717114
1989-05-30,20.0,20.0,19.75,19.75,156000,4.687447
1989-05-31,19.875,19.875,19.75,19.875,182200,4.717114
1989-06-01,19.875,19.875,19.75,19.75,125300,4.687447
1989-06-02,19.875,20.25,19.875,20.25,586600,4.806117
1989-06-05,20.125,20.375,20.125,20.25,208900,4.806117
1989-06-06,20.375,20.75,20.25,20.625,516200,4.895119
1989-06-07,20.625,21.0,20.625,21.0,476000,4.984121
1989-06-08,21.0,21.125,20.875,21.0,387000,4.984121
1989-06-09,20.5,20.75,20.5,20.625,254700,4.995019
1989-06-12,20.75,20.75,20.5,20.75,602800,5.025292
1989-06-13,20.75,20.75,20.5,20.75,468700,5.025292
1989-06-14,20.75,20.875,20.75,20.875,278600,5.055565
1989-06-15,20.875,20.875,20.75,20.75,133200,5.025292
1989-06-16,20.75,20.875,20.75,20.875,472200,5.055565
1989-06-19,20.875,20.875,20.625,20.875,194400,5.055565
1989-06-20,20.75,20.875,20.75,20.75,136300,5.025292
1989-06-21,20.75,20.875,20.625,20.875,250200,5.055565
1989-06-22,20.75,21.125,20.625,21.125,453300,5.116111
1989-06-23,21.125,21.375,21.0,21.375,242400,5.176656
1989-06-26,21.25,21.375,21.125,21.375,328500,5.176656
1989-06-27,21.25,21.375,21.25,21.25,147200,5.146383
1989-06-28,21.25,21.25,21.125,21.25,96500,5.146383
1989-06-29,21.125,21.125,20.75,20.875,306800,5.055565
1989-06-30,20.75,20.75,20.375,20.75,222800,5.025292
1989-07-03,20.75,20.75,20.625,20.75,47700,5.025292
1989-07-05,20.75,21.0,20.625,20.875,230700,5.055565
1989-07-06,20.875,21.0,20.75,21.0,230700,5.085838
1989-07-07,21.0,21.125,20.875,21.125,179200,5.116111
1989-07-10,21.0,21.25,21.0,21.125,844200,5.116111
1989-07-11,21.25,21.25,21.125,21.25,452300,5.146383
1989-07-12,21.125,21.25,20.875,21.125,529500,5.116111
1989-07-13,21.0,21.25,21.0,21.25,277000,5.146383
1989-07-14,21.25,21.25,21.0,21.125,279300,5.116111
1989-07-17,20.875,21.0,20.875,21.0,131500,5.085838
1989-07-18,20.875,21.0,20.75,21.0,149700,5.085838
1989-07-19,20.875,21.125,20.875,21.125,173700,5.116111
1989-07-20,21.125,21.125,20.875,20.875,160700,5.055565
1989-07-21,20.875,21.0,20.75,20.875,205600,5.055565
1989-07-24,20.875,20.875,20.625,20.875,139700,5.055565
1989-07-25,20.75,21.0,20.75,21.0,333600,5.085838
1989-07-26,21.0,21.125,20.875,21.125,214800,5.116111
1989-07-27,21.0,21.125,20.875,21.125,219600,5.116111
1989-07-28,21.125,21.375,21.0,21.375,112600,5.176656
1989-07-31,21.25,21.5,21.25,21.5,145300,5.206929
1989-08-01,21.5,21.625,21.375,21.5,211100,5.206929
1989-08-02,21.5,21.5,21.0,21.25,471900,5.146383
1989-08-03,21.125,21.25,21.125,21.25,61900,5.146383
1989-08-04,21.25,21.25,20.875,20.875,363500,5.055565
1989-08-07,21.125,21.875,21.0,21.75,578800,5.267475
1989-08-08,21.75,21.875,21.375,21.625,186600,5.237202
1989-08-09,21.375,21.75,21.25,21.75,338800,5.267475
1989-08-10,21.625,21.75,21.375,21.75,160200,5.267475
1989-08-11,21.75,22.125,21.75,21.75,819700,5.267475
1989-08-14,21.625,21.75,21.25,21.375,128100,5.176656
1989-08-15,21.5,21.625,21.375,21.625,77800,5.237202
1989-08-16,21.5,22.0,21.375,22.0,418900,5.32802
1989-08-17,22.0,22.0,21.625,21.875,73500,5.297748
1989-08-18,21.75,21.75,21.5,21.625,133000,5.237202
1989-08-21,21.75,21.75,21.25,21.375,100500,5.176656
1989-08-22,21.25,21.375,21.0,21.0,169200,5.085838
1989-08-23,21.125,21.5,21.0,21.5,143000,5.206929
1989-08-24,21.5,21.75,21.5,21.75,172300,5.267475
1989-08-25,21.5,21.75,21.375,21.5,183500,5.206929
1989-08-28,21.5,21.625,21.25,21.625,160300,5.237202
1989-08-29,21.5,21.625,21.375,21.5,98500,5.206929
1989-08-30,21.5,21.625,21.375,21.5,140400,5.206929
1989-08-31,21.5,21.75,21.5,21.75,104000,5.267475
1989-09-01,21.625,21.875,21.625,21.75,230900,5.267475
1989-09-05,21.875,21.875,21.625,21.625,112400,5.237202
1989-09-06,21.75,21.75,21.5,21.5,224100,5.206929
1989-09-07,21.625,21.75,21.5,21.625,168400,5.237202
1989-09-08,21.625,21.875,21.5,21.875,742200,5.297748
1989-09-11,21.875,21.875,21.625,21.875,114700,5.297748
1989-09-12,21.875,22.25,21.75,22.25,1109500,5.388566
1989-09-13,22.125,22.25,22.0,22.0,810200,5.32802
1989-09-14,21.625,21.625,21.375,21.375,393200,5.277407
1989-09-15,21.375,21.5,21.25,21.5,578800,5.308269
1989-09-18,21.375,21.5,21.25,21.5,139300,5.308269
1989-09-19,21.375,21.5,21.25,21.375,872900,5.277407
1989-09-20,21.625,21.875,21.625,21.75,454500,5.369993
1989-09-21,21.875,21.875,21.625,21.625,169100,5.339131
1989-09-22,21.75,21.875,21.625,21.75,512900,5.369993
1989-09-25,21.75,22.125,21.75,22.0,461500,5.431717
1989-09-26,22.125,22.5,22.125,22.25,769400,5.493441
1989-09-27,22.375,22.375,22.125,22.25,224900,5.493441
1989-09-28,22.375,22.375,22.25,22.25,163800,5.493441
1989-09-29,22.25,22.625,22.25,22.625,952000,5.586027
1989-10-02,22.625,23.125,22.5,23.125,319400,5.709475
1989-10-03,23.0,23.5,23.0,23.375,462300,5.771199
1989-10-04,23.25,23.375,23.25,23.25,456400,5.740337
1989-10-05,23.375,23.375,23.25,23.375,247400,5.771199
1989-10-06,23.375,23.5,23.25,23.5,335200,5.802061
1989-10-09,23.5,23.5,23.25,23.375,328600,5.771199
1989-10-10,23.5,23.5,23.25,23.25,168600,5.740337
1989-10-11,23.375,23.375,23.25,23.375,424700,5.771199
1989-10-12,23.5,24.0,23.375,23.875,441500,5.894647
1989-10-13,23.75,24.375,23.375,23.5,510600,5.802061
1989-10-16,23.25,23.375,22.125,23.375,1093400,5.771199
1989-10-17,23.125,23.25,22.75,23.125,458200,5.709475
1989-10-18,23.0,23.125,22.875,23.0,96700,5.678613
1989-10-19,23.0,23.375,23.0,23.25,417100,5.740337
1989-10-20,23.25,23.375,23.125,23.25,181600,5.740337
1989-10-23,23.25,23.375,23.0,23.0,223500,5.678613
1989-10-24,23.125,23.125,22.875,23.125,219300,5.709475
1989-10-25,23.125,23.25,23.0,23.25,230900,5.740337
1989-10-26,23.5,23.625,23.25,23.625,338100,5.832923
1989-10-27,23.75,23.75,23.375,23.5,300700,5.802061
1989-10-30,23.375,23.875,23.375,23.875,351500,5.894647
1989-10-31,23.875,24.125,23.75,24.125,1015600,5.956371
1989-11-01,24.0,24.375,24.0,24.375,211400,6.018095
1989-11-02,24.25,24.5,24.25,24.25,168400,5.987233
1989-11-03,24.25,24.375,24.0,24.125,170400,5.956371
1989-11-06,24.0,24.375,24.0,24.125,411200,5.956371
1989-11-07,24.0,24.25,23.875,24.125,269200,5.956371
1989-11-08,24.125,24.5,24.125,24.5,281000,6.048957
1989-11-09,24.5,24.75,24.25,24.625,233500,6.079819
1989-11-10,24.625,25.0,24.5,24.875,595600,6.141544
1989-11-13,24.75,25.0,24.75,24.875,340400,6.141544
1989-11-14,24.875,25.0,24.625,24.75,203000,6.110682
1989-11-15,24.75,24.75,24.5,24.75,217900,6.110682
1989-11-16,24.75,25.0,24.75,25.0,342600,6.172406
1989-11-17,24.875,25.0,24.75,24.875,139400,6.141544
1989-11-20,24.875,25.0,24.75,24.75,146100,6.110682
1989-11-21,24.75,25.0,24.75,24.875,106600,6.141544
1989-11-22,24.875,25.0,24.75,25.0,95000,6.172406
1989-11-24,24.875,25.0,24.875,24.875,61400,6.141544
1989-11-27,25.0,25.125,24.75,24.875,346600,6.141544
1989-11-28,24.875,24.875,24.75,24.75,384900,6.110682
1989-11-29,24.75,24.875,24.625,24.75,327700,6.110682
1989-11-30,24.875,25.0,24.75,25.0,251300,6.172406
1989-12-01,24.875,25.25,24.75,25.125,612900,6.203268
1989-12-04,25.0,25.125,25.0,25.125,250300,6.203268
1989-12-05,25.125,25.25,25.0,25.25,199700,6.23413
1989-12-06,25.125,25.5,25.125,25.375,748300,6.264992
1989-12-07,25.5,25.625,25.25,25.375,594500,6.264992
1989-12-08,25.5,25.5,25.25,25.5,325600,6.295854
1989-12-11,25.375,25.5,25.375,25.5,165100,6.295854
1989-12-12,25.375,25.875,25.375,25.875,1024200,6.38844
1989-12-13,25.25,25.625,25.25,25.5,395900,6.399734
1989-12-14,25.5,25.625,25.5,25.625,181200,6.431105
1989-12-15,25.625,25.625,25.375,25.5,472600,6.399734
1989-12-18,25.625,25.75,25.125,25.125,638000,6.30562
1989-12-19,25.25,25.375,24.75,25.375,309400,6.368362
1989-12-20,25.375,25.625,25.375,25.5,310100,6.399734
1989-12-21,25.5,25.625,25.25,25.375,184100,6.368362
1989-12-22,25.375,25.625,25.25,25.375,374000,6.368362
1989-12-26,25.125,25.25,25.0,25.125,126800,6.30562
1989-12-27,25.125,25.25,25.0,25.25,134200,6.336991
1989-12-28,25.25,25.5,25.125,25.375,139500,6.368362
1989-12-29,25.25,25.375,25.125,25.375,160000,6.368362
1990-01-02,25.375,25.625,25.25,25.625,284000,6.431105
1990-01-03,25.5,25.625,25.375,25.5,497500,6.399734
1990-01-04,25.5,25.5,24.5,25.0,232000,6.274249
1990-01-05,24.75,25.0,24.625,24.875,397300,6.242877
1990-01-08,24.75,25.0,24.5,24.75,224900,6.211506
1990-01-09,24.875,25.0,24.75,25.0,169500,6.274249
1990-01-10,25.0,25.0,24.75,24.875,230600,6.242877
1990-01-11,24.875,24.875,24.75,24.875,167100,6.242877
1990-01-12,24.75,24.75,24.0,24.25,709000,6.086021
1990-01-15,24.125,24.25,23.875,24.0,237300,6.023279
1990-01-16,23.875,24.0,23.75,24.0,179400,6.023279
1990-01-17,24.0,24.125,23.875,24.125,223800,6.05465
1990-01-18,23.875,24.125,23.75,23.875,303200,5.991907
1990-01-19,24.125,24.25,23.875,24.125,313000,6.05465
1990-01-22,24.125,24.375,23.875,23.875,115000,5.991907
1990-01-23,24.0,24.375,23.875,24.25,153400,6.086021
1990-01-24,23.75,23.875,23.5,23.75,157800,5.960536
1990-01-25,23.875,24.0,23.75,23.75,285300,5.960536
1990-01-26,23.75,24.0,23.75,23.875,484600,5.991907
1990-01-29,23.875,24.0,23.75,23.875,121400,5.991907
1990-01-30,23.875,24.0,23.75,23.875,287400,5.991907
1990-01-31,24.0,24.75,23.875,24.75,340100,6.211506
1990-02-01,24.625,25.125,24.625,25.125,281600,6.30562
1990-02-02,25.0,25.25,24.875,25.0,211900,6.274249
1990-02-05,25.0,25.0,24.875,24.875,152200,6.242877
1990-02-06,24.875,25.125,24.875,25.0,174700,6.274249
1990-02-07,25.0,25.25,25.0,25.25,137700,6.336991
1990-02-08,25.125,25.25,25.0,25.0,121500,6.274249
1990-02-09,25.0,25.375,25.0,25.375,368900,6.368362
1990-02-12,25.25,25.375,25.125,25.125,83900,6.30562
1990-02-13,25.125,25.5,25.125,25.375,453400,6.368362
1990-02-14,25.5,25.5,25.125,25.375,183100,6.368362
1990-02-15,25.5,25.625,25.375,25.625,210200,6.431105
1990-02-16,25.5,25.625,25.375,25.5,146100,6.399734
1990-02-20,25.25,25.375,25.125,25.25,148700,6.336991
1990-02-21,25.0,25.25,25.0,25.125,515700,6.30562
1990-02-22,25.125,25.375,25.125,25.125,694700,6.30562
1990-02-23,25.0,25.25,25.0,25.25,544300,6.336991
1990-02-26,25.25,25.5,25.125,25.5,144700,6.399734
1990-02-27,25.375,25.5,25.25,25.375,140100,6.368362
1990-02-28,25.5,25.625,25.375,25.375,150800,6.368362
1990-03-01,25.375,25.625,25.375,25.625,201700,6.431105
1990-03-02,25.625,25.875,25.5,25.75,797900,6.462476
1990-03-05,25.75,26.0,25.75,26.0,367000,6.525219
1990-03-06,25.875,26.125,25.875,26.0,291700,6.525219
1990-03-07,26.0,26.125,25.875,26.0,151100,6.525219
1990-03-08,26.0,26.125,25.75,25.875,748300,6.493847
1990-03-09,25.375,25.5,25.375,25.5,1081400,6.511722
1990-03-12,25.375,25.5,25.375,25.5,887800,6.511722
1990-03-13,25.375,25.5,25.125,25.25,418600,6.447882
1990-03-14,25.25,25.375,25.25,25.375,124900,6.479802
1990-03-15,25.25,25.375,25.125,25.25,627600,6.447882
1990-03-16,25.25,25.25,25.125,25.25,297200,6.447882
1990-03-19,25.125,25.375,25.0,25.375,228700,6.479802
1990-03-20,25.25,25.5,25.125,25.375,297200,6.479802
1990-03-21,25.375,25.375,25.0,25.0,94300,6.384041
1990-03-22,25.0,25.125,24.625,24.75,197600,6.320201
1990-03-23,24.875,24.875,24.625,24.75,139700,6.320201
1990-03-26,24.875,24.875,24.75,24.75,151900,6.320201
1990-03-27,24.75,24.875,24.625,24.875,80300,6.352121
1990-03-28,24.75,25.0,24.75,25.0,154100,6.384041
1990-03-29,25.0,25.0,24.75,25.0,111700,6.384041
1990-03-30,24.875,25.125,24.75,25.125,225200,6.415961
1990-04-02,25.0,25.125,24.75,24.875,75600,6.352121
1990-04-03,25.0,25.25,24.875,25.125,132100,6.415961
1990-04-04,25.125,25.25,25.0,25.125,68800,6.415961
1990-04-05,25.125,25.25,25.0,25.125,176600,6.415961
1990-04-06,25.375,25.375,25.25,25.375,196700,6.479802
1990-04-09,25.375,25.375,25.25,25.375,286700,6.479802
1990-04-10,25.25,25.375,25.125,25.125,103400,6.415961
1990-04-11,25.125,25.375,25.125,25.25,116200,6.447882
1990-04-12,25.25,25.375,25.25,25.25,120500,6.447882
1990-04-16,25.375,25.5,25.25,25.375,261500,6.479802
1990-04-17,25.375,25.5,25.25,25.375,163700,6.479802
1990-04-18,25.375,25.5,25.25,25.25,141900,6.447882
1990-04-19,25.25,25.375,25.125,25.25,207300,6.447882
1990-04-20,25.25,25.25,24.875,24.875,266900,6.352121
1990-04-23,24.875,25.25,24.625,24.875,367200,6.352121
1990-04-24,24.75,25.125,24.75,24.875,503900,6.352121
1990-04-25,25.125,25.125,24.875,24.875,312500,6.352121
1990-04-26,25.0,25.0,24.75,24.875,106100,6.352121
1990-04-27,25.0,25.0,24.75,24.75,90200,6.320201
1990-04-30,24.75,24.875,24.625,24.625,139000,6.288281
1990-05-01,24.625,24.75,24.5,24.75,116800,6.320201
1990-05-02,24.75,25.0,24.625,25.0,273900,6.384041
1990-05-03,24.875,25.125,24.875,25.125,93000,6.415961
1990-05-04,25.125,25.5,25.125,25.375,218700,6.479802
1990-05-07,25.5,25.625,25.375,25.625,116300,6.543642
1990-05-08,25.625,26.125,25.625,26.125,224100,6.671323
1990-05-09,26.125,26.75,26.125,26.375,757500,6.735163
1990-05-10,26.375,26.875,26.375,26.75,212000,6.830924
1990-05-11,26.875,27.25,26.875,27.25,242100,6.958605
1990-05-14,27.25,27.375,26.625,26.75,400500,6.830924
1990-05-15,26.75,26.875,26.5,26.75,158000,6.830924
1990-05-16,26.75,26.875,26.625,26.875,149100,6.862844
1990-05-17,26.875,27.0,26.75,26.875,139000,6.862844
1990-05-18,26.75,26.875,26.625,26.75,216800,6.830924
1990-05-21,26.625,27.0,26.625,27.0,173100,6.894764
1990-05-22,27.125,27.25,26.875,27.0,175400,6.894764
1990-05-23,27.0,27.25,26.875,27.125,184400,6.926685
1990-05-24,27.0,27.25,27.0,27.0,205100,6.894764
1990-05-25,27.0,27.125,27.0,27.0,55700,6.894764
1990-05-29,27.0,27.125,27.0,27.125,83400,6.926685
1990-05-30,27.125,27.125,26.75,26.75,402900,6.830924
1990-05-31,26.75,27.0,26.5,26.625,585800,6.799004
1990-06-01,26.625,26.75,26.5,26.75,498300,6.830924
1990-06-04,27.0,27.5,27.0,27.375,437700,6.990525
1990-06-05,27.625,27.625,27.25,27.375,209300,6.990525
1990-06-06,27.25,27.375,27.125,27.125,111800,6.926685
1990-06-07,27.375,27.375,27.0,27.25,208000,6.958605
1990-06-08,27.125,27.25,26.625,26.875,368800,6.862844
1990-06-11,26.875,27.125,26.875,27.125,248500,6.926685
1990-06-12,27.125,27.125,27.0,27.0,489700,6.894764
1990-06-13,26.625,26.875,26.5,26.75,2206400,6.945395
1990-06-14,26.625,26.75,26.625,26.625,644200,6.91294
1990-06-15,26.625,26.625,26.25,26.5,397100,6.880485
1990-06-18,26.5,26.5,25.75,26.0,260200,6.750664
1990-06-19,26.125,26.25,26.0,26.25,158400,6.815574
1990-06-20,26.25,26.25,26.0,26.25,160500,6.815574
1990-06-21,26.125,26.375,26.0,26.25,226200,6.815574
1990-06-22,26.25,26.625,26.125,26.25,229900,6.815574
1990-06-25,26.125,26.25,25.875,25.875,83400,6.718209
1990-06-26,26.0,26.0,25.75,25.75,1147300,6.685754
1990-06-27,25.75,25.875,25.625,25.75,127200,6.685754
1990-06-28,25.75,25.875,25.75,25.75,39300,6.685754
1990-06-29,25.875,26.125,25.75,26.125,385900,6.783119
1990-07-02,26.125,26.25,26.0,26.125,155400,6.783119
1990-07-03,26.25,26.375,26.0,26.25,233000,6.815574
1990-07-05,26.125,26.125,25.75,25.875,331200,6.718209
1990-07-06,25.875,26.0,25.75,26.0,400200,6.750664
1990-07-09,26.0,26.125,26.0,26.125,88900,6.783119
1990-07-10,26.125,26.25,26.0,26.125,549300,6.783119
1990-07-11,26.25,26.5,26.125,26.375,339400,6.84803
1990-07-12,26.25,26.5,26.125,26.5,250300,6.880485
1990-07-13,26.5,26.75,26.375,26.375,314500,6.84803
1990-07-16,26.375,26.5,26.25,26.5,136100,6.880485
1990-07-17,26.625,26.75,26.5,26.625,162100,6.91294
1990-07-18,26.5,26.5,26.375,26.5,117500,6.880485
1990-07-19,26.5,26.625,26.375,26.625,126500,6.91294
1990-07-20,26.5,26.625,26.5,26.5,208700,6.880485
1990-07-23,26.5,26.625,26.25,26.375,144000,6.84803
1990-07-24,26.625,26.875,26.5,26.75,287200,6.945395
1990-07-25,26.875,27.5,26.75,27.5,285700,7.140126
1990-07-26,27.5,27.875,27.5,27.875,197400,7.237491
1990-07-27,27.75,27.875,27.5,27.875,164900,7.237491
1990-07-30,27.875,27.875,27.625,27.875,297000,7.237491
1990-07-31,27.875,28.75,27.875,28.75,448700,7.464677
1990-08-01,28.625,29.625,28.625,29.625,980600,7.691863
1990-08-02,29.125,29.5,29.125,29.375,850900,7.626952
1990-08-03,29.25,29.25,28.625,28.75,311100,7.464677
1990-08-06,28.5,28.5,27.5,27.75,606300,7.205036
1990-08-07,27.875,28.125,27.5,27.5,615700,7.140126
1990-08-08,27.625,28.125,27.625,28.125,271700,7.302401
1990-08-09,28.0,28.375,28.0,28.25,345800,7.334856
1990-08-10,28.125,29.0,28.125,28.625,568100,7.432222
1990-08-13,28.5,29.0,28.375,28.875,193400,7.497132
1990-08-14,28.875,29.0,28.75,28.875,79500,7.497132
1990-08-15,28.75,28.875,28.625,28.75,243700,7.464677
1990-08-16,28.75,28.875,28.5,28.75,198400,7.464677
1990-08-17,28.5,28.5,28.0,28.25,198800,7.334856
1990-08-20,28.0,28.5,27.875,28.5,295700,7.399767
1990-08-21,28.5,28.625,28.0,28.375,805100,7.367311
1990-08-22,28.25,28.375,27.875,28.0,462000,7.269946
1990-08-23,27.0,27.125,26.25,26.25,339300,6.815574
1990-08-24,26.375,26.375,25.625,26.125,341100,6.783119
1990-08-27,26.5,26.875,26.5,26.75,185800,6.945395
1990-08-28,26.75,27.0,26.75,26.875,208000,6.97785
1990-08-29,26.875,27.25,26.875,27.25,293300,7.075215
1990-08-30,27.25,27.25,26.75,26.75,250100,6.945395
1990-08-31,26.75,27.125,26.75,27.125,133100,7.04276
1990-09-04,27.0,27.375,26.875,27.375,360900,7.107671
1990-09-05,27.25,27.5,27.125,27.5,189400,7.140126
1990-09-06,27.375,27.625,27.375,27.5,380800,7.140126
1990-09-07,27.5,27.625,27.375,27.5,62000,7.140126
1990-09-10,27.625,27.625,27.5,27.625,297000,7.172581
1990-09-11,27.75,27.875,27.625,27.875,155100,7.237491
1990-09-12,27.875,28.0,27.75,28.0,601400,7.269946
1990-09-13,28.0,28.0,27.75,27.75,825200,7.205036
1990-09-14,27.125,27.25,26.875,27.125,606400,7.157538
1990-09-17,27.0,27.0,26.75,26.875,224100,7.09157
1990-09-18,26.625,26.75,26.375,26.5,168300,6.992618
1990-09-19,26.5,26.625,26.375,26.5,210400,6.992618
1990-09-20,26.375,26.625,26.375,26.5,153600,6.992618
1990-09-21,26.625,26.75,26.375,26.75,329000,7.058586
1990-09-24,26.625,26.75,26.5,26.5,333000,6.992618
1990-09-25,26.5,26.625,26.375,26.5,170700,6.992618
1990-09-26,26.75,26.875,26.5,26.875,220300,7.09157
1990-09-27,27.0,27.0,26.625,26.75,323000,7.058586
1990-09-28,26.625,26.875,26.25,26.75,393100,7.058586
1990-10-01,27.0,28.25,27.0,28.125,262500,7.421411
1990-10-02,28.375,28.625,28.125,28.125,218800,7.421411
1990-10-03,28.375,28.625,28.0,28.125,139900,7.421411
1990-10-04,28.125,28.625,28.0,28.625,152100,7.553347
1990-10-05,28.375,28.75,28.375,28.625,176400,7.553347
1990-10-08,28.5,29.0,28.5,28.875,89100,7.619315
1990-10-09,28.75,28.75,28.625,28.625,67700,7.553347
1990-10-10,28.5,28.625,28.375,28.5,312000,7.520363
1990-10-11,28.5,28.625,28.25,28.5,122400,7.520363
1990-10-12,28.5,29.25,28.5,29.25,376300,7.718267
1990-10-15,29.25,29.5,28.75,29.375,334400,7.751251
1990-10-16,29.375,29.75,29.375,29.75,418300,7.850203
1990-10-17,29.625,29.75,29.25,29.25,388000,7.718267
1990-10-18,29.25,29.5,28.625,28.75,1043900,7.586331
1990-10-19,28.75,28.875,27.875,28.375,301900,7.487379
1990-10-22,28.25,29.0,28.25,29.0,250400,7.652299
1990-10-23,29.125,29.125,28.875,29.0,166700,7.652299
1990-10-24,28.875,29.375,28.875,29.375,249600,7.751251
1990-10-25,29.5,29.5,28.75,28.75,189400,7.586331
1990-10-26,28.75,28.75,28.375,28.375,150900,7.487379
1990-10-29,28.375,28.625,28.25,28.5,147800,7.520363
1990-10-30,28.625,29.25,28.625,29.25,717600,7.718267
1990-10-31,29.25,29.5,29.125,29.125,272600,7.685283
1990-11-01,29.125,29.5,29.125,29.5,441300,7.784235
1990-11-02,29.375,29.625,29.375,29.5,282600,7.784235
1990-11-05,29.375,29.5,29.0,29.375,348000,7.751251
1990-11-06,29.375,29.375,28.75,28.75,184300,7.586331
1990-11-07,28.5,28.75,28.25,28.375,228300,7.487379
1990-11-08,28.5,29.0,28.5,28.75,230600,7.586331
1990-11-09,29.0,29.25,28.875,29.25,182300,7.718267
1990-11-12,29.25,29.5,29.125,29.375,241800,7.751251
1990-11-13,29.5,29.5,28.625,28.75,464100,7.586331
1990-11-14,28.75,28.875,27.75,28.25,412400,7.454395
1990-11-15,28.375,28.625,28.125,28.375,229100,7.487379
1990-11-16,28.375,28.5,28.25,28.5,374300,7.520363
1990-11-19,28.5,28.625,28.375,28.625,130300,7.553347
1990-11-20,28.5,28.625,28.25,28.625,174300,7.553347
1990-11-21,28.375,28.625,28.125,28.625,175000,7.553347
1990-11-23,28.625,28.625,28.5,28.5,77200,7.520363
1990-11-26,28.375,28.625,28.25,28.625,98600,7.553347
1990-11-27,28.625,28.75,28.25,28.75,128200,7.586331
1990-11-28,28.75,29.0,28.75,28.875,316700,7.619315
1990-11-29,28.875,29.0,28.625,28.75,245300,7.586331
1990-11-30,29.125,29.5,28.875,29.5,257900,7.784235
1990-12-03,29.25,29.5,29.25,29.5,105300,7.784235
1990-12-04,29.625,30.0,29.5,29.875,270400,7.883188
1990-12-05,29.875,30.0,29.75,30.0,214400,7.916172
1990-12-06,30.25,30.25,29.5,29.75,469600,7.850203
1990-12-07,29.625,29.625,28.875,29.5,267700,7.784235
1990-12-10,29.5,29.625,29.125,29.5,79700,7.784235
1990-12-11,29.375,29.5,29.25,29.25,484900,7.718267
1990-12-12,29.375,29.75,29.375,29.625,1137200,7.817219
1990-12-13,29.125,29.125,28.625,28.75,374000,7.702024
1990-12-14,28.75,28.75,28.25,28.5,231900,7.63505
1990-12-17,28.375,28.5,28.125,28.375,205200,7.601563
1990-12-18,28.25,28.875,28.25,28.875,252500,7.735512
1990-12-19,28.875,29.125,28.875,29.125,169800,7.802486
1990-12-20,29.0,29.0,28.625,29.0,137300,7.768999
1990-12-21,29.0,29.0,28.25,28.5,429700,7.63505
1990-12-24,28.375,28.375,28.125,28.25,275300,7.568076
1990-12-26,28.375,28.375,28.25,28.375,113800,7.601563
1990-12-27,28.375,28.5,28.125,28.125,110700,7.534589
1990-12-28,27.875,28.125,27.75,28.0,368200,7.501102
1990-12-31,28.0,28.375,28.0,28.25,209500,7.568076
1991-01-02,28.5,28.625,28.25,28.25,197000,7.568076
1991-01-03,28.25,28.375,28.125,28.125,236600,7.534589
1991-01-04,28.125,28.125,27.875,28.125,124800,7.534589
1991-01-07,28.0,28.125,27.75,27.875,126500,7.467615
1991-01-08,27.875,28.5,27.875,28.5,184800,7.63505
1991-01-09,28.625,28.75,28.0,28.0,184200,7.501102
1991-01-10,28.125,28.5,28.125,28.5,105400,7.63505
1991-01-11,28.5,28.5,28.25,28.375,75800,7.601563
1991-01-14,28.25,28.375,28.0,28.125,216100,7.534589
1991-01-15,28.0,28.0,27.875,27.875,199900,7.467615
1991-01-16,28.0,28.125,27.75,27.875,290300,7.467615
1991-01-17,28.25,28.875,28.125,28.375,243600,7.601563
1991-01-18,28.375,29.0,28.375,29.0,197800,7.768999
1991-01-21,28.75,28.875,28.625,28.75,141000,7.702024
1991-01-22,28.75,29.0,28.625,28.75,96100,7.702024
1991-01-23,28.875,28.875,28.5,28.75,158700,7.702024
1991-01-24,28.75,28.875,28.625,28.625,141900,7.668537
1991-01-25,28.75,29.0,28.75,28.875,172300,7.735512
1991-01-28,28.75,28.875,28.625,28.75,136200,7.702024
1991-01-29,28.625,28.625,28.375,28.375,92200,7.601563
1991-01-30,28.375,28.5,28.125,28.25,231900,7.568076
1991-01-31,28.25,28.375,28.0,28.25,700600,7.568076
1991-02-01,28.25,28.5,28.125,28.125,263100,7.534589
1991-02-04,28.125,28.5,28.0,28.5,264700,7.63505
1991-02-05,28.375,29.0,28.375,28.875,481900,7.735512
1991-02-06,28.875,29.125,28.75,28.875,421700,7.735512
1991-02-07,29.0,29.125,28.5,28.75,530500,7.702024
1991-02-08,28.625,29.125,28.625,29.125,217300,7.802486
1991-02-11,29.125,29.5,29.0,29.5,252600,7.902947
1991-02-12,29.375,29.75,29.375,29.375,170900,7.86946
1991-02-13,29.25,29.5,29.125,29.375,372100,7.86946
1991-02-14,29.5,29.875,29.125,29.125,222200,7.802486
1991-02-15,29.125,29.75,29.125,29.75,364100,7.969921
1991-02-19,29.625,29.75,29.625,29.75,171900,7.969921
1991-02-20,29.875,29.875,29.625,29.875,100000,8.003408
1991-02-21,29.75,30.0,29.75,29.875,177800,8.003408
1991-02-22,29.75,30.125,29.75,30.0,177800,8.036895
1991-02-25,30.375,30.5,30.125,30.25,213800,8.103869
1991-02-26,30.125,30.25,29.625,29.625,170900,7.936434
1991-02-27,29.625,29.75,29.5,29.625,172200,7.936434
1991-02-28,29.5,29.625,29.125,29.375,119800,7.86946
1991-03-01,29.375,29.5,29.0,29.25,119900,7.835973
1991-03-04,29.125,29.25,28.75,28.75,188200,7.702024
1991-03-05,28.625,29.125,28.625,28.875,182100,7.735512
1991-03-06,28.75,29.25,28.375,28.5,785100,7.63505
1991-03-07,28.5,28.625,28.375,28.375,176900,7.601563
1991-03-08,28.25,28.25,27.75,28.0,661700,7.501102
1991-03-11,28.25,28.625,28.25,28.625,762300,7.668537
1991-03-12,28.5,29.125,28.5,29.125,311500,7.802486
1991-03-13,28.5,28.625,28.0,28.125,453300,7.658171
1991-03-14,28.125,28.375,28.0,28.0,519700,7.624135
1991-03-15,28.25,28.625,28.125,28.5,364100,7.76028
1991-03-18,28.5,28.625,28.125,28.125,133200,7.658171
1991-03-19,28.125,28.5,28.0,28.5,1231600,7.76028
1991-03-20,28.375,28.5,28.25,28.5,156600,7.76028
1991-03-21,28.375,28.625,28.375,28.375,108500,7.726244
1991-03-22,28.375,28.75,28.375,28.625,142200,7.794316
1991-03-25,28.75,29.125,28.625,29.125,182200,7.930462
1991-03-26,29.25,29.5,28.875,29.375,211400,7.998534
1991-03-27,29.375,29.5,28.875,28.875,152900,7.862389
1991-03-28,29.0,29.25,28.875,29.0,187400,7.896425
1991-04-01,28.875,29.0,28.5,28.5,185300,7.76028
1991-04-02,28.625,29.0,28.625,28.875,237300,7.862389
1991-04-03,28.875,29.0,28.625,28.75,156000,7.828353
1991-04-04,28.625,28.875,28.375,28.625,292700,7.794316
1991-04-05,28.875,28.875,28.25,28.375,242400,7.726244
1991-04-08,28.5,28.75,28.25,28.75,260400,7.828353
1991-04-09,28.75,28.875,28.625,28.875,215100,7.862389
1991-04-10,28.875,29.25,28.875,29.25,212000,7.964498
1991-04-11,29.25,29.75,29.125,29.625,165400,8.066607
1991-04-12,29.75,29.875,29.625,29.875,100600,8.13468
1991-04-15,30.0,30.125,29.875,30.0,319800,8.168716
1991-04-16,30.125,30.25,30.0,30.25,226800,8.236788
1991-04-17,30.125,30.375,30.0,30.25,185000,8.236788
1991-04-18,30.125,30.25,29.375,29.5,270000,8.032571
1991-04-19,29.5,29.5,29.125,29.125,131400,7.930462
1991-04-22,29.25,29.25,28.75,28.75,280500,7.828353
1991-04-23,28.75,28.75,28.375,28.625,155800,7.794316
1991-04-24,28.5,29.0,28.5,28.75,223200,7.828353
1991-04-25,28.75,29.0,28.625,29.0,127400,7.896425
1991-04-26,28.625,29.125,28.625,29.0,86200,7.896425
1991-04-29,29.0,29.125,28.125,28.125,115200,7.658171
1991-04-30,28.625,28.875,28.125,28.875,538500,7.862389
1991-05-01,29.125,29.625,29.0,29.5,156800,8.032571
1991-05-02,29.625,29.75,29.0,29.0,158800,7.896425
1991-05-03,29.0,29.375,29.0,29.25,112000,7.964498
1991-05-06,29.375,29.5,28.875,29.125,90400,7.930462
1991-05-07,29.125,29.375,29.0,29.0,78200,7.896425
1991-05-08,29.0,29.5,29.0,29.5,133900,8.032571
1991-05-09,29.75,29.75,29.375,29.625,146700,8.066607
1991-05-10,29.5,29.625,28.875,29.0,103800,7.896425
1991-05-13,29.25,29.25,28.625,28.625,156500,7.794316
1991-05-14,28.75,28.75,28.25,28.375,247800,7.726244
1991-05-15,28.25,28.5,28.25,28.25,143600,7.692207
1991-05-16,28.5,28.625,28.25,28.625,149900,7.794316
1991-05-17,28.625,28.875,28.5,28.75,93300,7.828353
1991-05-20,28.625,28.75,28.625,28.75,50300,7.828353
1991-05-21,28.75,28.875,28.625,28.875,78800,7.862389
1991-05-22,28.75,29.125,28.75,29.125,225400,7.930462
1991-05-23,29.125,29.25,28.75,28.75,132300,7.828353
1991-05-24,28.75,29.125,28.75,28.875,52400,7.862389
1991-05-28,28.875,28.875,28.5,28.625,141800,7.794316
1991-05-29,28.5,28.75,28.375,28.625,140800,7.794316
1991-05-30,28.5,28.625,28.5,28.625,205200,7.794316
1991-05-31,28.75,28.875,28.625,28.875,126700,7.862389
1991-06-03,28.875,29.0,28.75,29.0,237600,7.896425
1991-06-04,29.0,29.125,28.75,29.0,121600,7.896425
1991-06-05,29.0,29.125,28.875,29.0,141600,7.896425
1991-06-06,29.125,29.125,28.875,29.125,140600,7.930462
1991-06-07,28.875,28.875,28.625,28.75,258500,7.828353
1991-06-10,28.75,28.875,28.625,28.75,78600,7.828353
1991-06-11,29.0,29.125,28.875,29.125,326600,7.930462
1991-06-12,29.125,29.125,28.875,29.0,215000,7.896425
1991-06-13,28.5,28.625,28.375,28.625,645900,7.922719
1991-06-14,28.625,28.875,28.625,28.625,409700,7.922719
1991-06-17,28.875,28.875,28.625,28.625,65500,7.922719
1991-06-18,28.75,28.75,28.5,28.5,106000,7.888122
1991-06-19,28.375,28.5,28.0,28.25,123800,7.818928
1991-06-20,28.25,28.625,28.125,28.625,199500,7.922719
1991-06-21,28.5,28.75,28.5,28.625,171100,7.922719
1991-06-24,28.875,28.875,28.5,28.625,130900,7.922719
1991-06-25,28.625,28.75,28.5,28.75,91000,7.957316
1991-06-26,28.625,29.0,28.5,28.625,158900,7.922719
1991-06-27,28.625,28.875,28.625,28.75,230100,7.957316
1991-06-28,28.625,28.625,28.25,28.5,235700,7.888122
1991-07-01,28.5,29.0,28.5,29.0,181700,8.026511
1991-07-02,28.875,29.375,28.875,29.25,104800,8.095705
1991-07-03,28.75,28.875,28.625,28.625,108900,7.922719
1991-07-05,28.375,28.75,28.25,28.75,77800,7.957316
1991-07-08,28.5,28.875,28.25,28.375,210500,7.853525
1991-07-09,29.0,29.0,28.625,28.625,124700,7.922719
1991-07-10,28.75,28.875,28.5,28.5,105400,7.888122
1991-07-11,28.625,28.625,28.375,28.625,144800,7.922719
1991-07-12,28.625,29.0,28.5,28.875,114900,7.991913
1991-07-15,28.75,28.875,28.625,28.75,102700,7.957316
1991-07-16,28.75,28.875,28.625,28.75,107000,7.957316
1991-07-17,28.625,28.875,28.375,28.375,165800,7.853525
1991-07-18,28.5,28.75,28.375,28.625,113500,7.922719
1991-07-19,28.875,29.0,28.875,28.875,107000,7.991913
1991-07-22,29.0,29.125,28.75,29.0,57200,8.026511
1991-07-23,29.0,29.375,29.0,29.25,300700,8.095705
1991-07-24,29.25,29.375,29.25,29.375,126500,8.130302
1991-07-25,29.375,29.375,29.25,29.375,61200,8.130302
1991-07-26,29.25,29.625,29.25,29.5,136100,8.164899
1991-07-29,29.5,29.875,29.5,29.875,123200,8.26869
1991-07-30,29.875,30.0,29.75,29.875,202500,8.26869
1991-07-31,29.75,29.875,29.5,29.875,131300,8.26869
1991-08-01,29.875,29.875,29.25,29.375,442900,8.130302
1991-08-02,29.5,29.625,29.25,29.5,210800,8.164899
1991-08-05,29.5,29.75,29.375,29.625,509200,8.199496
1991-08-06,29.625,30.375,29.625,30.375,337100,8.407078
1991-08-07,30.25,30.375,29.875,30.125,177800,8.337884
1991-08-08,30.125,30.5,30.0,30.125,366900,8.337884
1991-08-09,30.0,30.125,29.875,29.875,154000,8.26869
1991-08-12,29.75,29.875,29.625,29.75,59300,8.234093
1991-08-13,29.75,30.0,29.5,29.875,172900,8.26869
1991-08-14,30.0,30.125,29.75,29.875,136800,8.26869
1991-08-15,29.75,30.0,29.625,29.75,155900,8.234093
1991-08-16,29.75,29.75,29.375,29.625,123100,8.199496
1991-08-19,29.0,29.5,29.0,29.25,165900,8.095705
1991-08-20,29.375,29.75,29.25,29.5,107700,8.164899
1991-08-21,29.75,30.25,29.75,30.25,154900,8.372481
1991-08-22,30.375,30.625,30.25,30.625,326100,8.476272
1991-08-23,30.375,30.75,30.375,30.75,263000,8.510869
1991-08-26,30.75,30.75,30.5,30.625,192900,8.476272
1991-08-27,30.5,30.625,30.125,30.375,111400,8.407078
1991-08-28,30.375,30.625,30.375,30.625,132200,8.476272
1991-08-29,30.625,30.75,30.375,30.75,169300,8.510869
1991-08-30,30.625,30.75,30.375,30.5,211100,8.441675
1991-09-03,30.625,30.75,30.5,30.5,215000,8.441675
1991-09-04,30.5,30.625,30.375,30.375,103700,8.407078
1991-09-05,30.5,30.5,30.125,30.25,106400,8.372481
1991-09-06,30.25,30.625,30.0,30.5,350600,8.441675
1991-09-09,30.5,30.875,30.5,30.75,69500,8.510869
1991-09-10,31.0,31.0,30.625,30.75,204700,8.510869
1991-09-11,30.625,30.75,30.625,30.75,39100,8.510869
1991-09-12,30.75,30.75,30.625,30.625,311800,8.476272
1991-09-13,30.375,30.375,29.875,30.125,573000,8.467839
1991-09-16,30.0,30.375,30.0,30.25,527300,8.502975
1991-09-17,30.25,30.375,30.125,30.125,83400,8.467839
1991-09-18,30.25,30.375,30.125,30.375,45000,8.538111
1991-09-19,30.5,30.5,30.25,30.375,101600,8.538111
1991-09-20,30.25,30.625,30.25,30.625,287300,8.608384
1991-09-23,30.5,30.75,30.5,30.625,100000,8.608384
1991-09-24,30.75,31.25,30.625,31.25,243800,8.784065
1991-09-25,31.25,31.375,31.125,31.375,129100,8.819201
1991-09-26,31.375,31.375,31.25,31.25,362800,8.784065
1991-09-27,31.375,31.5,30.875,31.125,182600,8.748929
1991-09-30,31.25,31.875,31.125,31.875,179000,8.959746
1991-10-01,31.75,32.0,31.75,32.0,263800,8.994883
1991-10-02,32.0,32.25,31.75,31.875,227400,8.959746
1991-10-03,31.75,31.875,31.5,31.625,74600,8.889474
1991-10-04,31.625,32.0,31.5,31.875,124500,8.959746
1991-10-07,31.875,32.25,31.75,32.25,127200,9.065155
1991-10-08,32.25,32.25,32.0,32.125,355300,9.030019
1991-10-09,32.0,32.125,31.75,31.875,134300,8.959746
1991-10-10,31.875,32.0,31.625,32.0,256400,8.994883
1991-10-11,32.0,32.25,31.875,32.25,135500,9.065155
1991-10-14,32.125,32.5,32.125,32.375,114300,9.100291
1991-10-15,32.375,32.75,32.375,32.75,192900,9.2057
1991-10-16,32.75,32.75,32.5,32.5,139300,9.135428
1991-10-17,32.5,32.5,32.0,32.25,262400,9.065155
1991-10-18,32.25,32.5,32.125,32.375,278800,9.100291
1991-10-21,32.25,32.375,31.875,32.0,171000,8.994883
1991-10-22,31.875,32.0,31.75,31.875,194700,8.959746
1991-10-23,32.0,32.125,31.75,32.0,112000,8.994883
1991-10-24,32.0,32.25,31.75,32.125,74600,9.030019
1991-10-25,32.0,32.375,32.0,32.25,51100,9.065155
1991-10-28,32.25,32.875,32.125,32.75,220000,9.2057
1991-10-29,32.875,32.875,32.375,32.5,227800,9.135428
1991-10-30,32.5,32.625,32.375,32.625,168300,9.170564
1991-10-31,32.625,32.875,32.25,32.5,329900,9.135428
1991-11-01,32.375,32.75,32.125,32.75,223700,9.2057
1991-11-04,32.75,32.875,32.5,32.625,137400,9.170564
1991-11-05,32.625,32.625,32.125,32.125,128700,9.030019
1991-11-06,32.25,32.5,32.125,32.5,128300,9.135428
1991-11-07,32.75,33.0,32.5,33.0,204100,9.275973
1991-11-08,33.0,33.375,33.0,33.25,211200,9.346245
1991-11-11,33.25,33.375,33.125,33.375,134000,9.381381
1991-11-12,33.375,33.75,33.375,33.625,180800,9.451654
1991-11-13,33.625,34.125,33.375,34.125,193400,9.592199
1991-11-14,34.0,34.25,33.875,34.125,246800,9.592199
1991-11-15,34.125,34.125,33.625,33.625,170600,9.451654
1991-11-18,33.75,34.0,33.25,34.0,190900,9.557063
1991-11-19,33.875,33.875,33.125,33.375,116800,9.381381
1991-11-20,33.5,34.25,33.25,33.625,97700,9.451654
1991-11-21,33.5,33.75,33.25,33.625,204600,9.451654
1991-11-22,33.75,33.75,33.0,33.125,345000,9.311109
1991-11-25,33.125,33.125,32.875,32.875,121100,9.240836
1991-11-26,32.875,32.875,32.5,32.75,191000,9.2057
1991-11-27,32.625,33.375,32.375,33.375,653000,9.381381
1991-11-29,33.375,33.75,33.375,33.5,426400,9.416518
1991-12-02,33.5,34.125,33.25,33.875,221100,9.521926
1991-12-03,34.0,34.125,33.875,34.0,240800,9.557063
1991-12-04,34.0,34.0,33.625,34.0,113100,9.557063
1991-12-05,33.875,34.125,33.75,34.0,209700,9.557063
1991-12-06,34.0,34.625,34.0,34.625,189200,9.732744
1991-12-09,34.625,35.375,34.5,35.0,685400,9.838153
1991-12-10,34.625,34.875,34.5,34.5,168100,9.697608
1991-12-11,34.25,34.375,34.125,34.25,362400,9.627335
1991-12-12,33.75,34.25,33.5,33.75,820600,9.618786
1991-12-13,33.75,33.75,33.0,33.125,803700,9.44066
1991-12-16,33.25,33.375,32.75,33.0,118100,9.405035
1991-12-17,32.75,32.875,32.625,32.625,472600,9.29816
1991-12-18,32.625,32.625,32.375,32.5,193600,9.262535
1991-12-19,32.375,32.75,32.25,32.5,335600,9.262535
1991-12-20,33.0,33.5,32.625,33.375,501200,9.511911
1991-12-23,33.5,34.25,33.375,34.125,224700,9.725661
1991-12-24,34.125,34.375,34.125,34.125,157000,9.725661
1991-12-26,34.125,34.375,34.0,34.25,66800,9.761287
1991-12-27,34.5,34.5,34.125,34.375,58700,9.796912
1991-12-30,34.5,34.875,34.5,34.75,164800,9.903787
1991-12-31,34.5,34.75,34.0,34.75,186900,9.903787
1992-01-02,34.75,35.0,34.625,34.75,234400,9.903787
1992-01-03,34.75,35.25,34.5,35.25,212900,10.046288
1992-01-06,35.125,35.25,34.875,35.0,140400,9.975037
1992-01-07,34.875,35.0,34.875,35.0,255800,9.975037
1992-01-08,34.75,34.875,34.625,34.75,195300,9.903787
1992-01-09,34.75,34.75,34.375,34.375,255700,9.796912
1992-01-10,34.25,34.375,33.75,33.875,207500,9.654411
1992-01-13,33.875,34.0,33.375,33.375,288700,9.511911
1992-01-14,33.375,33.875,33.375,33.75,338900,9.618786
1992-01-15,33.75,34.125,33.375,33.625,210000,9.583161
1992-01-16,33.5,33.625,32.75,32.875,173900,9.36941
1992-01-17,32.5,32.5,32.125,32.25,317400,9.191284
1992-01-20,32.375,32.625,32.25,32.5,271900,9.262535
1992-01-21,32.5,32.75,32.375,32.75,116400,9.333785
1992-01-22,32.75,33.5,32.625,33.5,174800,9.547536
1992-01-23,33.5,33.5,32.625,32.875,163600,9.36941
1992-01-24,32.875,33.5,32.875,33.375,191100,9.511911
1992-01-27,33.25,33.625,33.25,33.375,229800,9.511911
1992-01-28,33.125,33.25,33.0,33.125,152600,9.44066
1992-01-29,33.25,33.25,32.5,32.625,347300,9.29816
1992-01-30,32.5,32.75,32.375,32.375,181800,9.22691
1992-01-31,32.375,32.625,32.375,32.375,183100,9.22691
1992-02-03,32.375,32.375,31.875,32.0,132900,9.120034
1992-02-04,32.0,32.125,31.625,31.625,236300,9.013159
1992-02-05,31.75,32.375,31.375,32.125,268700,9.155659
1992-02-06,32.0,32.375,32.0,32.375,152000,9.22691
1992-02-07,32.25,32.5,31.625,31.75,227600,9.048784
1992-02-10,31.75,32.25,31.75,32.25,180200,9.191284
1992-02-11,32.125,32.625,32.125,32.625,133400,9.29816
1992-02-12,32.625,32.75,32.375,32.625,130500,9.29816
1992-02-13,32.5,32.75,32.375,32.5,322800,9.262535
1992-02-14,32.375,32.375,32.125,32.25,131200,9.191284
1992-02-18,32.125,32.125,31.875,31.875,213900,9.084409
1992-02-19,32.0,32.0,31.25,31.375,196900,8.941909
1992-02-20,31.5,31.75,31.5,31.75,120600,9.048784
1992-02-21,31.625,31.75,31.25,31.25,193600,8.906283
1992-02-24,31.0,31.625,30.875,31.625,195300,9.013159
1992-02-25,31.625,31.75,31.375,31.625,131700,9.013159
1992-02-26,31.625,31.875,31.5,31.875,153600,9.084409
1992-02-27,31.75,31.875,31.625,31.75,178800,9.048784
1992-02-28,31.75,31.875,31.625,31.75,123000,9.048784
1992-03-02,31.875,32.125,31.75,31.875,84500,9.084409
1992-03-03,31.75,31.875,31.625,31.75,193600,9.048784
1992-03-04,31.875,31.875,31.375,31.5,209500,8.977534
1992-03-05,31.5,31.625,31.125,31.125,200900,8.870658
1992-03-06,31.0,31.125,30.875,31.0,264500,8.835033
1992-03-09,31.0,31.125,30.75,31.0,136600,8.835033
1992-03-10,31.125,31.625,31.125,31.375,485900,8.941909
1992-03-11,31.25,31.375,30.75,30.875,191700,8.799408
1992-03-12,31.0,31.0,30.75,31.0,170400,8.835033
1992-03-13,30.5,30.5,30.25,30.25,125000,8.621282
1992-03-16,30.5,30.75,30.375,30.75,567100,8.763783
1992-03-17,30.75,31.125,30.75,31.0,544800,8.835033
1992-03-18,31.0,31.125,30.625,30.75,284700,8.763783
1992-03-19,30.75,30.875,30.5,30.625,214000,8.728158
1992-03-20,30.625,31.125,30.625,31.125,589200,8.870658
1992-03-23,31.125,31.125,30.75,30.875,136600,8.799408
1992-03-24,31.125,31.125,30.875,31.0,92000,8.835033
1992-03-25,30.875,30.875,30.5,30.5,131600,8.692533
1992-03-26,30.625,30.875,30.375,30.375,146700,8.656907
1992-03-27,30.375,30.75,30.375,30.5,97000,8.692533
1992-03-30,30.5,30.875,30.5,30.75,88500,8.763783
1992-03-31,30.75,31.0,30.625,30.875,127900,8.799408
1992-04-01,30.875,31.25,30.75,31.125,223000,8.870658
1992-04-02,31.125,31.375,31.0,31.125,88100,8.870658
1992-04-03,31.0,31.375,31.0,31.375,145100,8.941909
1992-04-06,31.25,31.375,31.125,31.25,246000,8.906283
1992-04-07,31.125,31.125,30.25,30.75,205700,8.763783
1992-04-08,30.75,30.875,30.5,30.75,475800,8.763783
1992-04-09,30.875,31.375,30.75,31.125,248500,8.870658
1992-04-10,31.375,31.875,31.375,31.75,181400,9.048784
1992-04-13,31.875,31.875,31.5,31.625,196500,9.013159
1992-04-14,31.5,31.875,31.5,31.875,233400,9.084409
1992-04-15,32.0,32.5,32.0,32.5,145400,9.262535
1992-04-16,32.625,32.875,32.5,32.875,210900,9.36941
1992-04-20,32.5,32.75,32.5,32.75,189500,9.333785
1992-04-21,32.625,32.875,32.625,32.875,174200,9.36941
1992-04-22,32.75,33.0,32.75,33.0,224600,9.405035
1992-04-23,33.0,33.25,32.875,33.25,162300,9.476286
1992-04-24,33.25,33.625,33.25,33.5,246200,9.547536
1992-04-27,33.5,33.5,33.0,33.25,131800,9.476286
1992-04-28,33.375,33.75,33.25,33.75,211700,9.618786
1992-04-29,33.5,33.625,33.25,33.5,142600,9.547536
1992-04-30,33.5,33.875,33.375,33.875,509100,9.654411
1992-05-01,33.75,34.0,33.625,33.75,298600,9.618786
1992-05-04,33.75,33.875,33.625,33.875,141600,9.654411
1992-05-05,33.875,33.875,33.625,33.875,449600,9.654411
1992-05-06,33.875,34.125,33.75,34.0,341400,9.690036
1992-05-07,34.0,34.0,33.875,34.0,207600,9.690036
1992-05-08,34.0,34.0,33.875,34.0,77000,9.690036
1992-05-11,34.0,34.125,33.875,34.125,116100,9.725661
1992-05-12,34.125,34.125,33.875,34.0,142500,9.690036
1992-05-13,34.125,34.125,33.875,34.0,125300,9.690036
1992-05-14,34.0,34.0,33.5,33.625,161800,9.583161
1992-05-15,33.625,33.75,33.25,33.375,231300,9.511911
1992-05-18,33.5,33.5,33.375,33.5,71000,9.547536
1992-05-19,33.5,34.25,33.375,34.25,287300,9.761287
1992-05-20,34.25,34.25,33.625,33.75,556700,9.618786
1992-05-21,33.75,33.75,33.375,33.625,116800,9.583161
1992-05-22,33.625,33.875,33.375,33.375,193000,9.511911
1992-05-26,33.125,33.125,32.75,32.75,200300,9.333785
1992-05-27,32.75,32.875,32.625,32.625,511100,9.29816
1992-05-28,32.75,33.125,32.625,33.0,299700,9.405035
1992-05-29,33.0,33.375,32.75,32.875,277600,9.36941
1992-06-01,32.875,33.0,32.75,32.75,246800,9.333785
1992-06-02,32.75,32.875,32.125,32.125,606700,9.155659
1992-06-03,32.25,32.375,32.125,32.25,428500,9.191284
1992-06-04,32.25,32.25,31.75,32.0,279500,9.120034
1992-06-05,31.875,31.875,31.25,31.25,469600,8.906283
1992-06-08,31.375,31.625,31.0,31.625,446300,9.013159
1992-06-09,31.5,31.625,31.25,31.25,402100,8.906283
1992-06-10,31.375,31.875,31.25,31.375,755700,8.941909
1992-06-11,31.375,31.75,31.25,31.75,338200,9.048784
1992-06-12,31.5,31.5,31.125,31.125,528800,9.011147
1992-06-15,30.875,31.375,30.875,31.375,566300,9.083525
1992-06-16,31.25,31.375,31.0,31.25,125500,9.047336
1992-06-17,31.0,31.125,30.75,31.125,146000,9.011147
1992-06-18,31.0,31.125,30.5,30.625,435900,8.866389
1992-06-19,30.5,30.75,30.5,30.75,135000,8.902579
1992-06-22,30.75,30.75,30.5,30.75,102300,8.902579
1992-06-23,30.875,31.25,30.75,31.25,251400,9.047336
1992-06-24,31.25,31.375,31.125,31.375,161300,9.083525
1992-06-25,31.375,31.5,31.125,31.25,92000,9.047336
1992-06-26,31.25,31.25,30.875,31.0,70400,8.974957
1992-06-29,31.0,31.25,31.0,31.25,78500,9.047336
1992-06-30,31.25,31.25,31.0,31.25,165700,9.047336
1992-07-01,31.25,31.625,31.125,31.5,204900,9.119715
1992-07-02,31.625,32.125,31.625,32.0,270300,9.264472
1992-07-06,32.0,32.5,31.75,32.5,254700,9.409229
1992-07-07,32.375,32.875,32.375,32.875,358400,9.517797
1992-07-08,32.75,33.0,32.625,32.875,253000,9.517797
1992-07-09,32.875,33.0,32.75,32.75,309300,9.481608
1992-07-10,32.875,33.0,32.625,32.875,217400,9.517797
1992-07-13,32.75,32.875,32.75,32.875,154800,9.517797
1992-07-14,32.75,33.0,32.75,32.875,135100,9.517797
1992-07-15,32.75,32.875,32.625,32.75,173000,9.481608
1992-07-16,32.875,32.875,32.625,32.875,147100,9.517797
1992-07-17,33.0,33.0,32.75,32.875,137300,9.517797
1992-07-20,32.625,32.75,32.5,32.625,127400,9.445419
1992-07-21,32.625,32.625,32.25,32.25,154800,9.336851
1992-07-22,32.25,32.375,32.25,32.375,140000,9.37304
1992-07-23,32.375,32.375,32.25,32.375,83700,9.37304
1992-07-24,32.25,32.5,32.25,32.5,91200,9.409229
1992-07-27,32.375,32.875,32.375,32.75,145700,9.481608
1992-07-28,32.875,32.875,32.5,32.875,366000,9.517797
1992-07-29,33.0,33.375,33.0,33.0,451600,9.553987
1992-07-30,33.0,33.0,32.875,33.0,165400,9.553987
1992-07-31,33.0,33.125,32.875,33.125,137200,9.590176
1992-08-03,33.0,33.125,32.875,33.125,113700,9.590176
1992-08-04,33.125,33.125,33.0,33.125,100800,9.590176
1992-08-05,33.0,33.125,32.875,33.0,151800,9.553987
1992-08-06,33.0,33.0,32.875,33.0,161000,9.553987
1992-08-07,32.875,33.125,32.875,33.0,128200,9.553987
1992-08-10,32.875,33.0,32.75,33.0,374800,9.553987
1992-08-11,32.875,33.25,32.875,33.25,377000,9.626365
1992-08-12,33.25,33.5,33.125,33.25,128400,9.626365
1992-08-13,33.375,33.375,33.0,33.125,83100,9.590176
1992-08-14,33.25,33.375,33.125,33.375,113800,9.662555
1992-08-17,33.375,33.5,33.125,33.25,100800,9.626365
1992-08-18,33.125,33.5,33.125,33.5,217700,9.698744
1992-08-19,33.5,33.625,33.375,33.625,60500,9.734933
1992-08-20,33.5,33.625,33.125,33.25,162200,9.626365
1992-08-21,33.25,33.375,33.0,33.25,170900,9.626365
1992-08-24,33.125,33.125,32.75,32.875,224500,9.517797
1992-08-25,32.75,32.875,32.375,32.875,344400,9.517797
1992-08-26,33.0,33.125,32.75,33.125,68400,9.590176
1992-08-27,33.125,33.125,32.875,33.125,156200,9.590176
1992-08-28,33.125,33.125,33.0,33.125,69900,9.590176
1992-08-31,33.0,33.125,32.875,33.125,288800,9.590176
1992-09-01,33.0,33.0,32.875,33.0,90300,9.553987
1992-09-02,33.0,33.0,32.875,33.0,81000,9.553987
1992-09-03,33.0,33.0,32.875,33.0,165500,9.553987
1992-09-04,33.0,33.125,32.875,33.0,242700,9.553987
1992-09-08,32.875,33.0,32.875,33.0,317300,9.553987
1992-09-09,33.0,33.125,32.875,32.875,278800,9.517797
1992-09-10,33.0,33.25,33.0,33.125,210000,9.590176
1992-09-11,33.0,33.0,32.75,32.875,242500,9.517797
1992-09-14,32.875,32.875,32.125,32.75,569300,9.481608
1992-09-15,32.0,32.0,31.375,31.5,913900,9.25967
1992-09-16,31.25,31.5,31.125,31.375,734200,9.222925
1992-09-17,31.375,31.5,31.125,31.375,279000,9.222925
1992-09-18,31.375,32.125,31.375,32.125,388800,9.443393
1992-09-21,32.25,32.25,31.75,31.75,134600,9.333159
1992-09-22,31.875,31.875,31.25,31.625,287100,9.296414
1992-09-23,31.625,31.625,31.375,31.5,192500,9.25967
1992-09-24,31.375,32.0,31.375,32.0,242900,9.406649
1992-09-25,32.0,32.0,31.625,31.875,203900,9.369904
1992-09-28,31.625,32.125,31.625,32.125,170500,9.443393
1992-09-29,32.125,32.25,32.0,32.25,84600,9.480138
1992-09-30,32.25,32.5,32.125,32.375,90900,9.516883
1992-10-01,32.375,32.375,32.0,32.25,200500,9.480138
1992-10-02,32.25,32.25,32.0,32.125,98400,9.443393
1992-10-05,32.125,32.125,31.625,31.875,167800,9.369904
1992-10-06,32.0,32.0,31.25,31.625,287700,9.296414
1992-10-07,31.625,31.75,31.375,31.5,379800,9.25967
1992-10-08,31.75,32.0,31.625,31.75,540200,9.333159
1992-10-09,31.75,31.75,31.375,31.5,157800,9.25967
1992-10-12,31.375,31.875,31.375,31.875,167100,9.369904
1992-10-13,31.875,32.0,31.625,31.75,243300,9.333159
1992-10-14,31.75,31.875,31.5,31.625,207300,9.296414
1992-10-15,31.625,31.625,31.125,31.375,410300,9.222925
1992-10-16,31.375,31.625,31.25,31.625,225600,9.296414
1992-10-19,31.625,31.875,31.5,31.875,148000,9.369904
1992-10-20,31.875,31.875,31.5,31.625,290500,9.296414
1992-10-21,31.625,31.625,31.25,31.375,127600,9.222925
1992-10-22,31.375,31.375,31.0,31.125,192000,9.149436
1992-10-23,31.125,31.375,31.125,31.25,111200,9.18618
1992-10-26,31.125,31.375,31.0,31.375,116000,9.222925
1992-10-27,31.25,31.5,31.25,31.375,129300,9.222925
1992-10-28,31.375,31.625,31.25,31.5,109000,9.25967
1992-10-29,31.625,31.875,31.5,31.875,242400,9.369904
1992-10-30,31.875,32.0,31.75,31.875,122800,9.369904
1992-11-02,31.875,32.0,31.75,32.0,123300,9.406649
1992-11-03,32.0,32.0,31.75,31.75,248600,9.333159
1992-11-04,31.625,31.75,31.375,31.5,125800,9.25967
1992-11-05,31.375,31.5,31.25,31.5,157800,9.25967
1992-11-06,31.5,31.625,31.375,31.625,124900,9.296414
1992-11-09,31.625,31.625,31.375,31.375,217600,9.222925
1992-11-10,31.5,31.5,31.25,31.5,95700,9.25967
1992-11-11,31.5,31.875,31.375,31.875,109400,9.369904
1992-11-12,31.875,32.125,31.75,32.0,169200,9.406649
1992-11-13,31.875,32.0,31.625,31.75,103500,9.333159
1992-11-16,31.5,31.75,31.5,31.75,172600,9.333159
1992-11-17,31.75,31.875,31.625,31.875,228800,9.369904
1992-11-18,31.75,32.375,31.75,32.375,161800,9.516883
1992-11-19,32.25,32.5,32.25,32.5,319700,9.553628
1992-11-20,32.875,32.875,32.25,32.375,162900,9.516883
1992-11-23,32.25,32.375,32.25,32.375,158400,9.516883
1992-11-24,32.375,32.5,32.25,32.5,158300,9.553628
1992-11-25,32.5,32.5,32.0,32.375,127800,9.516883
1992-11-27,32.375,32.625,32.25,32.625,171700,9.590372
1992-11-30,32.625,32.625,32.375,32.625,326000,9.590372
1992-12-01,32.625,33.0,32.5,32.875,326700,9.663862
1992-12-02,32.75,33.125,32.625,32.75,252100,9.627117
1992-12-03,32.625,32.875,32.625,32.75,263700,9.627117
1992-12-04,32.625,32.75,32.5,32.75,169400,9.627117
1992-12-07,32.625,32.75,32.5,32.625,499900,9.590372
1992-12-08,32.5,32.875,32.5,32.875,223200,9.663862
1992-12-09,33.0,33.0,32.75,32.875,240600,9.663862
1992-12-10,32.875,32.875,32.5,32.75,790600,9.627117
1992-12-11,32.125,32.125,31.625,32.125,792500,9.588316
1992-12-14,32.0,32.125,31.875,32.0,710100,9.551007
1992-12-15,32.0,32.25,31.875,32.25,320500,9.625625
1992-12-16,32.25,32.5,32.125,32.375,218500,9.662933
1992-12-17,32.375,32.375,32.25,32.375,92900,9.662933
1992-12-18,32.625,32.875,32.25,32.875,408500,9.812168
1992-12-21,32.75,32.875,32.625,32.875,103600,9.812168
1992-12-22,32.875,33.125,32.75,33.125,207600,9.886785
1992-12-23,33.0,33.25,32.875,33.0,232200,9.849476
1992-12-24,33.0,33.125,33.0,33.125,51000,9.886785
1992-12-28,33.125,33.125,32.875,33.0,43100,9.849476
1992-12-29,33.0,33.25,32.875,33.0,185800,9.849476
1992-12-30,33.0,33.0,32.625,32.875,77900,9.812168
1992-12-31,32.875,33.0,32.75,32.75,118000,9.774859
1993-01-04,33.0,33.0,32.75,32.875,150100,9.812168
1993-01-05,32.875,33.0,32.5,32.625,379800,9.73755
1993-01-06,32.5,32.75,32.5,32.75,160000,9.774859
1993-01-07,32.625,32.875,32.375,32.5,188100,9.700242
1993-01-08,32.5,32.5,32.0,32.375,128000,9.662933
1993-01-11,32.5,32.875,32.25,32.75,300300,9.774859
1993-01-12,32.625,32.75,32.625,32.75,206500,9.774859
1993-01-13,32.75,33.0,32.75,33.0,157300,9.849476
1993-01-14,32.875,33.0,32.75,33.0,148700,9.849476
1993-01-15,33.125,33.625,33.0,33.375,450900,9.961402
1993-01-18,33.375,33.375,33.25,33.375,85200,9.961402
1993-01-19,33.375,33.375,33.25,33.375,94700,9.961402
1993-01-20,33.25,33.5,33.25,33.375,138800,9.961402
1993-01-21,33.375,33.875,33.375,33.75,245100,10.073328
1993-01-22,33.875,34.0,33.625,34.0,117600,10.147945
1993-01-25,33.875,34.125,33.875,33.875,192200,10.110637
1993-01-26,33.875,34.125,33.875,34.0,151400,10.147945
1993-01-27,33.875,34.125,33.875,34.0,147500,10.147945
1993-01-28,34.125,34.125,33.875,33.875,98100,10.110637
1993-01-29,34.0,34.125,33.875,34.125,96400,10.185254
1993-02-01,34.0,34.5,34.0,34.5,142300,10.29718
1993-02-02,34.5,34.875,34.375,34.625,228200,10.334488
1993-02-03,34.75,35.25,34.625,35.25,146800,10.521031
1993-02-04,35.5,35.5,35.125,35.5,159700,10.595649
1993-02-05,35.375,35.375,34.875,35.125,142800,10.483723
1993-02-08,35.125,35.125,34.75,35.0,182400,10.446414
1993-02-09,35.0,35.0,34.375,34.625,298400,10.334488
1993-02-10,34.75,34.875,34.5,34.875,148600,10.409106
1993-02-11,34.625,34.75,34.5,34.75,141500,10.371797
1993-02-12,34.5,34.625,34.375,34.5,112700,10.29718
1993-02-16,34.5,34.75,34.375,34.5,217200,10.29718
1993-02-17,34.625,35.375,34.5,35.375,145700,10.55834
1993-02-18,35.25,35.25,34.75,34.875,396600,10.409106
1993-02-19,34.875,35.375,34.75,35.25,509000,10.521031
1993-02-22,35.375,35.875,35.125,35.75,800800,10.670266
1993-02-23,35.875,36.375,35.875,36.25,351300,10.8195
1993-02-24,36.375,36.625,36.25,36.5,167600,10.894118
1993-02-25,36.25,36.5,36.125,36.25,211400,10.8195
1993-02-26,36.125,36.375,35.875,36.375,137300,10.856809
1993-03-01,36.25,36.375,36.0,36.125,120900,10.782192
1993-03-02,35.875,36.5,35.75,36.375,220600,10.856809
1993-03-03,36.375,36.75,36.375,36.5,269000,10.894118
1993-03-04,36.625,36.875,36.5,36.75,418100,10.968735
1993-03-05,36.5,36.75,36.5,36.625,341500,10.931426
1993-03-08,36.625,37.0,36.5,36.875,608100,11.006044
1993-03-09,36.875,37.125,36.75,36.75,543400,10.968735
1993-03-10,36.75,36.875,36.375,36.625,392200,10.931426
1993-03-11,36.5,36.625,36.25,36.375,309400,10.856809
1993-03-12,35.5,35.625,35.0,35.25,432000,10.672128
1993-03-15,35.25,35.25,34.75,34.875,674500,10.558595
1993-03-16,34.875,34.875,34.625,34.75,1021900,10.520751
1993-03-17,34.75,34.75,34.5,34.75,239900,10.520751
1993-03-18,34.75,35.0,34.625,34.875,821600,10.558595
1993-03-19,35.0,35.0,34.75,34.75,389500,10.520751
1993-03-22,34.625,34.625,34.5,34.625,291100,10.482906
1993-03-23,34.625,34.75,34.5,34.75,242900,10.520751
1993-03-24,34.625,34.75,34.625,34.625,154100,10.482906
1993-03-25,34.625,34.875,34.5,34.75,129200,10.520751
1993-03-26,34.5,34.625,34.375,34.5,413200,10.445062
1993-03-29,34.625,34.875,34.5,34.875,144200,10.558595
1993-03-30,34.875,35.25,34.75,35.125,210200,10.634284
1993-03-31,35.125,35.25,35.0,35.125,117000,10.634284
1993-04-01,35.0,35.125,34.875,35.0,111300,10.59644
1993-04-02,34.875,34.875,34.5,34.5,521400,10.445062
1993-04-05,34.5,34.5,34.375,34.5,122300,10.445062
1993-04-06,34.5,34.75,34.375,34.75,240900,10.520751
1993-04-07,34.875,35.0,34.625,34.625,255500,10.482906
1993-04-08,34.75,35.125,34.75,35.0,379100,10.59644
1993-04-12,35.125,35.25,35.0,35.0,430900,10.59644
1993-04-13,35.25,35.75,35.25,35.625,402500,10.785662
1993-04-14,35.875,35.875,35.625,35.875,401500,10.861351
1993-04-15,36.0,36.375,35.875,36.375,312100,11.012728
1993-04-16,36.625,36.75,36.375,36.5,223100,11.050573
1993-04-19,36.375,36.375,35.75,35.875,221000,10.861351
1993-04-20,36.125,36.125,35.5,35.625,318700,10.785662
1993-04-21,35.625,35.75,35.125,35.25,270800,10.672128
1993-04-22,35.25,35.375,34.75,35.0,291900,10.59644
1993-04-23,34.875,35.125,34.75,34.875,293300,10.558595
1993-04-26,34.875,35.0,34.625,34.875,132300,10.558595
1993-04-27,34.75,35.125,34.75,35.0,203800,10.59644
1993-04-28,35.125,35.125,35.0,35.125,116400,10.634284
1993-04-29,35.125,35.125,35.0,35.125,171800,10.634284
1993-04-30,35.125,35.5,35.0,35.125,99200,10.634284
1993-05-03,35.0,35.125,34.875,35.125,143600,10.634284
1993-05-04,35.0,35.375,35.0,35.25,322400,10.672128
1993-05-05,35.125,35.375,35.125,35.125,266000,10.634284
1993-05-06,35.125,35.25,35.125,35.125,150800,10.634284
1993-05-07,35.25,35.375,35.125,35.25,241200,10.672128
1993-05-10,35.125,35.25,35.125,35.25,106300,10.672128
1993-05-11,35.125,35.25,34.75,35.0,96400,10.59644
1993-05-12,34.875,35.0,34.875,35.0,72000,10.59644
1993-05-13,34.75,34.75,34.125,34.25,238700,10.369373
1993-05-14,34.5,34.625,33.625,33.75,209800,10.217995
1993-05-17,33.625,33.625,33.125,33.375,193500,10.104462
1993-05-18,33.625,33.75,33.5,33.75,210600,10.217995
1993-05-19,33.625,34.25,33.375,34.25,276900,10.369373
1993-05-20,34.25,34.25,34.0,34.125,56600,10.331529
1993-05-21,34.125,34.375,34.0,34.25,234800,10.369373
1993-05-24,34.25,34.375,34.125,34.125,106000,10.331529
1993-05-25,34.25,34.625,34.25,34.5,227200,10.445062
1993-05-26,34.5,34.875,34.375,34.75,428600,10.520751
1993-05-27,34.75,34.75,34.5,34.625,96000,10.482906
1993-05-28,34.5,34.5,34.375,34.5,158200,10.445062
1993-06-01,34.625,35.5,34.5,35.25,409200,10.672128
1993-06-02,35.0,35.375,35.0,35.25,227300,10.672128
1993-06-03,35.375,35.375,35.0,35.0,125400,10.59644
1993-06-04,35.25,35.25,34.875,34.875,137400,10.558595
1993-06-07,35.125,35.25,35.0,35.25,214400,10.672128
1993-06-08,35.375,35.625,35.0,35.125,259200,10.634284
1993-06-09,35.0,35.125,34.75,35.0,237700,10.59644
1993-06-10,34.875,35.125,34.625,34.625,238400,10.482906
1993-06-11,33.75,34.0,33.625,33.875,544600,10.410685
1993-06-14,33.875,34.0,33.625,33.875,556300,10.410685
1993-06-15,33.625,33.75,33.5,33.625,91000,10.333853
1993-06-16,33.625,33.625,33.5,33.5,318200,10.295438
1993-06-17,33.5,33.625,33.375,33.625,142600,10.333853
1993-06-18,33.625,33.625,33.375,33.375,280000,10.257022
1993-06-21,33.5,33.75,33.375,33.75,174100,10.372269
1993-06-22,33.875,34.0,33.75,34.0,140700,10.449101
1993-06-23,33.875,34.0,33.625,33.625,181400,10.333853
1993-06-24,33.75,34.375,33.75,34.375,219500,10.564348
1993-06-25,34.5,34.5,34.25,34.375,119400,10.564348
1993-06-28,34.375,35.375,34.25,35.25,284400,10.833259
1993-06-29,35.125,35.25,34.875,35.125,134200,10.794843
1993-06-30,35.0,35.125,34.625,34.75,172800,10.679596
1993-07-01,34.875,34.875,34.5,34.625,370500,10.64118
1993-07-02,34.625,34.75,34.5,34.75,242900,10.679596
1993-07-06,34.625,34.75,34.625,34.625,185500,10.64118
1993-07-07,34.75,34.75,34.5,34.5,171400,10.602764
1993-07-08,34.5,34.875,34.5,34.875,121800,10.718012
1993-07-09,34.875,35.125,34.875,35.125,123600,10.794843
1993-07-12,35.0,35.25,35.0,35.25,233500,10.833259
1993-07-13,35.125,35.25,34.75,34.75,209200,10.679596
1993-07-14,34.875,35.125,34.75,34.875,236000,10.718012
1993-07-15,34.75,35.125,34.625,35.125,186200,10.794843
1993-07-16,35.125,35.375,35.0,35.25,232100,10.833259
1993-07-19,35.5,35.75,35.5,35.625,229600,10.948506
1993-07-20,35.5,35.625,35.25,35.375,127800,10.871675
1993-07-21,35.25,35.5,34.875,35.375,339100,10.871675
1993-07-22,35.25,35.5,35.25,35.375,142100,10.871675
1993-07-23,35.25,35.375,35.25,35.375,142600,10.871675
1993-07-26,35.25,35.375,35.25,35.375,224100,10.871675
1993-07-27,35.25,35.5,35.25,35.375,255400,10.871675
1993-07-28,35.125,35.25,35.0,35.125,150200,10.794843
1993-07-29,35.25,35.625,35.125,35.625,129500,10.948506
1993-07-30,35.75,35.75,35.5,35.75,134600,10.986922
1993-08-02,35.75,35.75,35.5,35.625,120800,10.948506
1993-08-03,35.375,35.625,35.375,35.375,132100,10.871675
1993-08-04,35.5,35.5,35.25,35.25,582600,10.833259
1993-08-05,35.25,35.5,35.25,35.5,135600,10.910091
1993-08-06,35.5,35.75,35.5,35.625,336600,10.948506
1993-08-09,35.625,35.75,35.375,35.5,225900,10.910091
1993-08-10,35.75,35.75,35.625,35.625,41800,10.948506
1993-08-11,35.625,35.75,35.5,35.5,265500,10.910091
1993-08-12,35.625,35.625,35.125,35.25,204400,10.833259
1993-08-13,35.375,35.625,35.25,35.625,121100,10.948506
1993-08-16,35.625,35.875,35.5,35.625,157400,10.948506
1993-08-17,35.75,35.875,35.5,35.625,134500,10.948506
1993-08-18,35.625,35.625,35.0,35.0,419400,10.756427
1993-08-19,34.875,35.0,34.375,34.625,613000,10.64118
1993-08-20,34.875,34.875,34.5,34.75,268600,10.679596
1993-08-23,34.75,34.875,34.625,34.875,60400,10.718012
1993-08-24,34.875,35.125,34.625,35.125,243200,10.794843
1993-08-25,35.125,35.625,35.0,35.5,304500,10.910091
1993-08-26,35.25,35.5,35.125,35.375,214300,10.871675
1993-08-27,35.25,35.5,35.25,35.375,247800,10.871675
1993-08-30,35.5,35.875,35.5,35.75,352900,10.986922
1993-08-31,35.75,35.75,35.625,35.75,271300,10.986922
1993-09-01,35.625,35.625,35.25,35.625,191600,10.948506
1993-09-02,35.625,35.625,35.375,35.375,106400,10.871675
1993-09-03,35.5,35.625,35.375,35.5,286800,10.910091
1993-09-07,35.5,35.875,35.5,35.75,245100,10.986922
1993-09-08,35.75,35.875,35.625,35.75,175000,10.986922
1993-09-09,35.5,35.625,35.375,35.375,227500,10.871675
1993-09-10,35.375,35.625,35.375,35.625,184100,10.948506
1993-09-13,35.625,35.875,35.375,35.875,253700,11.025338
1993-09-14,35.875,36.0,35.625,35.875,783600,11.025338
1993-09-15,35.125,35.375,35.125,35.25,488600,10.991039
1993-09-16,35.25,35.375,35.0,35.0,544600,10.913089
1993-09-17,34.75,35.0,34.75,34.875,486000,10.874113
1993-09-20,35.0,35.0,34.625,34.875,170400,10.874113
1993-09-21,34.75,34.75,34.375,34.625,760400,10.796163
1993-09-22,34.625,34.625,34.25,34.375,433000,10.718212
1993-09-23,34.375,34.5,34.25,34.25,246500,10.679237
1993-09-24,34.125,34.25,33.75,33.75,469400,10.523336
1993-09-27,34.0,34.375,33.875,34.375,382000,10.718212
1993-09-28,34.375,34.5,34.125,34.125,130000,10.640262
1993-09-29,34.125,34.25,34.0,34.125,409900,10.640262
1993-09-30,34.125,34.375,34.125,34.375,139800,10.718212
1993-10-01,34.25,34.375,34.125,34.25,105700,10.679237
1993-10-04,34.125,34.25,33.75,33.875,124200,10.562311
1993-10-05,33.875,33.875,33.5,33.5,148600,10.445385
1993-10-06,33.5,33.75,33.5,33.5,200300,10.445385
1993-10-07,33.375,33.5,33.0,33.25,171700,10.367434
1993-10-08,33.25,33.5,33.25,33.375,254600,10.40641
1993-10-11,33.375,33.625,33.375,33.625,102400,10.48436
1993-10-12,33.625,33.625,33.125,33.25,268500,10.367434
1993-10-13,33.25,33.375,33.0,33.25,192100,10.367434
1993-10-14,33.25,33.75,33.25,33.625,187300,10.48436
1993-10-15,33.875,34.0,33.625,33.75,407200,10.523336
1993-10-18,33.625,33.625,33.375,33.375,150700,10.40641
1993-10-19,33.375,33.5,33.375,33.5,249100,10.445385
1993-10-20,33.375,33.875,33.375,33.625,118000,10.48436
1993-10-21,33.75,33.75,33.375,33.375,225500,10.40641
1993-10-22,33.375,34.75,33.375,34.375,575200,10.718212
1993-10-25,34.25,34.25,33.75,33.875,308700,10.562311
1993-10-26,33.75,33.875,33.75,33.75,163700,10.523336
1993-10-27,33.75,33.75,33.5,33.625,87500,10.48436
1993-10-28,33.625,33.625,33.375,33.625,537300,10.48436
1993-10-29,33.625,33.625,33.5,33.625,141600,10.48436
1993-11-01,33.5,33.625,33.0,33.0,359000,10.289484
1993-11-02,33.0,33.125,32.5,32.75,267900,10.211533
1993-11-03,32.25,32.375,31.5,31.75,573100,9.899731
1993-11-04,31.75,31.75,30.875,31.375,477900,9.782805
1993-11-05,31.25,31.5,30.5,30.75,527700,9.587928
1993-11-08,30.75,31.0,30.625,30.75,304100,9.587928
1993-11-09,31.125,31.125,30.5,30.625,390700,9.548953
1993-11-10,30.625,30.625,30.375,30.625,434900,9.548953
1993-11-11,30.875,31.0,30.75,30.75,223200,9.587928
1993-11-12,31.0,31.125,30.75,31.0,381500,9.665879
1993-11-15,31.125,31.25,30.75,30.875,247900,9.626903
1993-11-16,31.125,32.0,31.0,32.0,309600,9.977681
1993-11-17,32.125,32.125,31.375,31.5,245900,9.82178
1993-11-18,31.5,31.75,31.5,31.5,134600,9.82178
1993-11-19,31.5,31.5,31.125,31.25,138800,9.743829
1993-11-22,31.5,31.875,31.25,31.75,194700,9.899731
1993-11-23,31.875,32.25,31.75,31.875,132500,9.938706
1993-11-24,32.125,32.375,32.0,32.125,108600,10.016656
1993-11-26,32.25,32.25,32.0,32.25,21600,10.055632
1993-11-29,32.5,32.75,32.5,32.5,165100,10.133582
1993-11-30,32.375,32.375,32.125,32.25,118700,10.055632
1993-12-01,32.0,32.25,31.5,31.5,259600,9.82178
1993-12-02,31.625,32.0,31.625,32.0,82400,9.977681
1993-12-03,31.875,32.0,31.75,32.0,115500,9.977681
1993-12-06,32.0,32.25,31.875,32.0,287600,9.977681
1993-12-07,32.0,32.5,32.0,32.375,864700,10.094607
1993-12-08,32.25,32.25,32.0,32.125,282700,10.016656
1993-12-09,32.0,32.25,31.75,31.875,403900,9.938706
1993-12-10,30.75,31.125,30.625,31.0,370100,9.824614
1993-12-13,31.0,31.25,30.75,31.25,410500,9.903844
1993-12-14,31.125,31.375,30.75,31.0,156600,9.824614
1993-12-15,30.875,31.5,30.75,31.125,212800,9.864229
1993-12-16,31.25,31.625,31.125,31.5,123000,9.983075
1993-12-17,31.375,31.375,31.125,31.25,490100,9.903844
1993-12-20,31.25,31.25,31.0,31.125,335300,9.864229
1993-12-21,31.125,31.25,30.875,31.0,324200,9.824614
1993-12-22,31.125,31.5,30.875,31.375,397800,9.94346
1993-12-23,31.375,31.375,31.0,31.0,194100,9.824614
1993-12-27,31.125,31.25,30.375,30.375,472400,9.626537
1993-12-28,30.0,30.75,30.0,30.375,947700,9.626537
1993-12-29,30.5,30.5,30.0,30.125,625400,9.547306
1993-12-30,30.0,30.125,29.875,30.125,285000,9.547306
1993-12-31,30.0,30.25,30.0,30.0,198500,9.507691
1994-01-03,30.0,30.125,29.5,29.875,344500,9.468075
1994-01-04,29.875,29.875,29.5,29.625,221200,9.388845
1994-01-05,29.625,29.625,29.125,29.25,373700,9.269998
1994-01-06,29.25,29.25,28.5,28.875,341700,9.151152
1994-01-07,29.0,29.25,28.375,28.875,552200,9.151152
1994-01-10,28.875,29.375,28.875,29.25,420400,9.269998
1994-01-11,29.25,29.375,28.75,29.0,429900,9.190768
1994-01-12,29.0,29.375,28.5,29.25,239100,9.269998
1994-01-13,29.375,29.375,28.75,28.875,286300,9.151152
1994-01-14,29.0,29.125,28.625,29.125,267300,9.230383
1994-01-17,29.125,29.375,28.875,29.375,249600,9.309614
1994-01-18,29.375,29.625,29.25,29.5,203300,9.349229
1994-01-19,29.5,29.5,29.0,29.125,291900,9.230383
1994-01-20,29.25,29.25,29.125,29.125,287600,9.230383
1994-01-21,29.25,29.25,28.0,28.625,629800,9.071922
1994-01-24,28.5,28.875,28.375,28.625,623800,9.071922
1994-01-25,28.5,28.875,28.25,28.625,733400,9.071922
1994-01-26,29.0,29.375,28.875,29.25,546300,9.269998
1994-01-27,29.25,29.875,29.125,29.875,1099700,9.468075
1994-01-28,30.125,30.25,29.75,29.75,746800,9.42846
1994-01-31,29.75,30.0,29.625,29.625,272300,9.388845
1994-02-01,29.75,29.75,29.125,29.25,355800,9.269998
1994-02-02,29.0,29.625,28.875,29.375,740400,9.309614
1994-02-03,29.25,29.375,29.125,29.25,200700,9.269998
1994-02-04,29.125,29.25,28.875,28.875,278500,9.151152
1994-02-07,28.75,28.875,28.625,28.75,436000,9.111537
1994-02-08,28.75,28.75,28.375,28.5,297100,9.032306
1994-02-09,28.625,28.875,28.5,28.875,189300,9.151152
1994-02-10,28.75,28.875,28.5,28.5,612400,9.032306
1994-02-11,28.5,29.0,28.375,29.0,150300,9.190768
1994-02-14,28.875,29.0,28.375,28.5,208300,9.032306
1994-02-15,28.625,29.0,28.625,28.875,114300,9.151152
1994-02-16,28.875,29.0,28.375,28.5,135000,9.032306
1994-02-17,28.625,28.625,28.125,28.25,386000,8.953075
1994-02-18,28.0,28.125,27.5,27.5,439600,8.715383
1994-02-22,27.875,28.5,27.625,28.0,341100,8.873845
1994-02-23,28.125,28.125,27.75,28.125,288900,8.91346
1994-02-24,28.125,28.25,27.875,27.875,634900,8.834229
1994-02-25,28.0,28.25,27.875,28.0,182000,8.873845
1994-02-28,28.125,28.625,28.125,28.125,848900,8.91346
1994-03-01,28.0,28.125,27.75,28.0,363400,8.873845
1994-03-02,28.0,28.25,27.875,28.125,1222200,8.91346
1994-03-03,28.125,28.125,27.75,27.75,313500,8.794614
1994-03-04,27.75,28.625,27.75,28.625,885500,9.071922
1994-03-07,29.0,29.25,29.0,29.0,647700,9.190768
1994-03-08,29.125,29.25,28.75,28.875,359000,9.151152
1994-03-09,28.875,29.375,28.75,29.125,352300,9.230383
1994-03-10,29.125,29.125,28.625,28.875,174800,9.151152
1994-03-11,28.5,29.125,28.375,29.0,189800,9.190768
1994-03-14,29.0,29.25,28.875,29.0,1528000,9.190768
1994-03-15,28.375,28.375,28.0,28.0,545200,9.034281
1994-03-16,28.0,28.125,27.5,28.0,454200,9.034281
1994-03-17,27.75,28.0,27.625,27.75,1592300,8.953617
1994-03-18,27.75,28.0,27.75,27.75,1708100,8.953617
1994-03-21,27.5,27.75,27.375,27.625,237700,8.913286
1994-03-22,27.625,28.125,27.5,28.0,353200,9.034281
1994-03-23,28.125,28.25,27.625,27.625,270100,8.913286
1994-03-24,27.75,27.75,27.0,27.125,331200,8.751959
1994-03-25,27.125,27.375,26.875,27.125,405800,8.751959
1994-03-28,27.25,27.5,27.0,27.5,434000,8.872954
1994-03-29,27.375,27.375,27.0,27.25,184100,8.792291
1994-03-30,27.0,27.125,26.75,26.75,175800,8.630964
1994-03-31,26.875,26.875,26.0,26.5,218800,8.550301
1994-04-04,26.25,26.75,26.125,26.25,173500,8.469638
1994-04-05,26.375,27.25,26.25,27.125,807600,8.751959
1994-04-06,27.0,27.0,26.625,26.75,438100,8.630964
1994-04-07,26.75,26.875,26.5,26.75,285900,8.630964
1994-04-08,26.25,26.25,25.5,26.125,421300,8.429306
1994-04-11,26.125,26.125,25.75,25.875,622900,8.348643
1994-04-12,25.875,25.875,25.5,25.625,464700,8.26798
1994-04-13,25.625,26.0,25.625,25.875,121200,8.348643
1994-04-14,25.75,26.25,25.75,26.125,145700,8.429306
1994-04-15,26.0,26.25,25.75,25.875,249300,8.348643
1994-04-18,26.0,26.125,25.75,25.875,169300,8.348643
1994-04-19,25.875,26.25,25.875,26.125,199100,8.429306
1994-04-20,26.125,27.0,26.125,26.75,286100,8.630964
1994-04-21,26.875,27.125,26.75,26.875,274100,8.671296
1994-04-22,27.0,27.125,26.5,26.5,393600,8.550301
1994-04-25,26.5,27.0,26.5,26.75,167300,8.630964
1994-04-26,26.75,26.75,26.25,26.625,199500,8.590633
1994-04-28,26.625,26.625,26.125,26.375,211600,8.50997
1994-04-29,26.25,27.0,26.25,27.0,617400,8.711628
1994-05-02,27.0,27.0,26.625,26.75,226600,8.630964
1994-05-03,26.75,26.875,26.5,26.875,253800,8.671296
1994-05-04,26.875,26.875,26.25,26.375,154100,8.50997
1994-05-05,26.5,26.5,26.25,26.375,112000,8.50997
1994-05-06,26.125,26.125,25.75,25.75,198600,8.308312
1994-05-09,25.625,25.75,24.875,25.125,374000,8.106654
1994-05-10,25.5,25.625,24.75,25.375,431700,8.187317
1994-05-11,25.25,25.375,24.75,24.875,367000,8.02599
1994-05-12,24.875,25.0,24.5,24.75,245000,7.985659
1994-05-13,24.625,24.75,24.375,24.75,151700,7.985659
1994-05-16,24.5,24.75,24.25,24.375,285200,7.864664
1994-05-17,24.25,25.125,24.25,25.0,206400,8.066322
1994-05-18,25.25,25.25,24.75,25.25,272600,8.146985
1994-05-19,25.25,25.5,25.125,25.25,109900,8.146985
1994-05-20,25.25,25.375,25.0,25.125,175500,8.106654
1994-05-23,25.25,25.375,24.875,24.875,145100,8.02599
1994-05-24,25.0,25.125,24.625,24.875,430200,8.02599
1994-05-25,25.0,25.375,24.875,25.25,170300,8.146985
1994-05-26,25.5,26.125,25.375,26.0,342500,8.388975
1994-05-27,25.875,26.0,25.75,26.0,110500,8.388975
1994-05-31,25.875,25.875,25.0,25.75,85700,8.308312
1994-06-01,25.75,26.25,25.625,26.25,338100,8.469638
1994-06-02,26.25,26.375,26.125,26.375,270000,8.50997
1994-06-03,26.375,26.5,26.25,26.5,157800,8.550301
1994-06-06,26.5,26.625,26.375,26.375,121600,8.50997
1994-06-07,26.5,26.5,26.25,26.375,608600,8.50997
1994-06-08,26.5,26.625,26.375,26.5,194800,8.550301
1994-06-09,26.5,26.625,26.5,26.625,78400,8.590633
1994-06-10,26.625,26.625,26.375,26.5,334700,8.550301
1994-06-13,26.5,26.625,26.375,26.625,331900,8.590633
1994-06-14,26.625,26.75,26.5,26.75,289800,8.630964
1994-06-15,26.0,26.125,26.0,26.0,1223300,8.553653
1994-06-16,26.0,26.125,25.75,25.875,857500,8.512529
1994-06-17,26.0,26.0,25.5,25.5,308900,8.389159
1994-06-20,25.25,25.375,25.0,25.25,190500,8.306913
1994-06-21,25.0,25.125,24.5,24.75,212800,8.142419
1994-06-22,24.875,25.0,24.75,25.0,305400,8.224666
1994-06-23,25.125,25.625,25.125,25.25,141600,8.306913
1994-06-24,25.0,25.25,24.75,24.75,116900,8.142419
1994-06-27,24.75,25.125,24.5,25.0,164500,8.224666
1994-06-28,25.125,25.25,24.75,24.75,302500,8.142419
1994-06-29,24.75,25.125,24.625,24.875,417200,8.183543
1994-06-30,24.875,25.0,24.5,24.75,202100,8.142419
1994-07-01,24.875,24.875,24.625,24.625,66600,8.101296
1994-07-05,24.75,24.875,24.625,24.75,157600,8.142419
1994-07-06,24.75,25.125,24.75,24.875,160300,8.183543
1994-07-07,24.875,25.25,24.875,25.25,121700,8.306913
1994-07-08,25.0,25.375,25.0,25.375,137800,8.348036
1994-07-11,25.25,25.5,25.125,25.125,288700,8.265789
1994-07-12,25.125,25.375,24.875,25.0,227400,8.224666
1994-07-13,25.125,25.25,25.0,25.125,98600,8.265789
1994-07-14,25.25,25.625,25.25,25.625,261700,8.430283
1994-07-15,25.5,25.875,25.5,25.875,176600,8.512529
1994-07-18,25.625,25.75,25.375,25.5,171900,8.389159
1994-07-19,25.5,25.625,25.375,25.5,100400,8.389159
1994-07-20,25.5,25.625,25.25,25.375,78400,8.348036
1994-07-21,25.25,25.375,25.125,25.375,148400,8.348036
1994-07-22,25.5,25.625,25.375,25.625,141100,8.430283
1994-07-25,25.625,25.625,25.5,25.625,96300,8.430283
1994-07-26,25.5,25.625,25.5,25.625,140100,8.430283
1994-07-27,25.5,25.625,25.25,25.375,209500,8.348036
1994-07-28,25.375,26.125,25.375,26.125,111800,8.594776
1994-07-29,26.125,26.625,26.0,26.375,142000,8.677023
1994-08-01,26.5,26.875,26.375,26.875,228400,8.841516
1994-08-02,26.875,27.0,26.625,26.875,124400,8.841516
1994-08-03,26.75,26.75,26.625,26.75,212000,8.800393
1994-08-04,26.75,27.125,26.75,27.125,274200,8.923763
1994-08-05,27.0,27.0,26.5,26.625,182300,8.759269
1994-08-08,26.625,27.125,26.5,27.125,226300,8.923763
1994-08-09,27.0,27.0,26.75,27.0,231100,8.882639
1994-08-10,27.0,27.125,26.625,27.0,140600,8.882639
1994-08-11,27.0,27.125,26.5,26.625,148600,8.759269
1994-08-12,26.625,27.25,26.5,27.125,157500,8.923763
1994-08-15,27.125,27.125,26.625,26.625,135800,8.759269
1994-08-16,26.625,27.25,26.5,27.25,163300,8.964886
1994-08-17,27.125,27.25,26.875,26.875,85100,8.841516
1994-08-18,26.625,26.75,26.5,26.5,117500,8.718146
1994-08-19,26.75,27.0,26.625,27.0,159700,8.882639
1994-08-22,26.75,27.0,26.75,26.75,73800,8.800393
1994-08-23,26.875,27.375,26.875,27.125,178500,8.923763
1994-08-24,27.125,27.25,26.875,27.0,78300,8.882639
1994-08-25,27.125,27.375,26.875,26.875,197900,8.841516
1994-08-26,27.0,27.375,26.875,27.125,252600,8.923763
1994-08-29,27.0,27.375,27.0,27.25,181100,8.964886
1994-08-30,27.375,27.375,27.25,27.25,64000,8.964886
1994-08-31,27.125,27.5,27.125,27.25,220100,8.964886
1994-09-01,27.125,27.125,26.625,26.75,174100,8.800393
1994-09-02,26.75,27.0,26.5,26.625,145700,8.759269
1994-09-06,26.375,26.5,26.0,26.25,205500,8.635899
1994-09-07,26.125,26.125,25.875,26.0,225400,8.553653
1994-09-08,25.875,26.375,25.875,26.25,282200,8.635899
1994-09-09,26.0,26.125,25.875,26.0,378200,8.553653
1994-09-12,25.875,26.0,25.75,25.75,183100,8.471406
1994-09-13,25.75,26.0,25.625,25.875,462500,8.512529
1994-09-14,26.0,26.0,25.375,25.5,4096900,8.389159
1994-09-15,25.0,25.0,24.75,25.0,583200,8.394196
1994-09-16,24.75,24.875,24.5,24.5,1167200,8.226312
1994-09-19,24.75,25.0,24.625,24.875,160500,8.352225
1994-09-20,24.75,24.75,24.5,24.5,191100,8.226312
1994-09-21,24.5,24.625,24.25,24.5,232500,8.226312
1994-09-22,24.75,25.125,24.75,24.875,293900,8.352225
1994-09-23,24.75,25.0,24.75,24.875,163700,8.352225
1994-09-26,24.75,25.0,24.75,25.0,74900,8.394196
1994-09-27,25.0,25.125,24.875,24.875,158100,8.352225
1994-09-28,24.875,25.125,24.875,25.0,429200,8.394196
1994-09-29,24.875,25.25,24.875,25.25,173100,8.478138
1994-09-30,25.5,25.5,25.25,25.5,130200,8.56208
1994-10-03,25.375,25.375,25.125,25.375,128300,8.520109
1994-10-04,25.25,25.375,25.0,25.0,180400,8.394196
1994-10-05,24.875,25.0,24.75,24.875,141600,8.352225
1994-10-06,24.875,25.125,24.75,25.0,108300,8.394196
1994-10-07,25.0,25.25,24.875,25.125,147200,8.436167
1994-10-10,25.25,25.5,25.125,25.25,123500,8.478138
1994-10-11,25.5,25.875,25.375,25.875,181300,8.687993
1994-10-12,25.75,25.875,25.625,25.75,172000,8.646022
1994-10-13,26.0,26.125,25.875,26.125,116600,8.771935
1994-10-14,26.125,26.375,26.0,26.375,98300,8.855877
1994-10-17,26.25,26.625,26.0,26.125,185400,8.771935
1994-10-18,26.25,26.375,26.0,26.125,310300,8.771935
1994-10-19,26.125,26.125,25.75,25.875,109600,8.687993
1994-10-20,26.0,26.125,25.375,25.625,182600,8.604051
1994-10-21,25.625,25.75,25.5,25.75,132800,8.646022
1994-10-24,25.625,25.75,25.0,25.125,226700,8.436167
1994-10-25,25.125,25.5,25.0,25.375,434100,8.520109
1994-10-26,25.625,25.75,25.375,25.5,76300,8.56208
1994-10-27,25.75,25.875,25.5,25.875,232600,8.687993
1994-10-28,25.875,26.5,25.875,26.375,287000,8.855877
1994-10-31,26.375,26.5,26.25,26.375,299000,8.855877
1994-11-01,26.125,26.25,25.625,25.875,157300,8.687993
1994-11-02,25.875,26.125,25.75,25.875,149200,8.687993
1994-11-03,25.875,26.5,25.875,26.375,595100,8.855877
1994-11-04,26.375,26.375,25.875,26.0,163900,8.729964
1994-11-07,25.75,26.125,25.625,26.0,102200,8.729964
1994-11-08,26.0,26.25,25.875,26.25,308500,8.813906
1994-11-09,26.25,26.375,25.625,25.875,122400,8.687993
1994-11-10,26.0,26.25,25.75,26.25,1290500,8.813906
1994-11-11,26.125,26.25,26.0,26.0,960400,8.729964
1994-11-14,26.125,26.125,26.0,26.125,100600,8.771935
1994-11-15,25.875,26.125,25.875,25.875,109900,8.687993
1994-11-16,25.875,26.125,25.875,26.125,116800,8.771935
1994-11-17,26.125,26.125,25.625,25.625,87900,8.604051
1994-11-18,25.75,26.0,25.625,25.875,565200,8.687993
1994-11-21,25.875,26.125,25.625,25.625,85800,8.604051
1994-11-22,25.5,26.0,25.375,25.75,266600,8.646022
1994-11-23,25.5,26.5,25.375,26.5,400100,8.897848
1994-11-25,26.5,26.625,26.25,26.375,99800,8.855877
1994-11-28,26.25,26.875,26.0,26.875,397200,9.023761
1994-11-29,26.875,27.125,26.625,27.0,313200,9.065732
1994-11-30,27.0,27.0,26.625,26.75,151100,8.98179
1994-12-01,26.5,26.5,26.25,26.25,111900,8.813906
1994-12-02,26.25,26.875,26.25,26.875,120700,9.023761
1994-12-05,26.75,27.375,26.75,27.25,174700,9.149674
1994-12-06,27.25,27.5,27.125,27.375,243200,9.191644
1994-12-07,27.25,27.375,26.875,26.875,121200,9.023761
1994-12-08,26.875,27.25,26.625,26.75,436400,8.98179
1994-12-09,26.75,27.0,26.5,27.0,732100,9.065732
1994-12-12,27.0,27.5,27.0,27.375,1764400,9.191644
1994-12-13,26.625,27.25,26.625,26.875,713600,9.196777
1994-12-14,27.0,27.0,26.75,26.75,919700,9.154002
1994-12-15,26.75,27.0,26.75,26.75,684100,9.154002
1994-12-16,26.875,26.875,26.375,26.5,619500,9.06845
1994-12-19,26.5,26.5,26.0,26.25,3041100,8.982899
1994-12-20,26.125,26.375,26.0,26.25,185600,8.982899
1994-12-21,26.375,26.5,26.25,26.375,750500,9.025675
1994-12-22,26.5,26.625,26.375,26.5,197300,9.06845
1994-12-23,26.625,26.625,26.375,26.5,594000,9.06845
1994-12-27,26.625,26.625,26.375,26.5,96600,9.06845
1994-12-28,26.5,26.625,26.375,26.5,167300,9.06845
1994-12-29,26.5,26.5,26.25,26.25,79600,8.982899
1994-12-30,26.25,26.375,26.0,26.125,141500,8.940123
1995-01-03,26.125,26.25,25.75,26.125,297900,8.940123
1995-01-04,26.125,26.5,26.125,26.375,248400,9.025675
1995-01-05,26.25,26.375,26.125,26.25,74800,8.982899
1995-01-06,26.375,26.75,26.25,26.75,173600,9.154002
1995-01-09,26.75,26.75,26.5,26.5,88800,9.06845
1995-01-10,26.625,27.125,26.5,26.75,666100,9.154002
1995-01-11,27.0,27.0,26.5,26.625,333300,9.111226
1995-01-12,26.625,26.75,26.625,26.75,99400,9.154002
1995-01-13,26.875,27.125,26.875,26.875,107200,9.196777
1995-01-16,27.125,27.625,27.0,27.375,218800,9.36788
1995-01-17,27.375,27.375,27.25,27.25,202800,9.325105
1995-01-18,27.125,27.25,27.0,27.125,255000,9.282329
1995-01-19,27.0,27.25,27.0,27.0,127000,9.239553
1995-01-20,27.125,27.25,26.875,27.25,211500,9.325105
1995-01-23,27.125,27.75,27.0,27.625,177100,9.453432
1995-01-24,27.625,27.875,27.5,27.75,191700,9.496207
1995-01-25,27.875,28.0,27.75,27.875,95400,9.538983
1995-01-26,27.875,28.0,27.625,27.75,456900,9.496207
1995-01-27,27.75,27.75,27.625,27.75,332900,9.496207
1995-01-30,27.625,27.75,27.5,27.625,427300,9.453432
1995-01-31,27.875,28.25,27.75,28.0,233700,9.581759
1995-02-01,28.25,28.25,27.75,27.75,700000,9.496207
1995-02-02,27.875,28.0,27.75,28.0,665600,9.581759
1995-02-03,28.375,29.0,28.375,28.75,511400,9.838413
1995-02-06,28.75,28.75,28.625,28.625,140800,9.795637
1995-02-07,28.875,28.875,28.625,28.875,258000,9.881189
1995-02-08,29.0,29.125,28.875,28.875,226200,9.881189
1995-02-09,28.875,29.0,28.125,28.375,364400,9.710086
1995-02-10,28.375,28.375,28.0,28.25,206600,9.66731
1995-02-13,28.25,28.375,28.125,28.25,154600,9.66731
1995-02-14,28.375,28.875,28.375,28.875,245900,9.881189
1995-02-15,28.875,29.125,28.75,29.125,242200,9.96674
1995-02-16,29.25,29.25,29.0,29.125,188600,9.96674
1995-02-17,29.125,29.25,29.0,29.125,224800,9.96674
1995-02-21,29.125,29.375,29.125,29.125,304900,9.96674
1995-02-22,29.25,29.375,29.125,29.375,134500,10.052292
1995-02-23,29.375,29.625,29.0,29.0,779200,9.923965
1995-02-24,29.125,29.125,28.625,28.625,164200,9.795637
1995-02-27,28.75,28.75,28.375,28.625,228200,9.795637
1995-02-28,28.625,28.75,28.5,28.625,116600,9.795637
1995-03-01,28.5,28.625,28.375,28.375,663700,9.710086
1995-03-02,28.375,28.625,28.0,28.0,419600,9.581759
1995-03-03,28.0,28.0,27.875,28.0,263000,9.581759
1995-03-06,27.875,28.0,27.625,27.625,198700,9.453432
1995-03-07,27.625,27.875,27.5,27.75,574100,9.496207
1995-03-08,27.875,28.0,27.625,27.625,286300,9.453432
1995-03-09,27.625,27.875,27.625,27.75,116400,9.496207
1995-03-10,27.875,28.25,27.75,28.25,130100,9.66731
1995-03-13,28.25,28.25,27.875,28.125,73900,9.624535
1995-03-14,28.125,28.25,28.125,28.125,136500,9.624535
1995-03-15,28.0,28.125,27.75,27.875,228300,9.538983
1995-03-16,27.125,27.5,27.125,27.25,692000,9.500632
1995-03-17,27.25,27.25,26.75,27.125,1506000,9.457051
1995-03-20,27.0,27.125,26.75,27.0,112800,9.413471
1995-03-21,26.625,26.875,26.5,26.625,165600,9.282728
1995-03-22,26.75,26.875,26.5,26.75,180100,9.326309
1995-03-23,26.875,27.25,26.625,27.25,201600,9.500632
1995-03-24,27.25,27.875,27.25,27.375,391400,9.544213
1995-03-27,27.625,27.625,27.25,27.375,95800,9.544213
1995-03-28,27.5,27.5,27.25,27.25,101400,9.500632
1995-03-29,27.25,27.75,27.25,27.25,160500,9.500632
1995-03-30,27.5,27.625,27.25,27.625,190000,9.631375
1995-03-31,27.625,27.625,27.25,27.375,158800,9.544213
1995-04-03,27.25,27.625,27.125,27.5,376900,9.587794
1995-04-04,27.5,28.125,27.5,27.875,266500,9.718537
1995-04-05,27.875,28.75,27.75,28.625,211000,9.980022
1995-04-06,28.625,28.875,28.25,28.375,160200,9.89286
1995-04-07,28.5,28.75,28.125,28.625,126700,9.980022
1995-04-10,28.5,28.75,28.375,28.625,92200,9.980022
1995-04-11,28.625,28.625,28.125,28.125,167600,9.805699
1995-04-12,28.125,28.25,27.875,27.875,99700,9.718537
1995-04-13,28.0,28.375,27.875,28.0,150000,9.762118
1995-04-17,28.125,28.25,27.875,27.875,455500,9.718537
1995-04-18,28.0,28.0,27.75,28.0,136400,9.762118
1995-04-19,27.875,28.25,27.75,28.25,101100,9.849279
1995-04-20,28.375,28.375,28.125,28.125,70700,9.805699
1995-04-21,28.375,28.375,27.75,27.75,200700,9.674956
1995-04-24,27.875,28.375,27.75,28.25,179300,9.849279
1995-04-25,28.25,28.375,28.125,28.375,103400,9.89286
1995-04-26,28.375,28.375,28.25,28.25,194200,9.849279
1995-04-27,28.25,28.375,28.125,28.125,60500,9.805699
1995-04-28,28.125,28.25,28.0,28.25,78400,9.849279
1995-05-01,28.375,28.5,28.25,28.25,225000,9.849279
1995-05-02,28.25,28.25,27.75,28.0,183000,9.762118
1995-05-03,28.125,28.25,28.125,28.25,131800,9.849279
1995-05-04,28.375,28.625,28.0,28.0,156500,9.762118
1995-05-05,28.25,28.625,28.125,28.5,98500,9.936441
1995-05-08,28.5,28.5,28.375,28.5,84300,9.936441
1995-05-09,28.625,29.25,28.5,29.25,278900,10.197926
1995-05-10,29.25,29.25,28.625,28.75,158800,10.023603
1995-05-11,28.875,29.125,28.75,29.125,208900,10.154346
1995-05-12,29.0,29.125,28.625,29.125,195600,10.154346
1995-05-15,29.125,29.25,28.875,29.0,112700,10.110765
1995-05-16,29.125,29.25,28.875,29.25,124800,10.197926
1995-05-17,29.125,29.25,28.75,28.875,190200,10.067184
1995-05-18,28.875,29.0,28.25,28.25,104600,9.849279
1995-05-19,28.125,28.375,28.125,28.25,137200,9.849279
1995-05-22,28.375,28.75,28.25,28.625,216300,9.980022
1995-05-23,28.625,28.875,28.375,28.875,193400,10.067184
1995-05-24,28.875,29.125,28.375,28.5,147800,9.936441
1995-05-25,28.625,29.5,28.625,29.5,631100,10.285088
1995-05-26,29.5,29.5,29.0,29.0,442900,10.110765
1995-05-30,29.125,29.875,29.125,29.875,149300,10.415831
1995-05-31,29.875,30.125,29.625,30.0,215600,10.459412
1995-06-01,29.875,30.125,29.75,30.125,161000,10.502993
1995-06-02,30.25,30.75,30.25,30.5,164400,10.633735
1995-06-05,30.5,30.875,30.5,30.875,154000,10.764478
1995-06-06,30.75,30.75,30.375,30.5,122500,10.633735
1995-06-07,30.375,30.375,29.875,30.0,108600,10.459412
1995-06-08,29.875,30.0,29.625,29.75,110200,10.37225
1995-06-09,29.625,29.625,29.125,29.375,167200,10.241507
1995-06-12,29.375,30.0,29.375,29.5,119900,10.285088
1995-06-13,29.625,30.25,29.625,30.25,482600,10.546574
1995-06-14,30.125,30.125,29.875,30.0,159000,10.459412
1995-06-15,29.875,29.875,29.625,29.75,241700,10.37225
1995-06-16,29.75,29.75,29.375,29.5,1352500,10.285088
1995-06-19,28.875,29.0,28.625,28.875,533300,10.246055
1995-06-20,29.0,29.0,28.75,28.75,723600,10.2017
1995-06-21,28.875,29.25,28.5,29.25,296500,10.379121
1995-06-22,29.5,30.0,29.5,30.0,362500,10.645252
1995-06-23,29.875,29.875,29.5,29.875,162400,10.600897
1995-06-26,29.875,29.875,29.375,29.375,95900,10.423476
1995-06-27,29.375,29.75,29.25,29.5,185100,10.467831
1995-06-28,29.625,29.875,29.5,29.875,100600,10.600897
1995-06-29,29.875,29.875,29.5,29.5,114100,10.467831
1995-06-30,29.625,29.75,29.25,29.5,169800,10.467831
1995-07-03,29.375,29.5,29.25,29.5,34100,10.467831
1995-07-05,29.25,29.625,29.125,29.25,115800,10.379121
1995-07-06,29.25,29.75,29.0,29.75,245800,10.556542
1995-07-07,29.5,29.625,29.25,29.375,108400,10.423476
1995-07-10,29.375,29.5,29.25,29.5,109400,10.467831
1995-07-11,29.5,29.5,29.0,29.375,201000,10.423476
1995-07-12,29.125,29.375,29.0,29.25,742400,10.379121
1995-07-13,29.25,29.375,29.0,29.125,166300,10.334766
1995-07-14,29.0,29.125,28.875,29.125,126200,10.334766
1995-07-17,29.125,29.375,29.125,29.375,195600,10.423476
1995-07-18,29.375,29.375,28.875,29.125,142300,10.334766
1995-07-19,29.0,29.0,28.25,28.875,357200,10.246055
1995-07-20,28.75,29.125,28.75,28.875,313300,10.246055
1995-07-21,28.875,28.875,28.75,28.75,114800,10.2017
1995-07-24,28.875,29.0,28.75,28.875,288000,10.246055
1995-07-25,28.875,29.375,28.75,29.25,333600,10.379121
1995-07-26,29.25,29.25,29.0,29.125,103600,10.334766
1995-07-27,29.25,29.625,29.125,29.625,338300,10.512187
1995-07-28,29.625,29.625,29.375,29.5,164200,10.467831
1995-07-31,29.5,29.5,29.25,29.5,839000,10.467831
1995-08-01,29.5,29.5,29.25,29.375,30800,10.423476
1995-08-02,29.5,29.5,29.125,29.125,142900,10.334766
1995-08-03,28.875,29.125,28.75,29.125,71200,10.334766
1995-08-04,29.125,29.25,28.875,29.25,180600,10.379121
1995-08-07,29.375,29.5,29.25,29.375,47600,10.423476
1995-08-08,29.5,29.5,29.375,29.375,45600,10.423476
1995-08-09,29.375,29.5,29.375,29.375,91700,10.423476
1995-08-10,29.5,29.5,29.375,29.375,148900,10.423476
1995-08-11,29.375,29.5,29.25,29.5,109500,10.467831
1995-08-14,29.5,29.625,29.375,29.625,200200,10.512187
1995-08-15,29.75,29.875,29.5,29.75,249100,10.556542
1995-08-16,29.625,30.125,29.625,30.125,234000,10.689607
1995-08-17,30.125,30.125,29.75,29.875,89200,10.600897
1995-08-18,30.0,30.0,29.875,30.0,109100,10.645252
1995-08-21,30.0,30.375,29.875,30.375,105200,10.778318
1995-08-22,30.375,30.375,30.25,30.25,570100,10.733963
1995-08-23,30.375,30.375,30.0,30.0,194800,10.645252
1995-08-24,30.0,30.5,29.75,30.25,251300,10.733963
1995-08-25,30.25,30.75,30.25,30.5,118200,10.822673
1995-08-28,30.5,30.625,30.5,30.625,242800,10.867028
1995-08-29,30.625,30.625,30.375,30.625,101200,10.867028
1995-08-30,30.625,30.75,30.5,30.75,326600,10.911383
1995-08-31,30.625,30.875,30.625,30.75,105900,10.911383
1995-09-01,30.75,30.8125,30.625,30.75,120700,10.911383
1995-09-05,30.875,31.0,30.75,30.875,123300,10.955739
1995-09-06,30.875,31.0,30.625,30.75,340300,10.911383
1995-09-07,30.75,30.75,30.375,30.5,134700,10.822673
1995-09-08,30.5,30.5,30.25,30.5,370700,10.822673
1995-09-11,30.5,30.625,30.25,30.5,171600,10.822673
1995-09-12,30.625,30.875,30.5,30.875,97600,10.955739
1995-09-13,30.75,30.875,30.75,30.75,568700,10.911383
1995-09-14,30.875,31.125,30.75,31.125,262900,11.044449
1995-09-15,31.125,31.125,30.875,31.0,310400,11.000094
1995-09-18,30.875,31.0,30.75,31.0,1090000,11.000094
1995-09-19,30.5,30.5,30.25,30.375,835200,10.960403
1995-09-20,30.375,30.625,30.25,30.625,818800,11.050612
1995-09-21,30.625,30.75,30.5,30.625,100000,11.050612
1995-09-22,30.375,30.75,30.25,30.625,156900,11.050612
1995-09-25,30.625,30.75,30.5,30.625,84600,11.050612
1995-09-26,30.75,31.375,30.75,31.375,296400,11.321239
1995-09-27,31.375,31.625,31.125,31.625,518700,11.411448
1995-09-28,31.5,32.5,31.5,32.25,422500,11.636971
1995-09-29,32.375,32.625,32.0,32.25,262800,11.636971
1995-10-02,32.125,32.25,32.0,32.125,107900,11.591866
1995-10-03,32.125,32.625,32.125,32.5,218800,11.72718
1995-10-04,32.375,32.875,32.375,32.875,167700,11.862493
1995-10-05,32.875,33.0,32.75,32.875,1323000,11.862493
1995-10-06,32.875,32.875,32.375,32.75,890300,11.817389
1995-10-09,32.625,32.625,32.125,32.625,186200,11.772284
1995-10-10,32.5,33.0,32.5,32.875,396900,11.862493
1995-10-11,33.0,33.0,32.625,32.875,185600,11.862493
1995-10-12,32.875,32.875,32.625,32.75,107300,11.817389
1995-10-13,32.875,33.0,32.5,32.75,688700,11.817389
1995-10-16,32.625,32.75,32.25,32.625,145600,11.772284
1995-10-17,32.875,33.0,32.625,32.875,132800,11.862493
1995-10-18,33.0,33.25,32.75,33.125,197800,11.952702
1995-10-19,33.125,33.5,33.125,33.5,282900,12.088016
1995-10-20,33.5,33.875,33.375,33.75,306000,12.178225
1995-10-23,33.625,34.0,33.625,33.875,168400,12.22333
1995-10-24,33.875,34.0,33.625,34.0,228700,12.268434
1995-10-25,34.0,34.25,33.875,34.25,117200,12.358643
1995-10-26,34.125,34.25,33.75,34.0,206200,12.268434
1995-10-27,34.0,34.0,33.25,33.75,222000,12.178225
1995-10-30,33.75,34.0,33.75,34.0,254400,12.268434
1995-10-31,34.0,34.125,33.75,33.75,151700,12.178225
1995-11-01,33.75,34.125,33.75,34.0,168400,12.268434
1995-11-02,34.0,34.25,34.0,34.125,109500,12.313539
1995-11-03,34.125,34.25,33.75,34.0,246000,12.268434
1995-11-06,33.75,33.75,33.5,33.5,295000,12.088016
1995-11-07,33.625,33.625,33.125,33.25,232200,11.997807
1995-11-08,33.375,33.625,33.25,33.625,276800,12.13312
1995-11-09,33.625,33.75,33.125,33.625,155700,12.13312
1995-11-10,33.375,33.5,33.0,33.25,326300,11.997807
1995-11-13,33.25,33.25,32.875,33.0,690100,11.907598
1995-11-14,33.0,33.0,32.625,32.875,183500,11.862493
1995-11-15,32.75,32.875,32.625,32.875,245300,11.862493
1995-11-16,33.0,33.0,32.5,32.75,390400,11.817389
1995-11-17,32.875,32.875,32.75,32.875,282800,11.862493
1995-11-20,32.875,32.875,32.5,32.75,126000,11.817389
1995-11-21,32.625,32.75,32.625,32.625,207300,11.772284
1995-11-22,32.625,32.75,32.375,32.625,87600,11.772284
1995-11-24,32.375,32.625,32.375,32.625,51700,11.772284
1995-11-27,32.625,32.75,32.5,32.625,497200,11.772284
1995-11-28,32.75,32.875,32.625,32.875,234500,11.862493
1995-11-29,33.0,33.125,33.0,33.125,211200,11.952702
1995-11-30,33.125,33.125,32.625,32.625,325500,11.772284
1995-12-01,32.75,33.0,32.75,32.875,184600,11.862493
1995-12-04,33.0,33.375,33.0,33.25,177300,11.997807
1995-12-05,33.25,33.875,33.25,33.625,235100,12.13312
1995-12-06,33.75,34.375,33.75,34.25,762300,12.358643
1995-12-07,33.75,33.75,33.5,33.625,175400,12.13312
1995-12-08,33.875,34.125,33.75,34.0,205500,12.268434
1995-12-11,33.75,34.25,33.75,34.0,562400,12.268434
1995-12-12,34.0,34.125,33.875,34.125,2331600,12.313539
1995-12-13,33.625,33.75,33.375,33.625,489400,12.319034
1995-12-14,33.875,34.375,33.75,34.0,768800,12.456421
1995-12-15,34.125,34.375,34.0,34.125,624600,12.502216
1995-12-18,34.0,34.375,33.875,34.375,309600,12.593808
1995-12-19,34.25,34.5,34.125,34.5,335500,12.639603
1995-12-20,34.5,34.5,34.0,34.25,133300,12.548012
1995-12-21,34.375,34.5,34.25,34.375,306400,12.593808
1995-12-22,34.375,34.625,34.375,34.5,82200,12.639603
1995-12-26,34.5,34.625,34.375,34.5,172900,12.639603
1995-12-27,34.5,34.625,34.5,34.625,111900,12.685399
1995-12-28,34.625,34.875,34.0,34.0,133100,12.456421
1995-12-29,34.125,34.625,33.625,34.5,266500,12.639603
1996-01-02,34.375,35.0,34.25,34.875,419600,12.77699
1996-01-03,34.875,35.25,34.875,35.125,145500,12.868582
1996-01-04,35.0,35.375,34.5,34.625,551500,12.685399
1996-01-05,34.375,35.125,34.375,35.125,513900,12.868582
1996-01-08,34.875,35.125,34.75,35.125,75500,12.868582
1996-01-09,35.0,35.375,34.75,35.125,220000,12.868582
1996-01-10,34.875,35.25,34.75,35.0,311900,12.822786
1996-01-11,35.125,35.125,34.5,35.125,243600,12.868582
1996-01-12,35.375,35.375,34.75,34.875,193400,12.77699
1996-01-15,34.75,35.0,34.75,34.875,105000,12.77699
1996-01-16,35.125,35.375,35.0,35.375,556000,12.960173
1996-01-17,35.375,36.0,35.375,35.625,339200,13.051764
1996-01-18,35.5,35.5,35.25,35.375,276400,12.960173
1996-01-19,35.125,35.625,35.125,35.375,227800,12.960173
1996-01-22,35.25,35.375,35.0,35.125,222000,12.868582
1996-01-23,35.0,35.5,35.0,35.375,358200,12.960173
1996-01-24,35.375,35.75,35.25,35.625,240900,13.051764
1996-01-25,35.625,35.75,35.375,35.75,318300,13.09756
1996-01-26,35.625,35.875,35.625,35.75,147900,13.09756
1996-01-29,35.75,35.875,35.625,35.75,169400,13.09756
1996-01-30,35.75,36.0,35.75,35.875,419200,13.143356
1996-01-31,35.875,36.125,35.625,36.0,112100,13.189151
1996-02-01,35.75,35.875,35.5,35.625,103000,13.051764
1996-02-02,35.5,35.625,35.125,35.375,104900,12.960173
1996-02-05,35.25,35.375,35.125,35.375,208500,12.960173
1996-02-06,35.25,35.75,35.25,35.75,147800,13.09756
1996-02-07,35.625,36.25,35.5,36.25,338100,13.280743
1996-02-08,36.125,36.125,35.625,35.75,301800,13.09756
1996-02-09,35.75,36.0,35.625,36.0,200100,13.189151
1996-02-12,36.25,36.75,36.0,36.625,255300,13.41813
1996-02-13,36.5,37.25,36.5,36.875,342000,13.509721
1996-02-14,36.875,36.875,36.25,36.25,129400,13.280743
1996-02-15,36.375,36.375,36.0,36.125,185100,13.234947
1996-02-16,36.0,36.125,35.75,35.875,264800,13.143356
1996-02-20,35.25,35.5,34.875,35.0,345100,12.822786
1996-02-21,35.125,35.375,34.875,35.375,672800,12.960173
1996-02-22,35.375,35.625,35.25,35.5,529700,13.005969
1996-02-23,35.75,35.875,35.0,35.125,143700,12.868582
1996-02-26,35.0,35.5,34.375,35.5,1104000,13.005969
1996-02-27,35.375,35.75,35.25,35.75,715400,13.09756
1996-02-28,35.875,36.125,35.875,36.0,540500,13.189151
1996-02-29,35.875,36.0,35.625,35.625,221600,13.051764
1996-03-01,35.875,35.875,35.125,35.75,319500,13.09756
1996-03-04,35.75,36.0,35.625,35.75,175100,13.09756
1996-03-05,35.5,35.75,35.375,35.5,221400,13.005969
1996-03-06,35.375,35.375,35.0,35.125,211100,12.868582
1996-03-07,35.0,35.5,34.75,35.5,502500,13.005969
1996-03-08,35.25,35.25,34.75,35.0,839200,12.822786
1996-03-11,34.5,35.375,34.25,34.875,228100,12.77699
1996-03-12,34.625,34.625,33.625,34.125,487400,12.502216
1996-03-13,34.125,34.25,33.625,33.75,368300,12.364829
1996-03-14,33.75,33.875,33.75,33.75,216300,12.364829
1996-03-15,33.625,33.625,33.125,33.375,254600,12.227442
1996-03-18,33.625,34.25,33.625,34.125,1116800,12.502216
1996-03-19,33.625,33.625,33.125,33.375,1776400,12.414801
1996-03-20,33.5,33.75,33.375,33.75,1176100,12.554293
1996-03-21,33.75,34.0,33.625,34.0,3145100,12.647288
1996-03-22,34.125,34.125,33.875,33.875,204900,12.600791
1996-03-25,34.125,34.375,34.125,34.25,207300,12.740283
1996-03-26,34.125,34.25,34.0,34.25,130500,12.740283
1996-03-27,34.25,34.625,34.0,34.0,201800,12.647288
1996-03-28,34.0,34.25,34.0,34.0,147400,12.647288
1996-03-29,34.25,34.25,33.625,33.625,349400,12.507796
1996-04-01,33.75,34.25,33.625,34.0,345800,12.647288
1996-04-02,34.125,34.125,33.625,33.75,415400,12.554293
1996-04-03,33.625,33.875,33.5,33.875,305400,12.600791
1996-04-04,33.75,33.75,33.625,33.625,124000,12.507796
1996-04-08,33.375,33.375,31.875,32.5,362200,12.089319
1996-04-09,32.5,32.625,32.25,32.375,423600,12.042822
1996-04-10,32.375,32.5,31.625,31.625,406000,11.763838
1996-04-11,31.625,31.75,31.0,31.75,780300,11.810335
1996-04-12,32.0,32.5,31.875,32.125,283200,11.949827
1996-04-15,32.125,32.125,31.75,32.125,248000,11.949827
1996-04-16,32.0,32.25,31.875,32.125,204300,11.949827
1996-04-17,32.0,32.125,31.875,32.0,584700,11.90333
1996-04-18,31.875,32.0,31.625,31.625,179500,11.763838
1996-04-19,31.625,32.0,31.625,31.875,264100,11.856832
1996-04-22,32.0,32.125,31.75,31.875,168400,11.856832
1996-04-23,31.75,31.75,31.5,31.625,196900,11.763838
1996-04-24,31.375,31.625,31.375,31.5,302700,11.71734
1996-04-25,31.375,31.625,31.0,31.375,155900,11.670843
1996-04-26,31.5,31.5,31.125,31.25,83300,11.624346
1996-04-29,31.125,31.375,31.0,31.25,216900,11.624346
1996-04-30,31.25,31.5,31.0,31.0,377000,11.531351
1996-05-01,31.0,31.25,31.0,31.25,401100,11.624346
1996-05-02,31.0,31.125,30.625,30.625,524900,11.391859
1996-05-03,30.75,30.75,30.0,30.125,700800,11.205869
1996-05-06,30.25,30.25,29.5,29.875,1127400,11.112874
1996-05-07,29.875,29.875,29.625,29.625,776000,11.01988
1996-05-08,29.625,30.125,29.375,30.125,478100,11.205869
1996-05-09,30.125,30.5,29.75,29.875,310200,11.112874
1996-05-10,30.125,30.5,30.0,30.5,471700,11.345361
1996-05-13,30.5,30.625,30.375,30.5,102200,11.345361
1996-05-14,30.75,30.75,30.375,30.75,1001600,11.438356
1996-05-15,30.75,30.75,30.25,30.5,453500,11.345361
1996-05-16,30.25,30.25,30.0,30.0,225400,11.159372
1996-05-17,30.25,30.25,29.625,29.625,1615600,11.01988
1996-05-20,29.75,29.875,29.625,29.75,157500,11.066377
1996-05-21,29.75,30.0,29.625,29.75,350200,11.066377
1996-05-22,29.625,30.0,29.5,30.0,328000,11.159372
1996-05-23,30.0,30.0,29.5,29.625,210000,11.01988
1996-05-24,29.75,30.0,29.75,29.875,135600,11.112874
1996-05-28,29.875,30.0,29.5625,29.625,199600,11.01988
1996-05-29,29.625,30.0,29.625,29.625,678100,11.01988
1996-05-30,29.625,29.75,29.375,29.625,216800,11.01988
1996-05-31,29.625,29.625,29.125,29.25,452400,10.880387
1996-06-03,29.125,29.25,28.875,29.125,233000,10.83389
1996-06-04,29.25,29.625,29.25,29.5,264400,10.973382
1996-06-05,29.375,29.75,29.25,29.75,225100,11.066377
1996-06-06,29.875,30.0,29.5,29.5,337500,10.973382
1996-06-07,28.875,29.25,28.75,29.25,358500,10.880387
1996-06-10,29.125,29.5,28.75,28.75,607000,10.694398
1996-06-11,28.875,29.0,28.5,28.625,360600,10.647901
1996-06-12,28.625,28.75,28.375,28.375,242100,10.554906
1996-06-13,28.375,28.625,28.375,28.625,155500,10.647901
1996-06-14,28.625,29.0,28.5,28.75,408200,10.694398
1996-06-17,28.75,28.875,28.5,28.75,1192300,10.694398
1996-06-18,28.125,28.375,28.125,28.25,746900,10.70008
1996-06-19,28.25,28.25,28.0,28.125,889700,10.652734
1996-06-20,28.25,28.375,28.125,28.25,3304100,10.70008
1996-06-21,28.375,28.75,28.25,28.75,394200,10.889462
1996-06-24,28.875,29.0,28.625,28.75,247300,10.889462
1996-06-25,28.875,29.25,28.875,29.0,465500,10.984153
1996-06-26,29.125,29.375,29.0,29.25,495100,11.078844
1996-06-27,29.375,29.875,29.375,29.75,819000,11.268226
1996-06-28,29.875,31.0,29.875,30.875,815200,11.694335
1996-07-01,30.875,30.875,30.625,30.75,848900,11.646989
1996-07-02,30.875,30.875,30.5,30.75,673100,11.646989
1996-07-03,30.625,30.75,30.5,30.5,126500,11.552298
1996-07-05,30.0,30.0,29.75,29.75,161800,11.268226
1996-07-08,29.5,29.75,29.5,29.75,260000,11.268226
1996-07-09,29.75,30.125,29.75,30.0,156200,11.362917
1996-07-10,30.125,30.25,29.875,30.0,432700,11.362917
1996-07-11,30.125,30.125,29.625,29.875,209600,11.315571
1996-07-12,30.0,30.5,29.75,30.25,730800,11.457608
1996-07-15,30.25,30.625,30.125,30.25,662600,11.457608
1996-07-16,30.5,30.625,30.125,30.125,419800,11.410262
1996-07-17,30.375,31.0,29.875,29.875,274100,11.315571
1996-07-18,30.0,30.25,29.625,30.125,154900,11.410262
1996-07-19,30.125,30.125,29.5,29.625,119100,11.22088
1996-07-22,29.625,29.875,29.0,29.625,201500,11.22088
1996-07-23,29.5,29.75,29.25,29.5,156300,11.173535
1996-07-24,29.375,29.75,29.0,29.25,579000,11.078844
1996-07-25,29.375,29.375,28.75,28.875,202300,10.936807
1996-07-26,28.875,29.0,28.75,29.0,120800,10.984153
1996-07-29,28.875,28.875,28.625,28.625,179300,10.842116
1996-07-30,28.625,28.75,28.5,28.625,174600,10.842116
1996-07-31,28.625,28.75,28.5,28.75,138700,10.889462
1996-08-01,28.75,29.25,28.625,28.75,429000,10.889462
1996-08-02,29.0,29.375,29.0,29.375,379400,11.126189
1996-08-05,29.25,29.75,29.25,29.5,242600,11.173535
1996-08-06,29.375,29.5,29.25,29.5,114000,11.173535
1996-08-07,29.5,29.5,29.0,29.375,243800,11.126189
1996-08-08,29.25,29.375,29.25,29.25,92600,11.078844
1996-08-09,29.5,29.625,29.375,29.375,168400,11.126189
1996-08-12,29.375,29.75,29.375,29.75,189700,11.268226
1996-08-13,29.75,29.75,29.625,29.75,97700,11.268226
1996-08-14,29.75,30.0,29.75,29.875,338000,11.315571
1996-08-15,29.75,30.0,29.75,29.75,175300,11.268226
1996-08-16,29.75,30.125,29.75,30.0,160100,11.362917
1996-08-19,30.0,30.0,29.75,29.875,205900,11.315571
1996-08-20,30.0,30.0,29.625,29.625,367300,11.22088
1996-08-21,29.625,29.75,29.375,29.625,313400,11.22088
1996-08-22,29.625,29.875,29.5,29.75,291600,11.268226
1996-08-23,29.5,29.625,29.25,29.375,142000,11.126189
1996-08-26,29.375,29.375,29.125,29.125,128100,11.031498
1996-08-27,29.125,29.375,29.125,29.375,254800,11.126189
1996-08-28,29.25,29.25,29.125,29.125,59400,11.031498
1996-08-29,29.125,29.625,28.5,28.625,196200,10.842116
1996-08-30,28.625,28.625,28.25,28.5,99100,10.794771
1996-09-03,28.25,28.5,27.875,28.25,215000,10.70008
1996-09-04,28.125,28.375,28.0,28.25,331100,10.70008
1996-09-05,28.125,28.375,28.0,28.0,334400,10.605389
1996-09-06,28.0,28.5,27.875,28.5,209100,10.794771
1996-09-09,28.625,28.75,28.5,28.625,167900,10.842116
1996-09-10,28.5,28.625,28.375,28.5,113600,10.794771
1996-09-11,28.375,28.375,28.0,28.25,262400,10.70008
1996-09-12,28.375,28.875,28.375,28.5,586300,10.794771
1996-09-13,28.75,28.75,28.375,28.5,396800,10.794771
1996-09-16,28.5,28.625,28.375,28.5,434200,10.794771
1996-09-17,28.5,29.0,28.5,29.0,1414300,10.984153
1996-09-18,28.375,28.5,28.0,28.125,544400,10.845333
1996-09-19,28.25,28.25,28.0,28.25,757600,10.893534
1996-09-20,28.375,28.5,28.375,28.375,2026100,10.941736
1996-09-23,28.25,28.375,27.875,28.0,375900,10.797131
1996-09-24,28.0,28.25,27.875,28.125,382200,10.845333
1996-09-25,28.25,28.375,28.125,28.25,370600,10.893534
1996-09-26,28.125,28.375,28.125,28.125,190700,10.845333
1996-09-27,28.25,28.25,27.75,27.875,168800,10.74893
1996-09-30,27.875,28.0,27.625,28.0,172400,10.797131
1996-10-01,28.125,28.125,27.875,28.125,247200,10.845333
1996-10-02,28.125,28.125,27.875,27.875,202000,10.74893
1996-10-03,28.0,28.25,27.875,28.125,205900,10.845333
1996-10-04,28.375,28.5,28.25,28.5,491200,10.989937
1996-10-07,28.5,28.625,28.375,28.5,248800,10.989937
1996-10-08,28.375,28.5,28.125,28.25,345100,10.893534
1996-10-09,28.25,28.25,28.0,28.25,591200,10.893534
1996-10-10,28.25,28.25,27.875,28.125,322900,10.845333
1996-10-11,28.25,28.5,28.25,28.375,157300,10.941736
1996-10-14,28.375,28.5,28.25,28.375,145100,10.941736
1996-10-15,28.625,28.75,28.25,28.375,172500,10.941736
1996-10-16,28.875,28.875,28.375,28.5,256400,10.989937
1996-10-17,28.625,28.75,28.5,28.5,312300,10.989937
1996-10-18,28.625,28.75,28.5,28.75,506000,11.08634
1996-10-21,28.75,28.875,28.625,28.625,231500,11.038139
1996-10-22,28.625,28.8125,28.625,28.625,92700,11.038139
1996-10-23,28.625,28.75,28.375,28.625,200300,11.038139
1996-10-24,28.5,28.75,28.375,28.625,111100,11.038139
1996-10-25,28.625,28.875,28.5,28.625,135700,11.038139
1996-10-28,28.625,28.875,28.5,28.5,102800,10.989937
1996-10-29,28.5,29.125,28.5,29.125,480300,11.230945
1996-10-30,29.125,29.75,29.125,29.625,376100,11.423751
1996-10-31,29.75,30.125,29.625,30.125,753400,11.616556
1996-11-01,30.125,30.25,30.0,30.125,589000,11.616556
1996-11-04,30.125,30.625,30.0,30.5,308200,11.761161
1996-11-05,30.625,31.0,30.625,31.0,397100,11.953967
1996-11-06,31.0,31.5,30.75,31.5,285100,12.146773
1996-11-07,31.5,31.75,31.0,31.5,306400,12.146773
1996-11-08,31.625,31.75,31.5,31.75,215100,12.243176
1996-11-11,31.625,31.75,31.5,31.75,242000,12.243176
1996-11-12,31.75,32.0,31.625,32.0,326400,12.339579
1996-11-13,31.875,32.125,31.75,32.125,213500,12.38778
1996-11-14,32.125,32.5,31.625,32.375,289200,12.484183
1996-11-15,32.5,32.5,32.0,32.25,465500,12.435982
1996-11-18,32.375,32.375,32.125,32.25,183600,12.435982
1996-11-19,32.25,32.25,32.125,32.25,181400,12.435982
1996-11-20,32.0,32.375,31.875,32.25,301900,12.435982
1996-11-21,32.375,32.75,32.25,32.5,919500,12.532385
1996-11-22,32.375,32.625,32.375,32.5,269500,12.532385
1996-11-25,32.375,32.5,32.25,32.375,147500,12.484183
1996-11-26,32.375,32.375,31.75,32.0,381600,12.339579
1996-11-27,32.0,32.0,31.75,32.0,697500,12.339579
1996-11-29,32.0,32.25,32.0,32.0,112100,12.339579
1996-12-02,32.0,32.125,32.0,32.125,804300,12.38778
1996-12-03,32.125,32.125,31.625,31.625,441500,12.194974
1996-12-04,31.5,31.875,31.125,31.75,1030000,12.243176
1996-12-05,31.875,32.0,31.75,32.0,235800,12.339579
1996-12-06,31.75,32.0,31.625,32.0,610900,12.339579
1996-12-09,32.0,32.0,31.75,32.0,409500,12.339579
1996-12-10,32.0,32.125,31.75,32.125,415400,12.38778
1996-12-11,31.75,32.0,31.5,32.0,1644600,12.339579
1996-12-12,31.375,31.375,30.5,30.5,920500,11.953537
1996-12-13,30.625,31.125,30.5,31.0,862300,12.149497
1996-12-16,31.125,31.125,30.75,30.875,280500,12.100507
1996-12-17,30.625,30.875,30.125,30.625,366400,12.002527
1996-12-18,30.625,31.0,30.625,30.875,263400,12.100507
1996-12-19,31.0,31.5,30.875,31.5,399100,12.345457
1996-12-20,32.5,32.75,32.125,32.5,1104300,12.737376
1996-12-23,32.375,32.5,32.25,32.5,174800,12.737376
1996-12-24,32.375,32.625,32.25,32.625,68900,12.786366
1996-12-26,32.625,32.75,32.5,32.75,109600,12.835356
1996-12-27,32.75,33.0,32.625,33.0,167800,12.933335
1996-12-30,33.0,33.125,32.625,32.75,289500,12.835356
1996-12-31,32.625,32.6875,32.375,32.375,117500,12.688386
1997-01-02,32.5,32.625,32.375,32.5,334300,12.737376
1997-01-03,32.5,32.5,32.25,32.375,185800,12.688386
1997-01-06,32.375,32.375,31.75,31.875,202000,12.492426
1997-01-07,31.75,32.25,31.25,32.25,315600,12.639396
1997-01-08,32.375,32.5,31.625,32.0,150200,12.541416
1997-01-09,32.125,32.375,31.75,31.75,274500,12.443436
1997-01-10,31.375,31.75,30.875,31.75,310900,12.443436
1997-01-13,31.625,31.875,31.5,31.875,361400,12.492426
1997-01-14,32.0,32.375,32.0,32.25,256700,12.639396
1997-01-15,32.125,32.25,32.0,32.0,269700,12.541416
1997-01-16,31.875,31.875,31.375,31.75,435700,12.443436
1997-01-17,31.5,32.0,31.375,31.875,559300,12.492426
1997-01-20,31.875,32.125,31.75,31.75,329800,12.443436
1997-01-21,31.625,32.0,31.5,32.0,288300,12.541416
1997-01-22,32.0,32.25,31.75,32.25,267500,12.639396
1997-01-23,32.25,32.875,32.125,32.625,332400,12.786366
1997-01-24,32.375,32.375,32.0,32.0,321600,12.541416
1997-01-27,32.0,32.375,31.75,31.75,300800,12.443436
1997-01-28,32.125,32.125,31.5,31.625,381500,12.394446
1997-01-29,31.5,31.75,31.5,31.5,339400,12.345457
1997-01-30,31.75,31.75,31.375,31.625,419400,12.394446
1997-01-31,31.625,31.875,31.25,31.375,430600,12.296467
1997-02-03,31.375,31.5,31.125,31.375,199200,12.296467
1997-02-04,31.375,31.5,31.25,31.5,74500,12.345457
1997-02-05,31.625,31.625,31.0,31.125,148100,12.198487
1997-02-06,31.0,31.125,31.0,31.125,103700,12.198487
1997-02-07,31.375,31.375,30.75,31.25,174400,12.247477
1997-02-10,31.375,31.5,31.125,31.125,91000,12.198487
1997-02-11,31.25,31.5,31.125,31.5,196000,12.345457
1997-02-12,31.375,31.5,31.0,31.25,500400,12.247477
1997-02-13,31.375,31.375,31.0,31.25,440900,12.247477
1997-02-14,31.25,31.25,30.875,30.875,161800,12.100507
1997-02-18,30.875,31.0,30.75,30.875,138400,12.100507
1997-02-19,30.75,30.75,30.25,30.375,281000,11.904547
1997-02-20,30.5,30.625,30.375,30.625,141400,12.002527
1997-02-21,30.5,30.5,30.25,30.375,192800,11.904547
1997-02-24,30.25,30.5,30.25,30.375,116200,11.904547
1997-02-25,30.5,30.625,30.375,30.5,251500,11.953537
1997-02-26,30.375,30.625,30.125,30.5,441700,11.953537
1997-02-27,30.5,30.625,30.375,30.625,148600,12.002527
1997-02-28,30.375,30.625,30.125,30.25,233100,11.855557
1997-03-03,30.125,30.25,29.875,29.875,294400,11.708588
1997-03-04,29.625,29.625,29.0,29.125,870000,11.414648
1997-03-05,29.0,29.0,28.75,29.0,505500,11.365658
1997-03-06,28.875,29.0,28.5,28.625,640500,11.218689
1997-03-07,28.75,28.875,28.625,28.75,251900,11.267679
1997-03-10,28.75,28.875,28.5,28.75,277700,11.267679
1997-03-11,28.625,28.875,28.5,28.5,166500,11.169699
1997-03-12,28.5,28.625,28.375,28.375,370700,11.120709
1997-03-13,28.375,28.5,28.125,28.4375,275600,11.145204
1997-03-14,28.375,28.625,28.375,28.5,200700,11.169699
1997-03-17,28.25,28.5,28.25,28.5,3305100,11.169699
1997-03-18,28.0,28.0,27.5,27.5,786100,10.976121
1997-03-19,27.375,27.75,27.375,27.75,905800,11.075903
1997-03-20,27.75,27.75,27.375,27.5,254200,10.976121
1997-03-21,27.625,27.625,27.5,27.5,230000,10.976121
1997-03-24,27.375,27.625,27.375,27.5,159400,10.976121
1997-03-25,27.625,28.25,27.5,27.75,448200,11.075903
1997-03-26,27.75,27.875,27.375,27.375,225700,10.926229
1997-03-27,27.5,27.625,26.25,26.625,344900,10.62688
1997-03-31,26.625,27.375,26.5,26.875,570200,10.726663
1997-04-01,26.875,27.0,26.625,26.875,428300,10.726663
1997-04-02,26.875,27.125,26.875,27.0,365200,10.776555
1997-04-03,26.875,27.125,26.75,27.0,334400,10.776555
1997-04-04,27.0,27.0,26.875,27.0,263700,10.776555
1997-04-07,27.125,27.125,26.75,26.75,218600,10.676772
1997-04-08,26.875,27.25,26.75,27.125,654200,10.826446
1997-04-09,27.125,27.25,26.75,27.0,357900,10.776555
1997-04-10,26.875,27.25,26.875,27.25,592000,10.876338
1997-04-11,27.125,27.375,26.875,27.125,285000,10.826446
1997-04-14,27.125,27.25,27.0,27.125,262100,10.826446
1997-04-15,27.375,27.375,27.0,27.125,105900,10.826446
1997-04-16,27.125,27.125,27.0,27.0,143900,10.776555
1997-04-17,27.125,27.125,27.0,27.125,139800,10.826446
1997-04-18,27.125,27.25,27.0,27.125,167300,10.826446
1997-04-21,27.25,27.375,27.0,27.25,124900,10.876338
1997-04-22,27.125,27.25,27.0,27.125,100900,10.826446
1997-04-23,27.125,27.375,27.0,27.125,164900,10.826446
1997-04-24,27.0,27.125,26.875,26.875,228900,10.726663
1997-04-25,26.875,27.0,26.75,26.75,90800,10.676772
1997-04-28,26.75,27.0,26.75,26.875,266700,10.726663
1997-04-29,27.375,27.375,26.625,27.125,560400,10.826446
1997-04-30,27.125,27.125,26.625,26.75,271500,10.676772
1997-05-01,26.625,26.875,26.5,26.75,315200,10.676772
1997-05-02,26.75,27.375,26.75,27.375,394800,10.926229
1997-05-05,27.5,28.25,27.5,28.25,281100,11.275469
1997-05-06,28.0,28.375,28.0,28.25,388000,11.275469
1997-05-07,28.25,28.25,27.625,27.75,260400,11.075903
1997-05-08,27.5,27.875,27.375,27.625,460500,11.026012
1997-05-09,27.75,27.75,27.375,27.375,215100,10.926229
1997-05-12,27.25,27.375,27.0,27.125,214600,10.826446
1997-05-13,27.125,27.25,26.625,27.0,221000,10.776555
1997-05-14,27.0,27.25,26.875,27.125,262300,10.826446
1997-05-15,27.125,27.125,26.5,26.875,193300,10.726663
1997-05-16,26.875,27.0,26.875,27.0,234000,10.776555
1997-05-19,27.0,27.0,26.75,27.0,139700,10.776555
1997-05-20,26.875,27.0,26.75,26.75,284700,10.676772
1997-05-21,26.75,26.875,26.5,26.5,237700,10.576989
1997-05-22,26.5,26.625,26.375,26.5,287200,10.576989
1997-05-23,26.5,26.625,26.375,26.5,167900,10.576989
1997-05-27,26.375,26.5,26.25,26.25,294700,10.477206
1997-05-28,26.25,26.5,26.125,26.25,412300,10.477206
1997-05-29,26.5,26.625,26.375,26.5,195600,10.576989
1997-05-30,26.5,26.75,26.5,26.625,225000,10.62688
1997-06-02,26.75,26.75,26.5,26.625,249100,10.62688
1997-06-03,26.625,26.625,26.5,26.5,353200,10.576989
1997-06-04,26.5,26.625,26.375,26.375,254300,10.527097
1997-06-05,26.375,27.0,26.375,26.875,519800,10.726663
1997-06-06,26.75,27.125,26.625,27.125,214200,10.826446
1997-06-09,27.25,27.625,27.125,27.25,246500,10.876338
1997-06-10,27.25,27.5,27.125,27.25,179100,10.876338
1997-06-11,27.125,27.375,27.125,27.25,149500,10.876338
1997-06-12,27.375,27.75,27.375,27.625,219200,11.026012
1997-06-13,27.75,28.0,27.75,28.0,153700,11.175686
1997-06-16,28.0,28.0,27.625,27.625,160300,11.026012
1997-06-17,27.625,27.75,27.375,27.75,1283900,11.075903
1997-06-18,27.125,27.25,26.875,27.125,1287700,11.031169
1997-06-19,27.125,27.375,27.125,27.125,1123100,11.031169
1997-06-20,27.125,27.25,27.125,27.125,355300,11.031169
1997-06-23,26.875,27.125,26.75,26.875,306700,10.929499
1997-06-24,26.875,27.125,26.75,27.0625,210900,11.005751
1997-06-25,26.9375,27.0,26.5,26.625,361400,10.827829
1997-06-26,26.6875,26.9375,26.6875,26.75,368800,10.878664
1997-06-27,26.875,27.0,26.6875,26.9375,290100,10.954916
1997-06-30,27.0,27.6875,27.0,27.625,603400,11.234508
1997-07-01,27.625,27.75,27.5,27.5,286400,11.183673
1997-07-02,27.5625,28.0625,27.5,27.9375,408000,11.361596
1997-07-03,28.1875,28.5625,28.1875,28.4375,241400,11.564935
1997-07-07,28.375,28.5,28.25,28.3125,332100,11.5141
1997-07-08,28.25,28.75,28.1875,28.6875,286000,11.666605
1997-07-09,28.875,28.9375,28.4375,28.5,232700,11.590352
1997-07-10,28.5625,29.5,28.5625,29.375,556400,11.946197
1997-07-11,29.375,29.5625,29.3125,29.4375,363300,11.971614
1997-07-14,29.375,29.5625,29.25,29.3125,229300,11.920779
1997-07-15,29.5,29.5625,29.375,29.5625,237500,12.022449
1997-07-16,29.8125,29.875,29.5,29.5,168300,11.997032
1997-07-17,29.5,29.625,29.125,29.25,355700,11.895362
1997-07-18,29.25,29.25,29.0,29.0,275800,11.793692
1997-07-21,29.0,29.125,28.75,28.9375,146900,11.768275
1997-07-22,28.9375,29.3125,28.9375,29.1875,277600,11.869944
1997-07-23,29.25,29.3125,28.75,28.75,248300,11.692022
1997-07-24,28.875,29.25,28.75,29.25,244000,11.895362
1997-07-25,29.25,29.375,29.1875,29.3125,344200,11.920779
1997-07-28,29.3125,29.3125,29.0,29.0,316400,11.793692
1997-07-29,29.25,29.5,29.0,29.5,235400,11.997032
1997-07-30,29.3125,29.6875,29.25,29.6875,139900,12.073284
1997-07-31,29.625,29.9375,29.625,29.875,184300,12.149536
1997-08-01,29.8125,29.9375,29.3125,29.75,182500,12.098701
1997-08-04,29.625,29.75,29.3125,29.5,139800,11.997032
1997-08-05,29.3125,29.5625,29.25,29.5,118000,11.997032
1997-08-06,29.5625,29.875,29.4375,29.75,189000,12.098701
1997-08-07,29.5,29.8125,29.5,29.625,217300,12.047866
1997-08-08,29.375,29.375,28.6875,28.9375,213400,11.768275
1997-08-11,29.125,29.75,29.0,29.6875,255500,12.073284
1997-08-12,29.75,30.25,29.75,30.0625,424900,12.225788
1997-08-13,30.3125,30.3125,30.0625,30.1875,508600,12.276623
1997-08-14,30.125,30.375,29.8125,29.9375,674500,12.174954
1997-08-15,29.75,29.9375,29.5,29.8125,221800,12.124119
1997-08-18,29.75,29.75,29.3125,29.75,416500,12.098701
1997-08-19,29.75,29.8125,29.4375,29.75,238700,12.098701
1997-08-20,29.75,29.75,29.5,29.625,460900,12.047866
1997-08-21,29.5,29.6875,29.375,29.5625,455400,12.022449
1997-08-22,28.8125,29.8125,28.8125,29.8125,305900,12.124119
1997-08-25,30.0,30.125,29.6875,29.8125,217600,12.124119
1997-08-26,29.8125,29.9375,29.75,29.9375,166000,12.174954
1997-08-27,29.8125,30.1875,29.6875,30.0,285100,12.200371
1997-08-28,29.875,30.0,29.625,29.75,147000,12.098701
1997-08-29,29.75,29.875,29.5625,29.75,163500,12.098701
1997-09-02,29.75,30.4375,29.625,30.4375,334900,12.378293
1997-09-03,30.5,30.625,30.4375,30.5,407400,12.403711
1997-09-04,30.5,31.3125,30.5,31.3125,1105800,12.734137
1997-09-05,31.3125,31.375,30.9375,30.9375,254400,12.581633
1997-09-08,31.0625,31.5,31.0,31.4375,294600,12.784972
1997-09-09,31.3125,32.0,31.1875,31.8125,1036900,12.937477
1997-09-10,31.8125,32.1875,31.625,31.6875,383700,12.886642
1997-09-11,31.625,31.625,31.125,31.375,733500,12.759555
1997-09-12,31.5,31.875,31.25,31.875,199700,12.962894
1997-09-15,31.9375,32.3125,31.8125,32.0625,256500,13.039147
1997-09-16,32.3125,32.875,32.3125,32.75,840600,13.318738
1997-09-17,32.6875,32.6875,32.3125,32.375,2386000,13.166234
1997-09-18,31.5,31.6875,31.3125,31.375,1903200,12.965806
1997-09-19,31.375,31.5625,31.3125,31.5,359700,13.017462
1997-09-22,31.5,31.75,31.4375,31.6875,148300,13.094947
1997-09-23,31.6875,31.6875,31.25,31.3125,138200,12.939977
1997-09-24,31.25,31.375,31.0625,31.0625,375900,12.836664
1997-09-25,31.0,31.0625,30.625,30.875,282900,12.759179
1997-09-26,30.75,30.75,30.5625,30.625,263900,12.655866
1997-09-29,30.375,30.5625,30.3125,30.4375,231600,12.578381
1997-09-30,30.1875,30.625,30.0625,30.4375,270400,12.578381
1997-10-01,30.5625,30.5625,30.1875,30.5,810000,12.60421
1997-10-02,30.5,30.6875,30.3125,30.6875,161300,12.681694
1997-10-03,30.9375,31.0625,30.3125,30.625,267700,12.655866
1997-10-06,30.6875,30.875,30.5,30.5625,215200,12.630038
1997-10-07,30.625,30.875,30.625,30.8125,220600,12.733351
1997-10-08,30.6875,30.75,30.0625,30.125,193000,12.44924
1997-10-09,29.875,30.0625,29.5625,30.0,186600,12.397583
1997-10-10,29.75,30.0,29.6875,29.9375,731200,12.371755
1997-10-13,30.0,30.25,29.8125,29.9375,345200,12.371755
1997-10-14,30.0,30.0,29.875,30.0,371500,12.397583
1997-10-15,29.875,30.0,29.6875,29.9375,221700,12.371755
1997-10-16,30.0,30.0,29.875,29.9375,178700,12.371755
1997-10-17,29.6875,29.9375,29.5625,29.8125,241400,12.320098
1997-10-20,29.8125,30.125,29.6875,29.875,381400,12.345927
1997-10-21,30.0,30.125,29.875,30.125,858100,12.44924
1997-10-22,30.1875,30.3125,29.875,30.25,589300,12.500896
1997-10-23,30.4375,30.4375,29.6875,29.8125,303000,12.320098
1997-10-24,30.0,30.125,29.75,30.0,232900,12.397583
1997-10-27,29.8125,30.0,28.75,28.75,189400,11.881017
1997-10-28,28.5,29.875,28.0625,29.8125,291200,12.320098
1997-10-29,29.75,30.0,29.1875,29.875,339600,12.345927
1997-10-30,29.625,30.375,29.625,30.3125,844500,12.526725
1997-10-31,30.5,31.0,30.1875,30.75,439400,12.707523
1997-11-03,30.9375,30.9375,30.5,30.875,322900,12.759179
1997-11-04,30.6875,31.125,30.6875,31.0625,595700,12.836664
1997-11-05,31.0625,31.1875,30.9375,31.125,460900,12.862492
1997-11-06,31.0,31.375,30.5,30.5625,785100,12.630038
1997-11-07,30.5,30.6875,30.1875,30.5625,446300,12.630038
1997-11-10,30.5625,30.75,30.5,30.5625,538200,12.630038
1997-11-11,30.5625,30.5625,30.25,30.4375,98100,12.578381
1997-11-12,30.3125,30.625,30.25,30.5,188800,12.60421
1997-11-13,30.5,30.875,30.3125,30.75,539000,12.707523
1997-11-14,30.75,30.8125,30.5,30.6875,253300,12.681694
1997-11-17,30.9375,31.375,30.8125,31.1875,177600,12.888321
1997-11-18,31.375,31.5625,31.1875,31.375,375900,12.965806
1997-11-19,31.4375,31.5,31.25,31.375,253600,12.965806
1997-11-20,31.5,32.125,31.4375,31.9375,377100,13.19826
1997-11-21,31.9375,32.125,31.8125,32.125,353400,13.275745
1997-11-24,31.8125,32.375,31.8125,32.3125,418900,13.35323
1997-11-25,32.375,33.0,32.375,32.75,388900,13.534028
1997-11-26,32.75,32.875,32.6875,32.8125,221900,13.559857
1997-11-28,32.875,33.0,32.8125,32.8125,99600,13.559857
1997-12-01,32.9375,33.625,32.8125,33.625,303600,13.895624
1997-12-02,33.5625,33.5625,32.9375,33.0625,711000,13.66317
1997-12-03,33.1875,33.1875,32.375,32.5,222800,13.430715
1997-12-04,32.6875,32.6875,32.3125,32.4375,117200,13.404887
1997-12-05,32.1875,32.25,31.9375,32.0,529300,13.224089
1997-12-08,31.9375,32.0,31.8125,32.0,598000,13.224089
1997-12-09,31.9375,31.9375,31.625,31.8125,203100,13.146604
1997-12-10,31.9375,32.25,31.8125,31.875,486900,13.172432
1997-12-11,31.9375,32.0,31.6875,31.875,466700,13.172432
1997-12-12,32.125,32.4375,32.0,32.375,652700,13.379058
1997-12-15,32.625,33.3125,32.5625,33.3125,338900,13.766483
1997-12-16,33.5625,33.625,33.3125,33.4375,2053400,13.81814
1997-12-17,33.0625,33.0625,32.8125,33.0,700400,13.850667
1997-12-18,32.875,33.0625,32.6875,33.0625,214200,13.8769
1997-12-19,32.875,33.0625,32.0,32.875,318400,13.798203
1997-12-22,33.0,33.5,32.9375,33.375,469100,14.008061
1997-12-23,33.25,33.4375,33.0,33.4375,292200,14.034294
1997-12-24,33.5,33.5625,33.4375,33.5,86700,14.060526
1997-12-26,33.5,33.625,33.5,33.5,49200,14.060526
1997-12-29,33.5625,33.9375,33.0625,33.9375,235800,14.244152
1997-12-30,33.875,34.125,33.8125,34.125,200400,14.322849
1997-12-31,34.125,34.75,34.0625,34.6875,451200,14.55894
1998-01-02,34.625,34.75,34.5,34.625,226100,14.532708
1998-01-05,34.5,34.6875,33.5625,33.9375,269900,14.244152
1998-01-06,33.875,34.25,33.8125,33.875,271800,14.21792
1998-01-07,33.75,33.875,33.4375,33.875,351800,14.21792
1998-01-08,33.875,34.375,33.8125,34.375,695400,14.427778
1998-01-09,34.3125,34.5,34.0625,34.0625,210500,14.296617
1998-01-12,33.625,34.625,33.625,34.5,343100,14.480243
1998-01-13,34.5,34.8125,34.1875,34.5625,173900,14.506475
1998-01-14,34.6875,34.6875,34.1875,34.5625,337200,14.506475
1998-01-15,34.5625,34.5625,33.9375,34.0625,383900,14.296617
1998-01-16,34.5625,34.9375,34.3125,34.75,463700,14.585172
1998-01-20,34.625,34.8125,34.375,34.8125,299400,14.611405
1998-01-21,34.8125,34.9375,34.5625,34.9375,324300,14.663869
1998-01-22,34.8125,34.9375,34.5625,34.9375,322100,14.663869
1998-01-23,34.9375,35.0,34.75,34.875,298400,14.637637
1998-01-26,34.75,34.875,34.4375,34.75,209400,14.585172
1998-01-27,34.8125,35.6875,34.75,35.4375,765800,14.873728
1998-01-28,35.5,36.0625,35.125,35.375,591500,14.847496
1998-01-29,35.375,36.5,35.125,36.375,591600,15.267213
1998-01-30,36.4375,36.4375,35.875,35.875,388400,15.057354
1998-02-02,36.0,36.375,36.0,36.3125,271300,15.240981
1998-02-03,36.1875,37.0625,36.1875,37.0,886000,15.529536
1998-02-04,36.875,37.125,36.8125,37.125,683600,15.582001
1998-02-05,37.0,37.0,36.5,36.5,745600,15.319678
1998-02-06,36.5625,36.75,36.3125,36.6875,648700,15.398375
1998-02-09,36.6875,36.6875,36.4375,36.625,692100,15.372142
1998-02-10,36.625,36.9375,36.5625,36.75,879000,15.424607
1998-02-11,36.8125,36.8125,36.375,36.625,428000,15.372142
1998-02-12,36.625,36.625,36.5,36.625,487500,15.372142
1998-02-13,36.5625,36.9375,36.4375,36.8125,416800,15.450839
1998-02-17,36.875,37.3125,36.875,37.3125,564900,15.660698
1998-02-18,37.25,37.4375,37.1875,37.4375,792100,15.713162
1998-02-19,37.3125,37.375,37.125,37.25,610800,15.634465
1998-02-20,37.5625,37.75,37.4375,37.5625,322900,15.765627
1998-02-23,37.625,37.625,37.25,37.3125,269200,15.660698
1998-02-24,37.25,37.25,36.75,36.8125,288300,15.450839
1998-02-25,36.875,36.875,36.5,36.5625,511400,15.34591
1998-02-26,36.5,36.75,36.0,36.75,1135900,15.424607
1998-02-27,36.5625,36.75,36.4375,36.75,720700,15.424607
1998-03-02,36.75,37.0625,36.625,37.0,329800,15.529536
1998-03-03,36.9375,37.0,36.625,36.6875,285100,15.398375
1998-03-04,36.6875,36.8125,36.5,36.75,442000,15.424607
1998-03-05,36.5,36.625,36.3125,36.375,386700,15.267213
1998-03-06,36.375,37.0,36.375,36.6875,429600,15.398375
1998-03-09,36.4375,37.3125,36.4375,37.3125,901300,15.660698
1998-03-10,37.3125,37.875,37.25,37.6875,370400,15.818092
1998-03-11,37.625,37.9375,37.4375,37.875,669100,15.896789
1998-03-12,37.75,37.9375,37.75,37.9375,643500,15.923021
1998-03-13,38.0,38.625,38.0,38.125,361600,16.001718
1998-03-16,38.0,38.375,37.75,38.3125,712500,16.080415
1998-03-17,38.25,38.3125,38.1875,38.3125,2100000,16.080415
1998-03-18,37.625,38.1875,37.5625,37.9375,562900,16.139977
1998-03-19,37.75,38.0,37.625,37.875,1111500,16.113387
1998-03-20,37.875,38.875,37.75,38.6875,482800,16.459054
1998-03-23,38.6875,38.8125,38.375,38.6875,332800,16.459054
1998-03-24,38.625,39.0,38.625,39.0,457000,16.592002
1998-03-25,38.9375,39.25,38.9375,39.25,498400,16.698361
1998-03-26,39.3125,39.4375,38.9375,39.0,509800,16.592002
1998-03-27,38.9375,38.9375,38.25,38.625,263100,16.432464
1998-03-30,38.4375,39.125,38.4375,38.9375,451500,16.565413
1998-03-31,39.0,39.625,38.9375,39.3125,353300,16.724951
1998-04-01,39.3125,39.3125,38.9375,39.125,211200,16.645182
1998-04-02,39.3125,39.75,39.125,39.6875,235400,16.88449
1998-04-03,39.75,40.25,39.6875,40.25,650800,17.123797
1998-04-06,40.1875,40.1875,40.0,40.1875,507000,17.097208
1998-04-07,40.125,40.25,40.0,40.1875,626700,17.097208
1998-04-08,40.125,40.125,39.8125,39.9375,321300,16.990849
1998-04-09,39.9375,40.0,39.75,40.0,228800,17.017438
1998-04-13,40.25,40.25,39.6875,39.9375,500200,16.990849
1998-04-14,39.875,40.1875,39.6875,40.1875,319900,17.097208
1998-04-15,40.375,40.8125,40.25,40.75,663400,17.336515
1998-04-16,40.875,40.875,40.3125,40.5625,486300,17.256746
1998-04-17,40.625,40.875,40.375,40.6875,302500,17.309926
1998-04-20,40.4375,40.6875,40.1875,40.25,243100,17.123797
1998-04-21,40.0,40.125,39.5,39.75,299000,16.911079
1998-04-22,39.5,39.625,39.3125,39.4375,289000,16.778131
1998-04-23,39.0,39.0625,38.5,38.9375,323600,16.565413
1998-04-24,38.75,39.3125,38.4375,38.5625,415700,16.405874
1998-04-27,38.25,38.25,37.6875,38.0,480800,16.166566
1998-04-28,38.5,38.5,37.875,37.9375,493800,16.139977
1998-04-29,38.0,38.375,37.75,38.0,554600,16.166566
1998-04-30,38.375,39.25,38.1875,39.1875,421700,16.671772
1998-05-01,39.4375,39.75,38.875,39.1875,357300,16.671772
1998-05-04,39.4375,39.5625,39.25,39.5625,220300,16.83131
1998-05-05,39.5,39.5,39.0,39.0625,314900,16.618592
1998-05-06,39.0,39.25,39.0,39.0625,117400,16.618592
1998-05-07,39.0,39.25,38.6875,39.25,494200,16.698361
1998-05-08,39.25,39.9375,39.1875,39.8125,409500,16.937669
1998-05-11,39.6875,40.0625,39.3125,39.5625,278300,16.83131
1998-05-12,39.5,39.875,39.125,39.8125,167000,16.937669
1998-05-13,39.5625,39.8125,39.125,39.8125,184600,16.937669
1998-05-14,39.75,40.0,39.3125,39.5,222900,16.80472
1998-05-15,39.5625,40.0,39.0625,39.125,287000,16.645182
1998-05-18,39.125,39.5,39.125,39.5,125000,16.80472
1998-05-19,39.375,39.375,38.875,39.0,145100,16.592002
1998-05-20,39.0,39.0,38.5,38.875,159400,16.538823
1998-05-21,39.0625,39.0625,38.5,38.5625,337500,16.405874
1998-05-22,38.5625,38.6875,38.5,38.6875,106700,16.459054
1998-05-26,38.9375,39.0,38.1875,38.1875,184400,16.246336
1998-05-27,38.25,38.4375,37.875,38.0625,347900,16.193156
1998-05-28,37.9375,38.625,37.875,38.5625,137500,16.405874
1998-05-29,38.3125,39.75,38.0625,39.5625,453600,16.83131
1998-06-01,39.3125,41.25,39.3125,40.625,451500,17.283336
1998-06-02,40.375,40.5625,40.25,40.375,484800,17.176977
1998-06-03,40.375,40.875,40.25,40.75,327700,17.336515
1998-06-04,40.75,40.875,40.5,40.5625,275500,17.256746
1998-06-05,40.625,40.6875,40.3125,40.6875,181400,17.309926
1998-06-08,40.6875,40.9375,40.5625,40.8125,296600,17.363105
1998-06-09,40.875,40.875,40.6875,40.6875,139300,17.309926
1998-06-10,40.75,41.9375,40.6875,41.625,601100,17.708772
1998-06-11,41.4375,41.875,41.125,41.875,281300,17.815131
1998-06-12,41.875,42.0,41.25,41.625,182400,17.708772
1998-06-15,41.375,41.8125,41.375,41.4375,165500,17.629003
1998-06-16,41.6875,41.6875,41.0625,41.1875,231000,17.522644
1998-06-17,41.0,41.0,40.5,41.0,1902000,17.442874
1998-06-18,40.8125,41.0625,40.625,41.0625,353200,17.691689
1998-06-19,41.0625,41.0625,40.4375,40.6875,539200,17.530121
1998-06-22,40.5625,41.3125,40.5625,40.875,356600,17.610905
1998-06-23,40.875,41.0625,40.625,40.75,260600,17.557049
1998-06-24,40.9375,40.9375,40.3125,40.5,184300,17.449337
1998-06-25,40.75,40.75,40.0,40.0,350900,17.233913
1998-06-26,40.25,40.625,40.0625,40.3125,423000,17.368553
1998-06-29,40.3125,40.6875,40.25,40.5,532500,17.449337
1998-06-30,40.375,40.5625,40.25,40.375,312400,17.395481
1998-07-01,40.375,41.125,40.375,41.125,454200,17.718617
1998-07-02,41.0625,41.125,40.625,40.875,380600,17.610905
1998-07-06,40.75,40.875,40.625,40.8125,138500,17.583977
1998-07-07,40.8125,40.8125,40.5625,40.5625,702700,17.476265
1998-07-08,40.6875,40.9375,40.5625,40.8125,958000,17.583977
1998-07-09,40.6875,41.0,40.6875,40.8125,179000,17.583977
1998-07-10,40.75,41.1875,40.75,41.1875,360600,17.745545
1998-07-13,41.0,41.0,40.75,40.75,212900,17.557049
1998-07-14,40.5,41.125,40.5,40.6875,369800,17.530121
1998-07-15,40.6875,41.0,40.5,40.75,224800,17.557049
1998-07-16,40.9375,41.0,40.75,41.0,226000,17.664761
1998-07-17,41.0625,41.0625,40.625,40.8125,255700,17.583977
1998-07-20,40.8125,41.25,40.8125,41.0,626300,17.664761
1998-07-21,40.75,40.9375,40.5,40.6875,176500,17.530121
1998-07-22,40.6875,41.25,40.5625,40.8125,261400,17.583977
1998-07-23,40.5625,40.875,40.4375,40.4375,256400,17.422409
1998-07-24,40.375,40.5625,39.8125,40.4375,443800,17.422409
1998-07-27,40.3125,40.9375,40.1875,40.9375,331900,17.637833
1998-07-28,40.875,41.5,40.875,40.9375,604100,17.637833
1998-07-29,40.875,41.0625,40.625,40.75,148600,17.557049
1998-07-30,40.8125,41.25,40.75,41.125,364000,17.718617
1998-07-31,40.9375,41.0,39.875,40.125,177800,17.287769
1998-08-03,40.375,40.75,39.875,40.5625,875300,17.476265
1998-08-04,40.5,40.5,39.3125,39.375,367600,16.964633
1998-08-05,39.625,40.25,39.25,39.75,338800,17.126201
1998-08-06,39.75,39.75,39.3125,39.625,163800,17.072345
1998-08-07,39.375,40.3125,39.1875,40.0625,385900,17.260841
1998-08-10,39.9375,40.125,39.6875,40.0625,111700,17.260841
1998-08-11,39.875,40.125,39.625,40.0625,244900,17.260841
1998-08-12,40.0625,41.375,39.8125,41.25,417200,17.772473
1998-08-13,41.25,41.3125,40.625,41.0,389100,17.664761
1998-08-14,40.9375,41.25,40.5,40.6875,270300,17.530121
1998-08-17,40.5625,41.4375,40.125,41.0625,314100,17.691689
1998-08-18,40.9375,41.25,40.9375,41.125,277200,17.718617
1998-08-19,41.0,41.1875,40.8125,40.8125,289800,17.583977
1998-08-20,40.8125,40.9375,40.625,40.8125,172400,17.583977
1998-08-21,40.5625,41.75,40.4375,41.625,298000,17.934041
1998-08-24,41.875,42.125,41.5625,41.9375,165600,18.068681
1998-08-25,42.0,42.3125,41.375,41.5625,245400,17.907113
1998-08-26,41.5625,42.375,41.4375,42.125,446400,18.149465
1998-08-27,42.375,42.875,42.0625,42.375,531300,18.257177
1998-08-28,42.125,42.75,41.9375,42.6875,353700,18.391816
1998-08-31,42.6875,43.625,42.125,42.125,519000,18.149465
1998-09-01,42.1875,42.8125,41.0,42.375,462100,18.257177
1998-09-02,42.5625,42.5625,41.25,41.4375,516100,17.853257
1998-09-03,41.375,42.0,41.0,41.5625,291500,17.907113
1998-09-04,41.8125,42.0625,41.0625,41.8125,407600,18.014825
1998-09-08,41.5625,42.375,41.0,42.375,697700,18.257177
1998-09-09,42.125,42.25,41.25,42.125,321200,18.149465
1998-09-10,41.875,42.25,41.625,42.25,327300,18.203321
1998-09-11,42.3125,42.8125,42.125,42.4375,295100,18.284105
1998-09-14,42.6875,42.875,42.375,42.8125,374500,18.445672
1998-09-15,42.875,42.9375,42.5,42.875,398900,18.4726
1998-09-16,42.75,42.875,42.25,42.8125,346900,18.445672
1998-09-17,41.875,42.4375,41.875,42.375,604000,18.47947
1998-09-18,42.5,42.8125,42.25,42.5625,735300,18.561238
1998-09-21,42.6875,43.0625,42.1875,42.8125,355400,18.670261
1998-09-22,42.875,43.25,42.875,43.25,227300,18.861052
1998-09-23,43.4375,43.9375,43.25,43.875,974300,19.133611
1998-09-24,43.8125,43.9375,43.0,43.4375,198300,18.94282
1998-09-25,43.1875,44.25,43.125,43.75,413600,19.079099
1998-09-28,44.0,44.0,43.625,43.875,194300,19.133611
1998-09-29,43.8125,44.875,43.8125,44.8125,226600,19.542448
1998-09-30,44.6875,45.3125,44.625,45.1875,436100,19.705984
1998-10-01,44.9375,45.875,44.75,45.4375,306900,19.815007
1998-10-02,45.4375,46.375,45.3125,46.3125,275100,20.196589
1998-10-05,46.25,47.25,46.0,47.1875,246200,20.578171
1998-10-06,47.1875,47.25,46.375,47.1875,492200,20.578171
1998-10-07,47.125,48.0,46.3125,47.875,599500,20.877985
1998-10-08,48.125,49.25,48.0625,49.0625,858400,21.395847
1998-10-09,48.4375,48.4375,46.6875,47.0,739200,20.496403
1998-10-12,47.3125,47.375,44.5625,44.9375,358400,19.59696
1998-10-13,44.9375,45.8125,44.75,45.8125,1281100,19.978542
1998-10-14,46.5,46.9375,45.6875,45.6875,609100,19.92403
1998-10-15,45.5625,46.875,44.9375,46.8125,433800,20.414636
1998-10-16,47.8125,47.8125,45.1875,45.1875,414600,19.705984
1998-10-19,45.1875,45.75,44.625,44.875,330700,19.569704
1998-10-20,44.6875,44.875,43.75,44.0,533400,19.188122
1998-10-21,44.0,44.125,43.4375,43.875,378200,19.133611
1998-10-22,43.75,44.375,43.125,43.8125,364100,19.106355
1998-10-23,43.625,43.6875,42.5,42.8125,262600,18.670261
1998-10-26,42.625,43.0625,42.375,42.5,263400,18.533982
1998-10-27,42.5,42.8125,41.875,42.1875,648800,18.397702
1998-10-28,42.125,43.25,42.125,42.375,524400,18.47947
1998-10-29,42.4375,42.75,41.625,42.4375,337900,18.506726
1998-10-30,42.5625,42.75,42.25,42.75,278400,18.643005
1998-11-02,42.875,43.1875,42.5,42.8125,591400,18.670261
1998-11-03,43.0,43.8125,42.9375,43.25,505300,18.861052
1998-11-04,43.375,44.0625,43.3125,43.8125,441900,19.106355
1998-11-05,43.8125,44.125,43.5625,43.8125,163700,19.106355
1998-11-06,43.625,43.9375,43.5625,43.6875,107000,19.051843
1998-11-09,43.625,43.625,43.0,43.1875,398600,18.833796
1998-11-10,43.1875,44.125,43.1875,43.625,544800,19.024587
1998-11-11,43.5625,43.625,42.8125,42.875,169900,18.697517
1998-11-12,42.75,43.5625,42.625,43.4375,320900,18.94282
1998-11-13,43.25,43.9375,43.1875,43.75,149400,19.079099
1998-11-16,43.8125,44.25,43.8125,44.125,504400,19.242634
1998-11-17,44.3125,44.8125,44.125,44.125,249100,19.242634
1998-11-18,44.1875,44.9375,44.1875,44.5625,333100,19.433425
1998-11-19,44.5625,44.5625,44.0625,44.375,166400,19.351657
1998-11-20,44.625,45.0,44.5625,44.875,320700,19.569704
1998-11-23,44.75,45.125,44.5,44.9375,220700,19.59696
1998-11-24,44.9375,45.25,44.875,44.875,369300,19.569704
1998-11-25,44.625,45.5,44.625,45.1875,140800,19.705984
1998-11-27,45.0,45.1875,44.875,45.0,200200,19.624216
1998-11-30,44.8125,44.8125,43.625,43.625,588600,19.024587
1998-12-01,43.375,44.0625,43.25,44.0,386700,19.188122
1998-12-02,43.75,44.0,43.6875,43.9375,283600,19.160866
1998-12-03,43.6875,43.6875,43.25,43.4375,675800,18.94282
1998-12-04,43.5,43.75,42.9375,43.5625,1002100,18.997331
1998-12-07,43.6875,43.6875,42.375,42.625,515900,18.588493
1998-12-08,42.625,43.125,42.5,43.0625,1069700,18.779284
1998-12-09,42.9375,43.125,42.6875,42.75,295200,18.643005
1998-12-10,42.75,42.875,42.1875,42.25,236500,18.424958
1998-12-11,42.375,42.75,42.125,42.5625,351100,18.561238
1998-12-14,42.5,42.5,41.4375,41.5,444500,18.097888
1998-12-15,41.5625,42.25,41.5625,42.125,198100,18.370447
1998-12-16,42.0625,42.3125,41.875,42.1875,495100,18.397702
1998-12-17,42.0,42.625,41.875,42.375,2305600,18.707844
1998-12-18,42.0,42.5,42.0,42.125,433800,18.597474
1998-12-21,42.25,42.75,42.1875,42.1875,174800,18.625066
1998-12-22,42.1875,42.1875,41.625,42.125,730400,18.597474
1998-12-23,42.25,42.625,42.125,42.5625,225300,18.790622
1998-12-24,42.4375,42.5,42.25,42.375,183800,18.707844
1998-12-28,42.3125,42.375,41.8125,42.0,185100,18.542288
1998-12-29,42.1875,43.0,42.1875,42.75,564100,18.8734
1998-12-30,42.75,43.0,42.5625,42.75,607000,18.8734
1998-12-31,42.75,43.125,42.75,43.0625,210000,19.011364
1999-01-04,42.8125,43.5625,42.75,42.875,807100,18.928586
1999-01-05,43.125,43.625,43.0,43.375,722700,19.149327
1999-01-06,43.375,43.6875,43.3125,43.5625,343600,19.232105
1999-01-07,43.4375,43.625,43.25,43.4375,226600,19.17692
1999-01-08,43.375,43.75,43.0625,43.6875,246000,19.287291
1999-01-11,43.375,43.5,42.3125,42.375,354000,18.707844
1999-01-12,42.125,42.75,41.625,42.5,609900,18.76303
1999-01-13,41.75,42.375,41.0625,42.0625,862100,18.569881
1999-01-14,41.8125,42.0,41.3125,41.9375,802900,18.514695
1999-01-15,41.9375,41.9375,41.5,41.8125,354200,18.45951
1999-01-19,41.9375,41.9375,41.5625,41.75,426000,18.431917
1999-01-20,41.625,42.0,41.5,41.625,321800,18.376732
1999-01-21,41.5,41.9375,41.4375,41.875,340400,18.487103
1999-01-22,41.75,42.25,41.75,42.0,341900,18.542288
1999-01-25,41.75,42.0,41.5625,41.8125,352000,18.45951
1999-01-26,41.5625,41.625,41.1875,41.4375,264900,18.293954
1999-01-27,41.3125,41.3125,40.6875,40.8125,378800,18.018027
1999-01-28,40.125,41.1875,40.125,40.75,458500,17.990434
1999-01-29,40.625,40.75,39.875,40.5625,385900,17.907656
1999-02-01,40.5,40.625,40.125,40.25,321800,17.769693
1999-02-02,40.0,40.1875,39.625,40.0,433300,17.659322
1999-02-03,40.1875,40.5625,39.8125,40.0625,408200,17.686915
1999-02-04,40.1875,40.3125,39.75,39.8125,236100,17.576544
1999-02-05,39.6875,40.125,39.625,39.6875,265400,17.521359
1999-02-08,39.5,40.25,39.0,39.875,310300,17.604137
1999-02-09,39.6875,39.6875,39.0625,39.1875,608600,17.300617
1999-02-10,39.1875,39.6875,39.0625,39.25,315800,17.32821
1999-02-11,38.875,39.3125,38.6875,39.0625,220100,17.245432
1999-02-12,39.1875,39.25,37.9375,38.25,203300,16.886727
1999-02-16,38.0,38.9375,38.0,38.8125,247700,17.135061
1999-02-17,38.5625,39.9375,38.5625,39.625,271300,17.493766
1999-02-18,39.4375,40.5625,39.375,40.4375,520400,17.852471
1999-02-19,40.375,40.4375,40.0,40.125,573600,17.714507
1999-02-22,40.125,40.25,39.875,40.25,207400,17.769693
1999-02-23,40.25,40.25,39.625,40.0,610900,17.659322
1999-02-24,40.0,40.375,39.75,39.8125,854900,17.576544
1999-02-25,39.75,39.75,39.25,39.375,359000,17.383395
1999-02-26,39.4375,39.625,39.0,39.625,240500,17.493766
1999-03-01,39.5,39.625,38.8125,39.5625,214700,17.466173
1999-03-02,39.6875,40.5,39.5625,40.3125,348100,17.797285
1999-03-03,40.25,40.875,40.25,40.375,261600,17.824878
1999-03-04,40.625,41.4375,40.4375,41.25,308200,18.211176
1999-03-05,41.75,42.6875,41.6875,42.5625,815800,18.790622
1999-03-08,42.375,42.5,42.0,42.1875,320200,18.625066
1999-03-09,42.125,42.125,41.25,41.6875,396100,18.404325
1999-03-10,41.5,41.8125,41.25,41.375,140500,18.266361
1999-03-11,41.375,42.0625,41.0625,41.6875,399200,18.404325
1999-03-12,41.4375,42.5625,41.3125,42.3125,528500,18.680252
1999-03-15,41.75,42.125,41.5625,41.8125,271300,18.45951
1999-03-16,41.875,42.0625,41.75,41.9375,114300,18.514695
1999-03-17,41.6875,41.8125,41.5625,41.6875,170600,18.404325
1999-03-18,41.5625,42.375,41.5625,42.0625,458600,18.569881
1999-03-19,42.3125,42.3125,41.5,41.625,377100,18.376732
1999-03-22,41.0,41.375,41.0,41.3125,307600,18.238769
1999-03-23,41.3125,41.3125,40.8125,40.9375,231400,18.073212
1999-03-24,41.0,42.0,40.9375,41.875,2073400,18.487103
1999-03-25,41.5625,41.6875,41.125,41.625,1753800,18.605552
1999-03-26,41.25,41.25,40.25,40.6875,214900,18.186508
1999-03-29,40.75,40.875,40.0625,40.25,212000,17.990955
1999-03-30,40.0,40.0,38.625,38.9375,297400,17.404293
1999-03-31,38.9375,39.125,38.0,38.4375,819200,17.180803
1999-04-01,38.375,39.625,38.25,39.1875,352200,17.516038
1999-04-05,39.4375,39.875,39.3125,39.6875,252400,17.739528
1999-04-06,39.5,39.6875,39.0,39.0625,471500,17.460166
1999-04-07,39.0,39.5625,38.875,38.9375,902400,17.404293
1999-04-08,39.0625,39.9375,39.0625,39.625,197800,17.711592
1999-04-09,39.5625,39.8125,39.375,39.8125,189700,17.795401
1999-04-12,39.5625,40.0625,39.5625,40.0,135300,17.87921
1999-04-13,40.0,40.0625,39.0625,39.3125,236600,17.571911
1999-04-14,39.25,39.4375,39.0,39.0625,201800,17.460166
1999-04-15,39.1875,39.5,38.9375,39.0,435700,17.432229
1999-04-16,39.25,39.9375,39.125,39.8125,299000,17.795401
1999-04-19,39.75,40.75,39.75,40.25,375600,17.990955
1999-04-20,40.375,41.75,40.25,41.625,757600,18.605552
1999-04-21,41.625,41.625,40.5625,41.5,581200,18.54968
1999-04-22,41.3125,41.5625,40.875,41.25,949700,18.437935
1999-04-23,41.125,41.625,40.8125,41.0625,163700,18.354126
1999-04-26,40.9375,41.125,40.6875,40.9375,210900,18.298253
1999-04-27,41.0,41.3125,40.5625,40.6875,194900,18.186508
1999-04-28,40.75,41.125,40.5,40.6875,278300,18.186508
1999-04-29,40.625,41.4375,40.625,41.1875,280200,18.409999
1999-04-30,41.0,41.5,40.5,40.9375,670400,18.298253
1999-05-03,40.6875,41.6875,40.6875,41.625,208500,18.605552
1999-05-04,41.375,41.6875,41.1875,41.3125,243000,18.465871
1999-05-05,41.5625,41.625,40.9375,41.375,312400,18.493807
1999-05-06,41.125,41.6875,40.875,41.375,639900,18.493807
1999-05-07,41.3125,41.6875,41.3125,41.6875,268100,18.633489
1999-05-10,41.5,41.6875,41.3125,41.5625,144800,18.577616
1999-05-11,41.4375,41.5625,41.0625,41.3125,173500,18.465871
1999-05-12,41.3125,42.3125,41.1875,42.0625,1720300,18.801106
1999-05-13,42.125,42.9375,42.0,42.875,212300,19.164278
1999-05-14,42.625,42.625,41.875,42.0625,183500,18.801106
1999-05-17,41.875,42.6875,41.75,42.625,125600,19.052533
1999-05-18,42.5,42.625,42.1875,42.375,162100,18.940788
1999-05-19,42.625,43.0,42.3125,42.9375,181300,19.192214
1999-05-20,42.6875,43.0625,42.4375,42.8125,249300,19.136341
1999-05-21,42.5625,43.5,42.5625,43.125,120600,19.276023
1999-05-24,42.875,43.75,42.75,43.375,128700,19.387768
1999-05-25,43.375,44.0,43.375,43.75,224100,19.555385
1999-05-26,43.6875,43.9375,43.4375,43.9375,228100,19.639194
1999-05-27,43.8125,43.8125,42.8125,43.0625,272000,19.248086
1999-05-28,43.0,43.9375,43.0,43.75,133800,19.555385
1999-06-01,43.5,43.5,42.625,42.8125,438100,19.136341
1999-06-02,42.5625,42.875,42.5625,42.625,217800,19.052533
1999-06-03,42.5,43.0,42.5,42.8125,137900,19.136341
1999-06-04,42.8125,43.1875,42.8125,43.125,117900,19.276023
1999-06-07,43.0,43.4375,43.0,43.1875,149900,19.303959
1999-06-08,42.9375,43.125,42.875,43.125,177000,19.276023
1999-06-09,43.0,43.3125,42.9375,43.25,325400,19.331895
1999-06-10,43.0,43.1875,42.25,42.5,169500,18.99666
1999-06-11,42.3125,43.0,42.25,43.0,376900,19.22015
1999-06-14,43.0,43.625,42.9375,43.125,315700,19.276023
1999-06-15,43.25,43.75,43.1875,43.625,504300,19.499513
1999-06-16,44.0,44.6875,43.9375,44.3125,325800,19.806812
1999-06-17,43.4375,43.75,43.25,43.5,1405200,19.672721
1999-06-18,43.5,43.625,43.0,43.5,246100,19.672721
1999-06-21,43.3125,43.5,42.5625,42.6875,164300,19.305271
1999-06-22,42.5625,43.0,42.5625,42.625,201800,19.277005
1999-06-23,42.5,42.875,42.5,42.5,120800,19.220474
1999-06-24,42.3125,42.4375,41.9375,41.9375,148200,18.966086
1999-06-25,42.125,42.1875,41.5625,41.75,125500,18.88129
1999-06-28,41.5,42.125,41.5,41.8125,185200,18.909555
1999-06-29,42.0625,42.0625,41.25,41.6875,164000,18.853024
1999-06-30,41.6875,41.75,40.0,40.75,467800,18.429043
1999-07-01,40.875,41.3125,40.5,40.9375,191800,18.513839
1999-07-02,41.5625,41.875,41.25,41.5625,284400,18.796493
1999-07-06,41.3125,41.3125,40.625,41.0,138400,18.542105
1999-07-07,41.1875,41.5,41.0625,41.1875,129600,18.626901
1999-07-08,40.75,41.25,40.625,40.6875,99000,18.400778
1999-07-09,40.625,41.1875,40.5625,41.0625,138900,18.57037
1999-07-12,41.3125,41.3125,40.5625,40.9375,178700,18.513839
1999-07-13,40.75,41.28125,40.6875,40.875,128400,18.485574
1999-07-14,41.125,41.3125,40.3125,40.9375,229000,18.513839
1999-07-15,41.1875,41.8125,41.0625,41.125,163600,18.598636
1999-07-16,41.375,41.625,40.9375,41.125,403300,18.598636
1999-07-19,41.0,41.375,40.8125,41.0625,137000,18.57037
1999-07-20,40.3125,41.125,40.3125,40.8125,213500,18.457309
1999-07-21,40.9375,41.125,40.6875,40.875,468100,18.485574
1999-07-22,41.0,41.1875,40.6875,40.9375,241300,18.513839
1999-07-23,40.875,40.875,40.4375,40.75,209900,18.429043
1999-07-26,40.625,40.875,40.3125,40.375,502200,18.259451
1999-07-27,40.3125,40.4375,40.125,40.3125,247600,18.231185
1999-07-28,40.25,40.3125,40.0625,40.0625,123400,18.118124
1999-07-29,40.0,40.0,39.0625,39.1875,205000,17.722408
1999-07-30,39.375,39.625,39.0625,39.5,680800,17.863735
1999-08-02,39.625,39.9375,39.375,39.6875,367900,17.948531
1999-08-03,39.6875,40.125,39.6875,39.75,307700,17.976797
1999-08-04,39.875,39.875,39.375,39.625,296100,17.920266
1999-08-05,39.5,39.75,39.375,39.5,204800,17.863735
1999-08-06,39.5625,39.5625,39.125,39.25,426500,17.750673
1999-08-09,39.0,39.4375,38.8125,39.0,537100,17.637612
1999-08-10,38.5,39.3125,38.5,38.6875,498800,17.496285
1999-08-11,38.75,39.1875,38.6875,39.1875,240900,17.722408
1999-08-12,39.125,39.1875,38.6875,39.0,279300,17.637612
1999-08-13,38.9375,39.0,38.5,38.625,132300,17.468019
1999-08-16,38.6875,38.6875,38.0,38.625,362700,17.468019
1999-08-17,38.875,38.9375,38.4375,38.75,430200,17.52455
1999-08-18,38.9375,39.0,38.625,38.75,284500,17.52455
1999-08-19,38.8125,39.0,38.5625,38.9375,217700,17.609346
1999-08-20,38.9375,39.8125,38.8125,39.625,582200,17.920266
1999-08-23,39.4375,39.75,39.4375,39.625,198800,17.920266
1999-08-24,40.0,40.0,39.375,39.8125,173100,18.005062
1999-08-25,40.0,40.375,40.0,40.25,210400,18.20292
1999-08-26,40.25,40.3125,39.6875,39.6875,181100,17.948531
1999-08-27,39.9375,40.125,39.75,39.8125,137700,18.005062
1999-08-30,40.0625,40.0625,39.4375,39.5625,192000,17.892
1999-08-31,39.6875,39.9375,39.1875,39.875,225700,18.033327
1999-09-01,39.4375,39.8125,39.1875,39.3125,299700,17.778939
1999-09-02,38.625,39.0625,38.3125,38.75,431100,17.52455
1999-09-03,39.0,39.8125,38.875,39.625,279500,17.920266
1999-09-07,39.6875,39.875,39.125,39.375,350500,17.807204
1999-09-08,39.25,39.375,38.875,39.3125,322900,17.778939
1999-09-09,39.25,39.25,38.625,39.125,234700,17.694143
1999-09-10,39.3125,39.3125,38.9375,39.0625,374300,17.665877
1999-09-13,39.0625,39.125,38.75,38.8125,185600,17.552816
1999-09-14,38.5625,38.8125,38.5,38.75,134500,17.52455
1999-09-15,38.5625,39.1875,38.5625,38.625,195100,17.468019
1999-09-16,38.0,38.375,37.6875,37.875,571400,17.360304
1999-09-17,37.75,38.125,37.6875,38.125,159900,17.474894
1999-09-20,37.125,37.75,36.8125,37.75,270100,17.30301
1999-09-21,37.5,37.5,36.8125,36.9375,131200,16.930594
1999-09-22,37.0625,37.25,36.8125,37.0,156700,16.959241
1999-09-23,37.0,37.25,36.1875,36.375,779400,16.672768
1999-09-24,36.5,36.8125,36.125,36.25,225400,16.615473
1999-09-27,36.25,36.625,36.0625,36.3125,165000,16.64412
1999-09-28,36.1875,36.5,35.1875,35.75,250600,16.386294
1999-09-29,35.875,36.1875,35.6875,35.6875,171600,16.357647
1999-09-30,35.8125,36.375,35.5,36.375,937400,16.672768
1999-10-01,36.125,36.8125,35.75,36.625,182900,16.787357
1999-10-04,36.75,37.3125,36.6875,37.0,658100,16.959241
1999-10-05,36.0,36.125,32.875,33.125,1919200,15.183104
1999-10-06,33.75,33.75,32.5,33.5,1349700,15.354989
1999-10-07,33.75,33.875,33.25,33.5625,570000,15.383636
1999-10-08,33.4375,33.875,33.4375,33.75,511500,15.469578
1999-10-11,33.75,33.75,33.1875,33.1875,354500,15.211752
1999-10-12,33.0625,33.25,33.0,33.1875,392000,15.211752
1999-10-13,33.25,33.25,32.5625,32.625,349100,14.953926
1999-10-14,32.6875,33.125,32.3125,32.625,786100,14.953926
1999-10-15,32.625,32.625,32.0,32.125,315100,14.724747
1999-10-18,32.5625,32.75,32.0625,32.5,443300,14.896631
1999-10-19,32.5,32.5625,31.5,31.875,490600,14.610157
1999-10-20,31.9375,31.9375,31.4375,31.6875,584900,14.524215
1999-10-21,31.6875,32.1875,31.5,32.0,656200,14.667452
1999-10-22,32.125,32.25,31.875,32.0625,801800,14.696099
1999-10-25,32.125,32.5,31.75,32.375,546300,14.839336
1999-10-26,32.3125,32.875,32.25,32.375,583800,14.839336
1999-10-27,32.5,33.0,32.375,32.9375,689000,15.097162
1999-10-28,33.1875,33.875,33.125,33.5,675700,15.354989
1999-10-29,33.5,33.5,33.0625,33.203121,323400,15.218912
1999-11-01,33.1875,34.25,33.0625,33.8125,473100,15.498225
1999-11-02,34.0,35.25,33.9375,34.8125,1033700,15.956583
1999-11-03,34.9375,34.9375,34.4375,34.8125,526300,15.956583
1999-11-04,35.0,35.0,33.875,34.125,427200,15.641462
1999-11-05,34.5625,34.875,34.3125,34.8125,465700,15.956583
1999-11-08,34.625,34.875,34.4375,34.8125,247600,15.956583
1999-11-09,34.625,34.75,34.0,34.0,1536900,15.584168
1999-11-10,33.75,34.125,33.5625,33.5625,454400,15.383636
1999-11-11,33.0625,33.8125,33.0625,33.6875,476300,15.440931
1999-11-12,33.625,34.125,33.375,33.5625,458000,15.383636
1999-11-15,33.5625,33.75,33.1875,33.375,206500,15.297694
1999-11-16,33.625,33.6875,33.375,33.5,259600,15.354989
1999-11-17,33.5625,33.625,33.375,33.5,318300,15.354989
1999-11-18,33.625,33.75,33.375,33.5,263500,15.354989
1999-11-19,33.3125,33.5,33.0625,33.25,413600,15.240399
1999-11-22,33.0,33.125,32.5625,32.84375,354600,15.054191
1999-11-23,32.4375,32.5,32.0,32.0,291200,14.667452
1999-11-24,32.25,32.9375,32.0,32.6875,772900,14.982573
1999-11-26,33.3125,33.3125,32.8125,32.8125,161400,15.039868
1999-11-29,32.5625,32.5625,31.5,32.0625,397800,14.696099
1999-11-30,32.0625,33.0625,32.0,33.0625,1157600,15.154457
1999-12-01,33.0,33.0625,32.5,32.625,618800,14.953926
1999-12-02,32.6875,33.0625,32.6875,32.9375,108500,15.097162
1999-12-03,33.1875,33.75,33.1875,33.4375,212600,15.326341
1999-12-06,33.25,33.5,33.0625,33.375,473500,15.297694
1999-12-07,33.375,33.75,33.375,33.5,741400,15.354989
1999-12-08,33.4375,33.5625,33.375,33.46875,419600,15.340665
1999-12-09,33.4375,33.625,33.375,33.4375,616700,15.326341
1999-12-10,33.4375,33.4375,32.625,32.625,450500,14.953926
1999-12-13,32.875,32.875,32.25,32.3125,490800,14.810689
1999-12-14,32.375,32.4375,32.0,32.375,385300,14.839336
1999-12-15,32.375,32.6875,32.125,32.3125,6488600,14.810689
1999-12-16,32.0,32.5,31.5,31.6875,1359000,14.759453
1999-12-17,31.5,31.875,31.375,31.5625,450400,14.701231
1999-12-20,31.5,32.0,31.3125,31.5625,327800,14.701231
1999-12-21,31.875,32.4375,31.5,32.1875,904900,14.992344
1999-12-22,32.0625,32.1875,31.3125,31.5625,379500,14.701231
1999-12-23,31.6875,32.1875,31.5625,32.0625,169900,14.934122
1999-12-27,32.0,32.3125,31.625,31.625,330800,14.730342
1999-12-28,31.5625,32.0625,31.5625,31.75,95700,14.788565
1999-12-29,31.625,31.75,31.1875,31.1875,120200,14.526563
1999-12-30,31.4375,31.5625,31.25,31.375,236300,14.613897
1999-12-31,31.75,31.75,31.0625,31.625,183900,14.730342
2000-01-03,31.375,31.375,29.875,30.0625,572300,14.002558
2000-01-04,29.5625,30.125,29.5625,30.125,561200,14.03167
2000-01-05,30.3125,31.4375,30.3125,31.0625,378200,14.46834
2000-01-06,31.0,31.375,30.6875,30.9375,288500,14.410117
2000-01-07,31.0,31.25,30.875,31.25,567300,14.555674
2000-01-10,31.9375,32.125,31.3125,31.4375,632800,14.643008
2000-01-11,31.3125,31.4375,31.0,31.4375,359700,14.643008
2000-01-12,31.3125,31.9375,31.25,31.5625,1021700,14.701231
2000-01-13,31.6875,31.75,31.1875,31.5,321400,14.672119
2000-01-14,31.5625,31.75,31.0,31.1875,409900,14.526563
2000-01-18,31.1875,31.3125,30.5,30.8125,251200,14.351895
2000-01-19,31.0,32.125,30.875,31.875,581500,14.846788
2000-01-20,32.0,34.0625,31.875,33.875,985800,15.778351
2000-01-21,34.75,37.5,33.875,37.1875,1231300,17.321252
2000-01-24,39.0,41.3125,37.375,37.5625,1822600,17.49592
2000-01-25,37.625,38.0,35.25,35.75,773400,16.651691
2000-01-26,35.8125,35.875,35.375,35.875,443300,16.709914
2000-01-27,35.75,35.75,34.5,35.0,963600,16.302355
2000-01-28,34.5,34.6875,33.25,33.25,394300,15.487237
2000-01-31,33.625,35.0,33.375,34.75,906000,16.18591
2000-02-01,34.875,35.3125,34.6875,34.75,637000,16.18591
2000-02-02,34.4375,34.5625,33.625,33.6875,386000,15.691017
2000-02-03,33.6875,34.5625,33.6875,34.25,623600,15.953019
2000-02-04,34.3125,34.375,33.125,33.25,546600,15.487237
2000-02-07,33.25,33.25,32.625,33.0,372800,15.370792
2000-02-08,33.1875,33.25,32.9375,33.0,580600,15.370792
2000-02-09,33.0,33.375,32.375,32.375,521800,15.079678
2000-02-10,32.625,32.6875,31.875,32.1875,662500,14.992344
2000-02-11,32.1875,32.6875,32.1875,32.5,327200,15.137901
2000-02-14,32.75,33.375,32.4375,32.6875,509800,15.225235
2000-02-15,32.8125,33.25,32.625,33.0,517600,15.370792
2000-02-16,33.0625,33.25,32.5,32.5625,377800,15.167012
2000-02-17,33.0,33.1875,32.375,32.5,475400,15.137901
2000-02-18,32.5,32.5625,32.0,32.125,328000,14.963233
2000-02-22,32.375,32.5,31.6875,31.8125,324800,14.817676
2000-02-23,31.5625,31.625,30.75,30.875,302100,14.381006
2000-02-24,31.0625,31.1875,29.8125,30.0625,620100,14.002558
2000-02-25,30.0625,30.1875,29.125,29.4375,451100,13.711445
2000-02-28,29.375,30.1875,29.125,29.75,750600,13.857002
2000-02-29,29.75,30.3125,29.5,30.1875,437900,14.060781
2000-03-01,30.0,30.375,29.1875,29.375,361500,13.682334
2000-03-02,29.75,29.75,29.1875,29.375,608500,13.682334
2000-03-03,29.25,29.625,29.125,29.5,496600,13.740556
2000-03-06,31.0,31.0,29.625,29.8125,1142100,13.886113
2000-03-07,29.8125,30.4375,29.375,29.375,833100,13.682334
2000-03-08,29.3125,30.0,29.125,29.75,572100,13.857002
2000-03-09,29.75,30.25,29.6875,30.25,878900,14.089892
2000-03-10,30.5,31.1875,30.375,30.75,843600,14.322783
2000-03-13,30.0,31.0625,29.9375,30.5625,896700,14.235449
2000-03-14,30.5625,30.9375,29.75,30.0,1096300,13.973447
2000-03-15,30.0625,31.9375,30.0,31.4375,1075200,14.643008
2000-03-16,30.5625,32.3125,30.5,31.875,2414700,15.094054
2000-03-17,31.3125,31.625,30.1875,30.4375,580200,14.413341
2000-03-20,30.625,30.9375,30.375,30.6875,454200,14.531726
2000-03-21,30.9375,30.9375,29.5625,30.0625,397800,14.235764
2000-03-22,30.0,30.0,28.4375,29.25,737400,13.851014
2000-03-23,29.4375,30.25,29.4375,29.875,689300,14.146976
2000-03-24,29.8125,29.9375,29.3125,29.75,541900,14.087783
2000-03-27,29.9375,30.4375,29.75,29.75,349600,14.087783
2000-03-28,29.75,30.25,29.625,30.0,636600,14.206168
2000-03-29,29.8125,30.25,29.75,29.75,578300,14.087783
2000-03-30,29.9375,30.375,29.5,29.625,813400,14.028591
2000-03-31,29.75,29.75,28.875,29.1875,1806800,13.821418
2000-04-03,29.125,29.375,28.875,29.3125,564000,13.88061
2000-04-04,29.25,29.9375,29.0625,29.625,805000,14.028591
2000-04-05,29.625,30.4375,29.4375,29.75,637500,14.087783
2000-04-06,30.0,30.0,29.0625,29.625,535800,14.028591
2000-04-07,29.3125,29.6875,29.0625,29.4375,348200,13.939802
2000-04-10,29.3125,30.1875,29.25,30.125,417500,14.26536
2000-04-11,30.125,30.5625,29.8125,29.8125,376000,14.11738
2000-04-12,29.6875,30.6875,29.6875,29.8125,805400,14.11738
2000-04-13,29.875,30.375,29.625,30.125,553800,14.26536
2000-04-14,29.875,30.375,29.0,29.4375,618500,13.939802
2000-04-17,28.9375,29.875,28.75,29.25,1130200,13.851014
2000-04-18,29.375,30.5,29.3125,30.3125,892200,14.354149
2000-04-19,30.125,30.3125,29.5625,30.125,590800,14.26536
2000-04-20,30.25,31.0,30.1875,30.8125,307600,14.590918
2000-04-24,30.8125,32.25,30.6875,32.0625,546700,15.182842
2000-04-25,31.8125,33.0,31.8125,32.9375,599900,15.597189
2000-04-26,32.5,34.25,32.375,34.1875,701400,16.189112
2000-04-27,33.9375,33.9375,32.75,32.875,666100,15.567592
2000-04-28,32.625,32.75,32.1875,32.625,943100,15.449208
2000-05-01,32.375,32.6875,32.0,32.0625,701800,15.182842
2000-05-02,31.9375,32.3125,31.25,31.3125,313400,14.827688
2000-05-03,31.3125,31.3125,30.75,30.8125,363200,14.590918
2000-05-04,31.0625,33.3125,31.0625,31.25,917000,14.798092
2000-05-05,31.375,31.875,31.1875,31.4375,900700,14.88688
2000-05-08,31.3125,32.875,31.1875,32.5625,710000,15.419612
2000-05-09,32.5625,32.8125,32.125,32.25,767700,15.271631
2000-05-10,32.25,32.25,31.5625,31.6875,771800,15.005265
2000-05-11,31.5625,32.25,31.5625,32.25,792500,15.271631
2000-05-12,32.3125,32.625,31.8125,32.078121,1046200,15.190239
2000-05-15,32.375,33.375,32.375,33.375,1025000,15.804362
2000-05-16,33.25,33.375,32.5625,33.3125,1260900,15.774766
2000-05-17,33.0625,33.125,32.0,32.75,673100,15.5084
2000-05-18,32.8125,33.8125,32.625,33.75,507300,15.981939
2000-05-19,33.5,33.875,33.25,33.6875,309600,15.952343
2000-05-22,33.6875,33.875,33.125,33.1875,432800,15.715573
2000-05-23,33.6875,33.6875,32.1875,32.8125,507800,15.537996
2000-05-24,32.8125,33.8125,32.75,32.96875,799400,15.611987
2000-05-25,32.75,33.875,32.0,33.875,569600,16.041131
2000-05-26,33.375,34.875,33.3125,34.5625,709900,16.366689
2000-05-30,34.375,35.125,33.9375,34.1875,779300,16.189112
2000-05-31,34.25,34.875,34.125,34.5625,429100,16.366689
2000-06-01,34.5,35.1875,34.5,35.0625,510000,16.603459
2000-06-02,35.0,35.75,34.125,35.3125,646800,16.721844
2000-06-05,35.375,35.375,34.0,34.0,496600,16.100324
2000-06-06,34.0,35.125,33.75,35.0,509500,16.573863
2000-06-07,34.75,35.1875,34.5,34.75,364800,16.455478
2000-06-08,34.5625,34.6875,34.0,34.4375,281300,16.307497
2000-06-09,34.5625,35.4375,34.5625,35.3125,225500,16.721844
2000-06-12,35.5625,35.9375,35.4375,35.5625,272800,16.840228
2000-06-13,35.4375,35.9375,35.3125,35.5625,224000,16.840228
2000-06-14,35.5625,35.625,34.125,34.5,508700,16.337093
2000-06-15,34.3125,35.25,34.3125,35.0,1498700,16.573863
2000-06-16,34.1875,34.6875,34.0,34.25,1816600,16.460919
2000-06-19,34.0625,35.0,33.25,33.375,539400,16.040385
2000-06-20,33.5,33.625,32.875,33.3125,430600,16.010347
2000-06-21,33.375,33.6875,33.125,33.25,207600,15.980309
2000-06-22,33.0625,33.125,32.4375,32.75,296500,15.740003
2000-06-23,32.5,33.1875,32.25,32.5,479200,15.619851
2000-06-26,32.6875,32.875,32.3125,32.6875,237600,15.709965
2000-06-27,32.875,32.9375,31.8125,31.9375,416100,15.349507
2000-06-28,31.9375,32.5,31.25,32.40625,403000,15.574793
2000-06-29,32.125,32.4375,31.625,31.6875,502800,15.229354
2000-06-30,31.4375,32.875,30.3125,30.5625,1005400,14.688667
2000-07-03,30.5625,31.3125,30.5625,31.3125,607700,15.049125
2000-07-05,31.5625,32.0,30.75,30.875,319800,14.838858
2000-07-06,31.0,31.4375,30.4375,31.25,404500,15.019087
2000-07-07,31.25,31.625,31.125,31.5,219600,15.13924
2000-07-10,31.3125,31.9375,31.1875,31.625,286100,15.199316
2000-07-11,31.6875,31.8125,31.1875,31.75,188400,15.259393
2000-07-12,31.5,31.75,31.375,31.5,170900,15.13924
2000-07-13,31.625,31.875,31.3125,31.8125,218100,15.289431
2000-07-14,31.9375,32.1875,31.5625,31.6875,394100,15.229354
2000-07-17,31.5,31.9375,31.5,31.6875,246200,15.229354
2000-07-18,31.9375,32.25,31.5625,31.875,331700,15.319469
2000-07-19,32.0625,32.625,31.875,32.25,378800,15.499698
2000-07-20,32.375,32.5,32.125,32.5,252200,15.619851
2000-07-21,32.5,32.6875,32.1875,32.25,280100,15.499698
2000-07-24,32.125,32.3125,31.75,32.0625,302300,15.409583
2000-07-25,32.25,32.5,31.75,31.9375,266400,15.349507
2000-07-26,31.75,31.9375,31.3125,31.71875,374700,15.244373
2000-07-27,31.9375,32.625,31.3125,31.5625,494200,15.169278
2000-07-28,31.75,31.9375,31.375,31.625,441700,15.199316
2000-07-31,31.75,32.125,31.125,31.5,363900,15.13924
2000-08-01,31.375,32.6875,31.3125,32.4375,429700,15.589812
2000-08-02,32.1875,32.8125,32.125,32.5625,312400,15.649889
2000-08-03,32.6875,33.25,32.625,32.703121,224400,15.717473
2000-08-04,32.625,33.0,31.75,32.8125,390900,15.770041
2000-08-07,32.8125,33.875,32.625,33.765621,871800,16.228122
2000-08-08,34.0,34.0625,33.625,33.9375,632300,16.310729
2000-08-09,33.6875,34.125,33.5,33.8125,573800,16.250652
2000-08-10,34.0625,34.375,33.875,34.328121,542400,16.498465
2000-08-11,34.4375,35.0,34.3125,34.578121,299200,16.618618
2000-08-14,34.6875,35.0625,33.9375,34.9375,426500,16.791339
2000-08-15,34.8125,35.5,34.625,35.0625,449000,16.851416
2000-08-16,35.4375,36.125,35.3125,35.375,556500,17.001607
2000-08-17,35.625,35.6875,35.125,35.25,187900,16.94153
2000-08-18,35.5,35.875,35.1875,35.5,308200,17.061683
2000-08-21,35.4375,35.4375,34.8125,35.25,151100,16.94153
2000-08-22,35.0625,35.1875,34.625,34.625,205100,16.641149
2000-08-23,34.375,34.625,33.875,33.9375,897100,16.310729
2000-08-24,34.1875,34.25,33.625,33.75,345300,16.220614
2000-08-25,34.0,34.0,32.875,33.5625,351900,16.1305
2000-08-28,33.4375,34.4375,33.375,34.3125,428800,16.490958
2000-08-29,34.0625,34.375,33.8125,34.1875,245300,16.430881
2000-08-30,34.125,34.6875,34.0,34.5,240400,16.581072
2000-08-31,34.5,35.0,34.5,34.75,258500,16.701225
2000-09-01,34.8125,35.0,34.4375,34.625,145400,16.641149
2000-09-05,34.625,35.6875,34.5625,35.6875,559500,17.151797
2000-09-06,35.4375,36.4375,35.4375,36.3125,311400,17.452179
2000-09-07,36.1875,36.75,35.6875,36.6875,979600,17.632408
2000-09-08,36.75,38.1875,36.5625,38.15625,628100,18.338305
2000-09-11,37.9375,39.0625,37.8125,38.4375,559800,18.473477
2000-09-12,38.25,39.125,37.375,39.125,856300,18.803897
2000-09-13,39.125,40.25,39.125,39.125,631500,18.803897
2000-09-14,39.0,39.1875,37.9375,38.1875,526500,18.353324
2000-09-15,38.0,39.875,38.0,39.078121,888500,18.781367
2000-09-18,38.5625,38.9375,38.1875,38.5625,375000,18.533554
2000-09-19,38.3125,38.375,36.25,36.6875,441400,17.632408
2000-09-20,36.9375,36.9375,35.9375,36.6875,2118500,17.632408
2000-09-21,36.125,36.9375,35.875,36.5,1860000,17.792049
2000-09-22,36.375,37.3125,36.0625,36.75,482000,17.913912
2000-09-25,36.1875,37.25,36.125,37.125,295400,18.096708
2000-09-26,37.0,37.6875,36.875,37.1875,413500,18.127173
2000-09-27,37.375,37.75,36.1875,37.578121,420000,18.317583
2000-09-28,37.3125,38.0,37.25,37.625,418100,18.340434
2000-09-29,37.375,38.375,37.1875,38.265621,488700,18.652707
2000-10-02,37.625,38.5,36.9375,38.3125,483000,18.675558
2000-10-03,38.3125,38.5625,37.25,37.5,527000,18.279503
2000-10-04,37.5,38.1875,36.125,36.75,596800,17.913912
2000-10-05,36.6875,37.375,35.75,36.0,339500,17.548322
2000-10-06,36.25,36.875,35.875,36.0,297900,17.548322
2000-10-09,35.75,36.375,35.5,35.75,306700,17.426459
2000-10-10,36.0,36.6875,35.75,36.125,357600,17.609254
2000-10-11,36.25,37.0,35.75,36.4375,376800,17.761583
2000-10-12,36.1875,37.25,35.3125,36.8125,431100,17.944378
2000-10-13,37.0,37.4375,36.5,36.75,414000,17.913912
2000-10-16,36.8125,37.3125,36.625,36.875,258700,17.974844
2000-10-17,37.0,37.5,36.4375,36.8125,305600,17.944378
2000-10-18,37.0625,37.375,35.8125,36.0625,611000,17.578788
2000-10-19,35.8125,36.75,35.4375,36.5625,481200,17.822515
2000-10-20,36.8125,37.125,36.25,36.5,544100,17.792049
2000-10-23,36.3125,37.25,36.3125,36.625,590000,17.852981
2000-10-24,36.875,37.0,35.9375,36.375,348700,17.731117
2000-10-25,36.5,36.8125,35.6875,35.875,233000,17.487391
2000-10-26,36.0,36.0,35.125,35.4375,247200,17.27413
2000-10-27,35.4375,36.4375,34.9375,35.875,321200,17.487391
2000-10-30,35.875,36.4375,35.8125,36.3125,470700,17.700652
2000-10-31,36.375,36.5625,35.75,36.125,508100,17.609254
2000-11-01,36.3125,37.3125,36.25,37.0625,818500,18.066242
2000-11-02,37.0,37.25,36.3125,36.625,350700,17.852981
2000-11-03,36.5,37.375,36.1875,37.375,802100,18.218571
2000-11-06,37.125,37.9375,35.375,35.8125,1051000,17.456925
2000-11-07,35.8125,36.25,35.8125,36.125,466800,17.609254
2000-11-08,36.0,36.4375,35.75,36.0625,465300,17.578788
2000-11-09,36.0625,36.4375,35.5,36.3125,572000,17.700652
2000-11-10,36.3125,37.125,36.1875,36.5,464100,17.792049
2000-11-13,36.6875,36.9375,36.375,36.875,751900,17.974844
2000-11-14,36.625,36.8125,36.0,36.0625,517500,17.578788
2000-11-15,36.1875,36.6875,35.875,36.625,492700,17.852981
2000-11-16,36.75,37.25,36.6875,37.1875,435400,18.127173
2000-11-17,37.25,37.625,36.9375,37.375,473300,18.218571
2000-11-20,37.5625,38.0,37.1875,37.5625,290000,18.309968
2000-11-21,37.625,37.625,36.75,37.3125,292700,18.188105
2000-11-22,37.5625,37.6875,36.9375,37.0625,414100,18.066242
2000-11-24,36.875,37.375,36.3125,37.125,150600,18.096708
2000-11-27,36.9375,37.1875,36.0625,37.0,482300,18.035776
2000-11-28,37.0,37.6875,37.0,37.3125,420800,18.188105
2000-11-29,37.3125,38.0,37.1875,37.75,423400,18.401366
2000-11-30,37.75,38.1875,37.625,37.9375,930000,18.492763
2000-12-01,37.75,38.1875,37.4375,38.0,290900,18.523229
2000-12-04,38.0,38.75,37.6875,38.0625,407900,18.553695
2000-12-05,38.25,38.25,37.125,37.375,606700,18.218571
2000-12-06,37.3125,37.625,36.75,36.9375,902600,18.00531
2000-12-07,37.1875,37.25,36.625,37.0,579000,18.035776
2000-12-08,36.8125,36.8125,36.0,36.1875,323500,17.63972
2000-12-11,36.4375,36.4375,35.625,36.0625,431600,17.578788
2000-12-12,36.1875,36.25,35.6875,35.9375,502500,17.517857
2000-12-13,36.0625,36.75,35.625,36.5625,378000,17.822515
2000-12-14,36.6875,36.75,36.1875,36.4375,344200,17.761583
2000-12-15,36.6875,37.1875,36.3125,36.875,749600,17.974844
2000-12-18,36.875,37.5,36.875,37.5,865900,18.279503
2000-12-19,37.5625,37.9375,37.375,37.5,1576500,18.279503
2000-12-20,36.9375,37.8125,36.75,37.625,1846900,18.595816
2000-12-21,38.0,38.0,37.125,37.75,6563400,18.657597
2000-12-22,37.6875,38.4375,37.375,38.4375,524200,18.997387
2000-12-26,38.4375,39.25,38.25,39.1875,373700,19.368068
2000-12-27,39.25,39.3125,38.625,38.9375,593600,19.244508
2000-12-28,39.0625,39.1875,38.5,38.9375,418800,19.244508
2000-12-29,38.9375,39.25,38.5625,38.9375,451900,19.244508
2001-01-02,38.6875,38.75,37.9375,38.25,535900,18.904717
2001-01-03,38.5,38.875,36.75,37.0,1344300,18.286916
2001-01-04,36.6875,36.75,34.328121,34.875,1089400,17.236654
2001-01-05,34.875,35.6875,34.5,35.5,1045200,17.545554
2001-01-08,35.5625,36.3125,35.4375,36.1875,855600,17.885345
2001-01-09,36.0,36.625,35.8125,36.625,1143800,18.101576
2001-01-10,36.875,36.9375,36.25,36.5,667100,18.039795
2001-01-11,36.5,36.5,33.75,33.875,1128900,16.742413
2001-01-12,34.25,34.75,33.8125,34.5,1064200,17.051313
2001-01-16,34.75,34.75,33.125,33.75,793400,16.680633
2001-01-17,33.9375,34.5625,33.5625,33.8125,594300,16.711523
2001-01-18,34.0625,34.875,34.0,34.75,818200,17.174874
2001-01-19,34.75,35.3125,34.1875,34.8125,949500,17.205764
2001-01-22,34.8125,36.5,34.625,36.375,845400,17.978015
2001-01-23,36.3125,37.0,35.9375,36.5,890300,18.039795
2001-01-24,36.5,37.25,36.5,36.875,399100,18.225136
2001-01-25,37.125,37.375,36.5,36.625,507800,18.101576
2001-01-26,37.0,37.0,35.0625,35.875,726600,17.730895
2001-01-29,35.869999,36.990002,35.849998,35.93,388800,17.758078
2001-01-30,36.18,36.68,35.57,36.41,505400,17.995314
2001-01-31,36.16,36.16,35.130001,35.290001,1041600,17.441764
2001-02-01,35.700001,35.98,34.650002,35.099998,815000,17.347857
2001-02-02,35.299999,35.450001,34.68,34.77,552700,17.184759
2001-02-05,34.799999,35.66,34.799999,34.98,993800,17.288549
2001-02-06,35.23,35.950001,34.75,35.369999,1231900,17.481303
2001-02-07,35.75,37.18,35.75,37.009998,2974100,18.291857
2001-02-08,36.900002,38.400002,36.900002,37.959999,1966700,18.761387
2001-02-09,37.959999,38.470001,37.5,38.369999,2087900,18.964025
2001-02-12,38.450001,39.119999,37.599998,38.029999,695700,18.795983
2001-02-13,38.029999,38.439999,37.619999,37.700001,911600,18.632885
2001-02-14,37.700001,37.709999,36.5,36.869999,1266200,18.222664
2001-02-15,36.830002,36.919998,36.0,36.02,1149900,17.80256
2001-02-16,36.27,36.75,35.700001,36.0,1482500,17.792675
2001-02-20,36.330002,36.52,35.98,36.07,567000,17.827272
2001-02-21,36.799999,37.16,36.099998,36.18,582600,17.881638
2001-02-22,36.43,36.75,35.75,35.799999,854100,17.693826
2001-02-23,35.849998,36.349998,34.950001,35.200001,762100,17.397283
2001-02-26,35.450001,36.59,35.18,35.41,452600,17.501073
2001-02-27,35.41,36.080002,35.259998,35.669998,397800,17.629574
2001-02-28,35.799999,37.0,35.5,36.040001,2700700,17.812445
2001-03-01,37.0,37.900002,36.599998,37.349998,3056600,18.459899
2001-03-02,37.5,38.349998,37.400002,38.139999,1333400,18.85035
2001-03-05,38.139999,38.650002,38.139999,38.59,1171900,19.072759
2001-03-06,38.52,38.98,38.52,38.66,909400,19.107356
2001-03-07,38.66,39.25,38.549999,38.779999,1237900,19.166664
2001-03-08,38.98,39.41,38.799999,39.400002,722200,19.473095
2001-03-09,39.41,39.41,38.720001,38.77,565000,19.161723
2001-03-12,38.41,39.099998,38.41,38.549999,738700,19.052989
2001-03-13,38.549999,39.580002,38.549999,39.09,1215100,19.31988
2001-03-14,38.799999,39.040001,38.490002,38.490002,1057200,19.023336
2001-03-15,38.5,39.299999,38.150002,39.040001,1139800,19.295168
2001-03-16,38.5,39.5,38.5,38.77,990300,19.161723
2001-03-19,38.779999,39.18,38.779999,39.060001,778100,19.305053
2001-03-20,38.439999,39.080002,38.25,38.360001,638100,19.212397
2001-03-21,38.150002,39.240002,38.150002,38.34,503200,19.20238
2001-03-22,38.34,38.5,36.700001,37.549999,1912500,18.806712
2001-03-23,37.349998,37.75,36.799999,37.619999,1362900,18.841771
2001-03-26,37.619999,38.869999,37.549999,38.869999,1280400,19.467827
2001-03-27,38.869999,39.799999,38.84,39.349998,1694200,19.708232
2001-03-28,39.110001,39.75,38.220001,39.299999,989000,19.68319
2001-03-29,39.110001,39.48,38.580002,39.41,633100,19.738283
2001-03-30,39.66,40.200001,39.540001,39.799999,802000,19.933612
2001-04-02,39.799999,40.75,39.790001,40.599998,1513900,20.334287
2001-04-03,40.450001,41.279999,39.869999,41.169998,1371800,20.619769
2001-04-04,41.07,42.139999,40.799999,41.98,1497400,21.025453
2001-04-05,42.450001,42.450001,41.450001,42.299999,1354700,21.185724
2001-04-06,42.049999,42.450001,41.200001,41.68,2363500,20.875201
2001-04-09,42.150002,42.709999,41.950001,42.32,940200,21.195741
2001-04-10,42.709999,43.560001,42.709999,43.439999,885500,21.756686
2001-04-11,43.25,43.25,42.049999,42.330002,890700,21.20075
2001-04-12,42.23,42.450001,41.52,42.040001,624800,21.055505
2001-04-16,42.150002,43.400002,42.049999,43.400002,927700,21.736654
2001-04-17,43.400002,43.900002,42.779999,42.939999,756800,21.506264
2001-04-18,42.950001,43.400002,41.799999,43.110001,1130200,21.591408
2001-04-19,43.110001,43.5,41.700001,41.700001,794600,20.885218
2001-04-20,41.700001,42.200001,41.049999,41.75,764300,20.910259
2001-04-23,41.75,42.119999,41.080002,41.970001,450300,21.020446
2001-04-24,42.220001,42.490002,41.77,42.25,555500,21.160682
2001-04-25,42.5,42.700001,41.75,42.360001,615100,21.215775
2001-04-26,42.349998,43.23,42.349998,42.75,708200,21.411104
2001-04-27,42.759998,42.82,42.049999,42.299999,479200,21.185724
2001-04-30,42.299999,42.389999,41.849998,41.919998,642500,20.995402
2001-05-01,42.119999,42.43,41.860001,42.299999,481500,21.185724
2001-05-02,42.299999,42.299999,41.07,41.32,583200,20.694896
2001-05-03,41.450001,41.549999,40.549999,41.099998,337700,20.58471
2001-05-04,41.0,41.709999,40.799999,41.709999,601800,20.890225
2001-05-07,41.709999,42.099998,41.68,41.93,515500,21.000412
2001-05-08,42.18,42.18,41.5,41.700001,649800,20.885218
2001-05-09,41.700001,42.900002,41.700001,42.400002,1032400,21.235809
2001-05-10,42.5,42.599998,42.099998,42.470001,460400,21.270868
2001-05-11,42.650002,42.75,42.259998,42.580002,308000,21.325961
2001-05-14,42.689999,43.290001,42.25,42.259998,763900,21.165689
2001-05-15,42.5,42.5,42.0,42.150002,565300,21.110598
2001-05-16,42.150002,42.700001,42.060001,42.66,528700,21.366028
2001-05-17,42.66,43.049999,42.5,42.959999,532700,21.516281
2001-05-18,42.959999,43.389999,42.900002,43.389999,396600,21.731644
2001-05-21,43.389999,44.040001,43.07,44.040001,446000,22.057194
2001-05-22,44.040001,44.25,43.700001,44.09,574300,22.082236
2001-05-23,44.099998,44.950001,44.049999,44.709999,652900,22.392759
2001-05-24,44.5,44.849998,44.060001,44.400002,1079600,22.237498
2001-05-25,44.400002,44.400002,43.580002,43.650002,633200,21.861865
2001-05-29,43.400002,44.099998,43.400002,43.650002,483100,21.861865
2001-05-30,43.66,44.209999,43.040001,43.380001,1463900,21.726637
2001-05-31,43.5,44.939999,43.5,44.720001,2905300,22.397768
2001-06-01,44.619999,44.849998,44.25,44.73,1309600,22.402776
2001-06-04,44.700001,44.82,44.200001,44.310001,689300,22.192422
2001-06-05,44.330002,44.5,43.75,44.360001,372300,22.217464
2001-06-06,44.150002,44.150002,43.200001,43.700001,1331800,21.886907
2001-06-07,43.700001,43.799999,43.299999,43.540001,1265000,21.806772
2001-06-08,43.75,44.0,43.540001,43.900002,1690600,21.987076
2001-06-11,43.98,44.860001,43.91,44.799999,1139300,22.437835
2001-06-12,44.950001,45.639999,44.849998,45.57,1088400,22.823485
2001-06-13,45.650002,45.799999,44.52,44.669998,862000,22.372725
2001-06-14,44.5,44.5,43.700001,43.720001,869000,21.896924
2001-06-15,43.200001,45.32,43.200001,45.139999,1645000,22.608122
2001-06-18,45.139999,46.299999,45.0,45.400002,661300,22.738343
2001-06-19,45.150002,46.299999,45.150002,46.299999,585000,23.189102
2001-06-20,46.369999,47.130001,46.369999,46.610001,681200,23.344364
2001-06-21,46.080002,46.259998,44.630001,45.150002,709200,22.865777
2001-06-22,45.150002,45.849998,44.580002,45.369999,500200,22.977192
2001-06-25,45.369999,45.369999,44.720001,45.02,465600,22.799939
2001-06-26,45.150002,46.029999,44.52,45.970001,614500,23.281058
2001-06-27,45.849998,46.48,45.349998,46.119999,279500,23.357023
2001-06-28,45.869999,46.689999,45.799999,46.0,313600,23.29625
2001-06-29,46.049999,46.619999,45.900002,46.439999,996000,23.519083
2001-07-02,46.439999,47.040001,46.209999,46.529999,589800,23.564663
2001-07-03,46.349998,46.68,46.150002,46.5,342800,23.54947
2001-07-05,46.5,46.959999,46.110001,46.68,635800,23.64063
2001-07-06,46.799999,46.799999,45.950001,46.150002,867600,23.372217
2001-07-09,46.099998,46.799999,46.0,46.27,678600,23.432989
2001-07-10,46.099998,46.349998,45.900002,46.279999,558200,23.438053
2001-07-11,46.0,46.400002,45.400002,45.75,796000,23.16964
2001-07-12,45.299999,45.490002,44.950001,45.150002,381800,22.865777
2001-07-13,45.150002,45.150002,44.049999,44.380001,523400,22.475818
2001-07-16,44.380001,44.650002,44.16,44.450001,661200,22.511268
2001-07-17,44.450001,44.619999,43.700001,43.950001,312500,22.258048
2001-07-18,43.900002,44.150002,43.5,43.84,316200,22.202339
2001-07-19,43.950001,44.150002,43.5,43.950001,404600,22.258048
2001-07-20,44.099998,44.200001,43.299999,43.5,344600,22.03015
2001-07-23,43.549999,43.599998,42.25,42.509998,716000,21.528773
2001-07-24,42.759998,42.849998,42.099998,42.450001,1225200,21.498388
2001-07-25,42.450001,42.900002,42.0,42.740002,1283000,21.645256
2001-07-26,42.75,42.900002,41.98,42.470001,1956700,21.508517
2001-07-27,42.720001,42.849998,41.299999,42.5,531400,21.523709
2001-07-30,42.549999,42.799999,41.549999,42.75,354200,21.65032
2001-07-31,42.599998,43.130001,41.810001,42.25,297500,21.397099
2001-08-01,42.48,43.07,42.150002,42.990002,572500,21.771866
2001-08-02,43.349998,43.830002,42.889999,43.830002,488600,22.197276
2001-08-03,43.830002,44.299999,43.209999,44.18,607500,22.374529
2001-08-06,44.18,44.18,43.009998,43.400002,481400,21.979506
2001-08-07,43.450001,43.93,43.119999,43.389999,650800,21.974441
2001-08-08,43.200001,43.509998,42.110001,42.259998,433700,21.402163
2001-08-09,42.009998,42.549999,41.990002,42.419998,355700,21.483193
2001-08-10,42.599998,42.66,41.650002,42.43,466700,21.488259
2001-08-13,42.599998,43.25,42.099998,42.41,325600,21.47813
2001-08-14,42.48,42.709999,42.009998,42.310001,333400,21.427486
2001-08-15,42.349998,42.75,42.049999,42.259998,471200,21.402163
2001-08-16,42.259998,42.849998,42.040001,42.639999,446600,21.594611
2001-08-17,42.599998,43.0,42.299999,42.349998,307600,21.447743
2001-08-20,42.450001,42.91,42.450001,42.779999,228300,21.665512
2001-08-21,42.529999,43.299999,42.529999,43.189999,392900,21.873153
2001-08-22,42.950001,44.299999,42.900002,43.880001,763000,22.222597
2001-08-23,43.630001,44.18,43.450001,43.77,353800,22.166889
2001-08-24,43.599998,44.080002,43.5,44.0,175100,22.28337
2001-08-27,44.0,44.369999,43.900002,44.009998,339300,22.288433
2001-08-28,43.900002,43.950001,43.509998,43.52,539900,22.040279
2001-08-29,43.650002,44.049999,43.349998,43.720001,293500,22.141567
2001-08-30,43.700001,44.0,43.360001,43.400002,230500,21.979506
2001-08-31,43.400002,43.73,43.07,43.290001,186400,21.923798
2001-09-04,43.040001,43.919998,43.040001,43.610001,203200,22.085858
2001-09-05,43.450001,43.580002,43.200001,43.349998,361300,21.954183
2001-09-06,43.400002,43.889999,43.029999,43.77,333600,22.166889
2001-09-07,43.52,44.299999,43.349998,43.98,387400,22.273241
2001-09-10,43.98,43.98,43.400002,43.400002,350800,21.979506
2001-09-17,43.150002,43.810001,43.0,43.259998,625800,21.908603
2001-09-18,43.259998,43.77,42.849998,43.59,313500,22.075729
2001-09-19,43.34,43.950001,43.099998,43.400002,995400,21.979506
2001-09-20,42.049999,43.759998,42.049999,43.200001,2915300,22.140953
2001-09-21,42.75,44.349998,42.509998,42.799999,848200,21.935943
2001-09-24,42.799999,43.0,41.919998,42.099998,570600,21.577177
2001-09-25,42.349998,42.450001,41.740002,42.16,579400,21.607929
2001-09-26,42.169998,42.299999,41.41,41.900002,794200,21.474674
2001-09-27,41.650002,42.5,41.349998,41.919998,492100,21.484923
2001-09-28,41.75,43.049999,41.700001,43.049999,541000,22.064074
2001-10-01,42.900002,43.360001,42.599998,43.18,381800,22.130702
2001-10-02,43.130001,44.099998,43.0,44.099998,430600,22.602221
2001-10-03,44.099998,44.869999,44.0,44.849998,565000,22.986613
2001-10-04,44.849998,44.990002,44.080002,44.799999,419700,22.960987
2001-10-05,44.98,45.0,44.5,44.990002,385600,23.058368
2001-10-08,44.540001,44.639999,44.049999,44.369999,395600,22.740602
2001-10-09,44.490002,44.490002,43.5,43.720001,257900,22.407464
2001-10-10,43.700001,43.77,43.099998,43.759998,289400,22.427964
2001-10-11,43.66,43.98,43.419998,43.43,444400,22.258832
2001-10-12,43.23,43.650002,42.91,43.52,268100,22.304959
2001-10-15,43.349998,43.560001,42.830002,43.049999,400800,22.064074
2001-10-16,43.060001,43.799999,43.060001,43.75,365200,22.422839
2001-10-17,43.75,43.990002,43.5,43.580002,264100,22.335712
2001-10-18,43.330002,43.5,42.459999,42.52,433200,21.792437
2001-10-19,42.299999,43.580002,42.299999,43.25,189600,22.166578
2001-10-22,43.0,43.080002,42.25,42.470001,401400,21.766812
2001-10-23,42.470001,42.470001,41.889999,42.169998,488200,21.613054
2001-10-24,42.169998,42.349998,41.529999,42.029999,472400,21.541301
2001-10-25,41.799999,42.549999,41.799999,42.169998,326400,21.613054
2001-10-26,42.0,42.049999,41.529999,41.779999,303800,21.41317
2001-10-29,41.349998,42.099998,40.5,41.860001,493100,21.454173
2001-10-30,41.349998,41.700001,41.169998,41.459999,356300,21.249163
2001-10-31,41.209999,41.970001,41.099998,41.689999,567200,21.367043
2001-11-01,41.450001,41.790001,40.810001,41.0,639100,21.013404
2001-11-02,40.950001,40.950001,40.200001,40.599998,1312100,20.808394
2001-11-05,40.700001,41.700001,40.66,41.52,420700,21.279915
2001-11-06,41.27,41.900002,41.060001,41.630001,478700,21.336293
2001-11-07,41.400002,41.810001,41.200001,41.59,561200,21.315792
2001-11-08,41.689999,42.599998,41.689999,42.0,374300,21.525926
2001-11-09,42.200001,42.349998,41.549999,41.98,249900,21.515675
2001-11-12,41.75,41.84,41.200001,41.540001,284200,21.290166
2001-11-13,41.540001,41.98,41.0,41.900002,340900,21.474674
2001-11-14,41.950001,41.959999,41.139999,41.349998,317400,21.192786
2001-11-15,41.349998,41.5,40.759998,41.040001,542700,21.033905
2001-11-16,41.040001,41.439999,40.82,41.07,380100,21.04928
2001-11-19,41.080002,41.169998,40.549999,41.150002,464300,21.090283
2001-11-20,41.25,42.099998,41.189999,41.950001,530300,21.5003
2001-11-21,41.959999,41.959999,41.25,41.450001,486800,21.244039
2001-11-23,41.450001,41.75,41.25,41.639999,137700,21.341418
2001-11-26,41.650002,41.849998,41.330002,41.459999,214100,21.249163
2001-11-27,41.470001,41.950001,41.299999,41.580002,247300,21.310667
2001-11-28,41.59,41.599998,41.09,41.279999,572800,21.156909
2001-11-29,41.279999,41.700001,41.060001,41.400002,520700,21.218413
2001-11-30,41.400002,41.599998,41.240002,41.299999,349400,21.16716
2001-12-03,41.150002,41.48,40.810001,41.389999,783200,21.213287
2001-12-04,41.150002,41.299999,40.799999,41.099998,857600,21.064655
2001-12-05,41.18,41.43,40.950001,41.110001,399400,21.069781
2001-12-06,41.0,41.0,40.41,40.650002,604100,20.834022
2001-12-07,40.5,41.209999,40.5,41.009998,618800,21.018528
2001-12-10,41.009998,41.099998,40.599998,40.68,391600,20.849397
2001-12-11,40.700001,40.810001,39.919998,40.07,348700,20.536758
2001-12-12,40.07,40.799999,39.900002,40.740002,633000,20.880149
2001-12-13,40.740002,41.209999,40.700001,40.869999,358100,20.946775
2001-12-14,40.619999,40.98,40.25,40.759998,252500,20.890398
2001-12-17,40.759998,40.869999,40.439999,40.59,271700,20.80327
2001-12-18,40.59,41.09,40.59,41.02,394700,21.023654
2001-12-19,40.950001,42.07,40.849998,41.939999,547900,21.495174
2001-12-20,41.990002,41.990002,41.360001,41.720001,624200,21.38242
2001-12-21,41.400002,41.490002,41.119999,41.130001,1644200,21.343499
2001-12-24,41.080002,41.5,41.060001,41.349998,4422100,21.457662
2001-12-26,41.369999,41.810001,41.360001,41.41,359900,21.488798
2001-12-27,41.5,41.98,41.009998,41.950001,353300,21.76902
2001-12-28,42.200001,42.200001,41.200001,41.919998,386700,21.75345
2001-12-31,41.849998,42.290001,41.650002,41.939999,218100,21.763829
2002-01-02,42.040001,42.52,41.119999,42.369999,442400,21.986968
2002-01-03,42.299999,42.450001,41.810001,42.139999,291900,21.867615
2002-01-04,42.529999,42.529999,41.349998,41.790001,698800,21.685991
2002-01-07,41.48,41.630001,41.259998,41.48,685100,21.525123
2002-01-08,41.220001,41.279999,40.389999,40.689999,603700,21.11517
2002-01-09,40.630001,41.099998,40.279999,40.810001,570500,21.177442
2002-01-10,40.400002,41.139999,40.400002,41.049999,552000,21.301984
2002-01-11,41.060001,41.5,40.970001,41.02,479600,21.286417
2002-01-14,40.82,41.599998,40.82,41.419998,487000,21.493987
2002-01-15,41.599998,42.099998,41.52,42.009998,404500,21.800154
2002-01-16,42.150002,42.5,41.84,41.98,366700,21.784587
2002-01-17,41.98,42.119999,41.5,41.66,287400,21.61853
2002-01-18,41.599998,41.900002,41.5,41.740002,271700,21.660045
2002-01-22,41.720001,41.75,40.869999,40.950001,400400,21.250092
2002-01-23,40.75,41.080002,40.5,40.970001,287100,21.260471
2002-01-24,40.75,41.59,40.75,41.18,279000,21.369445
2002-01-25,41.099998,41.259998,40.959999,41.150002,232500,21.353878
2002-01-28,41.0,41.130001,40.889999,41.02,155900,21.286417
2002-01-29,41.419998,41.419998,40.290001,40.349998,439100,20.938734
2002-01-30,40.200001,40.41,39.650002,40.380001,244900,20.954303
2002-01-31,40.18,41.0,40.0,41.0,457300,21.276038
2002-02-01,40.900002,41.099998,40.799999,41.060001,174800,21.307174
2002-02-04,41.060001,41.299999,40.669998,41.0,374600,21.276038
2002-02-05,40.950001,41.09,40.540001,40.610001,497900,21.073656
2002-02-06,40.380001,40.75,40.360001,40.5,443400,21.016574
2002-02-07,40.900002,41.150002,40.720001,41.0,417100,21.276038
2002-02-08,40.970001,41.310001,40.549999,40.830002,726400,21.187821
2002-02-11,40.5,41.169998,40.259998,41.040001,419800,21.296795
2002-02-12,41.080002,41.66,41.07,41.380001,417500,21.473231
2002-02-13,41.25,41.59,41.099998,41.360001,214900,21.462852
2002-02-14,41.349998,41.630001,41.130001,41.540001,293100,21.556259
2002-02-15,41.549999,41.66,41.360001,41.419998,301500,21.493987
2002-02-19,41.299999,41.540001,41.080002,41.290001,405300,21.426527
2002-02-20,41.299999,41.41,40.790001,41.240002,704700,21.400581
2002-02-21,41.23,41.599998,41.009998,41.060001,357700,21.307174
2002-02-22,40.950001,41.349998,40.73,41.150002,549600,21.353878
2002-02-25,40.950001,41.32,40.810001,41.0,416300,21.276038
2002-02-26,40.950001,41.509998,40.950001,41.43,285200,21.499177
2002-02-27,41.389999,41.900002,41.279999,41.57,299600,21.571827
2002-02-28,41.57,41.799999,41.419998,41.419998,257600,21.493987
2002-03-01,41.419998,42.25,41.419998,42.189999,305200,21.893561
2002-03-04,42.189999,42.77,42.189999,42.73,290400,22.173783
2002-03-05,42.549999,43.400002,42.509998,43.389999,393600,22.516275
2002-03-06,43.389999,43.880001,42.900002,43.860001,451000,22.760172
2002-03-07,43.860001,44.150002,43.599998,44.099998,389100,22.884713
2002-03-08,44.150002,44.310001,43.630001,44.080002,312600,22.874336
2002-03-11,43.98,44.299999,43.68,44.130001,307100,22.900282
2002-03-12,44.0,44.150002,43.509998,43.790001,340100,22.723847
2002-03-13,43.549999,43.849998,43.34,43.490002,315700,22.568169
2002-03-14,43.5,43.82,43.25,43.419998,292800,22.531842
2002-03-15,43.419998,43.66,43.369999,43.580002,624800,22.614872
2002-03-18,43.139999,43.639999,42.799999,43.529999,424500,22.588924
2002-03-19,43.799999,44.279999,43.759998,44.130001,665900,22.900282
2002-03-20,44.150002,44.400002,43.700001,44.099998,418700,22.884713
2002-03-21,43.740002,44.700001,43.619999,44.639999,896400,23.438651
2002-03-22,44.599998,44.939999,44.279999,44.529999,325800,23.380895
2002-03-25,44.330002,44.939999,43.830002,44.459999,380000,23.344141
2002-03-26,44.490002,44.82,44.27,44.759998,353700,23.501658
2002-03-27,44.610001,45.150002,44.439999,45.110001,330700,23.68543
2002-03-28,45.0,45.75,45.0,45.5,384700,23.890203
2002-04-01,45.200001,45.630001,45.099998,45.389999,340300,23.832446
2002-04-02,45.389999,45.650002,45.139999,45.560001,358200,23.921707
2002-04-03,45.450001,45.73,45.220001,45.599998,319100,23.942708
2002-04-04,45.5,45.970001,44.700001,45.34,457900,23.806193
2002-04-05,45.200001,45.5,44.849998,44.970001,226600,23.611922
2002-04-08,44.5,45.099998,44.5,44.939999,329300,23.596169
2002-04-09,44.84,44.84,44.490002,44.52,312500,23.375645
2002-04-10,44.400002,45.119999,44.400002,45.110001,438100,23.68543
2002-04-11,45.110001,45.400002,44.52,44.529999,276600,23.380895
2002-04-12,44.549999,44.799999,44.279999,44.779999,257900,23.512159
2002-04-15,44.5,44.529999,44.25,44.360001,469100,23.291635
2002-04-16,44.75,45.299999,44.669998,45.279999,580300,23.774689
2002-04-17,45.27,45.689999,45.200001,45.580002,299700,23.932209
2002-04-18,45.599998,45.889999,45.380001,45.860001,322700,24.079224
2002-04-19,45.75,46.080002,45.5,46.080002,268100,24.194738
2002-04-22,45.880001,46.189999,45.610001,45.799999,283200,24.04772
2002-04-23,45.700001,46.900002,45.650002,46.48,364300,24.404761
2002-04-24,46.700001,47.400002,46.400002,47.060001,751700,24.709296
2002-04-25,46.849998,46.860001,45.59,45.66,676900,23.974212
2002-04-26,45.740002,45.950001,44.75,45.259998,596500,23.764188
2002-04-29,45.240002,45.610001,44.830002,44.959999,590000,23.60667
2002-04-30,45.16,45.68,45.0,45.34,657100,23.806193
2002-05-01,45.139999,45.549999,45.049999,45.369999,403200,23.821945
2002-05-02,45.48,46.0,44.93,45.970001,422700,24.136981
2002-05-03,45.98,46.150002,45.389999,45.869999,300200,24.084474
2002-05-06,45.869999,45.869999,45.43,45.439999,210200,23.858699
2002-05-07,45.400002,45.400002,44.830002,45.009998,262600,23.632923
2002-05-08,45.130001,45.259998,44.57,45.0,1023400,23.627673
2002-05-09,45.0,45.09,44.549999,44.709999,691700,23.475405
2002-05-10,45.25,45.5,44.32,44.450001,877500,23.338891
2002-05-13,44.27,44.560001,44.060001,44.529999,1317700,23.380895
2002-05-14,44.73,45.400002,44.209999,45.380001,645800,23.827196
2002-05-15,45.150002,45.25,44.950001,45.119999,915200,23.69068
2002-05-16,45.119999,45.900002,45.119999,45.299999,1643900,23.785191
2002-05-17,45.299999,45.700001,44.23,45.27,797300,23.769439
2002-05-20,45.27,46.209999,45.240002,46.169998,532500,24.241992
2002-05-21,46.169998,47.040001,45.950001,46.700001,486900,24.520274
2002-05-22,46.650002,47.700001,46.650002,47.68,548100,25.034832
2002-05-23,47.299999,47.599998,46.91,47.25,798400,24.809057
2002-05-24,47.25,47.279999,46.200001,46.91,524200,24.630536
2002-05-28,46.709999,46.959999,46.400002,46.73,402600,24.536026
2002-05-29,46.549999,46.669998,45.959999,46.5,433900,24.415262
2002-05-30,46.5,47.0,46.439999,46.900002,644400,24.625287
2002-05-31,46.900002,47.200001,46.610001,46.799999,444000,24.57278
2002-06-03,46.799999,46.849998,45.779999,45.91,453500,24.105477
2002-06-04,45.709999,46.490002,45.709999,46.200001,413200,24.257745
2002-06-05,46.209999,46.209999,45.099998,45.150002,539200,23.706433
2002-06-06,45.16,45.290001,44.07,44.080002,557100,23.144619
2002-06-07,44.080002,44.41,43.900002,44.25,521200,23.233879
2002-06-10,44.25,44.709999,44.049999,44.490002,286900,23.359894
2002-06-11,44.599998,45.919998,44.599998,45.080002,927900,23.669679
2002-06-12,44.849998,45.900002,44.849998,45.580002,546800,23.932209
2002-06-13,45.41,46.599998,45.349998,45.869999,553200,24.084474
2002-06-14,43.950001,44.18,43.380001,43.5,1462100,22.840084
2002-06-17,43.509998,43.619999,42.700001,42.799999,1520400,22.472542
2002-06-18,42.98,43.720001,42.849998,43.330002,1132900,22.750825
2002-06-19,43.150002,43.650002,42.650002,43.650002,2158800,22.918844
2002-06-20,43.799999,44.470001,43.779999,44.150002,3404200,23.181373
2002-06-21,44.0,45.099998,44.0,45.099998,1659300,23.680178
2002-06-24,44.75,44.939999,44.32,44.52,1050500,23.375645
2002-06-25,44.400002,44.650002,43.849998,43.950001,1298900,23.076361
2002-06-26,43.25,43.700001,42.810001,43.25,1384300,22.978073
2002-06-27,43.450001,43.799999,42.900002,43.549999,677800,23.137458
2002-06-28,43.0,44.639999,43.0,44.639999,753600,23.716559
2002-07-01,44.349998,44.560001,43.849998,43.98,663500,23.365911
2002-07-02,43.400002,43.599998,42.84,42.950001,892300,22.818688
2002-07-03,43.0,43.25,42.299999,42.700001,550900,22.685867
2002-07-05,42.75,43.0,42.25,42.950001,267700,22.818688
2002-07-08,42.900002,43.0,42.349998,42.639999,305400,22.653989
2002-07-09,42.5,42.799999,40.73,40.950001,725300,21.756118
2002-07-10,41.02,41.02,39.299999,39.580002,946300,21.028258
2002-07-11,39.540001,40.720001,39.189999,40.650002,835000,21.596733
2002-07-12,40.740002,40.740002,38.810001,39.259998,667600,20.858245
2002-07-15,38.98,40.509998,36.299999,40.349998,1404900,21.437346
2002-07-16,40.099998,40.290001,38.889999,39.259998,1077800,20.858245
2002-07-17,40.0,40.049999,38.599998,38.82,781100,20.624481
2002-07-18,38.900002,38.900002,37.470001,37.470001,566700,19.907247
2002-07-19,36.259998,37.470001,35.23,35.959999,842200,19.105006
2002-07-22,36.400002,36.900002,35.119999,36.099998,1002200,19.179385
2002-07-23,36.110001,36.549999,33.599998,34.099998,1332000,18.116815
2002-07-24,33.5,36.91,33.049999,36.799999,1291600,19.551285
2002-07-25,36.700001,38.200001,36.099998,38.009998,1417300,20.194139
2002-07-26,37.919998,38.310001,36.759998,37.419998,588600,19.880681
2002-07-29,37.400002,38.459999,37.299999,38.419998,611700,20.411966
2002-07-30,38.43,40.200001,38.220001,40.080002,921000,21.293901
2002-07-31,40.080002,41.200001,38.810001,40.959999,855100,21.76143
2002-08-01,40.959999,41.5,39.799999,40.279999,651100,21.400156
2002-08-02,40.279999,40.93,39.66,40.27,574500,21.394844
2002-08-05,40.599998,41.549999,40.400002,40.779999,920300,21.665799
2002-08-06,41.139999,42.23,41.139999,41.75,773100,22.181146
2002-08-07,41.889999,42.240002,41.360001,42.240002,560300,22.441476
2002-08-08,42.240002,42.650002,41.34,42.619999,494400,22.643363
2002-08-09,42.619999,42.84,41.93,42.009998,580400,22.319279
2002-08-12,41.599998,42.5,41.5,42.049999,870300,22.340531
2002-08-13,42.049999,42.349998,41.349998,41.369999,683500,21.979257
2002-08-14,41.369999,42.549999,41.150002,42.529999,468500,22.595547
2002-08-15,42.529999,43.220001,42.240002,42.450001,422300,22.553046
2002-08-16,42.299999,42.349998,41.580002,41.84,412900,22.228961
2002-08-19,41.84,42.540001,41.549999,42.540001,285800,22.600861
2002-08-20,42.540001,42.779999,41.700001,42.310001,638300,22.478666
2002-08-21,42.450001,43.880001,42.259998,43.849998,563100,23.296843
2002-08-22,43.849998,44.450001,43.470001,44.330002,384000,23.551862
2002-08-23,44.09,44.240002,43.349998,43.48,265400,23.100268
2002-08-26,43.599998,44.189999,43.599998,44.080002,401600,23.419041
2002-08-27,44.279999,44.360001,43.400002,43.400002,395800,23.057767
2002-08-28,43.099998,43.27,42.450001,42.98,431400,22.834626
2002-08-29,42.700001,42.860001,42.189999,42.720001,347400,22.696493
2002-08-30,42.720001,43.240002,42.200001,42.91,439100,22.797436
2002-09-03,42.419998,42.549999,41.290001,41.93,607500,22.276777
2002-09-04,41.93,42.099998,40.93,42.02,527100,22.324593
2002-09-05,41.849998,42.209999,41.549999,41.75,497800,22.181146
2002-09-06,42.490002,42.700001,41.75,42.619999,633200,22.643363
2002-09-09,42.400002,42.490002,41.459999,42.07,563800,22.351157
2002-09-10,42.040001,42.040001,40.599998,40.849998,674300,21.702989
2002-09-11,40.77,41.759998,40.77,41.610001,476900,22.106766
2002-09-12,41.610001,41.610001,40.900002,41.0,744500,21.782682
2002-09-13,41.0,41.900002,40.810001,41.73,790900,22.17052
2002-09-16,41.299999,41.5,40.75,41.5,623300,22.048325
2002-09-17,41.799999,41.919998,40.580002,40.59,717600,21.564855
2002-09-18,40.110001,42.009998,40.029999,41.400002,1045400,21.995197
2002-09-19,41.299999,41.560001,40.689999,41.040001,642100,21.803934
2002-09-20,41.049999,41.049999,39.650002,40.48,1045800,21.506414
2002-09-23,39.950001,40.610001,39.869999,40.540001,953300,21.538291
2002-09-24,39.959999,39.970001,38.450001,38.84,1201500,20.900619
2002-09-25,38.889999,40.119999,38.68,39.75,770400,21.390309
2002-09-26,39.950001,41.09,39.849998,40.93,520000,22.025292
2002-09-27,40.68,41.200001,39.900002,40.02,498200,21.535602
2002-09-30,39.900002,40.959999,39.32,40.700001,743000,21.901525
2002-10-01,41.049999,41.990002,40.450001,41.849998,895900,22.520362
2002-10-02,41.799999,42.5,41.450001,41.790001,690600,22.488076
2002-10-03,41.799999,42.599998,41.799999,42.220001,1147500,22.719469
2002-10-04,42.23,42.23,40.459999,40.889999,1145800,22.003767
2002-10-07,41.349998,42.419998,41.07,41.689999,689000,22.434263
2002-10-08,41.689999,42.880001,39.650002,41.970001,1644700,22.584938
2002-10-09,41.98,41.98,38.970001,39.0,1513900,20.986718
2002-10-10,39.200001,42.34,38.200001,41.939999,1136400,22.568793
2002-10-11,41.950001,42.5,40.810001,41.650002,858700,22.41274
2002-10-14,41.66,42.099998,40.0,42.07,784300,22.63875
2002-10-15,42.700001,43.349998,42.110001,42.48,1067100,22.859379
2002-10-16,42.349998,42.439999,40.200001,40.200001,1229600,21.632464
2002-10-17,40.75,41.66,40.25,41.650002,612500,22.41274
2002-10-18,41.450001,41.98,40.400002,41.52,644300,22.342784
2002-10-21,41.529999,43.09,41.34,42.959999,990900,23.117677
2002-10-22,42.400002,43.529999,41.529999,41.919998,746000,22.558031
2002-10-23,41.799999,43.400002,41.799999,43.18,677200,23.236064
2002-10-24,43.27,44.459999,42.759998,43.669998,795100,23.499742
2002-10-25,43.68,44.299999,43.290001,44.150002,488500,23.758042
2002-10-28,44.369999,45.5,44.369999,45.259998,840900,24.355355
2002-10-29,45.27,45.639999,44.060001,44.66,748100,24.032483
2002-10-30,44.799999,45.52,44.490002,45.52,727600,24.495267
2002-10-31,46.0,46.0,44.810001,45.09,734200,24.263875
2002-11-01,45.150002,45.360001,44.91,45.200001,673200,24.323069
2002-11-04,46.700001,46.700001,45.75,46.369999,1036700,24.95267
2002-11-05,46.57,46.57,46.029999,46.369999,698700,24.95267
2002-11-06,46.400002,46.900002,46.18,46.639999,965900,25.097962
2002-11-07,46.41,46.41,44.349998,45.060001,1038500,24.247732
2002-11-08,45.07,45.150002,43.830002,43.830002,772200,23.585844
2002-11-11,43.84,44.25,43.27,44.099998,500100,23.731135
2002-11-12,44.18,44.549999,43.029999,43.41,1145400,23.359832
2002-11-13,43.419998,44.119999,43.419998,43.84,805600,23.591224
2002-11-14,44.25,44.82,44.25,44.57,511100,23.984052
2002-11-15,44.57,45.240002,44.57,45.240002,570800,24.344594
2002-11-18,45.240002,45.52,44.209999,44.27,751400,23.822616
2002-11-19,44.279999,44.540001,43.880001,44.150002,705800,23.758042
2002-11-20,44.200001,44.48,43.73,44.200001,912100,23.784948
2002-11-21,44.200001,44.52,43.650002,43.939999,679200,23.645035
2002-11-22,43.950001,45.599998,43.799999,45.43,623900,24.446837
2002-11-25,45.279999,46.049999,44.93,45.720001,636400,24.602892
2002-11-26,45.73,45.73,44.57,44.619999,571500,24.010958
2002-11-27,44.689999,45.0,44.52,44.759998,351300,24.086294
2002-11-29,44.560001,44.630001,44.200001,44.330002,277200,23.854904
2002-12-02,44.529999,44.540001,43.689999,43.950001,464100,23.650418
2002-12-03,43.950001,44.799999,43.939999,44.349998,538800,23.865665
2002-12-04,44.450001,45.099998,44.0,44.0,732100,23.677323
2002-12-05,44.400002,44.619999,43.5,43.720001,594300,23.52665
2002-12-06,43.040001,43.5,43.009998,43.450001,1046800,23.381357
2002-12-09,43.299999,44.400002,43.299999,44.130001,668600,23.74728
2002-12-10,44.279999,44.490002,43.900002,44.439999,516900,23.914096
2002-12-11,44.439999,44.799999,44.009998,44.59,454200,23.994815
2002-12-12,44.790001,45.02,44.400002,44.869999,453300,24.145488
2002-12-13,44.700001,45.68,44.700001,45.43,691000,24.446837
2002-12-16,45.549999,46.200001,45.5,46.200001,883200,24.86119
2002-12-17,46.200001,46.5,46.130001,46.330002,507000,24.931146
2002-12-18,46.150002,46.689999,46.150002,46.34,562600,24.936527
2002-12-19,46.0,46.150002,45.68,45.740002,889200,24.890272
2002-12-20,46.25,46.700001,46.080002,46.52,707000,25.314723
2002-12-23,46.349998,46.630001,45.75,45.799999,555400,24.922921
2002-12-24,45.549999,46.060001,45.549999,45.810001,152200,24.928364
2002-12-26,45.900002,46.310001,45.830002,45.950001,337600,25.004547
2002-12-27,45.950001,46.139999,45.25,45.369999,340400,24.688928
2002-12-30,45.400002,46.650002,45.299999,46.560001,771900,25.33649
2002-12-31,46.310001,46.599998,46.049999,46.400002,517800,25.249423
2003-01-02,46.5,46.98,46.290001,46.98,366400,25.56504
2003-01-03,46.990002,47.5,46.650002,46.970001,923500,25.559599
2003-01-06,47.880001,49.5,47.75,49.279999,1786300,26.816628
2003-01-07,49.290001,49.5,47.700001,47.93,1303000,26.082001
2003-01-08,47.700001,48.200001,47.5,48.16,819000,26.207159
2003-01-09,47.849998,47.849998,46.700001,46.810001,1310400,25.472533
2003-01-10,46.220001,46.419998,45.75,46.23,1176700,25.156914
2003-01-13,46.23,46.23,45.470001,45.540001,1184100,24.781438
2003-01-14,46.0,46.389999,45.400002,46.389999,748700,25.243981
2003-01-15,46.400002,47.0,46.0,46.099998,700300,25.086171
2003-01-16,46.099998,46.360001,45.529999,45.57,798200,24.797763
2003-01-17,45.650002,45.73,45.09,45.43,517300,24.721579
2003-01-21,45.5,45.849998,44.790001,44.799999,357200,24.378752
2003-01-22,44.599998,45.330002,44.240002,44.900002,572700,24.433171
2003-01-23,45.0,45.470001,44.959999,45.099998,496800,24.542003
2003-01-24,45.110001,45.110001,44.029999,44.029999,573900,23.959742
2003-01-27,43.380001,43.73,42.200001,42.220001,1044200,22.974799
2003-01-28,42.599998,43.279999,42.580002,43.040001,903500,23.421017
2003-01-29,42.990002,43.169998,42.48,42.900002,671200,23.344833
2003-01-30,42.919998,42.919998,42.099998,42.099998,741400,22.909497
2003-01-31,42.0,42.279999,41.790001,41.919998,1305800,22.811546
2003-02-03,42.060001,42.580002,42.02,42.5,911500,23.127165
2003-02-04,42.060001,42.27,41.799999,42.0,630100,22.855081
2003-02-05,42.009998,42.389999,41.810001,41.810001,720900,22.75169
2003-02-06,41.82,42.299999,41.810001,41.950001,595300,22.827873
2003-02-07,42.41,42.41,41.349998,41.400002,914000,22.528581
2003-02-10,41.779999,41.900002,41.400002,41.759998,665300,22.724479
2003-02-11,41.709999,41.799999,40.52,40.52,774900,22.049712
2003-02-12,40.650002,40.830002,39.560001,39.869999,1223800,21.696001
2003-02-13,39.669998,40.77,39.259998,40.459999,997100,22.017061
2003-02-14,40.509998,41.189999,40.459999,41.189999,929000,22.414304
2003-02-18,41.389999,41.810001,41.169998,41.73,494400,22.708155
2003-02-19,42.25,42.279999,41.869999,42.110001,1107200,22.91494
2003-02-20,41.950001,42.610001,41.849998,41.98,806000,22.844197
2003-02-21,42.200001,42.75,41.959999,41.959999,559200,22.833314
2003-02-24,42.099998,42.200001,41.610001,41.610001,506200,22.642855
2003-02-25,41.599998,42.349998,41.23,42.139999,999000,22.931264
2003-02-26,42.139999,42.139999,41.07,41.25,748200,22.446954
2003-02-27,41.380001,41.75,41.169998,41.349998,693700,22.50137
2003-02-28,41.5,41.599998,41.27,41.439999,587000,22.550346
2003-03-03,41.689999,41.900002,41.380001,41.709999,549100,22.697271
2003-03-04,41.709999,41.799999,41.330002,41.389999,393600,22.523138
2003-03-05,41.119999,41.5,41.0,41.5,560900,22.582997
2003-03-06,41.349998,41.450001,40.75,41.380001,882700,22.517697
2003-03-07,41.389999,41.799999,41.110001,41.75,1023300,22.719039
2003-03-10,41.799999,41.799999,41.18,41.349998,918000,22.50137
2003-03-11,41.43,41.810001,41.049999,41.130001,791800,22.381655
2003-03-12,41.130001,41.400002,40.450001,40.950001,944100,22.283704
2003-03-13,41.200001,41.349998,40.77,41.349998,702600,22.50137
2003-03-14,41.43,41.599998,41.110001,41.400002,791800,22.528581
2003-03-17,41.299999,41.970001,41.279999,41.91,861600,22.806106
2003-03-18,41.849998,42.099998,41.580002,41.950001,1169600,22.827873
2003-03-19,41.099998,41.099998,40.610001,40.91,1901700,22.261937
2003-03-20,39.5,39.970001,38.66,39.060001,3052600,21.526209
2003-03-21,39.310001,39.869999,39.119999,39.869999,1301500,21.972604
2003-03-24,39.869999,39.869999,38.93,39.0,891400,21.493142
2003-03-25,39.080002,39.299999,38.830002,39.029999,912600,21.509675
2003-03-26,39.080002,39.419998,38.93,39.18,611100,21.592342
2003-03-27,39.080002,39.18,38.669998,39.080002,665200,21.537232
2003-03-28,39.0,39.150002,38.790001,38.869999,422500,21.421498
2003-03-31,38.700001,39.040001,38.509998,38.650002,533300,21.300256
2003-04-01,38.799999,39.07,38.59,39.040001,465800,21.515187
2003-04-02,39.200001,39.470001,38.959999,38.990002,575500,21.487632
2003-04-03,38.990002,39.34,38.919998,39.02,751900,21.504165
2003-04-04,39.299999,39.810001,39.119999,39.669998,503000,21.862383
2003-04-07,40.470001,40.529999,39.220001,39.43,772900,21.730118
2003-04-08,39.529999,39.75,39.150002,39.389999,552400,21.708073
2003-04-09,39.639999,39.889999,39.450001,39.639999,1035300,21.84585
2003-04-10,39.889999,40.0,39.16,39.509998,714300,21.774206
2003-04-11,39.509998,39.599998,38.75,38.75,1006500,21.355366
2003-04-14,38.830002,39.080002,38.68,38.799999,736700,21.382921
2003-04-15,38.830002,39.43,38.709999,39.419998,786900,21.724606
2003-04-16,39.650002,39.849998,39.060001,39.200001,494100,21.603364
2003-04-17,39.099998,39.279999,39.040001,39.23,356700,21.619897
2003-04-21,39.290001,39.349998,39.0,39.0,476100,21.493142
2003-04-22,39.0,39.32,38.799999,39.23,570400,21.619897
2003-04-23,39.18,39.889999,39.07,39.75,558200,21.906472
2003-04-24,39.700001,40.59,39.630001,40.220001,710600,22.165493
2003-04-25,40.290001,40.400002,39.759998,40.169998,571700,22.137936
2003-04-28,40.169998,40.889999,40.169998,40.709999,545000,22.435533
2003-04-29,40.75,40.82,40.459999,40.68,729100,22.419001
2003-04-30,40.68,40.75,40.259998,40.32,735800,22.220602
2003-05-01,40.32,40.360001,39.5,39.580002,644600,21.812785
2003-05-02,39.689999,39.880001,38.560001,38.759998,1913000,21.360876
2003-05-05,38.77,39.130001,38.52,39.080002,1034600,21.537232
2003-05-06,39.080002,39.450001,38.919998,39.130001,633900,21.564787
2003-05-07,39.029999,39.419998,38.799999,39.0,1149100,21.493142
2003-05-08,38.799999,39.439999,38.799999,39.150002,792100,21.575809
2003-05-09,39.25,39.490002,39.09,39.48,741500,21.757673
2003-05-12,39.450001,39.490002,39.0,39.400002,667100,21.713586
2003-05-13,39.5,39.82,39.41,39.68,677600,21.867895
2003-05-14,39.66,39.77,39.52,39.73,736100,21.89545
2003-05-15,39.830002,40.0,39.34,39.959999,667300,22.022204
2003-05-16,40.400002,41.099998,40.240002,40.93,805300,22.556778
2003-05-19,40.700001,40.740002,39.98,39.98,484600,22.033226
2003-05-20,39.990002,40.849998,39.990002,40.610001,822100,22.380424
2003-05-21,40.560001,41.0,40.490002,40.740002,922400,22.452068
2003-05-22,40.889999,42.700001,40.830002,42.610001,2173700,23.482636
2003-05-23,42.610001,44.630001,42.5,44.200001,1844400,24.358895
2003-05-27,44.049999,44.950001,43.91,44.82,1393800,24.70058
2003-05-28,44.619999,44.779999,44.119999,44.259998,824600,24.39196
2003-05-29,44.209999,44.439999,42.91,43.5,1359600,23.97312
2003-05-30,43.25,43.720001,43.029999,43.330002,1024000,23.879433
2003-06-02,43.330002,43.599998,43.150002,43.360001,793300,23.895966
2003-06-03,43.330002,43.810001,43.130001,43.57,610800,24.011698
2003-06-04,43.57,44.419998,43.560001,44.139999,742700,24.325828
2003-06-05,43.75,43.860001,43.470001,43.639999,984800,24.050275
2003-06-06,43.639999,43.73,42.91,42.959999,1088200,23.675522
2003-06-09,42.610001,42.830002,42.25,42.630001,826100,23.493659
2003-06-10,42.630001,42.849998,42.43,42.5,709700,23.422014
2003-06-11,42.509998,42.509998,40.0,41.130001,3370700,22.666999
2003-06-12,41.0,41.73,40.299999,41.709999,1703400,22.98664
2003-06-13,41.549999,41.68,40.959999,41.0,716400,22.595355
2003-06-16,40.959999,41.240002,40.75,40.869999,1132800,22.52371
2003-06-17,40.880001,40.880001,40.439999,40.48,1381300,22.308779
2003-06-18,40.450001,40.799999,40.419998,40.700001,2016200,22.430023
2003-06-19,40.349998,40.610001,40.02,40.02,1031900,22.337926
2003-06-20,40.18,40.200001,39.970001,40.080002,1036700,22.371417
2003-06-23,40.0,40.0,39.450001,39.860001,745900,22.248619
2003-06-24,39.549999,39.759998,39.029999,39.299999,988700,21.936044
2003-06-25,39.450001,40.02,39.389999,39.5,735400,22.047678
2003-06-26,39.59,39.98,39.400002,39.799999,694900,22.215128
2003-06-27,39.75,39.75,39.009998,39.009998,743200,21.774174
2003-06-30,39.009998,39.099998,38.540001,38.639999,914700,21.567652
2003-07-01,38.599998,38.75,38.150002,38.27,1375800,21.36113
2003-07-02,38.490002,38.790001,38.299999,38.740002,707000,21.623471
2003-07-03,38.549999,38.889999,38.48,38.740002,440600,21.623471
2003-07-07,38.799999,38.98,38.470001,38.549999,653000,21.517417
2003-07-08,38.5,38.599998,38.23,38.5,725500,21.489509
2003-07-09,38.400002,38.73,38.18,38.209999,522200,21.32764
2003-07-10,38.259998,38.259998,37.360001,37.5,949600,20.93134
2003-07-11,37.669998,37.790001,37.07,37.34,931500,20.842033
2003-07-14,37.560001,38.0,37.389999,37.400002,613600,20.875524
2003-07-15,37.599998,37.599998,36.91,37.02,859200,20.663419
2003-07-16,37.220001,37.220001,36.34,36.610001,798800,20.43457
2003-07-17,36.549999,37.27,36.389999,37.139999,826700,20.730399
2003-07-18,37.450001,37.939999,37.369999,37.700001,980600,21.042974
2003-07-21,37.549999,37.68,36.709999,36.790001,564700,20.53504
2003-07-22,36.939999,37.610001,36.900002,37.540001,851500,20.953667
2003-07-23,37.66,37.790001,37.150002,37.43,459000,20.892268
2003-07-24,37.43,38.009998,37.27,37.349998,696600,20.847614
2003-07-25,37.349998,37.650002,37.150002,37.25,544900,20.791798
2003-07-28,37.25,37.299999,36.650002,36.849998,922600,20.568529
2003-07-29,36.849998,37.02,36.200001,36.48,772100,20.362007
2003-07-30,36.48,36.540001,35.869999,36.009998,738200,20.099667
2003-07-31,36.009998,36.25,35.709999,35.709999,1500700,19.932217
2003-08-01,35.0,35.25,34.900002,35.029999,1166000,19.552662
2003-08-04,35.150002,35.290001,34.639999,34.970001,694200,19.519173
2003-08-05,34.75,35.099998,34.509998,34.540001,617600,19.27916
2003-08-06,34.48,35.200001,34.200001,34.799999,538800,19.424283
2003-08-07,34.860001,35.240002,34.84,35.189999,444800,19.641969
2003-08-08,35.23,35.540001,35.060001,35.52,575200,19.826166
2003-08-11,35.400002,35.57,34.799999,35.07,697500,19.574989
2003-08-12,35.07,35.080002,34.57,35.07,729300,19.574989
2003-08-13,35.16,35.200001,34.650002,34.720001,692800,19.379631
2003-08-14,34.709999,34.720001,34.509998,34.549999,541100,19.284741
2003-08-15,34.470001,34.830002,34.0,34.720001,1072800,19.379631
2003-08-18,34.720001,35.049999,34.599998,34.700001,413900,19.368467
2003-08-19,34.5,34.759998,34.48,34.650002,698400,19.340559
2003-08-20,34.75,34.970001,34.650002,34.77,633800,19.407539
2003-08-21,34.799999,35.110001,34.669998,34.970001,575300,19.519173
2003-08-22,35.110001,35.16,34.619999,34.630001,411300,19.329395
2003-08-25,34.77,35.009998,34.759998,34.759998,319300,19.401956
2003-08-26,34.759998,34.93,34.669998,34.849998,538300,19.452191
2003-08-27,34.84,34.919998,34.75,34.75,396300,19.396375
2003-08-28,34.75,34.860001,34.669998,34.849998,472800,19.452191
2003-08-29,34.849998,34.919998,34.73,34.91,377000,19.485682
2003-09-02,34.860001,35.389999,34.759998,35.349998,754900,19.731276
2003-09-03,35.5,35.799999,35.459999,35.619999,533300,19.881982
2003-09-04,35.669998,35.990002,35.59,35.689999,590800,19.921053
2003-09-05,35.5,35.5,35.07,35.450001,995300,19.787094
2003-09-08,35.650002,36.57,35.52,36.560001,912900,20.406662
2003-09-09,36.560001,36.830002,36.200001,36.23,714800,20.222465
2003-09-10,36.299999,37.299999,36.27,37.049999,1724800,20.680164
2003-09-11,37.049999,37.34,36.709999,36.77,826800,20.523877
2003-09-12,36.950001,37.209999,36.75,37.200001,579600,20.76389
2003-09-15,37.130001,37.25,36.799999,36.93,774100,20.613184
2003-09-16,37.009998,37.049999,36.759998,36.900002,579300,20.596439
2003-09-17,36.299999,36.34,35.880001,36.080002,1640000,20.138741
2003-09-18,35.66,35.779999,35.470001,35.59,1149000,20.152896
2003-09-19,35.400002,35.990002,35.380001,35.950001,749100,20.356747
2003-09-22,35.73,35.810001,35.380001,35.41,773000,20.05097
2003-09-23,35.57,35.689999,35.490002,35.5,546000,20.101933
2003-09-24,35.549999,36.419998,35.549999,35.849998,1419500,20.30012
2003-09-25,35.849998,36.259998,35.759998,36.200001,942700,20.49831
2003-09-26,36.200001,37.360001,36.200001,36.939999,1791000,20.917335
2003-09-29,37.0,37.66,37.0,37.549999,1142000,21.262748
2003-09-30,37.549999,37.549999,36.880001,36.889999,1145500,20.889022
2003-10-01,36.889999,37.360001,36.759998,37.25,950400,21.092873
2003-10-02,37.25,37.799999,37.009998,37.77,764000,21.387325
2003-10-03,37.939999,38.189999,37.650002,37.700001,1031500,21.347687
2003-10-06,37.650002,37.73,37.349998,37.5,543500,21.234436
2003-10-07,37.27,37.310001,36.650002,36.790001,1084100,20.832398
2003-10-08,36.790001,36.880001,36.259998,36.400002,678800,20.61156
2003-10-09,36.52,36.700001,36.18,36.25,625000,20.526622
2003-10-10,36.25,36.25,35.810001,35.82,512900,20.283133
2003-10-13,35.900002,36.099998,35.689999,35.830002,417900,20.288797
2003-10-14,35.919998,36.09,35.73,36.09,766800,20.436022
2003-10-15,36.700001,36.700001,35.459999,35.599998,801200,20.158557
2003-10-16,35.75,35.830002,35.509998,35.68,628100,20.203859
2003-10-17,35.700001,35.82,35.470001,35.790001,690700,20.266147
2003-10-20,35.720001,36.310001,35.619999,36.310001,752600,20.560598
2003-10-21,36.119999,36.139999,35.740002,35.810001,556600,20.277472
2003-10-22,36.650002,37.049999,36.130001,36.740002,1621000,20.804086
2003-10-23,36.650002,36.740002,36.119999,36.73,500700,20.798422
2003-10-24,36.369999,36.73,36.369999,36.700001,476500,20.781435
2003-10-27,36.619999,36.759998,36.459999,36.5,612700,20.668185
2003-10-28,36.43,36.959999,36.43,36.959999,837200,20.92866
2003-10-29,36.709999,37.470001,36.650002,37.279999,1171900,21.10986
2003-10-30,37.330002,37.34,36.709999,36.790001,1265400,20.832398
2003-10-31,36.950001,37.200001,36.799999,36.880001,815000,20.883361
2003-11-03,36.810001,37.16,36.75,36.950001,565900,20.922998
2003-11-04,36.849998,36.860001,36.049999,36.060001,1017400,20.419035
2003-11-05,36.0,36.189999,35.599998,35.849998,636500,20.30012
2003-11-06,35.75,35.919998,35.549999,35.689999,625200,20.20952
2003-11-07,35.849998,35.98,35.119999,35.450001,1379300,20.073621
2003-11-10,35.5,35.700001,35.209999,35.59,604000,20.152896
2003-11-11,35.450001,35.900002,35.450001,35.66,410800,20.192533
2003-11-12,35.66,36.0,35.59,35.84,702400,20.294459
2003-11-13,35.700001,36.189999,35.700001,36.169998,597100,20.481321
2003-11-14,35.98,36.459999,35.98,36.27,670400,20.537947
2003-11-17,36.32,36.599998,36.25,36.389999,1734300,20.605897
2003-11-18,36.599998,36.889999,36.360001,36.380001,1299800,20.600235
2003-11-19,36.290001,36.75,36.25,36.68,900700,20.77011
2003-11-20,36.349998,36.689999,36.110001,36.110001,619900,20.447347
2003-11-21,36.099998,36.41,35.900002,36.360001,542100,20.58891
2003-11-24,36.360001,36.799999,36.299999,36.759998,778800,20.815409
2003-11-25,36.869999,37.380001,36.799999,37.349998,744900,21.149498
2003-11-26,37.400002,37.650002,37.400002,37.5,633600,21.234436
2003-11-28,37.5,37.709999,37.419998,37.709999,228400,21.353349
2003-12-01,37.709999,37.900002,37.529999,37.779999,543900,21.392986
2003-12-02,37.799999,37.82,37.52,37.57,538700,21.274074
2003-12-03,37.650002,37.889999,37.389999,37.400002,424600,21.177812
2003-12-04,37.450001,37.540001,37.240002,37.450001,508800,21.206124
2003-12-05,37.450001,37.639999,37.34,37.470001,508100,21.217449
2003-12-08,37.389999,38.0,37.389999,37.950001,593000,21.48925
2003-12-09,37.950001,37.950001,37.52,37.540001,679600,21.257087
2003-12-10,37.549999,37.970001,37.549999,37.75,493100,21.375999
2003-12-11,37.900002,38.029999,37.630001,37.98,633600,21.506237
2003-12-12,37.93,38.889999,37.75,38.790001,2979000,21.964901
2003-12-15,39.150002,39.509998,39.0,39.07,1888200,22.123451
2003-12-16,39.099998,39.259998,38.889999,38.990002,1094000,22.078152
2003-12-17,39.0,39.0,38.619999,38.93,929100,22.044176
2003-12-18,38.599998,38.599998,38.16,38.52,1067000,22.10443
2003-12-19,38.580002,38.599998,38.099998,38.41,1224800,22.041307
2003-12-22,38.349998,38.5,38.200001,38.5,948000,22.092953
2003-12-23,38.599998,38.919998,38.599998,38.919998,938500,22.333966
2003-12-24,38.799999,38.880001,38.66,38.75,272600,22.236414
2003-12-26,38.75,38.950001,38.700001,38.860001,232400,22.299537
2003-12-29,38.849998,39.59,38.84,39.509998,1246600,22.672534
2003-12-30,39.509998,39.75,39.509998,39.700001,876500,22.781565
2003-12-31,39.619999,39.759998,39.330002,39.400002,594800,22.609413
2004-01-02,39.400002,39.75,39.400002,39.490002,668400,22.661059
2004-01-05,39.700001,39.73,38.970001,39.279999,705100,22.54055
2004-01-06,39.200001,39.279999,38.939999,39.110001,449800,22.442998
2004-01-07,38.91,39.060001,38.650002,38.950001,613600,22.351183
2004-01-08,38.720001,39.0,38.689999,38.93,475400,22.339706
2004-01-09,38.93,38.93,38.610001,38.700001,419900,22.207722
2004-01-12,38.599998,38.610001,38.32,38.330002,656800,21.995401
2004-01-13,38.439999,38.599998,38.299999,38.540001,593500,22.115908
2004-01-14,38.700001,39.040001,38.560001,38.959999,630400,22.356921
2004-01-15,38.860001,38.950001,38.639999,38.68,836200,22.196245
2004-01-16,38.630001,38.68,38.27,38.27,872100,21.96097
2004-01-20,38.389999,38.630001,38.279999,38.610001,674300,22.156076
2004-01-21,38.799999,39.689999,38.75,39.450001,956800,22.638105
2004-01-22,39.549999,39.990002,39.549999,39.720001,780700,22.793042
2004-01-23,39.73,39.75,39.139999,39.18,671400,22.483167
2004-01-26,39.18,39.279999,38.68,38.73,643800,22.224937
2004-01-27,38.73,38.900002,38.700001,38.709999,586100,22.21346
2004-01-28,38.650002,39.369999,38.650002,39.240002,1698700,22.517598
2004-01-29,39.209999,39.470001,39.139999,39.240002,1367500,22.517598
2004-01-30,39.060001,39.369999,38.950001,39.099998,814200,22.437258
2004-02-02,39.099998,39.189999,38.900002,38.91,877100,22.328229
2004-02-03,38.75,39.049999,38.52,38.93,1001200,22.339706
2004-02-04,38.560001,38.740002,38.23,38.349998,692200,22.006876
2004-02-05,38.220001,38.389999,37.919998,38.07,1101000,21.846201
2004-02-06,38.049999,39.139999,38.029999,39.099998,1495700,22.437258
2004-02-09,39.200001,39.619999,39.200001,39.599998,747100,22.72418
2004-02-10,39.630001,39.98,39.48,39.810001,825800,22.844688
2004-02-11,39.669998,40.009998,39.41,39.799999,796800,22.838949
2004-02-12,39.790001,39.830002,39.360001,39.400002,743900,22.609413
2004-02-13,39.330002,39.630001,39.150002,39.189999,532100,22.488904
2004-02-17,39.330002,39.52,39.25,39.41,469600,22.61515
2004-02-18,39.389999,39.93,39.349998,39.880001,778700,22.884857
2004-02-19,40.0,40.779999,39.759998,39.900002,1241600,22.896334
2004-02-20,40.200001,40.299999,39.650002,39.75,1350800,22.810257
2004-02-23,39.700001,39.990002,39.689999,39.759998,494700,22.815994
2004-02-24,39.650002,39.779999,39.5,39.650002,502000,22.752874
2004-02-25,39.650002,40.02,39.599998,39.950001,665700,22.925026
2004-02-26,39.900002,40.099998,39.849998,39.950001,629200,22.925026
2004-02-27,39.950001,40.509998,39.93,40.459999,1583800,23.217685
2004-03-01,40.700001,40.740002,40.25,40.43,716100,23.20047
2004-03-02,40.450001,40.740002,40.25,40.25,888400,23.097178
2004-03-03,40.25,40.529999,40.150002,40.27,1152200,23.108656
2004-03-04,40.380001,40.810001,40.380001,40.650002,719600,23.326716
2004-03-05,40.650002,41.799999,40.580002,41.75,1126700,23.957943
2004-03-08,41.650002,42.029999,41.599998,41.75,1313900,23.957943
2004-03-09,41.740002,41.830002,41.52,41.700001,664700,23.929251
2004-03-10,41.799999,42.290001,41.580002,41.599998,1022400,23.871866
2004-03-11,41.599998,41.779999,41.099998,41.110001,689600,23.590684
2004-03-12,41.110001,41.630001,41.060001,41.380001,821000,23.745622
2004-03-15,41.48,41.580002,41.220001,41.5,758800,23.814482
2004-03-16,41.540001,41.919998,41.5,41.73,1266800,23.946466
2004-03-17,41.799999,42.16,41.799999,41.939999,810600,24.066972
2004-03-18,41.549999,41.720001,41.0,41.150002,1771900,23.907205
2004-03-19,41.150002,41.23,40.869999,40.889999,590500,23.75615
2004-03-22,40.939999,41.099998,40.310001,40.48,539800,23.51795
2004-03-23,40.5,40.830002,40.380001,40.41,685200,23.477281
2004-03-24,40.400002,40.52,40.25,40.349998,475700,23.442422
2004-03-25,40.369999,40.470001,40.25,40.369999,615600,23.454042
2004-03-26,40.419998,40.68,40.400002,40.599998,542700,23.587666
2004-03-29,40.610001,40.98,40.48,40.880001,540200,23.750341
2004-03-30,40.91,41.200001,40.709999,41.200001,448300,23.936254
2004-03-31,41.200001,41.23,41.0,41.150002,471700,23.907205
2004-04-01,41.099998,41.580002,41.09,41.5,398200,24.110546
2004-04-02,41.580002,41.580002,41.130001,41.32,460000,24.00597
2004-04-05,41.43,41.470001,41.139999,41.439999,497200,24.075687
2004-04-06,41.299999,41.52,41.25,41.52,377800,24.122166
2004-04-07,41.419998,41.419998,40.900002,40.950001,443600,23.79101
2004-04-08,40.959999,41.189999,40.630001,40.700001,400900,23.645765
2004-04-12,41.02,41.02,39.650002,39.959999,807200,23.215841
2004-04-13,39.900002,39.91,38.75,39.25,922700,22.803348
2004-04-14,39.150002,39.220001,38.610001,39.049999,619000,22.687152
2004-04-15,39.349998,39.509998,38.75,38.869999,883100,22.582576
2004-04-16,39.25,39.48,38.950001,39.389999,887700,22.884685
2004-04-19,39.380001,39.380001,39.150002,39.25,702500,22.803348
2004-04-20,39.25,39.509998,39.099998,39.099998,778300,22.716201
2004-04-21,39.099998,39.130001,38.77,38.77,1384000,22.524479
2004-04-22,38.779999,39.34,38.549999,39.16,993000,22.75106
2004-04-23,39.119999,39.25,38.950001,39.18,674500,22.76268
2004-04-26,39.200001,39.490002,39.16,39.43,633500,22.907924
2004-04-27,39.529999,39.610001,39.110001,39.25,545000,22.803348
2004-04-28,39.25,39.459999,38.959999,39.18,718500,22.76268
2004-04-29,39.279999,39.41,38.639999,38.82,823300,22.553528
2004-04-30,38.93,39.16,38.849998,39.02,621500,22.669724
2004-05-03,39.0,39.470001,38.82,39.310001,534200,22.838208
2004-05-04,39.310001,39.66,39.060001,39.299999,572800,22.832397
2004-05-05,39.450001,39.689999,39.34,39.529999,529200,22.966021
2004-05-06,39.540001,39.990002,39.150002,39.709999,808200,23.070597
2004-05-07,39.48,39.549999,38.790001,39.049999,1155000,22.687152
2004-05-10,39.0,39.0,37.98,38.189999,1124000,22.187512
2004-05-11,38.5,38.549999,38.0,38.25,660100,22.222371
2004-05-12,38.23,38.450001,37.880001,38.330002,624700,22.26885
2004-05-13,38.299999,38.650002,38.110001,38.59,583900,22.419903
2004-05-14,38.549999,39.200001,38.549999,39.0,442000,22.658104
2004-05-17,38.830002,38.93,38.470001,38.549999,477500,22.396664
2004-05-18,38.700001,38.91,38.450001,38.450001,366900,22.338567
2004-05-19,38.700001,38.970001,38.41,38.5,554100,22.367615
2004-05-20,38.5,38.75,38.459999,38.529999,534400,22.385044
2004-05-21,38.630001,38.689999,38.369999,38.549999,342000,22.396664
2004-05-24,38.75,38.950001,38.610001,38.919998,331600,22.611625
2004-05-25,38.919998,39.450001,38.639999,39.380001,487900,22.878876
2004-05-26,39.200001,39.860001,39.09,39.48,752100,22.936973
2004-05-27,39.720001,40.080002,39.689999,40.0,1008800,23.239081
2004-05-28,40.099998,40.25,40.0,40.209999,636300,23.361086
2004-06-01,40.209999,40.209999,39.919998,39.970001,457300,23.221652
2004-06-02,40.029999,40.25,39.799999,40.060001,415100,23.27394
2004-06-03,40.060001,40.060001,39.610001,39.689999,477700,23.058977
2004-06-04,39.740002,39.889999,39.509998,39.650002,428100,23.03574
2004-06-07,39.66,40.119999,39.66,40.119999,345100,23.308798
2004-06-08,40.060001,40.130001,39.849998,40.110001,515900,23.302989
2004-06-09,40.110001,40.200001,39.790001,39.889999,429400,23.175173
2004-06-10,39.84,40.18,39.84,40.130001,581700,23.314609
2004-06-14,40.139999,40.139999,39.860001,39.990002,455600,23.233272
2004-06-15,40.200001,40.490002,39.939999,39.990002,633900,23.233272
2004-06-16,40.150002,40.470001,40.099998,40.419998,965200,23.48309
2004-06-17,40.07,40.349998,39.900002,40.150002,2160600,23.627269
2004-06-18,40.16,40.619999,40.16,40.459999,1086200,23.809695
2004-06-21,40.580002,40.779999,40.459999,40.669998,572100,23.933274
2004-06-22,40.599998,40.860001,40.490002,40.630001,548000,23.909737
2004-06-23,40.68,40.73,40.459999,40.68,489700,23.93916
2004-06-24,40.57,40.799999,40.540001,40.540001,354800,23.856774
2004-06-25,40.650002,40.650002,40.25,40.360001,375300,23.750849
2004-06-28,40.560001,40.990002,40.470001,40.610001,447800,23.897967
2004-06-29,40.68,40.709999,40.099998,40.169998,486600,23.639037
2004-06-30,40.200001,40.599998,39.709999,40.540001,602500,23.856774
2004-07-01,40.43,40.57,40.0,40.330002,583700,23.733195
2004-07-02,40.349998,40.82,40.349998,40.82,459600,24.021546
2004-07-06,40.799999,41.0,40.720001,40.799999,950900,24.009777
2004-07-07,40.5,40.93,40.259998,40.709999,752000,23.956814
2004-07-08,40.709999,40.709999,40.400002,40.459999,973600,23.809695
2004-07-09,40.459999,40.599998,40.400002,40.5,630600,23.833235
2004-07-12,40.5,40.580002,40.400002,40.450001,583600,23.803811
2004-07-13,40.439999,40.560001,40.330002,40.369999,463100,23.756732
2004-07-14,40.369999,40.630001,40.23,40.52,448300,23.845004
2004-07-15,40.52,40.869999,40.400002,40.77,492300,23.992123
2004-07-16,41.0,41.220001,40.91,41.130001,499000,24.203974
2004-07-19,41.07,41.48,41.040001,41.279999,436200,24.292244
2004-07-20,41.349998,41.5,41.139999,41.200001,641500,24.245168
2004-07-21,41.450001,41.450001,40.560001,40.560001,554300,23.868544
2004-07-22,40.57,40.650002,39.950001,40.07,601400,23.58019
2004-07-23,40.07,40.150002,39.779999,39.919998,547500,23.491918
2004-07-26,39.959999,40.119999,39.52,39.700001,677800,23.362455
2004-07-27,39.849998,39.939999,39.310001,39.52,467500,23.256529
2004-07-28,39.529999,39.75,39.380001,39.549999,738600,23.274183
2004-07-29,39.66,40.060001,39.580002,39.700001,596400,23.362455
2004-07-30,39.709999,40.169998,39.709999,40.169998,656200,23.639037
2004-08-02,40.169998,40.380001,39.98,40.290001,549400,23.709655
2004-08-03,40.299999,40.459999,40.119999,40.310001,1039300,23.721425
2004-08-04,40.310001,40.57,40.049999,40.450001,444500,23.803811
2004-08-05,40.450001,40.52,39.919998,40.029999,451400,23.556651
2004-08-06,40.029999,40.509998,39.970001,40.040001,1426900,23.562537
2004-08-09,40.049999,40.400002,39.950001,40.23,575200,23.674346
2004-08-10,40.349998,40.380001,40.009998,40.130001,376000,23.6155
2004-08-11,40.130001,40.130001,39.73,39.82,900300,23.433072
2004-08-12,39.900002,39.900002,39.549999,39.560001,618500,23.280069
2004-08-13,39.66,39.66,39.389999,39.560001,506000,23.280069
2004-08-16,39.630001,39.91,39.610001,39.869999,444400,23.462495
2004-08-17,40.0,40.049999,39.84,39.959999,419600,23.515458
2004-08-18,39.98,40.450001,39.98,40.450001,477800,23.803811
2004-08-19,40.450001,40.450001,40.099998,40.150002,425000,23.627269
2004-08-20,40.150002,40.23,39.959999,40.060001,433300,23.574306
2004-08-23,39.950001,40.200001,39.919998,40.080002,419200,23.586076
2004-08-24,40.25,40.59,40.099998,40.540001,747300,23.856774
2004-08-25,40.630001,40.919998,40.57,40.889999,427200,24.06274
2004-08-26,40.900002,40.970001,40.540001,40.75,475400,23.980353
2004-08-27,40.889999,40.889999,40.639999,40.82,518500,24.021546
2004-08-30,40.77,40.919998,40.669998,40.810001,435500,24.015663
2004-08-31,40.830002,41.32,40.810001,41.32,588400,24.315784
2004-09-01,41.419998,41.5,41.110001,41.41,540000,24.368747
2004-09-02,41.450001,41.509998,41.299999,41.48,268800,24.40994
2004-09-03,41.490002,41.57,41.189999,41.259998,429500,24.280475
2004-09-07,41.48,41.639999,41.369999,41.639999,423200,24.504096
2004-09-08,41.700001,41.700001,41.049999,41.099998,659900,24.186319
2004-09-09,41.200001,41.349998,40.779999,40.860001,574100,24.045086
2004-09-10,40.990002,41.130001,40.720001,41.099998,437300,24.186319
2004-09-13,41.18,41.209999,40.970001,41.209999,536500,24.251051
2004-09-14,41.330002,41.349998,40.82,40.919998,698800,24.080393
2004-09-15,41.029999,41.139999,40.610001,40.720001,405300,23.9627
2004-09-16,40.919998,41.349998,40.860001,41.259998,625000,24.280475
2004-09-17,41.299999,41.310001,41.110001,41.139999,941000,24.51586
2004-09-20,41.02,41.220001,41.009998,41.16,336200,24.527779
2004-09-21,41.23,41.34,41.110001,41.259998,470300,24.587369
2004-09-22,41.240002,41.259998,40.939999,41.130001,412300,24.509902
2004-09-23,41.18,41.23,40.830002,40.830002,404200,24.331129
2004-09-24,41.450001,41.849998,41.150002,41.439999,951000,24.694634
2004-09-27,41.439999,41.650002,41.23,41.549999,471200,24.760184
2004-09-28,41.68,42.0,41.66,41.849998,582600,24.938958
2004-09-29,41.849998,42.0,41.549999,41.98,482200,25.016427
2004-09-30,42.02,42.209999,41.810001,42.189999,668700,25.141568
2004-10-01,42.220001,42.220001,42.02,42.130001,603200,25.105815
2004-10-04,42.299999,42.470001,42.07,42.25,490200,25.177324
2004-10-05,42.34,42.349998,42.200001,42.25,487500,25.177324
2004-10-06,42.299999,42.52,42.119999,42.5,453500,25.326302
2004-10-07,42.349998,42.5,41.919998,41.959999,529700,25.004509
2004-10-08,42.049999,42.259998,42.0,42.23,301800,25.165405
2004-10-11,42.23,42.349998,42.02,42.099998,243400,25.087936
2004-10-12,42.18,42.639999,42.099998,42.490002,501200,25.320344
2004-10-13,42.619999,42.75,41.669998,41.84,472800,24.933
2004-10-14,42.0,42.009998,41.700001,41.939999,367400,24.99259
2004-10-15,42.169998,42.380001,41.970001,42.130001,678200,25.105815
2004-10-18,42.330002,42.380001,41.639999,41.68,489100,24.837654
2004-10-19,41.869999,42.040001,41.439999,41.610001,390500,24.79594
2004-10-20,41.709999,41.790001,41.5,41.759998,554600,24.885326
2004-10-21,41.82,42.200001,41.610001,42.049999,562300,25.058141
2004-10-22,42.220001,42.240002,41.84,41.93,397900,24.986632
2004-10-25,42.110001,42.25,41.849998,42.09,560800,25.081978
2004-10-26,42.23,42.599998,42.0,42.599998,693700,25.385893
2004-10-27,42.549999,42.549999,42.040001,42.09,631700,25.081978
2004-10-28,42.099998,42.23,41.709999,42.060001,639700,25.064101
2004-10-29,42.16,43.439999,42.099998,42.709999,617600,25.451443
2004-11-01,42.779999,43.099998,42.73,43.09,649200,25.677891
2004-11-02,43.099998,43.16,42.57,42.610001,647200,25.391853
2004-11-03,43.0,43.549999,43.0,43.549999,707200,25.95201
2004-11-04,43.75,44.43,43.639999,44.389999,632200,26.452577
2004-11-05,43.599998,44.27,42.470001,43.439999,1309200,25.88646
2004-11-08,43.669998,43.990002,43.540001,43.950001,399500,26.190376
2004-11-09,43.950001,43.990002,43.259998,43.540001,826900,25.946052
2004-11-10,43.639999,43.93,43.349998,43.709999,480700,26.047356
2004-11-11,43.75,43.970001,43.400002,43.970001,640900,26.202295
2004-11-12,43.849998,44.75,43.799999,44.720001,645800,26.64923
2004-11-15,44.650002,44.75,44.259998,44.580002,494600,26.565802
2004-11-16,44.580002,44.66,44.299999,44.349998,426700,26.42874
2004-11-17,44.959999,45.0,43.560001,44.400002,753900,26.458538
2004-11-18,44.84,44.950001,44.59,44.779999,419100,26.684983
2004-11-19,44.950001,44.959999,44.02,44.369999,540900,26.440659
2004-11-22,44.27,44.66,44.27,44.389999,1246200,26.452577
2004-11-23,44.400002,44.700001,44.200001,44.700001,1349600,26.637311
2004-11-24,45.349998,45.490002,45.139999,45.23,999100,26.953144
2004-11-26,45.049999,45.43,44.990002,45.299999,144600,26.994858
2004-11-29,45.310001,45.369999,44.330002,44.330002,580900,26.416824
2004-11-30,44.48,44.48,43.849998,43.880001,532100,26.148663
2004-12-01,44.099998,44.18,43.099998,43.130001,1222200,25.701728
2004-12-02,43.139999,43.290001,42.709999,43.0,956300,25.624259
2004-12-03,43.110001,43.560001,43.099998,43.459999,978300,25.898378
2004-12-06,43.389999,43.939999,43.189999,43.849998,547900,26.130784
2004-12-07,44.099998,44.130001,43.689999,43.91,888800,26.166539
2004-12-08,44.099998,44.110001,43.580002,43.68,575200,26.02948
2004-12-09,43.759998,43.91,43.419998,43.639999,525000,26.005643
2004-12-10,44.299999,44.299999,43.25,43.529999,582700,25.940092
2004-12-13,43.849998,44.169998,43.810001,44.119999,719800,26.291681
2004-12-14,44.240002,44.290001,43.799999,43.970001,726800,26.202295
2004-12-15,44.080002,44.75,44.0,44.740002,951200,26.661148
2004-12-16,44.470001,44.490002,44.049999,44.16,1132200,26.621962
2004-12-17,43.0,43.689999,42.919998,43.689999,2071200,26.338621
2004-12-20,44.0,44.0,43.25,43.299999,646000,26.103509
2004-12-21,43.650002,43.650002,43.16,43.5,652800,26.22408
2004-12-22,43.5,43.73,43.169998,43.25,625900,26.073366
2004-12-23,43.400002,43.490002,43.049999,43.16,518700,26.01911
2004-12-27,43.240002,43.240002,42.57,42.59,502700,25.675484
2004-12-28,42.5,42.630001,42.259998,42.549999,431200,25.651369
2004-12-29,42.720001,42.959999,42.59,42.93,455500,25.880454
2004-12-30,42.98,43.209999,42.810001,43.119999,377200,25.994995
2004-12-31,43.259998,43.400002,43.049999,43.130001,384500,26.001025
2005-01-03,43.330002,43.450001,42.669998,42.759998,793500,25.777968
2005-01-04,43.0,43.07,42.720001,42.75,608400,25.77194
2005-01-05,42.91,42.950001,42.400002,42.5,739900,25.621227
2005-01-06,42.549999,42.84,42.48,42.68,585300,25.729741
2005-01-07,42.98,43.189999,42.48,42.709999,511700,25.747826
2005-01-10,42.849998,43.119999,42.68,43.02,538200,25.934711
2005-01-11,43.09,43.09,42.599998,42.740002,474600,25.765913
2005-01-12,42.950001,42.950001,42.419998,42.66,379700,25.717683
2005-01-13,42.82,43.150002,42.75,42.860001,725500,25.838254
2005-01-14,42.900002,43.299999,42.650002,43.259998,703700,26.079394
2005-01-18,43.330002,43.77,43.200001,43.75,867500,26.374793
2005-01-19,43.900002,44.0,43.549999,43.59,404100,26.278336
2005-01-20,43.599998,43.650002,43.279999,43.5,457300,26.22408
2005-01-21,43.689999,43.720001,43.080002,43.119999,344400,25.994995
2005-01-24,43.330002,43.330002,42.860001,43.0,733000,25.922653
2005-01-25,43.25,43.360001,42.599998,42.77,669900,25.783998
2005-01-26,43.0,43.25,42.860001,43.18,568600,26.031167
2005-01-27,43.27,43.57,43.200001,43.389999,387600,26.157765
2005-01-28,43.5,43.5,42.82,43.099998,687300,25.982938
2005-01-31,43.349998,43.810001,43.25,43.810001,514500,26.410965
2005-02-01,43.93,44.049999,43.77,43.950001,528400,26.495364
2005-02-02,44.060001,44.209999,43.720001,43.970001,467100,26.507421
2005-02-03,43.970001,44.099998,43.73,44.0,324300,26.525506
2005-02-04,44.200001,44.619999,43.98,44.619999,565300,26.899274
2005-02-07,44.619999,44.689999,44.43,44.639999,417000,26.911331
2005-02-08,44.639999,44.77,44.560001,44.77,344000,26.989702
2005-02-09,44.75,44.93,44.610001,44.720001,493800,26.95956
2005-02-10,44.950001,44.950001,44.580002,44.75,407400,26.977645
2005-02-11,44.75,44.82,44.34,44.82,567500,27.019845
2005-02-14,44.84,45.0,44.68,44.709999,588400,26.95353
2005-02-15,44.799999,44.880001,44.549999,44.639999,559200,26.911331
2005-02-16,44.599998,44.98,44.369999,44.98,343900,27.116301
2005-02-17,44.98,45.049999,44.66,44.709999,529500,26.95353
2005-02-18,44.77,44.77,44.23,44.240002,484500,26.670191
2005-02-22,44.279999,44.279999,43.209999,43.209999,819500,26.049252
2005-02-23,43.400002,43.779999,43.32,43.389999,878600,26.157765
2005-02-24,43.450001,43.5,43.009998,43.439999,806200,26.187908
2005-02-25,43.48,44.23,43.23,43.900002,994300,26.465221
2005-02-28,44.080002,44.25,43.689999,44.220001,1015300,26.658134
2005-03-01,44.299999,44.950001,44.259998,44.950001,1071000,27.098216
2005-03-02,44.950001,45.200001,44.900002,45.150002,980600,27.218787
2005-03-03,45.240002,45.380001,45.060001,45.299999,652300,27.309213
2005-03-04,45.450001,45.939999,45.360001,45.790001,575400,27.604612
2005-03-07,45.939999,46.439999,45.810001,46.369999,806200,27.954265
2005-03-08,46.169998,46.209999,45.830002,46.0,497000,27.731211
2005-03-09,46.0,46.0,45.32,45.459999,651200,27.40567
2005-03-10,45.700001,46.299999,45.549999,46.299999,898300,27.912066
2005-03-11,46.299999,46.799999,45.73,45.889999,654700,27.664896
2005-03-14,45.950001,46.75,45.939999,46.66,630100,28.129093
2005-03-15,46.860001,46.990002,46.279999,46.380001,634300,27.960295
2005-03-16,46.389999,46.799999,45.959999,46.23,1049500,27.869866
2005-03-17,45.950001,46.0,45.34,45.650002,660600,27.520213
2005-03-18,45.66,45.700001,45.049999,45.439999,655300,27.393612
2005-03-21,45.540001,45.630001,45.09,45.330002,403400,27.327301
2005-03-22,45.330002,45.389999,44.299999,44.400002,683200,26.766648
2005-03-23,44.200001,44.540001,43.369999,44.470001,986500,26.808847
2005-03-24,44.419998,44.990002,44.400002,44.650002,482700,26.917361
2005-03-28,44.77,45.040001,44.639999,44.82,427300,27.019845
2005-03-29,44.869999,44.98,44.48,44.610001,964400,26.893246
2005-03-30,44.610001,45.25,44.610001,45.25,656000,27.279071
2005-03-31,45.25,45.630001,45.25,45.48,651100,27.417727
2005-04-01,45.810001,45.93,45.18,45.459999,560100,27.40567
2005-04-04,45.299999,45.779999,45.009998,45.77,554000,27.592555
2005-04-05,45.849998,46.080002,45.700001,45.84,562600,27.634754
2005-04-06,46.0,46.200001,45.810001,45.939999,464500,27.695039
2005-04-07,45.84,46.209999,45.650002,46.009998,422800,27.737238
2005-04-08,45.950001,46.130001,45.779999,45.91,509000,27.676954
2005-04-11,45.91,46.200001,45.82,46.049999,527700,27.761353
2005-04-12,46.049999,46.34,45.759998,46.189999,685300,27.845752
2005-04-13,46.189999,46.380001,45.98,46.25,756000,27.881924
2005-04-14,46.25,46.259998,45.639999,45.720001,635000,27.562413
2005-04-15,45.77,45.779999,44.889999,44.919998,751000,27.080129
2005-04-18,44.889999,45.209999,44.450001,45.119999,810500,27.2007
2005-04-19,45.119999,45.23,44.759998,45.23,714400,27.267014
2005-04-20,45.130001,45.130001,44.400002,44.41,824400,26.772675
2005-04-21,44.619999,45.049999,44.41,44.900002,710200,27.068074
2005-04-22,44.75,45.400002,44.599998,45.330002,1114000,27.327301
2005-04-25,45.41,46.09,45.41,45.75,898400,27.580497
2005-04-26,45.639999,45.810001,45.32,45.330002,490900,27.327301
2005-04-27,45.299999,46.299999,45.009998,46.0,760200,27.731211
2005-04-28,45.599998,45.889999,45.130001,45.419998,783300,27.381555
2005-04-29,45.459999,46.049999,45.330002,45.950001,709900,27.701068
2005-05-02,46.049999,46.389999,45.939999,46.240002,587900,27.875896
2005-05-03,46.07,46.360001,45.860001,46.02,648900,27.743268
2005-05-04,46.099998,46.200001,45.75,45.990002,720900,27.725183
2005-05-05,45.950001,46.259998,45.779999,46.09,592000,27.785467
2005-05-06,46.099998,46.389999,45.939999,46.27,462800,27.893981
2005-05-09,46.369999,46.790001,45.84,46.790001,542500,28.207465
2005-05-10,46.790001,46.790001,46.259998,46.5,501200,28.032637
2005-05-11,46.400002,46.599998,46.110001,46.400002,349400,27.972352
2005-05-12,46.369999,46.580002,46.080002,46.27,661200,27.893981
2005-05-13,46.32,46.369999,44.77,45.41,841200,27.375528
2005-05-16,45.41,46.360001,45.150002,46.299999,787600,27.912066
2005-05-17,46.099998,46.470001,45.990002,46.330002,562000,27.930153
2005-05-18,46.5,46.5,46.080002,46.080002,708700,27.77944
2005-05-19,46.09,46.330002,46.009998,46.200001,467100,27.851782
2005-05-20,46.25,46.380001,46.0,46.380001,446700,27.960295
2005-05-23,46.43,46.450001,46.0,46.360001,485800,27.948238
2005-05-24,46.380001,46.41,46.040001,46.32,545200,27.924123
2005-05-25,46.150002,46.5,45.950001,46.369999,542800,27.954265
2005-05-26,46.450001,46.689999,46.330002,46.669998,423300,28.135121
2005-05-27,46.599998,47.0,46.509998,46.959999,289600,28.309948
2005-05-31,46.84,47.709999,46.73,47.540001,909100,28.659604
2005-06-01,47.48,48.220001,47.450001,47.799999,862800,28.816344
2005-06-02,47.349998,47.529999,47.099998,47.32,818300,28.526976
2005-06-03,47.169998,47.43,46.98,47.27,583700,28.496833
2005-06-06,47.119999,47.330002,47.009998,47.27,412400,28.496833
2005-06-07,47.369999,47.84,47.27,47.299999,397800,28.514918
2005-06-08,47.360001,47.709999,47.279999,47.490002,346900,28.629462
2005-06-09,47.419998,47.490002,47.150002,47.450001,534700,28.605347
2005-06-10,47.450001,47.610001,47.310001,47.509998,439000,28.641517
2005-06-13,47.380001,47.880001,47.220001,47.650002,506100,28.725918
2005-06-14,47.580002,48.0,47.580002,47.830002,472800,28.834432
2005-06-15,47.830002,47.900002,47.400002,47.540001,480700,28.659604
2005-06-16,47.049999,47.07,46.610001,46.970001,517700,28.626085
2005-06-17,47.0,47.220001,46.849998,47.080002,860800,28.693125
2005-06-20,47.009998,47.119999,46.790001,47.009998,585900,28.650461
2005-06-21,46.959999,47.080002,46.669998,46.82,691800,28.534666
2005-06-22,47.040001,47.080002,46.82,46.889999,595700,28.577327
2005-06-23,46.860001,47.009998,46.720001,46.900002,578700,28.583423
2005-06-24,46.799999,47.139999,46.279999,46.360001,596200,28.254317
2005-06-27,46.259998,46.669998,46.150002,46.549999,399000,28.370113
2005-06-28,46.450001,46.82,46.439999,46.82,893600,28.534666
2005-06-29,46.700001,47.080002,46.52,46.810001,393300,28.528572
2005-06-30,46.73,47.23,46.66,46.77,546500,28.504193
2005-07-01,46.860001,47.130001,46.75,47.07,432700,28.687029
2005-07-05,47.0,47.619999,46.919998,47.450001,454300,28.918623
2005-07-06,47.450001,47.720001,47.349998,47.509998,919700,28.955189
2005-07-07,47.02,47.740002,46.650002,47.700001,493300,29.070986
2005-07-08,47.700001,48.119999,47.5,48.110001,428000,29.320863
2005-07-11,48.110001,48.220001,47.790001,47.98,404400,29.241633
2005-07-12,47.990002,48.119999,47.650002,47.830002,397100,29.150216
2005-07-13,47.799999,47.880001,47.630001,47.810001,599300,29.138027
2005-07-14,48.049999,48.139999,47.23,47.380001,629200,28.875961
2005-07-15,47.5,47.84,47.389999,47.68,761000,29.058797
2005-07-18,47.790001,47.849998,47.52,47.529999,337300,28.967378
2005-07-19,47.639999,47.790001,47.509998,47.560001,355600,28.985663
2005-07-20,47.599998,47.82,47.369999,47.650002,529800,29.040514
2005-07-21,47.529999,47.709999,46.939999,47.139999,488600,28.729691
2005-07-22,47.220001,47.59,47.150002,47.59,399500,29.003946
2005-07-25,47.52,47.860001,47.380001,47.48,382900,28.936906
2005-07-26,47.540001,47.599998,47.18,47.310001,459000,28.833299
2005-07-27,47.349998,47.549999,47.23,47.299999,437600,28.827204
2005-07-28,47.380001,47.759998,47.150002,47.75,606500,29.101459
2005-07-29,47.5,47.599998,46.970001,47.0,1062100,28.644368
2005-08-01,46.970001,47.130001,46.360001,46.389999,710000,28.2726
2005-08-02,46.5,46.799999,46.43,46.549999,666900,28.370113
2005-08-03,46.549999,47.389999,46.450001,47.060001,997800,28.680936
2005-08-04,47.07,47.130001,46.5,46.700001,482300,28.461532
2005-08-05,46.700001,46.709999,45.77,45.990002,577100,28.02882
2005-08-08,45.799999,46.139999,44.84,44.959999,1070000,27.40108
2005-08-09,45.91,45.91,45.02,45.349998,919600,27.638767
2005-08-10,45.700001,45.98,45.0,45.290001,508200,27.602201
2005-08-11,45.360001,45.599998,45.119999,45.59,609700,27.785037
2005-08-12,45.580002,45.82,45.23,45.52,381100,27.742375
2005-08-15,45.52,45.75,45.310001,45.48,406800,27.717996
2005-08-16,45.580002,45.599998,44.639999,44.669998,452000,27.224337
2005-08-17,44.400002,44.869999,44.110001,44.619999,640600,27.193865
2005-08-18,44.700001,45.110001,44.59,45.0,749000,27.425458
2005-08-19,45.080002,45.279999,44.970001,45.0,382900,27.425458
2005-08-22,44.98,45.459999,44.93,45.450001,479100,27.699713
2005-08-23,45.450001,45.740002,45.419998,45.639999,426100,27.815509
2005-08-24,45.599998,45.900002,45.32,45.400002,465500,27.669241
2005-08-25,45.400002,45.59,45.299999,45.580002,460300,27.778943
2005-08-26,45.57,45.709999,45.400002,45.459999,503500,27.705807
2005-08-29,45.209999,45.73,45.040001,45.689999,413200,27.845981
2005-08-30,45.59,45.799999,45.040001,45.450001,378600,27.699713
2005-08-31,45.369999,45.779999,45.279999,45.77,832600,27.894739
2005-09-01,45.66,46.700001,45.610001,46.529999,912900,28.357923
2005-09-02,46.529999,46.720001,46.07,46.23,397100,28.175087
2005-09-06,46.299999,46.869999,46.299999,46.759998,508800,28.498098
2005-09-07,46.73,46.84,46.470001,46.610001,567800,28.406681
2005-09-08,46.599998,46.599998,46.16,46.25,582600,28.187277
2005-09-09,46.220001,46.950001,46.220001,46.700001,570800,28.461532
2005-09-12,46.639999,46.900002,46.5,46.720001,493600,28.473721
2005-09-13,46.799999,46.93,46.459999,46.48,652600,28.327451
2005-09-14,46.560001,46.68,46.200001,46.43,639500,28.296979
2005-09-15,46.049999,46.27,45.950001,46.080002,589100,28.398665
2005-09-16,46.209999,46.349998,45.950001,46.25,1260200,28.503433
2005-09-19,46.099998,46.369999,45.68,45.799999,622400,28.226102
2005-09-20,45.82,46.080002,45.23,45.5,790200,28.041215
2005-09-21,45.400002,45.66,44.91,45.040001,764300,27.757722
2005-09-22,45.0,45.299999,44.630001,44.98,779600,27.720744
2005-09-23,45.0,45.189999,44.799999,45.16,781200,27.831677
2005-09-26,45.32,45.459999,45.119999,45.18,706800,27.844003
2005-09-27,45.290001,45.689999,45.150002,45.450001,888900,28.010401
2005-09-28,45.5,45.810001,45.169998,45.57,844900,28.084356
2005-09-29,45.509998,46.099998,45.299999,45.919998,948900,28.300056
2005-09-30,46.029999,46.209999,45.59,45.860001,903400,28.26308
2005-10-03,45.889999,46.650002,45.880001,46.490002,737800,28.651344
2005-10-04,46.490002,46.630001,45.91,45.93,564200,28.306221
2005-10-05,45.900002,46.189999,44.84,44.849998,882000,27.640626
2005-10-06,44.849998,45.130001,43.790001,44.419998,818000,27.375621
2005-10-07,44.509998,44.98,44.34,44.580002,517600,27.474229
2005-10-10,44.509998,44.52,43.759998,43.889999,433300,27.048987
2005-10-11,43.950001,44.189999,43.470001,43.48,485500,26.796308
2005-10-12,43.48,43.880001,42.810001,43.060001,520200,26.537468
2005-10-13,42.799999,43.0,42.220001,42.549999,772400,26.223158
2005-10-14,42.849998,42.990002,42.200001,42.799999,680800,26.377231
2005-10-17,42.84,43.48,42.73,42.880001,841900,26.426535
2005-10-18,42.880001,42.880001,42.23,42.419998,897400,26.14304
2005-10-19,42.369999,42.490002,41.389999,42.490002,1234400,26.186182
2005-10-20,42.369999,42.48,41.630001,41.849998,846900,25.791754
2005-10-21,41.849998,42.16,41.66,41.810001,860300,25.767105
2005-10-24,41.82,42.59,41.799999,42.490002,614500,26.186182
2005-10-25,42.369999,42.900002,42.240002,42.779999,569800,26.364905
2005-10-26,42.59,42.939999,42.18,42.360001,639400,26.106064
2005-10-27,42.48,42.66,41.91,41.970001,516600,25.865711
2005-10-28,42.02,42.75,41.869999,42.740002,447200,26.340255
2005-10-31,42.939999,43.419998,42.84,43.200001,736600,26.623748
2005-11-01,43.150002,43.25,42.68,42.759998,817000,26.352579
2005-11-02,42.880001,43.150002,42.470001,43.150002,743000,26.592934
2005-11-03,43.259998,43.490002,42.549999,42.790001,984900,26.371069
2005-11-04,43.259998,43.470001,42.509998,42.720001,731300,26.327929
2005-11-07,42.740002,42.849998,42.200001,42.459999,763500,26.167692
2005-11-08,42.349998,42.860001,42.110001,42.700001,629700,26.315603
2005-11-09,42.66,43.740002,42.459999,43.48,931400,26.796308
2005-11-10,43.439999,43.599998,42.68,43.560001,702200,26.845613
2005-11-11,43.560001,43.560001,43.049999,43.400002,672400,26.747006
2005-11-14,43.209999,43.419998,42.799999,42.900002,510000,26.438861
2005-11-15,42.84,43.16,42.700001,43.02,491100,26.512815
2005-11-16,43.02,43.419998,43.0,43.169998,597500,26.605258
2005-11-17,43.169998,43.580002,43.150002,43.439999,792400,26.771656
2005-11-18,43.799999,43.810001,43.0,43.540001,906400,26.833287
2005-11-21,43.439999,43.779999,43.439999,43.700001,282800,26.931893
2005-11-22,43.5,43.860001,43.290001,43.810001,429500,26.999685
2005-11-23,43.75,44.369999,43.68,44.18,440800,27.227712
2005-11-25,44.099998,44.439999,44.07,44.330002,111900,27.320157
2005-11-28,44.330002,44.41,44.0,44.130001,318300,27.196898
2005-11-29,44.299999,44.639999,44.029999,44.119999,710100,27.190734
2005-11-30,44.02,44.200001,43.599998,43.639999,647800,26.894915
2005-12-01,43.740002,44.349998,43.73,44.009998,756000,27.122942
2005-12-02,43.849998,43.860001,43.59,43.73,450100,26.950381
2005-12-05,43.73,43.880001,43.299999,43.73,569400,26.950381
2005-12-06,43.849998,43.939999,43.34,43.389999,636800,26.740842
2005-12-07,43.389999,43.630001,43.060001,43.209999,530100,26.62991
2005-12-08,43.209999,43.669998,43.060001,43.419998,533000,26.75933
2005-12-09,43.349998,43.900002,43.349998,43.799999,412600,26.993521
2005-12-12,43.84,43.950001,43.259998,43.450001,396800,26.777821
2005-12-13,43.369999,43.810001,43.369999,43.709999,679400,26.938055
2005-12-14,43.790001,44.310001,43.759998,44.299999,695200,27.301666
2005-12-15,43.779999,44.259998,43.549999,44.049999,696300,27.466907
2005-12-16,44.27,44.400002,44.099998,44.200001,948700,27.560439
2005-12-19,44.119999,44.18,43.619999,43.669998,483700,27.229961
2005-12-20,43.75,43.900002,43.669998,43.82,434000,27.323493
2005-12-21,43.950001,44.099998,43.41,43.5,390000,27.123961
2005-12-22,43.68,43.900002,43.43,43.650002,346100,27.217493
2005-12-23,43.57,43.919998,43.57,43.619999,252300,27.198785
2005-12-27,43.610001,43.91,43.52,43.66,341400,27.223727
2005-12-28,43.75,43.880001,43.25,43.490002,367200,27.117726
2005-12-29,43.490002,43.759998,43.310001,43.369999,458900,27.0429
2005-12-30,43.119999,43.279999,42.970001,43.189999,519500,26.930663
2006-01-03,43.220001,43.75,42.830002,43.720001,621400,27.26114
2006-01-04,43.650002,43.709999,42.860001,43.610001,798100,27.19255
2006-01-05,43.419998,43.700001,43.16,43.240002,383500,26.961842
2006-01-06,43.490002,43.709999,43.259998,43.700001,407300,27.248669
2006-01-09,43.619999,43.700001,43.220001,43.66,548200,27.223727
2006-01-10,43.400002,43.580002,43.220001,43.57,449400,27.167608
2006-01-11,43.599998,43.669998,43.27,43.580002,587600,27.173845
2006-01-12,43.450001,44.0,43.32,43.639999,1039600,27.211256
2006-01-13,43.639999,43.900002,43.5,43.860001,542700,27.348435
2006-01-17,43.790001,44.23,43.709999,44.080002,790900,27.485615
2006-01-18,44.0,44.169998,43.75,43.98,752200,27.423259
2006-01-19,43.990002,44.099998,43.720001,43.860001,544200,27.348435
2006-01-20,43.720001,43.93,43.25,43.369999,572700,27.0429
2006-01-23,43.25,43.560001,43.049999,43.25,396200,26.968076
2006-01-24,43.25,44.0,43.200001,43.950001,1009100,27.404554
2006-01-25,43.950001,44.049999,42.439999,42.759998,1231900,26.662541
2006-01-26,42.900002,43.099998,42.400002,42.57,686700,26.544069
2006-01-27,42.580002,43.099998,42.450001,42.48,573200,26.48795
2006-01-30,42.400002,42.490002,42.209999,42.259998,529600,26.350771
2006-01-31,42.169998,42.439999,42.080002,42.200001,564700,26.31336
2006-02-01,42.200001,42.509998,42.189999,42.330002,774400,26.394421
2006-02-02,42.200001,42.290001,41.529999,41.740002,828700,26.026533
2006-02-03,41.5,41.700001,41.169998,41.169998,672900,25.671113
2006-02-06,41.099998,42.040001,41.060001,42.029999,999400,26.207357
2006-02-07,41.950001,42.16,41.84,42.099998,746300,26.251005
2006-02-08,42.09,42.150002,41.799999,42.040001,1141600,26.213594
2006-02-09,42.02,42.349998,41.950001,41.990002,692400,26.182417
2006-02-10,41.98,42.220001,41.950001,42.049999,917800,26.219828
2006-02-13,42.0,42.27,41.91,42.23,450700,26.332066
2006-02-14,42.23,42.259998,41.799999,42.189999,659100,26.307123
2006-02-15,42.150002,42.34,41.849998,41.98,767200,26.176181
2006-02-16,42.0,42.669998,41.950001,42.650002,532600,26.593953
2006-02-17,42.650002,43.02,42.48,42.869999,977100,26.73113
2006-02-21,42.98,43.349998,42.75,42.849998,843000,26.718659
2006-02-22,42.950001,43.27,42.91,43.23,617000,26.955605
2006-02-23,43.130001,43.450001,42.919998,43.389999,771300,27.055371
2006-02-24,43.299999,43.439999,43.200001,43.43,671000,27.080313
2006-02-27,43.549999,43.799999,43.310001,43.779999,762700,27.298551
2006-02-28,43.700001,43.77,43.07,43.299999,888600,26.999252
2006-03-01,43.25,43.349998,42.860001,43.080002,548300,26.862075
2006-03-02,42.650002,43.060001,42.48,43.029999,679900,26.830897
2006-03-03,42.849998,43.049999,42.580002,42.98,671900,26.79972
2006-03-06,42.98,42.98,42.23,42.509998,1829800,26.506656
2006-03-07,42.509998,43.139999,42.130001,42.34,524700,26.400655
2006-03-08,42.23,42.66,41.849998,42.25,687000,26.344537
2006-03-09,42.200001,42.369999,41.970001,42.040001,1077100,26.213594
2006-03-10,42.299999,42.43,42.029999,42.220001,842900,26.325831
2006-03-13,42.209999,42.689999,42.09,42.57,665900,26.544069
2006-03-14,42.52,42.790001,42.349998,42.77,613500,26.668777
2006-03-15,42.700001,43.23,42.669998,43.189999,730700,26.930663
2006-03-16,42.720001,43.02,42.560001,42.720001,1012100,26.95906
2006-03-17,42.900002,42.93,42.66,42.889999,774400,27.06634
2006-03-20,42.880001,42.889999,42.09,42.25,581000,26.662459
2006-03-21,42.279999,42.279999,41.889999,41.959999,521100,26.47945
2006-03-22,41.98,42.150002,41.799999,42.07,454400,26.548867
2006-03-23,41.950001,42.080002,41.75,41.900002,583600,26.441587
2006-03-24,41.799999,41.849998,41.32,41.380001,1087200,26.113434
2006-03-27,41.299999,41.400002,40.959999,41.0,749400,25.873629
2006-03-28,40.990002,41.119999,40.619999,40.84,907300,25.772659
2006-03-29,40.98,41.189999,40.700001,41.110001,852700,25.943046
2006-03-30,41.02,41.16,40.389999,40.709999,715300,25.69062
2006-03-31,40.709999,40.91,40.0,40.09,1099300,25.299361
2006-04-03,40.5,41.139999,40.369999,40.82,1081900,25.760037
2006-04-04,40.900002,41.23,40.41,41.16,744300,25.974599
2006-04-05,41.07,41.619999,40.919998,41.599998,769600,26.252266
2006-04-06,41.549999,41.549999,40.939999,41.34,862600,26.088191
2006-04-07,41.34,41.34,40.27,40.509998,923100,25.564406
2006-04-10,40.709999,40.709999,40.0,40.049999,686300,25.274117
2006-04-11,40.200001,40.299999,39.400002,39.610001,983800,24.99645
2006-04-12,39.709999,39.939999,39.419998,39.919998,835200,25.192078
2006-04-13,39.919998,39.970001,39.509998,39.669998,513100,25.034312
2006-04-17,39.75,39.939999,39.580002,39.73,886900,25.072177
2006-04-18,39.720001,39.950001,39.16,39.889999,1559500,25.173147
2006-04-19,39.889999,40.080002,39.27,39.720001,1075300,25.065867
2006-04-20,39.709999,40.209999,39.57,40.209999,1032900,25.375088
2006-04-21,40.43,40.689999,40.27,40.52,974400,25.570718
2006-04-24,40.549999,41.02,40.349998,40.950001,809400,25.842076
2006-04-25,40.849998,40.889999,40.09,40.279999,830100,25.419262
2006-04-26,40.279999,40.580002,39.849998,40.16,687800,25.343535
2006-04-27,40.16,41.200001,39.75,41.040001,1101300,25.898872
2006-04-28,41.0,41.0,40.580002,40.779999,628900,25.734794
2006-05-01,40.889999,40.990002,40.040001,40.139999,900100,25.330913
2006-05-02,40.389999,40.560001,40.279999,40.529999,535700,25.577028
2006-05-03,40.529999,40.630001,40.119999,40.360001,496200,25.469748
2006-05-04,40.349998,40.669998,40.330002,40.560001,379100,25.595961
2006-05-05,40.799999,41.02,40.360001,40.869999,597300,25.79159
2006-05-08,40.869999,41.110001,40.779999,41.009998,553500,25.879938
2006-05-09,41.110001,41.110001,40.360001,40.419998,852200,25.50761
2006-05-10,40.5,40.84,40.450001,40.610001,696000,25.627514
2006-05-11,40.57,40.650002,39.990002,40.349998,704500,25.463436
2006-05-12,40.349998,40.450001,39.689999,39.700001,548300,25.053246
2006-05-15,39.75,40.299999,39.669998,39.98,734500,25.229943
2006-05-16,40.029999,40.150002,39.52,39.580002,438900,24.977519
2006-05-17,39.400002,39.740002,38.77,39.0,747100,24.611501
2006-05-18,39.0,39.52,38.889999,39.150002,631500,24.706161
2006-05-19,39.349998,39.740002,38.889999,39.580002,1012000,24.977519
2006-05-22,39.580002,40.34,39.419998,40.18,1124900,25.356156
2006-05-23,40.18,40.34,39.380001,39.43,703100,24.882858
2006-05-24,39.43,39.82,39.0,39.740002,818800,25.078489
2006-05-25,40.029999,40.25,39.720001,40.240002,630700,25.394021
2006-05-26,40.400002,40.419998,40.130001,40.41,535500,25.501301
2006-05-30,40.200001,40.32,39.810001,39.849998,737200,25.147904
2006-05-31,39.889999,40.720001,39.889999,40.419998,768000,25.50761
2006-06-01,40.389999,40.700001,40.25,40.689999,728800,25.677998
2006-06-02,40.799999,41.09,40.549999,40.98,642300,25.861007
2006-06-05,40.98,41.060001,40.599998,40.650002,551500,25.652757
2006-06-06,40.799999,40.799999,39.93,40.34,712000,25.457127
2006-06-07,40.439999,41.07,40.380001,40.700001,789200,25.68431
2006-06-08,40.82,41.34,40.650002,41.150002,892900,25.968289
2006-06-09,41.049999,41.48,41.0,41.400002,992600,26.126055
2006-06-12,41.5,41.91,41.330002,41.689999,718200,26.309062
2006-06-13,41.75,41.830002,41.299999,41.34,988500,26.088191
2006-06-14,41.34,41.419998,40.939999,41.150002,879400,25.968289
2006-06-15,40.630001,40.959999,40.349998,40.68,950800,25.997047
2006-06-16,40.599998,41.02,40.549999,40.75,609400,26.041781
2006-06-19,40.830002,40.84,40.049999,40.23,734800,25.709468
2006-06-20,40.25,40.310001,39.950001,40.200001,841300,25.690297
2006-06-21,40.049999,40.32,39.869999,39.93,935000,25.51775
2006-06-22,39.889999,39.889999,39.59,39.77,1002200,25.4155
2006-06-23,39.77,39.93,39.5,39.669998,812100,25.351593
2006-06-26,39.669998,39.950001,39.619999,39.82,618300,25.447453
2006-06-27,39.869999,40.009998,39.630001,39.759998,581000,25.409108
2006-06-28,39.880001,39.990002,39.650002,39.939999,535800,25.52414
2006-06-29,40.189999,40.700001,40.0,40.599998,831500,25.945921
2006-06-30,40.630001,40.77,40.349998,40.740002,903400,26.035391
2006-07-03,40.740002,40.98,40.59,40.959999,321100,26.175983
2006-07-05,40.68,40.939999,40.639999,40.77,553200,26.054562
2006-07-06,40.849998,40.869999,40.59,40.810001,361400,26.080125
2006-07-07,40.810001,41.400002,40.650002,41.18,650900,26.316578
2006-07-10,41.380001,41.57,41.099998,41.48,465300,26.508296
2006-07-11,41.509998,41.720001,41.400002,41.669998,380600,26.629717
2006-07-12,41.75,41.75,41.259998,41.400002,642700,26.457172
2006-07-13,41.41,41.849998,41.400002,41.630001,991200,26.604156
2006-07-14,41.549999,41.740002,41.200001,41.330002,464800,26.412438
2006-07-17,41.369999,41.860001,41.330002,41.5,598000,26.521077
2006-07-18,41.700001,41.700001,41.259998,41.490002,738500,26.514688
2006-07-19,41.689999,42.09,41.540001,41.77,806300,26.693624
2006-07-20,41.700001,42.279999,41.669998,42.110001,630600,26.910906
2006-07-21,42.349998,42.740002,42.07,42.639999,754000,27.249608
2006-07-24,42.630001,42.950001,42.610001,42.650002,834700,27.256
2006-07-25,42.689999,43.09,42.560001,43.02,642600,27.492452
2006-07-26,43.0,43.23,42.82,43.209999,895500,27.613873
2006-07-27,43.389999,43.630001,42.540001,42.599998,1200300,27.224045
2006-07-28,42.0,42.599998,41.830002,42.150002,1828700,26.936469
2006-07-31,42.200001,42.630001,42.150002,42.32,1336200,27.045108
2006-08-01,42.330002,42.490002,42.009998,42.48,1189800,27.147358
2006-08-02,42.48,42.75,42.169998,42.310001,889400,27.038719
2006-08-03,42.310001,42.459999,41.669998,41.73,524600,26.668061
2006-08-04,42.029999,42.220001,41.66,42.09,671600,26.898124
2006-08-07,41.959999,42.119999,41.16,41.259998,456600,26.367701
2006-08-08,41.330002,41.77,41.299999,41.549999,649800,26.55303
2006-08-09,41.779999,41.91,41.540001,41.57,555400,26.565812
2006-08-10,41.610001,41.669998,41.240002,41.549999,531900,26.55303
2006-08-11,41.43,41.450001,41.25,41.27,264700,26.374093
2006-08-14,41.599998,41.599998,41.169998,41.240002,799400,26.354922
2006-08-15,41.400002,41.400002,41.0,41.169998,862200,26.310186
2006-08-16,41.380001,41.380001,40.790001,40.860001,604900,26.112078
2006-08-17,40.810001,40.900002,40.439999,40.720001,529500,26.02261
2006-08-18,40.959999,41.220001,40.799999,41.049999,437800,26.233499
2006-08-21,41.080002,41.330002,41.0,41.040001,374200,26.227109
2006-08-22,41.07,41.16,40.950001,41.049999,401400,26.233499
2006-08-23,41.099998,41.169998,40.509998,40.549999,310000,25.913968
2006-08-24,40.68,40.939999,40.52,40.919998,381500,26.15042
2006-08-25,40.939999,40.98,40.700001,40.84,323200,26.099297
2006-08-28,40.919998,41.560001,40.810001,41.52,568800,26.533859
2006-08-29,41.540001,41.869999,41.330002,41.799999,876200,26.712796
2006-08-30,41.900002,41.900002,41.349998,41.360001,1062100,26.431609
2006-08-31,41.400002,41.799999,41.380001,41.740002,626900,26.674453
2006-09-01,41.849998,41.950001,41.369999,41.400002,699400,26.457172
2006-09-05,41.369999,41.400002,40.810001,41.02,631600,26.214328
2006-09-06,41.02,41.02,40.599998,40.75,603700,26.041781
2006-09-07,40.849998,41.23,40.639999,41.23,1688400,26.34853
2006-09-08,41.220001,41.389999,41.139999,41.169998,1179600,26.310186
2006-09-11,41.200001,41.349998,40.98,41.0,677200,26.201546
2006-09-12,41.299999,41.299999,40.98,41.169998,1322000,26.310186
2006-09-13,41.200001,41.75,41.0,41.66,1675400,26.623327
2006-09-14,41.240002,41.5,40.849998,40.919998,948300,26.477739
2006-09-15,41.150002,41.299999,41.02,41.150002,810200,26.626566
2006-09-18,41.099998,41.150002,40.470001,40.549999,885600,26.238327
2006-09-19,40.48,40.759998,40.48,40.490002,699300,26.199505
2006-09-20,40.5,40.82,40.43,40.639999,607400,26.296563
2006-09-21,40.540001,40.709999,40.310001,40.540001,748600,26.231858
2006-09-22,40.349998,40.48,40.259998,40.360001,544700,26.115387
2006-09-25,40.599998,41.119999,40.34,40.889999,743000,26.458328
2006-09-26,41.130001,41.130001,40.610001,40.869999,305600,26.445387
2006-09-27,40.889999,41.650002,40.66,41.610001,874600,26.924213
2006-09-28,41.700001,41.75,41.27,41.73,785400,27.00186
2006-09-29,41.700001,41.830002,41.439999,41.509998,896500,26.859506
2006-10-02,41.509998,42.060001,41.369999,41.900002,999600,27.111861
2006-10-03,41.830002,42.09,41.52,41.869999,899000,27.092448
2006-10-04,41.720001,42.380001,41.639999,42.369999,1295000,27.415979
2006-10-05,42.27,42.470001,42.060001,42.259998,636500,27.344801
2006-10-06,42.25,42.310001,41.799999,41.919998,542500,27.124801
2006-10-09,41.900002,42.02,41.669998,41.970001,292200,27.157156
2006-10-10,42.02,42.09,41.82,42.02,360600,27.189508
2006-10-11,42.040001,42.939999,42.040001,42.830002,1159300,27.713629
2006-10-12,42.950001,43.259998,42.639999,43.209999,1240500,27.95951
2006-10-13,43.369999,43.369999,42.880001,43.189999,827200,27.946568
2006-10-16,43.41,43.490002,43.169998,43.380001,724900,28.069512
2006-10-17,43.470001,44.189999,43.41,44.18,1924000,28.58716
2006-10-18,44.18,45.290001,44.169998,45.209999,1688900,29.253632
2006-10-19,45.209999,45.299999,44.950001,45.25,1202000,29.279515
2006-10-20,45.25,45.450001,45.040001,45.279999,1614200,29.298926
2006-10-23,45.279999,45.439999,44.82,45.299999,1009300,29.311868
2006-10-24,45.299999,45.5,45.0,45.490002,1046600,29.434811
2006-10-25,45.48,45.970001,45.43,45.779999,798200,29.622457
2006-10-26,45.5,45.630001,45.139999,45.240002,892700,29.273046
2006-10-27,45.200001,45.310001,45.130001,45.169998,558300,29.227749
2006-10-30,45.299999,45.400002,45.099998,45.25,446000,29.279515
2006-10-31,45.299999,45.450001,45.049999,45.43,799200,29.395986
2006-11-01,45.740002,46.169998,45.549999,45.959999,961200,29.738928
2006-11-02,46.02,46.150002,45.639999,45.98,1404100,29.75187
2006-11-03,45.98,46.029999,45.650002,45.709999,812900,29.577163
2006-11-06,45.849998,46.119999,45.689999,46.040001,599100,29.790694
2006-11-07,46.040001,46.27,45.619999,45.970001,1360400,29.7454
2006-11-08,45.98,46.23,45.799999,46.080002,1009400,29.816577
2006-11-09,46.080002,46.080002,45.68,45.73,859200,29.590104
2006-11-10,45.75,46.189999,45.599998,46.16,689400,29.868341
2006-11-13,46.18,46.259998,45.91,46.07,433900,29.810105
2006-11-14,46.189999,46.25,45.869999,46.029999,904400,29.784222
2006-11-15,45.98,46.5,45.959999,46.41,1110500,30.030106
2006-11-16,46.509998,46.959999,46.450001,46.810001,769300,30.288931
2006-11-17,46.849998,47.25,46.799999,46.950001,1445200,30.37952
2006-11-20,46.830002,47.029999,46.77,46.810001,566700,30.288931
2006-11-21,46.82,46.91,46.650002,46.849998,663100,30.314812
2006-11-22,46.630001,47.009998,46.599998,47.0,636900,30.411872
2006-11-24,46.849998,46.950001,46.740002,46.740002,255700,30.243637
2006-11-27,46.77,46.779999,46.48,46.52,596100,30.101283
2006-11-28,46.529999,46.77,46.34,46.599998,791100,30.153047
2006-11-29,46.57,46.970001,46.549999,46.900002,884600,30.347167
2006-11-30,46.880001,47.200001,46.75,47.09,1076000,30.470108
2006-12-01,47.09,47.369999,46.98,47.310001,928700,30.612462
2006-12-04,47.310001,47.900002,47.310001,47.77,644800,30.910109
2006-12-05,47.77,47.830002,47.599998,47.759998,614300,30.903638
2006-12-06,47.77,47.790001,47.549999,47.599998,514400,30.800108
2006-12-07,47.73,47.759998,47.200001,47.290001,547300,30.59952
2006-12-08,47.389999,47.68,47.07,47.220001,597100,30.554226
2006-12-11,47.400002,47.869999,47.25,47.830002,891700,30.948934
2006-12-12,47.869999,48.619999,47.860001,48.59,1270900,31.440699
2006-12-13,48.75,48.93,48.540001,48.75,930900,31.544229
2006-12-14,48.450001,48.919998,48.32,48.779999,2139400,31.910565
2006-12-15,48.900002,48.919998,48.459999,48.720001,977600,31.871316
2006-12-18,48.669998,48.77,48.18,48.23,802000,31.55077
2006-12-19,48.209999,48.66,48.0,48.509998,731800,31.733938
2006-12-20,48.549999,48.75,48.360001,48.369999,652700,31.642354
2006-12-21,48.32,48.560001,48.240002,48.380001,650400,31.648897
2006-12-22,48.549999,48.549999,48.220001,48.299999,560200,31.596562
2006-12-26,48.369999,48.849998,48.32,48.790001,446400,31.917108
2006-12-27,48.919998,49.240002,48.919998,49.189999,621600,32.178776
2006-12-28,49.18,49.209999,48.580002,48.610001,502500,31.799357
2006-12-29,48.610001,48.700001,48.189999,48.41,622800,31.668521
2007-01-03,48.529999,49.419998,48.470001,49.200001,1184200,32.185319
2007-01-04,49.02,49.299999,48.709999,48.77,581200,31.904024
2007-01-05,48.650002,48.700001,47.360001,47.669998,1100600,31.184432
2007-01-08,47.52,47.790001,47.240002,47.470001,633800,31.0536
2007-01-09,47.470001,47.549999,47.099998,47.25,994800,30.909681
2007-01-10,47.27,47.34,46.869999,47.169998,752400,30.857346
2007-01-11,47.27,47.360001,46.639999,46.779999,1199900,30.602218
2007-01-12,46.630001,46.919998,45.900002,45.950001,1373100,30.059256
2007-01-16,45.799999,46.610001,45.25,46.290001,882100,30.281675
2007-01-17,46.490002,46.490002,45.950001,46.369999,706200,30.334008
2007-01-18,46.369999,46.439999,46.02,46.060001,691400,30.131216
2007-01-19,46.099998,46.200001,45.75,46.049999,678200,30.124672
2007-01-22,45.950001,46.0,45.720001,45.900002,634200,30.026548
2007-01-23,45.900002,46.119999,45.799999,45.900002,900500,30.026548
2007-01-24,45.759998,46.709999,45.759998,46.529999,1248600,30.438675
2007-01-25,46.529999,46.549999,46.060001,46.099998,738200,30.157381
2007-01-26,46.23,46.330002,45.889999,46.040001,1027600,30.118132
2007-01-29,46.09,46.490002,46.029999,46.200001,1025700,30.222799
2007-01-30,46.34,46.439999,46.18,46.310001,912900,30.294759
2007-01-31,46.349998,46.599998,45.990002,46.369999,961500,30.334008
2007-02-01,46.419998,46.830002,46.400002,46.700001,1097400,30.549886
2007-02-02,46.709999,47.139999,46.709999,46.939999,966700,30.706886
2007-02-05,46.939999,47.130001,46.689999,47.099998,1035600,30.811554
2007-02-06,47.099998,47.43,47.099998,47.220001,1215800,30.890056
2007-02-07,47.150002,47.349998,47.09,47.240002,453700,30.90314
2007-02-08,47.099998,47.419998,47.099998,47.419998,751600,31.020889
2007-02-09,47.490002,47.689999,47.119999,47.32,1195100,30.955473
2007-02-12,47.240002,47.360001,46.73,46.740002,1112300,30.576053
2007-02-13,47.299999,48.169998,47.18,48.0,3482400,31.400311
2007-02-14,48.0,48.59,48.0,48.32,1655900,31.609646
2007-02-15,48.299999,48.43,47.959999,48.080002,866900,31.452646
2007-02-16,47.849998,48.189999,47.57,47.990002,1080400,31.39377
2007-02-20,48.029999,48.09,47.869999,47.990002,1004200,31.39377
2007-02-21,47.990002,48.02,47.470001,47.790001,1290000,31.262935
2007-02-22,47.93,48.040001,47.68,47.759998,1179100,31.243308
2007-02-23,47.810001,47.950001,47.639999,47.75,566100,31.236767
2007-02-26,48.400002,48.689999,47.810001,47.889999,1087400,31.328351
2007-02-27,47.98,48.0,46.389999,46.639999,1260000,30.510635
2007-02-28,46.639999,46.869999,46.029999,46.299999,2097500,30.288216
2007-03-01,46.310001,46.869999,45.900002,46.759998,1462200,30.589135
2007-03-02,47.25,47.450001,46.599998,46.639999,1650100,30.510635
2007-03-05,46.299999,46.490002,45.82,45.82,970900,29.974213
2007-03-06,45.880001,46.459999,45.720001,46.419998,942700,30.366716
2007-03-07,46.349998,46.77,46.080002,46.310001,1376900,30.294759
2007-03-08,46.5,46.650002,46.150002,46.23,866500,30.242424
2007-03-09,46.349998,46.689999,46.130001,46.48,715800,30.405967
2007-03-12,46.330002,46.619999,46.27,46.5,1044600,30.419051
2007-03-13,46.369999,46.860001,46.009998,46.119999,1653200,30.170464
2007-03-14,46.240002,46.529999,45.650002,46.32,1936400,30.301299
2007-03-15,45.790001,46.84,45.669998,46.48,1609500,30.757902
2007-03-16,46.599998,46.830002,46.23,46.310001,1256600,30.645407
2007-03-19,46.560001,46.880001,46.27,46.82,910000,30.982896
2007-03-20,46.68,47.48,46.509998,47.470001,861400,31.413031
2007-03-21,47.349998,48.0,46.900002,47.799999,1389600,31.631405
2007-03-22,47.700001,47.84,47.290001,47.459999,1050000,31.406412
2007-03-23,47.59,47.799999,47.150002,47.75,983600,31.598319
2007-03-26,47.689999,48.009998,47.400002,48.009998,1333400,31.770371
2007-03-27,47.889999,48.07,47.580002,47.830002,1029500,31.651259
2007-03-28,47.580002,48.549999,47.560001,48.150002,1622300,31.863018
2007-03-29,48.299999,48.529999,47.91,48.18,1037000,31.882869
2007-03-30,48.099998,48.25,47.419998,47.900002,1961000,31.697581
2007-04-02,47.799999,48.900002,47.799999,48.73,1410900,32.246828
2007-04-03,48.75,48.93,48.459999,48.639999,966900,32.187271
2007-04-04,48.75,48.849998,48.25,48.349998,1250100,31.995365
2007-04-05,48.220001,48.619999,48.169998,48.41,654300,32.03507
2007-04-09,48.41,48.650002,48.41,48.57,443800,32.140949
2007-04-10,48.419998,48.93,48.380001,48.919998,509600,32.372559
2007-04-11,48.82,49.040001,48.610001,48.790001,890500,32.286534
2007-04-12,48.720001,49.029999,48.630001,49.0,889200,32.4255
2007-04-13,49.099998,49.119999,48.619999,48.700001,1143300,32.226977
2007-04-16,48.740002,49.009998,48.52,48.990002,938000,32.418883
2007-04-17,49.57,49.57,48.759998,49.240002,686500,32.58432
2007-04-18,48.990002,49.32,48.880001,49.09,634400,32.485057
2007-04-19,49.57,49.799999,48.689999,48.73,828700,32.246828
2007-04-20,49.099998,49.73,48.77,49.689999,1371200,32.882103
2007-04-23,49.549999,50.009998,49.549999,49.830002,770600,32.974749
2007-04-24,49.740002,50.200001,49.549999,50.119999,865700,33.166653
2007-04-25,50.650002,51.540001,50.580002,51.439999,1870300,34.040156
2007-04-26,51.43,51.82,51.43,51.459999,1536300,34.053392
2007-04-27,51.299999,51.400002,50.860001,50.98,1107400,33.735754
2007-04-30,50.900002,51.09,50.59,50.59,928800,33.477674
2007-05-01,50.610001,51.529999,50.610001,51.290001,1889900,33.940896
2007-05-02,51.110001,51.560001,50.82,51.349998,1190800,33.980599
2007-05-03,51.349998,51.939999,50.950001,51.5,1156200,34.079862
2007-05-04,51.490002,51.73,51.240002,51.389999,757300,34.00707
2007-05-07,51.380001,52.169998,51.360001,51.77,876900,34.258533
2007-05-08,51.75,51.91,51.509998,51.860001,1431700,34.318091
2007-05-09,51.84,52.040001,51.689999,51.93,1297300,34.364412
2007-05-10,51.799999,51.939999,51.700001,51.77,1704400,34.258533
2007-05-11,51.939999,52.049999,51.73,52.0,1492600,34.410734
2007-05-14,52.07,52.779999,51.959999,52.599998,1129700,34.80778
2007-05-15,52.759998,53.279999,52.57,52.630001,866900,34.827634
2007-05-16,52.720001,52.939999,52.549999,52.790001,747500,34.933513
2007-05-17,52.5,52.900002,52.5,52.799999,773300,34.94013
2007-05-18,52.860001,52.950001,52.66,52.919998,631100,35.019539
2007-05-21,53.099998,53.98,53.049999,53.73,1343700,35.555553
2007-05-22,53.790001,54.740002,53.740002,54.200001,2066400,35.866574
2007-05-23,54.150002,54.52,53.5,53.52,1886900,35.416587
2007-05-24,53.200001,53.389999,52.290001,52.330002,1281800,34.629111
2007-05-25,52.439999,52.900002,51.57,52.209999,1229700,34.5497
2007-05-29,52.299999,52.959999,52.240002,52.279999,869300,34.596022
2007-05-30,52.080002,52.849998,52.009998,52.779999,1332200,34.926895
2007-05-31,52.779999,53.060001,52.549999,52.880001,1632600,34.993071
2007-06-01,53.130001,53.43,52.48,52.709999,1423300,34.880573
2007-06-04,52.52,52.849998,52.080002,52.450001,1359400,34.70852
2007-06-05,52.470001,52.700001,52.18,52.400002,3076400,34.675433
2007-06-06,52.41,52.470001,51.369999,51.400002,3702600,34.013688
2007-06-07,51.400002,51.400002,49.330002,49.330002,3407400,32.643877
2007-06-08,49.290001,50.209999,49.099998,50.060001,1787900,33.12695
2007-06-11,50.060001,51.279999,50.060001,50.759998,2070000,33.59017
2007-06-12,50.57,50.759998,49.82,49.98,1046500,33.074009
2007-06-13,50.389999,51.299999,50.349998,51.240002,1297000,33.907809
2007-06-14,50.799999,51.169998,50.400002,50.98,1390200,34.088347
2007-06-15,51.220001,51.779999,51.09,51.380001,1073400,34.355812
2007-06-18,51.450001,51.57,50.759998,50.759998,638400,33.94124
2007-06-19,50.93,51.099998,50.439999,50.889999,803700,34.028167
2007-06-20,50.900002,51.099998,49.529999,49.549999,1582900,33.132161
2007-06-21,49.450001,50.02,49.25,49.48,1435800,33.085355
2007-06-22,49.470001,49.470001,48.240002,48.459999,1852700,32.40332
2007-06-25,48.279999,49.360001,48.23,48.560001,1335800,32.470188
2007-06-26,48.560001,49.09,47.950001,47.959999,2548000,32.068989
2007-06-27,47.5,48.619999,47.220001,48.549999,1919300,32.4635
2007-06-28,48.57,48.889999,48.189999,48.220001,1303600,32.242843
2007-06-29,48.310001,48.77,47.720001,48.220001,1947900,32.242843
2007-07-02,48.360001,48.740002,47.650002,48.700001,1800700,32.5638
2007-07-03,48.799999,49.650002,48.66,49.09,1049300,32.824577
2007-07-05,49.009998,49.349998,48.459999,48.990002,1261900,32.757712
2007-07-06,48.700001,48.900002,48.209999,48.619999,1121700,32.510306
2007-07-09,48.860001,49.16,48.650002,48.93,894600,32.717592
2007-07-10,48.560001,49.0,48.259998,48.259998,1246700,32.269587
2007-07-11,48.299999,49.110001,48.290001,49.110001,1491300,32.837951
2007-07-12,49.119999,50.669998,48.830002,50.669998,1919800,33.881061
2007-07-13,50.549999,51.18,50.34,50.900002,1286800,34.034855
2007-07-16,50.900002,51.259998,50.240002,50.330002,1022800,33.653718
2007-07-17,50.619999,50.630001,50.040001,50.09,907700,33.493238
2007-07-18,49.25,50.52,49.25,50.43,1305500,33.720583
2007-07-19,50.369999,51.389999,50.27,51.34,1129000,34.329065
2007-07-20,51.400002,51.700001,50.810001,50.889999,1368000,34.028167
2007-07-23,50.959999,51.740002,50.84,51.209999,788500,34.242138
2007-07-24,51.0,51.419998,49.400002,49.5,1571100,33.098728
2007-07-25,49.799999,50.189999,48.59,49.73,1959500,33.25252
2007-07-26,49.639999,49.790001,48.0,48.619999,2213200,32.510306
2007-07-27,48.619999,48.84,46.349998,46.349998,3494600,30.992445
2007-07-30,46.220001,47.52,46.009998,47.330002,2156700,31.647735
2007-07-31,47.5,48.150002,46.380001,46.380001,2104200,31.012506
2007-08-01,46.25,48.27,46.240002,48.220001,1858000,32.242843
2007-08-02,48.25,48.810001,47.66,48.119999,1483200,32.175975
2007-08-03,48.169998,48.549999,46.18,46.220001,2048100,30.90552
2007-08-06,46.59,48.43,45.990002,48.43,1326500,32.383261
2007-08-07,48.0,49.549999,47.720001,49.150002,1615600,32.864698
2007-08-08,49.34,50.529999,48.830002,49.889999,2193500,33.359506
2007-08-09,48.990002,49.849998,48.200001,48.259998,1858600,32.269587
2007-08-10,47.5,48.84,46.799999,48.040001,1669800,32.122484
2007-08-13,48.32,50.009998,48.130001,49.189999,1487300,32.891442
2007-08-14,48.610001,49.209999,47.52,47.52,1899700,31.774779
2007-08-15,47.310001,48.279999,46.509998,46.549999,1182700,31.126177
2007-08-16,46.200001,47.169998,45.259998,46.779999,1932200,31.279969
2007-08-17,48.27,48.509998,46.18,47.689999,2000300,31.888451
2007-08-20,47.580002,47.689999,46.560001,47.470001,1441900,31.741347
2007-08-21,47.049999,48.509998,47.029999,48.060001,1447000,32.135857
2007-08-22,48.380001,48.470001,47.790001,48.27,717000,32.276275
2007-08-23,48.549999,48.66,47.900002,48.220001,675700,32.242843
2007-08-24,48.299999,49.060001,47.880001,49.060001,692100,32.804518
2007-08-27,48.75,48.810001,47.450001,47.549999,1161000,31.794838
2007-08-28,46.75,47.580002,46.540001,46.599998,1288900,31.15961
2007-08-29,47.040001,48.150002,46.900002,48.119999,964200,32.175975
2007-08-30,47.75,48.25,47.330002,47.619999,643000,31.841645
2007-08-31,48.049999,48.189999,47.32,47.810001,777600,31.968692
2007-09-04,47.98,48.849998,47.889999,48.540001,752300,32.456814
2007-09-05,48.5,48.68,48.0,48.369999,1317800,32.34314
2007-09-06,48.439999,48.630001,47.880001,48.48,888900,32.416694
2007-09-07,47.099998,48.220001,47.099998,47.73,1145200,31.915198
2007-09-10,47.98,48.240002,47.279999,47.720001,805000,31.908512
2007-09-11,47.900002,48.110001,47.619999,48.080002,969100,32.149231
2007-09-12,48.049999,48.5,48.049999,48.279999,1470200,32.282961
2007-09-13,48.66,48.830002,48.200001,48.380001,778000,32.349828
2007-09-14,48.25,48.880001,48.220001,48.759998,779500,32.603918
2007-09-17,48.0,48.389999,47.639999,48.209999,1083100,32.590399
2007-09-18,48.549999,49.009998,47.939999,49.009998,1382600,33.131206
2007-09-19,49.189999,49.66,48.91,49.540001,1028800,33.489492
2007-09-20,49.540001,49.540001,48.720001,48.91,736900,33.063606
2007-09-21,49.459999,49.66,48.880001,49.220001,1386400,33.27317
2007-09-24,48.98,49.650002,48.91,49.200001,1453500,33.259649
2007-09-25,49.040001,49.810001,48.900002,49.18,998000,33.246129
2007-09-26,49.549999,49.790001,49.0,49.610001,805800,33.536813
2007-09-27,49.98,49.98,49.009998,49.580002,934800,33.516533
2007-09-28,49.599998,49.599998,48.279999,48.439999,1001700,32.745881
2007-10-01,48.740002,49.25,48.580002,49.080002,874900,33.178529
2007-10-02,49.169998,49.330002,48.689999,48.880001,559000,33.043326
2007-10-03,48.630001,48.779999,47.93,48.439999,721600,32.745881
2007-10-04,48.68,49.0,48.400002,48.98,561800,33.110926
2007-10-05,49.0,49.400002,48.700001,48.939999,609300,33.083885
2007-10-08,48.799999,49.380001,48.77,48.98,349200,33.110926
2007-10-09,49.029999,50.130001,48.869999,50.040001,1537200,33.827497
2007-10-10,49.990002,50.209999,49.73,49.970001,1306700,33.780176
2007-10-11,50.59,50.98,50.200001,50.389999,1163300,34.064099
2007-10-12,50.630001,51.189999,50.380001,50.529999,1311800,34.15874
2007-10-15,50.450001,50.82,49.25,49.68,773400,33.584133
2007-10-16,49.889999,49.91,49.110001,49.27,748200,33.30697
2007-10-17,49.650002,49.75,48.400002,48.759998,1031900,32.962203
2007-10-18,48.459999,48.93,48.439999,48.77,737900,32.968965
2007-10-19,48.779999,48.860001,47.529999,47.529999,1677000,32.130713
2007-10-22,47.25,48.18,47.049999,48.080002,725300,32.50252
2007-10-23,48.599998,48.599998,47.189999,47.540001,1064200,32.137474
2007-10-24,47.459999,48.189999,47.25,47.959999,1014800,32.421397
2007-10-25,48.0,48.669998,47.84,48.549999,818500,32.820242
2007-10-26,48.700001,48.990002,48.349998,48.970001,874000,33.104167
2007-10-29,49.080002,49.66,48.98,49.110001,720900,33.198808
2007-10-30,48.990002,49.84,48.990002,49.139999,885200,33.219088
2007-10-31,49.34,49.939999,49.099998,49.599998,961700,33.530051
2007-11-01,49.349998,49.68,48.59,48.720001,987000,32.935165
2007-11-02,48.869999,50.0,48.189999,48.990002,1780400,33.117688
2007-11-05,50.0,50.0,48.080002,48.970001,1117400,33.104167
2007-11-06,49.32,49.32,48.07,48.700001,791800,32.921645
2007-11-07,48.110001,48.400002,47.119999,47.119999,1404700,31.853549
2007-11-08,46.959999,48.580002,46.950001,48.560001,1639300,32.827004
2007-11-09,47.900002,48.68,47.610001,47.84,1620400,32.340276
2007-11-12,47.389999,48.09,47.389999,47.57,2154600,32.157754
2007-11-13,47.57,48.200001,47.27,48.200001,2084500,32.58364
2007-11-14,48.310001,48.450001,47.830002,47.91,1367000,32.387597
2007-11-15,48.029999,48.34,47.34,47.93,1780100,32.401117
2007-11-16,48.27,48.68,47.75,48.5,1179400,32.786442
2007-11-19,48.099998,48.77,47.830002,48.450001,1381600,32.752642
2007-11-20,48.43,49.25,48.200001,49.150002,1566800,33.225849
2007-11-21,48.650002,49.459999,48.650002,48.75,1450600,32.955445
2007-11-23,48.970001,48.970001,48.209999,48.759998,372600,32.962203
2007-11-26,48.66,49.549999,48.400002,48.540001,1245800,32.813483
2007-11-27,48.689999,49.220001,48.200001,48.599998,1298700,32.854042
2007-11-28,48.759998,49.240002,48.470001,48.700001,2046900,32.921645
2007-11-29,48.639999,48.990002,48.150002,48.48,1229300,32.772922
2007-11-30,48.959999,49.119999,48.599998,49.049999,1674500,33.158247
2007-12-03,48.830002,49.709999,48.830002,49.580002,1248700,33.516533
2007-12-04,49.290001,49.919998,49.0,49.919998,1677200,33.746374
2007-12-05,50.029999,50.799999,49.860001,50.799999,1311100,34.341263
2007-12-06,50.779999,51.0,50.189999,51.0,1049500,34.476465
2007-12-07,50.990002,51.150002,50.110001,50.5,1419500,34.13846
2007-12-10,50.540001,50.790001,50.279999,50.619999,1156000,34.219581
2007-12-11,50.799999,50.900002,49.400002,49.52,1469700,33.475972
2007-12-12,50.52,50.52,48.32,48.720001,2650800,32.935165
2007-12-13,48.189999,48.639999,47.75,48.560001,2197200,33.18804
2007-12-14,47.470001,47.610001,46.75,46.790001,2354800,31.978344
2007-12-17,46.68,46.93,45.740002,45.950001,2199100,31.404251
2007-12-18,46.0,46.369999,45.68,45.880001,1943600,31.35641
2007-12-19,46.0,46.200001,45.619999,45.849998,1478000,31.335905
2007-12-20,46.09,46.09,45.0,45.52,1357900,31.11037
2007-12-21,45.75,45.849998,44.900002,45.18,2342800,30.877998
2007-12-24,45.310001,45.599998,45.220001,45.400002,546800,31.028357
2007-12-26,45.200001,45.439999,44.950001,45.09,883200,30.816488
2007-12-27,45.09,45.439999,44.349998,44.349998,974200,30.310739
2007-12-28,44.419998,44.939999,44.18,44.669998,1101300,30.529441
2007-12-31,44.419998,44.900002,43.959999,43.959999,1481400,30.044196
2008-01-02,43.970001,44.450001,43.880001,44.049999,2183000,30.105706
2008-01-03,44.27,44.279999,43.34,43.380001,1545600,29.6478
2008-01-04,43.099998,43.59,43.0,43.0,1126600,29.38809
2008-01-07,43.34,43.68,43.110001,43.560001,1804900,29.77082
2008-01-08,43.75,43.990002,43.380001,43.450001,1583800,29.695641
2008-01-09,43.110001,44.209999,43.110001,44.209999,2449300,30.215057
2008-01-10,43.970001,44.970001,43.939999,44.509998,2205600,30.42009
2008-01-11,44.189999,44.650002,44.049999,44.299999,1819000,30.276567
2008-01-14,44.57,45.34,44.32,45.23,2626600,30.91217
2008-01-15,44.759998,45.220001,44.220001,44.259998,1967300,30.249229
2008-01-16,44.400002,44.93,44.18,44.369999,1906600,30.324408
2008-01-17,44.419998,44.59,42.990002,43.099998,1792000,29.456434
2008-01-18,43.48,43.709999,42.470001,42.700001,2273000,29.183058
2008-01-22,40.799999,42.150002,40.799999,41.580002,2565000,28.417601
2008-01-23,41.59,43.779999,41.279999,43.709999,4142800,29.873335
2008-01-24,43.470001,43.650002,41.75,41.900002,2440000,28.636303
2008-01-25,42.279999,42.439999,41.290001,41.470001,1180900,28.342422
2008-01-28,41.650002,42.360001,41.470001,41.970001,1583800,28.684144
2008-01-29,42.349998,42.68,41.779999,41.889999,1411900,28.629467
2008-01-30,42.560001,43.07,41.799999,41.919998,1780400,28.64997
2008-01-31,41.549999,42.970001,41.310001,42.630001,2558300,29.135217
2008-02-01,42.75,43.700001,42.599998,43.59,1355800,29.791322
2008-02-04,43.560001,44.240002,43.400002,43.900002,1085800,30.003191
2008-02-05,43.290001,43.459999,42.369999,42.450001,1105100,29.012197
2008-02-06,42.82,43.27,42.57,42.619999,849800,29.128381
2008-02-07,42.360001,42.5,41.330002,41.77,1634400,28.547455
2008-02-08,41.459999,41.950001,41.299999,41.860001,906900,28.608965
2008-02-11,41.93,42.099998,41.599998,41.889999,774700,28.629467
2008-02-12,42.0,42.310001,41.799999,42.18,701200,28.827667
2008-02-13,42.279999,42.669998,41.650002,41.73,878400,28.520116
2008-02-14,41.810001,42.290001,41.18,41.400002,722600,28.294581
2008-02-15,41.400002,41.900002,41.029999,41.77,1196900,28.547455
2008-02-19,42.25,42.700001,42.0,42.400002,1338800,28.978025
2008-02-20,41.950001,42.490002,41.810001,42.400002,879700,28.978025
2008-02-21,42.310001,42.59,41.18,42.59,1604700,29.107879
2008-02-22,42.700001,42.709999,41.23,41.689999,1409200,28.492778
2008-02-25,41.900002,42.02,41.5,41.790001,1457000,28.561124
2008-02-26,41.720001,42.139999,41.560001,42.049999,1120800,28.738818
2008-02-27,41.880001,42.279999,41.130001,41.200001,1402000,28.157892
2008-02-28,40.990002,41.490002,40.93,41.400002,1775500,28.294581
2008-02-29,41.52,41.52,39.619999,39.810001,1468000,27.207905
2008-03-03,39.84,40.279999,39.52,40.189999,1001700,27.467612
2008-03-04,40.009998,40.849998,40.009998,40.709999,1355700,27.823003
2008-03-05,40.900002,40.900002,40.169998,40.66,1111800,27.788831
2008-03-06,40.529999,40.59,39.52,39.549999,1159300,27.030208
2008-03-07,39.48,39.700001,38.98,39.52,1212800,27.009706
2008-03-10,39.5,39.75,38.98,39.450001,1602300,26.961865
2008-03-11,40.27,40.759998,39.709999,40.759998,1597200,27.857175
2008-03-12,41.060001,41.060001,40.060001,40.060001,1204000,27.378766
2008-03-13,39.950001,39.98,39.240002,39.799999,1095300,27.201069
2008-03-14,40.299999,40.299999,38.810001,39.27,1156600,26.838845
2008-03-17,38.48,39.189999,37.869999,38.790001,1295000,26.873483
2008-03-18,39.009998,39.540001,38.75,39.5,1012200,27.365366
2008-03-19,39.93,40.130001,38.82,38.82,872200,26.894266
2008-03-20,38.869999,39.419998,38.419998,39.209999,871600,27.164455
2008-03-24,39.299999,39.380001,38.650002,39.009998,626600,27.025896
2008-03-25,38.950001,39.060001,38.59,38.849998,1005900,26.915049
2008-03-26,38.73,39.169998,38.689999,38.869999,620300,26.928905
2008-03-27,39.34,39.5,38.959999,39.130001,1153500,27.109033
2008-03-28,39.459999,39.459999,38.560001,38.709999,1166300,26.818058
2008-03-31,38.709999,38.98,38.27,38.889999,1812800,26.942762
2008-04-01,38.970001,39.889999,38.950001,39.77,1151600,27.552421
2008-04-02,39.799999,40.470001,39.75,40.189999,828200,27.843393
2008-04-03,40.029999,40.41,39.689999,40.220001,784800,27.864179
2008-04-04,40.279999,41.310001,40.150002,40.59,932300,28.120512
2008-04-07,40.880001,40.880001,40.34,40.470001,822200,28.037377
2008-04-08,40.200001,40.509998,39.889999,39.990002,1060900,27.704837
2008-04-09,40.09,40.41,39.950001,40.200001,545100,27.850323
2008-04-10,40.5,40.580002,40.18,40.439999,1269200,28.016592
2008-04-11,40.040001,40.98,40.040001,40.66,1127300,28.169007
2008-04-14,40.73,41.110001,40.610001,41.080002,766800,28.459982
2008-04-15,41.09,41.720001,41.09,41.549999,1328800,28.785594
2008-04-16,41.82,42.360001,41.450001,42.360001,790900,29.346758
2008-04-17,42.150002,42.57,42.029999,42.299999,841200,29.305189
2008-04-18,42.830002,42.93,42.189999,42.57,665100,29.492244
2008-04-21,42.48,42.549999,41.82,41.900002,832400,29.028073
2008-04-22,41.700001,41.779999,41.25,41.450001,908000,28.716315
2008-04-23,41.950001,41.950001,41.32,41.490002,694600,28.744028
2008-04-24,41.790001,41.790001,41.029999,41.080002,1602400,28.459982
2008-04-25,41.32,41.509998,40.900002,41.040001,741700,28.43227
2008-04-28,41.0,41.450001,40.849998,40.919998,714200,28.349133
2008-04-29,40.98,41.16,40.5,40.560001,780200,28.099729
2008-04-30,40.610001,40.990002,40.259998,40.310001,1106100,27.92653
2008-05-01,41.990002,41.990002,40.830002,41.439999,1435400,28.709386
2008-05-02,41.73,41.880001,41.349998,41.349998,1167700,28.647034
2008-05-05,41.130001,41.75,41.060001,41.720001,974600,28.90337
2008-05-06,41.740002,42.27,41.25,42.07,1031200,29.145847
2008-05-07,42.259998,42.509998,41.869999,42.139999,1282800,29.194342
2008-05-08,42.290001,42.759998,42.049999,42.400002,973500,29.37447
2008-05-09,42.240002,42.75,41.990002,42.490002,811300,29.436822
2008-05-12,42.689999,42.990002,42.529999,42.849998,785200,29.686225
2008-05-13,42.919998,43.040001,42.549999,42.91,639700,29.727794
2008-05-14,43.16,43.709999,42.91,43.66,915300,30.24739
2008-05-15,43.439999,43.880001,43.27,43.77,776700,30.323597
2008-05-16,43.73,43.900002,43.5,43.830002,713600,30.365166
2008-05-19,43.77,44.509998,43.77,44.299999,1198700,30.690777
2008-05-20,43.990002,44.27,43.740002,43.82,872900,30.358237
2008-05-21,43.869999,44.41,43.52,43.66,1197500,30.24739
2008-05-22,43.41,44.169998,43.41,44.139999,677000,30.57993
2008-05-23,43.939999,43.939999,43.360001,43.5,991400,30.136543
2008-05-27,43.599998,43.82,43.450001,43.740002,1294100,30.302814
2008-05-28,43.77,44.25,43.650002,44.240002,983300,30.649211
2008-05-29,44.02,44.75,43.950001,44.52,894000,30.843193
2008-05-30,44.630001,44.82,44.02,44.240002,1901600,30.649211
2008-06-02,44.049999,44.23,43.32,43.549999,1212800,30.171182
2008-06-03,43.860001,44.049999,43.549999,43.869999,1709600,30.392876
2008-06-04,43.700001,44.66,43.700001,44.509998,1103700,30.836264
2008-06-05,44.299999,44.810001,44.09,44.549999,1124300,30.863976
2008-06-06,44.360001,44.580002,43.509998,43.540001,996900,30.164255
2008-06-09,43.419998,44.450001,43.419998,44.360001,764700,30.732346
2008-06-10,43.970001,44.509998,43.860001,44.419998,673600,30.773912
2008-06-11,44.25,44.380001,43.619999,43.880001,1193300,30.399805
2008-06-12,43.720001,43.73,42.900002,43.529999,1351800,30.526032
2008-06-13,43.43,44.290001,43.150002,44.110001,768100,30.932767
2008-06-16,44.009998,44.009998,43.259998,43.709999,684900,30.65226
2008-06-17,43.799999,44.23,43.779999,44.040001,1126200,30.883679
2008-06-18,44.040001,44.279999,43.66,43.779999,572200,30.701349
2008-06-19,43.459999,44.080002,43.450001,43.849998,802100,30.750437
2008-06-20,43.619999,44.009998,42.990002,42.990002,877000,30.147352
2008-06-23,43.220001,43.84,43.060001,43.220001,669300,30.308642
2008-06-24,43.009998,43.279999,42.75,43.029999,750200,30.1754
2008-06-25,42.880001,43.970001,42.880001,43.689999,741500,30.638235
2008-06-26,43.380001,43.599998,42.279999,42.290001,1060700,29.656466
2008-06-27,42.27,42.650002,41.450001,41.450001,1101600,29.067404
2008-06-30,41.52,42.700001,41.509998,42.439999,1328100,29.761654
2008-07-01,42.060001,43.080002,41.860001,42.82,1985600,30.028135
2008-07-02,41.669998,43.93,41.470001,43.200001,2055900,30.294617
2008-07-03,43.470001,43.889999,42.59,42.709999,815500,29.950996
2008-07-07,42.810001,43.630001,42.599998,42.880001,1611300,30.070212
2008-07-08,42.790001,43.759998,42.599998,43.75,1490300,30.680311
2008-07-09,43.689999,44.970001,43.669998,44.43,1866800,31.157171
2008-07-10,44.52,44.93,44.209999,44.380001,1504300,31.122109
2008-07-11,44.049999,44.259998,43.560001,43.709999,1303600,30.65226
2008-07-14,44.139999,44.16,42.959999,43.130001,1013900,30.245528
2008-07-15,42.849998,43.369999,42.459999,43.02,1780300,30.168389
2008-07-16,43.110001,43.330002,42.02,42.290001,1476400,29.656466
2008-07-17,42.470001,42.529999,41.41,41.759998,1478100,29.284794
2008-07-18,41.720001,42.560001,41.5,41.919998,1230100,29.396997
2008-07-21,41.919998,42.419998,41.759998,42.209999,718500,29.600364
2008-07-22,41.91,42.669998,41.869999,42.009998,822700,29.46011
2008-07-23,42.0,42.209999,40.959999,41.279999,1113400,28.948188
2008-07-24,41.27,41.610001,40.959999,41.32,1245100,28.976239
2008-07-25,41.490002,41.689999,41.0,41.029999,775000,28.772872
2008-07-28,41.02,41.279999,40.66,40.990002,1150200,28.744823
2008-07-29,40.84,41.139999,40.650002,41.07,849300,28.800923
2008-07-30,40.959999,41.720001,40.959999,41.549999,1230300,29.13753
2008-07-31,41.139999,41.389999,40.330002,40.98,2258600,28.737809
2008-08-01,41.040001,41.189999,39.799999,39.810001,1366700,27.917331
2008-08-04,39.599998,40.0,39.509998,39.689999,1383900,27.833178
2008-08-05,39.900002,40.93,39.509998,40.93,1374700,28.702746
2008-08-06,40.799999,41.189999,40.509998,40.66,1388600,28.513405
2008-08-07,40.560001,40.880001,40.0,40.189999,2189800,28.18381
2008-08-08,40.389999,41.02,40.09,40.98,915500,28.737809
2008-08-11,40.98,41.740002,40.529999,41.349998,1461400,28.997276
2008-08-12,41.02,41.529999,40.959999,41.220001,778000,28.906114
2008-08-13,41.240002,41.66,40.970001,41.450001,608500,29.067404
2008-08-14,41.299999,41.540001,40.689999,41.27,552100,28.941176
2008-08-15,41.360001,42.990002,41.189999,41.700001,703700,29.24272
2008-08-18,41.860001,42.400002,41.82,42.299999,889700,29.663478
2008-08-19,42.189999,42.5,41.639999,42.189999,703300,29.586338
2008-08-20,42.220001,42.27,41.75,42.049999,797800,29.488162
2008-08-21,41.59,42.279999,41.59,42.080002,575300,29.509201
2008-08-22,42.25,42.59,42.150002,42.490002,422200,29.79672
2008-08-25,42.360001,42.48,41.73,41.849998,701600,29.347908
2008-08-26,41.799999,42.040001,41.560001,41.919998,636500,29.396997
2008-08-27,41.939999,42.630001,41.77,42.48,656700,29.789706
2008-08-28,42.650002,42.720001,42.380001,42.689999,1763600,29.93697
2008-08-29,42.580002,42.849998,42.110001,42.16,595100,29.565301
2008-09-02,42.130001,42.849998,41.639999,41.799999,850500,29.312846
2008-09-03,41.779999,41.799999,41.349998,41.689999,877100,29.235706
2008-09-04,41.549999,41.830002,41.299999,41.630001,961900,29.193632
2008-09-05,41.41,41.540001,40.869999,41.439999,994000,29.06039
2008-09-08,41.799999,43.110001,41.779999,43.110001,1000500,30.231503
2008-09-09,43.189999,43.93,42.75,43.169998,1783200,30.273577
2008-09-10,43.27,43.860001,43.099998,43.52,1411000,30.519021
2008-09-11,42.93,43.669998,42.389999,43.419998,1291400,30.824279
2008-09-12,43.23,43.900002,43.060001,43.639999,758300,30.98046
2008-09-15,42.810001,43.950001,42.650002,43.0,1163600,30.526119
2008-09-16,42.790001,42.970001,41.650002,42.650002,2467200,30.277651
2008-09-17,42.060001,42.450001,41.080002,41.099998,1644800,29.177289
2008-09-18,41.34,42.310001,40.939999,42.049999,2303200,29.851704
2008-09-19,42.32,44.189999,40.77,42.330002,2444100,30.05048
2008-09-22,42.299999,42.299999,41.09,41.330002,912500,29.340571
2008-09-23,41.34,41.779999,40.580002,40.610001,983800,28.829435
2008-09-24,40.580002,41.049999,40.18,40.830002,822300,28.985616
2008-09-25,41.099998,41.57,40.830002,41.099998,1302300,29.177289
2008-09-26,40.73,41.099998,40.119999,40.77,1341200,28.94302
2008-09-29,40.360001,40.5,39.029999,39.41,2538100,27.977543
2008-09-30,40.110001,40.119999,38.779999,40.119999,1332000,28.481578
2008-10-01,39.810001,40.919998,39.549999,40.709999,1009800,28.900425
2008-10-02,38.93,40.91,38.93,40.0,1213900,28.396389
2008-10-03,40.470001,40.709999,39.040001,39.419998,1841100,27.984641
2008-10-06,38.919998,39.439999,36.369999,37.529999,1298100,26.642912
2008-10-07,37.849998,38.369999,36.139999,36.150002,1547500,25.663238
2008-10-08,36.0,36.349998,34.669998,35.110001,1954500,24.924931
2008-10-09,35.040001,35.299999,32.0,32.0,2016200,22.717112
2008-10-10,31.0,31.889999,27.82,30.42,3371800,21.595454
2008-10-13,31.959999,33.889999,30.5,33.849998,1587700,24.030444
2008-10-14,35.560001,35.98,33.27,34.509998,3298300,24.498984
2008-10-15,34.41,34.740002,31.809999,32.439999,2305600,23.029471
2008-10-16,32.799999,33.91,31.26,33.709999,2219400,23.931057
2008-10-17,33.07,35.360001,32.389999,33.68,1484600,23.90976
2008-10-20,33.990002,36.490002,33.389999,36.290001,1800500,25.762625
2008-10-21,36.009998,36.639999,34.450001,34.799999,1018900,24.704858
2008-10-22,34.099998,34.810001,32.619999,33.48,1334900,23.767778
2008-10-23,33.75,35.529999,32.52,33.91,2095200,24.073039
2008-10-24,31.99,33.84,31.5,33.009998,1403400,23.434119
2008-10-27,32.540001,33.75,32.0,32.369999,1469100,22.979777
2008-10-28,33.18,36.84,32.34,36.57,1601600,25.961399
2008-10-29,36.299999,36.57,34.240002,34.880001,1283600,24.761652
2008-10-30,36.080002,36.700001,35.02,36.57,1090600,25.961399
2008-10-31,36.5,36.91,34.970001,35.299999,1946300,25.059813
2008-11-03,35.509998,38.27,35.0,38.02,2261600,26.990769
2008-11-04,38.779999,38.790001,37.709999,38.110001,1779300,27.054661
2008-11-05,36.25,37.459999,36.25,36.919998,1548600,26.209866
2008-11-06,36.599998,37.009998,35.110001,35.52,1285100,25.215994
2008-11-07,35.560001,38.09,35.560001,37.91,1400800,26.912678
2008-11-10,38.470001,38.5,35.959999,36.459999,1191800,25.883308
2008-11-11,35.950001,36.950001,35.25,36.07,1256500,25.606444
2008-11-12,35.34,35.689999,34.799999,35.049999,974300,24.882336
2008-11-13,35.299999,37.880001,34.68,37.880001,1684400,26.891382
2008-11-14,37.330002,38.490002,36.240002,36.77,933300,26.103381
2008-11-17,36.330002,37.150002,35.580002,36.23,1099100,25.720029
2008-11-18,36.080002,36.84,35.080002,36.310001,1188600,25.776824
2008-11-19,36.209999,37.23,35.200001,35.200001,1031700,24.988823
2008-11-20,34.869999,35.639999,33.049999,33.599998,1670700,23.852966
2008-11-21,34.349998,36.75,33.5,36.73,1701100,26.074984
2008-11-24,37.310001,37.380001,35.549999,35.849998,1477000,25.450263
2008-11-25,36.560001,37.369999,35.32,36.150002,1494200,25.663238
2008-11-26,35.389999,36.369999,35.310001,36.360001,1046700,25.812318
2008-11-28,36.0,37.220001,36.0,37.189999,458600,26.401542
2008-12-01,36.860001,36.860001,34.919998,34.939999,928800,24.804245
2008-12-02,35.200001,35.849998,34.68,35.650002,831300,25.308283
2008-12-03,35.02,36.099998,34.779999,36.07,839800,25.606444
2008-12-04,35.68,36.009998,33.02,33.610001,1286400,23.860067
2008-12-05,33.259998,34.34,32.400002,34.139999,1231600,24.236318
2008-12-08,34.860001,35.18,34.130001,34.610001,1252300,24.569976
2008-12-09,34.360001,35.450001,34.360001,34.610001,1171400,24.569976
2008-12-10,35.189999,35.779999,34.73,35.169998,950900,24.967524
2008-12-11,34.220001,35.09,34.080002,34.41,1342100,24.801749
2008-12-12,34.07,34.490002,33.389999,34.439999,1277400,24.823371
2008-12-15,34.43,34.68,33.560001,34.029999,1000000,24.527855
2008-12-16,34.139999,35.290001,34.119999,35.290001,1102300,25.436029
2008-12-17,34.509998,35.169998,34.380001,34.529999,866000,24.888241
2008-12-18,34.700001,35.43,34.380001,34.669998,939000,24.989148
2008-12-19,35.68,35.880001,34.709999,34.790001,1946700,25.075643
2008-12-22,34.529999,35.310001,34.41,35.0,1275200,25.227004
2008-12-23,35.540001,35.540001,34.330002,34.830002,1242500,25.104474
2008-12-24,34.849998,35.450001,34.740002,34.990002,289100,25.219798
2008-12-26,35.110001,35.400002,34.950001,35.18,280700,25.356743
2008-12-29,35.200001,35.459999,34.93,35.450001,667300,25.551352
2008-12-30,35.450001,35.790001,35.119999,35.790001,885300,25.796414
2008-12-31,35.740002,35.880001,35.389999,35.669998,899700,25.70992
2009-01-02,36.130001,36.380001,35.549999,36.209999,694900,26.099137
2009-01-05,36.049999,36.740002,35.700001,36.580002,1484500,26.365825
2009-01-06,36.759998,37.110001,36.060001,36.25,1694700,26.127969
2009-01-07,36.0,36.290001,35.439999,35.700001,1165900,25.731545
2009-01-08,35.68,35.799999,35.360001,35.799999,1085500,25.803621
2009-01-09,35.970001,36.049999,35.360001,35.599998,830600,25.659466
2009-01-12,35.650002,36.0,35.509998,35.75,1166100,25.767583
2009-01-13,35.68,35.740002,34.5,34.73,1102000,25.032396
2009-01-14,34.459999,34.459999,33.639999,34.16,932700,24.621556
2009-01-15,34.0,34.299999,33.68,34.299999,1132400,24.722464
2009-01-16,34.52,35.139999,34.310001,34.75,1230300,25.046811
2009-01-20,34.540001,34.959999,33.970001,34.110001,1380500,24.585518
2009-01-21,34.560001,34.560001,33.5,34.27,1349200,24.700841
2009-01-22,33.849998,34.59,33.799999,34.299999,1181400,24.722464
2009-01-23,33.849998,33.959999,33.119999,33.720001,1262200,24.304418
2009-01-26,33.849998,34.82,33.799999,34.470001,922300,24.844996
2009-01-27,34.549999,35.48,34.360001,35.310001,1091600,25.450444
2009-01-28,35.689999,35.740002,35.09,35.5,914600,25.58739
2009-01-29,35.130001,35.939999,34.77,34.93,873400,25.176551
2009-01-30,34.830002,35.490002,34.299999,34.5,1423800,24.866619
2009-02-02,34.209999,34.790001,33.959999,34.549999,876500,24.902657
2009-02-03,34.619999,34.689999,34.220001,34.380001,1069700,24.780127
2009-02-04,34.59,34.709999,34.16,34.52,1219500,24.881034
2009-02-05,34.369999,34.849998,33.91,34.700001,1265700,25.010773
2009-02-06,34.580002,35.259998,34.290001,34.959999,1217700,25.198173
2009-02-09,34.91,34.93,34.34,34.880001,973900,25.140512
2009-02-10,34.650002,34.880001,33.34,33.48,1293900,24.131431
2009-02-11,33.450001,33.740002,32.919998,33.200001,1357400,23.929616
2009-02-12,32.990002,33.060001,32.07,32.779999,1653700,23.626891
2009-02-13,32.779999,33.07,32.470001,32.630001,803800,23.518776
2009-02-17,32.240002,32.240002,30.73,30.73,1433300,22.149309
2009-02-18,30.940001,30.940001,30.27,30.540001,1619800,22.012364
2009-02-19,30.75,30.83,30.049999,30.17,1044500,21.745678
2009-02-20,30.129999,30.139999,28.950001,29.370001,1758500,21.169061
2009-02-23,29.66,29.950001,28.43,28.700001,1685000,20.686144
2009-02-24,28.15,29.43,27.969999,29.219999,2353300,21.060944
2009-02-25,29.030001,29.190001,28.17,28.5,2190300,20.541989
2009-02-26,28.690001,28.860001,27.6,27.700001,1485200,19.965373
2009-02-27,27.309999,27.51,26.74,26.77,2695400,19.295055
2009-03-02,26.309999,26.58,25.299999,25.360001,2187600,18.278767
2009-03-03,25.42,25.690001,24.030001,24.07,2169300,17.348971
2009-03-04,24.379999,25.15,23.84,24.809999,2277200,17.882342
2009-03-05,24.34,24.6,23.32,23.629999,2094200,17.031831
2009-03-06,23.809999,24.370001,23.370001,24.049999,1600200,17.334555
2009-03-09,23.75,24.059999,23.43,23.610001,1359200,17.017417
2009-03-10,23.99,24.57,23.77,24.459999,1934400,17.630071
2009-03-11,24.450001,25.49,24.450001,25.370001,2342600,18.285975
2009-03-12,25.120001,25.35,24.559999,25.26,1719300,18.595157
2009-03-13,25.190001,25.68,25.190001,25.540001,1692300,18.80128
2009-03-16,25.700001,26.6,25.700001,25.99,1690900,19.132547
2009-03-17,26.059999,26.139999,25.540001,26.02,1454800,19.154632
2009-03-18,25.809999,27.09,25.620001,26.92,1673900,19.817167
2009-03-19,27.15,27.4,26.67,27.299999,1449900,20.096903
2009-03-20,27.459999,27.870001,27.129999,27.200001,1434800,20.023289
2009-03-23,27.559999,28.610001,27.43,28.610001,1189700,21.061261
2009-03-24,28.34,28.620001,27.709999,27.969999,1153800,20.590124
2009-03-25,28.120001,28.790001,27.780001,28.309999,1447800,20.840415
2009-03-26,28.49,28.629999,27.889999,28.629999,1130100,21.075983
2009-03-27,28.33,28.459999,28.110001,28.27,914500,20.81097
2009-03-30,27.83,27.93,27.200001,27.629999,1092000,20.339833
2009-03-31,27.85,28.16,27.49,27.700001,1514300,20.391365
2009-04-01,27.4,27.860001,27.32,27.790001,1414800,20.457618
2009-04-02,28.280001,28.6,27.709999,28.34,1197400,20.8625
2009-04-03,28.389999,28.6,28.120001,28.540001,864300,21.009731
2009-04-06,28.23,28.84,28.23,28.68,1126000,21.112792
2009-04-07,28.299999,28.58,28.120001,28.18,980300,20.744716
2009-04-08,28.18,28.68,28.049999,28.59,1043800,21.046538
2009-04-09,29.290001,29.299999,28.52,28.870001,1017000,21.25266
2009-04-13,28.77,28.83,28.379999,28.629999,823100,21.075983
2009-04-14,28.35,28.389999,27.9,28.309999,1385100,20.840415
2009-04-15,28.32,28.809999,28.18,28.799999,1017600,21.201129
2009-04-16,29.030001,29.450001,28.709999,28.98,859100,21.333636
2009-04-17,28.99,29.25,28.84,29.040001,835800,21.377806
2009-04-20,28.700001,29.200001,28.49,28.83,794400,21.223214
2009-04-21,28.77,29.200001,28.370001,28.42,1262500,20.921392
2009-04-22,28.35,28.51,27.91,28.059999,1339400,20.656378
2009-04-23,28.059999,28.110001,27.67,27.93,1309500,20.560679
2009-04-24,28.09,28.16,27.610001,27.950001,932000,20.575402
2009-04-27,27.67,28.57,27.65,28.309999,1088800,20.840415
2009-04-28,28.15,28.5,27.93,28.110001,851300,20.693186
2009-04-29,28.059999,28.719999,27.99,28.6,783300,21.0539
2009-04-30,29.5,30.559999,29.0,29.57,2304700,21.767965
2009-05-01,29.620001,30.469999,29.5,30.469999,956200,22.4305
2009-05-04,30.540001,30.780001,30.120001,30.41,882300,22.386331
2009-05-05,30.139999,30.92,30.139999,30.799999,1243200,22.673429
2009-05-06,30.969999,31.26,30.68,30.940001,1768700,22.776491
2009-05-07,31.25,31.389999,30.969999,31.290001,1156600,23.034144
2009-05-08,31.700001,32.279999,31.49,31.65,1580300,23.299157
2009-05-11,31.32,31.549999,31.0,31.09,1249000,22.886914
2009-05-12,31.209999,31.290001,30.73,31.08,1242700,22.879552
2009-05-13,30.690001,31.030001,30.040001,30.1,1116900,22.158125
2009-05-14,30.200001,30.379999,29.66,29.92,1119500,22.025618
2009-05-15,29.959999,29.969999,29.17,29.440001,1264900,21.672266
2009-05-18,29.780001,30.049999,29.18,29.67,899000,21.84158
2009-05-19,29.67,30.290001,29.59,30.059999,733900,22.128678
2009-05-20,30.27,30.389999,29.49,29.530001,1118300,21.73852
2009-05-21,29.16,29.32,28.85,29.02,737800,21.363083
2009-05-22,29.030001,29.48,28.91,29.129999,532800,21.444058
2009-05-26,29.01,30.120001,28.9,30.120001,1040700,22.172848
2009-05-27,30.08,30.139999,29.24,29.34,857600,21.598651
2009-05-28,29.620001,30.41,29.43,30.24,1227800,22.261186
2009-05-29,30.469999,30.469999,29.84,30.25,1301900,22.268547
2009-06-01,30.540001,31.639999,30.52,31.559999,1061100,23.232904
2009-06-02,31.549999,31.629999,31.17,31.280001,1592400,23.026783
2009-06-03,31.32,31.360001,30.73,30.940001,1185600,22.776491
2009-06-04,31.120001,31.41,30.98,31.25,1009900,23.004698
2009-06-05,31.42,31.780001,31.059999,31.51,1396900,23.196097
2009-06-08,31.57,31.67,30.889999,31.219999,1050800,22.982613
2009-06-09,31.27,31.370001,30.610001,30.9,1001200,22.747045
2009-06-10,31.01,31.33,30.870001,31.33,1225300,23.06359
2009-06-11,30.98,31.780001,30.799999,31.530001,1320900,23.610228
2009-06-12,31.299999,32.099998,31.15,31.959999,908500,23.932218
2009-06-15,31.700001,31.809999,31.02,31.24,931200,23.39307
2009-06-16,31.24,31.4,30.879999,31.17,1062100,23.340653
2009-06-17,31.120001,31.73,31.01,31.35,1369000,23.47544
2009-06-18,31.34,32.0,30.799999,31.92,1042900,23.902266
2009-06-19,32.119999,32.18,31.27,31.299999,1406000,23.437998
2009-06-22,31.059999,31.66,31.059999,31.43,1455600,23.535346
2009-06-23,31.5,31.5,30.700001,30.83,969200,23.086055
2009-06-24,30.940001,31.379999,30.84,31.139999,947300,23.318188
2009-06-25,31.049999,31.940001,30.85,31.889999,857100,23.879801
2009-06-26,31.860001,32.080002,31.559999,31.959999,815200,23.932218
2009-06-29,32.009998,32.43,31.860001,32.41,851100,24.269187
2009-06-30,32.349998,32.349998,31.620001,32.0,1214200,23.962172
2009-07-01,32.119999,32.560001,31.99,32.52,684200,24.351557
2009-07-02,32.220001,32.220001,30.74,30.74,812000,23.018661
2009-07-06,31.01,32.299999,30.879999,32.220001,1435500,24.126912
2009-07-07,32.330002,32.330002,31.309999,31.360001,1004500,23.482929
2009-07-08,31.68,31.73,30.99,31.23,937400,23.385581
2009-07-09,31.309999,31.440001,30.83,31.24,700300,23.39307
2009-07-10,31.129999,31.190001,30.59,30.860001,1221500,23.10852
2009-07-13,30.93,31.51,30.75,31.49,919600,23.580274
2009-07-14,31.59,31.85,31.200001,31.85,772600,23.849849
2009-07-15,32.110001,32.610001,31.969999,32.580002,1273300,24.396487
2009-07-16,32.509998,32.869999,32.130001,32.73,898300,24.508808
2009-07-17,32.720001,32.75,32.27,32.610001,776200,24.418951
2009-07-20,32.849998,32.849998,32.360001,32.779999,512300,24.546249
2009-07-21,33.169998,33.169998,32.73,33.080002,551800,24.770896
2009-07-22,33.029999,33.32,32.869999,33.049999,577900,24.74843
2009-07-23,33.009998,34.099998,32.880001,34.029999,980700,25.482271
2009-07-24,34.0,34.709999,34.0,34.700001,631200,25.98398
2009-07-27,34.700001,34.990002,34.580002,34.950001,593500,26.171185
2009-07-28,34.810001,34.860001,34.310001,34.630001,884700,25.931563
2009-07-29,34.369999,34.75,33.970001,34.32,976900,25.699429
2009-07-30,34.599998,35.23,34.369999,35.080002,769300,26.268532
2009-07-31,35.25,35.549999,34.23,34.459999,1425800,25.804263
2009-08-03,34.439999,34.830002,34.029999,34.240002,828900,25.639525
2009-08-04,34.130001,34.439999,34.02,34.220001,576800,25.624548
2009-08-05,34.299999,34.389999,33.709999,33.91,724200,25.392414
2009-08-06,34.099998,34.099998,33.650002,33.830002,638600,25.33251
2009-08-07,34.099998,34.57,33.830002,34.419998,663200,25.774309
2009-08-10,34.380001,34.380001,33.869999,34.240002,586000,25.639525
2009-08-11,34.209999,34.220001,33.939999,34.119999,601400,25.549665
2009-08-12,34.029999,34.349998,33.830002,34.060001,852600,25.504737
2009-08-13,33.889999,34.150002,33.73,33.939999,645200,25.414877
2009-08-14,33.84,34.279999,33.700001,34.110001,705000,25.542178
2009-08-17,33.91,34.419998,33.529999,33.970001,796900,25.437344
2009-08-18,33.959999,34.09,33.75,34.0,534400,25.459807
2009-08-19,33.799999,34.849998,33.759998,34.709999,990400,25.991467
2009-08-20,34.790001,34.849998,34.32,34.779999,697600,26.043884
2009-08-21,35.0,35.360001,34.77,35.34,853600,26.463223
2009-08-24,35.619999,35.619999,35.099998,35.349998,687200,26.47071
2009-08-25,35.380001,35.700001,35.189999,35.419998,703200,26.523127
2009-08-26,35.400002,35.580002,35.169998,35.400002,659600,26.508153
2009-08-27,35.27,35.459999,35.09,35.220001,585800,26.373366
2009-08-28,35.32,35.470001,34.810001,35.049999,637400,26.246065
2009-08-31,34.919998,35.060001,34.720001,34.779999,777400,26.043884
2009-09-01,34.740002,35.169998,34.389999,34.43,880200,25.781799
2009-09-02,34.299999,34.540001,33.970001,34.18,887000,25.594595
2009-09-03,34.439999,34.639999,34.130001,34.630001,852000,25.931563
2009-09-04,34.73,34.880001,34.419998,34.880001,553900,26.118768
2009-09-08,35.060001,35.119999,34.849998,34.950001,675100,26.171185
2009-09-09,34.990002,35.360001,34.919998,35.029999,1014900,26.231089
2009-09-10,35.200001,35.360001,34.790001,35.32,914200,26.448247
2009-09-11,35.349998,35.389999,35.0,35.119999,683500,26.298482
2009-09-14,35.16,35.779999,35.099998,35.73,1161500,26.755262
2009-09-15,35.740002,35.93,35.580002,35.889999,1918400,26.875073
2009-09-16,36.099998,36.459999,35.790001,36.400002,1129200,27.256971
2009-09-17,35.700001,36.150002,35.130001,35.34,1257300,26.854231
2009-09-18,35.450001,35.66,35.09,35.25,1364200,26.785842
2009-09-21,35.16,35.23,34.950001,35.169998,673600,26.72505
2009-09-22,35.240002,35.439999,34.68,34.700001,955800,26.367907
2009-09-23,34.810001,35.66,34.790001,34.98,1253600,26.580673
2009-09-24,35.169998,35.369999,34.950001,35.119999,862200,26.687056
2009-09-25,35.099998,35.330002,35.0,35.029999,463700,26.618667
2009-09-28,35.080002,35.580002,35.080002,35.419998,354600,26.91502
2009-09-29,35.43,35.66,35.240002,35.580002,577100,27.036604
2009-09-30,35.57,35.599998,35.029999,35.139999,934600,26.702254
2009-10-01,35.299999,35.299999,34.720001,34.759998,1054400,26.413498
2009-10-02,34.599998,34.75,34.0,34.040001,902700,25.866385
2009-10-05,34.310001,34.330002,33.75,34.220001,980500,26.003164
2009-10-06,34.259998,34.57,34.0,34.57,1097700,26.269122
2009-10-07,34.459999,34.790001,34.330002,34.779999,688500,26.428696
2009-10-08,34.93,35.040001,34.689999,34.880001,635000,26.504686
2009-10-09,34.939999,35.119999,34.700001,35.119999,632300,26.687056
2009-10-12,35.189999,35.720001,35.150002,35.509998,808800,26.98341
2009-10-13,35.549999,35.73,35.290001,35.68,1377500,27.112591
2009-10-14,35.869999,36.0,35.540001,35.959999,1213100,27.325357
2009-10-15,35.950001,36.389999,35.75,36.330002,1082200,27.606516
2009-10-16,35.93,36.740002,35.93,36.529999,1345300,27.75849
2009-10-19,36.560001,38.5,36.279999,37.900002,4057800,28.79953
2009-10-20,38.240002,38.669998,37.849998,38.66,3700700,29.377039
2009-10-21,38.610001,39.07,38.099998,38.599998,2109600,29.331445
2009-10-22,38.599998,38.759998,38.139999,38.610001,1156800,29.339046
2009-10-23,38.740002,38.84,37.759998,37.849998,953100,28.761534
2009-10-26,37.880001,38.330002,37.360001,37.549999,1340200,28.53357
2009-10-27,37.650002,38.330002,37.650002,37.93,1209100,28.822326
2009-10-28,37.970001,37.990002,37.419998,37.610001,1285700,28.579164
2009-10-29,37.709999,38.509998,37.299999,38.48,1820900,29.24026
2009-10-30,38.41,38.41,36.889999,36.98,2508700,28.100437
2009-11-02,37.119999,37.279999,36.650002,37.049999,1335600,28.153629
2009-11-03,36.93,37.630001,36.810001,37.59,1594200,28.563966
2009-11-04,37.700001,38.380001,37.529999,37.73,1521300,28.670349
2009-11-05,37.869999,38.580002,37.869999,38.540001,1132600,29.285854
2009-11-06,38.369999,38.700001,38.130001,38.34,1117300,29.133877
2009-11-09,38.5,39.240002,38.48,39.189999,1715200,29.779776
2009-11-10,39.09,39.439999,38.970001,39.290001,1072600,29.855766
2009-11-11,39.490002,39.740002,39.32,39.509998,1010100,30.022938
2009-11-12,39.310001,40.040001,39.290001,39.450001,1772000,29.977347
2009-11-13,39.59,39.799999,39.330002,39.68,1504100,30.152119
2009-11-16,39.880001,40.240002,39.77,40.200001,1351700,30.547258
2009-11-17,40.299999,40.52,40.130001,40.209999,1174100,30.554856
2009-11-18,40.169998,40.700001,40.09,40.27,1698100,30.60045
2009-11-19,40.0,40.16,39.580002,39.849998,1259000,30.281298
2009-11-20,39.700001,39.919998,39.549999,39.68,1640800,30.152119
2009-11-23,39.889999,40.439999,39.889999,40.139999,795900,30.501664
2009-11-24,40.279999,40.400002,39.950001,40.27,1128100,30.60045
2009-11-25,40.330002,40.73,40.209999,40.59,1306100,30.843612
2009-11-27,39.98,40.369999,39.52,39.830002,457200,30.266103
2009-11-30,39.790001,40.23,39.779999,40.110001,1023400,30.478869
2009-12-01,40.459999,41.040001,40.459999,41.0,1330500,31.155163
2009-12-02,41.02,41.93,40.759998,41.880001,2219300,31.82386
2009-12-03,41.950001,42.540001,41.810001,42.119999,1367700,32.00623
2009-12-04,42.59,42.610001,41.650002,42.169998,1592100,32.044224
2009-12-07,42.279999,42.889999,42.09,42.639999,1432900,32.401369
2009-12-08,42.490002,42.66,42.009998,42.610001,1059500,32.378574
2009-12-09,42.529999,42.849998,42.380001,42.75,1076700,32.484957
2009-12-10,42.900002,43.43,42.73,43.209999,897100,32.834502
2009-12-11,43.240002,44.060001,43.07,43.950001,1172500,33.396816
2009-12-14,44.27,44.34,43.950001,44.169998,902000,33.563988
2009-12-15,44.09,44.09,43.540001,43.939999,1135900,33.389215
2009-12-16,44.169998,44.169998,43.599998,43.810001,1602000,33.290433
2009-12-17,43.189999,43.189999,42.43,42.48,1887200,32.675083
2009-12-18,42.560001,43.02,42.310001,42.98,1626800,33.059676
2009-12-21,43.240002,43.369999,43.139999,43.299999,1196200,33.305816
2009-12-22,43.299999,43.529999,43.16,43.369999,1129300,33.359659
2009-12-23,43.299999,43.959999,43.299999,43.93,976100,33.790405
2009-12-24,43.950001,44.599998,43.950001,44.57,387400,34.282684
2009-12-28,44.59,44.869999,44.41,44.639999,501900,34.336527
2009-12-29,44.75,44.959999,44.549999,44.599998,711600,34.305759
2009-12-30,44.490002,44.630001,44.18,44.349998,738100,34.113462
2009-12-31,44.400002,44.650002,43.59,43.59,767200,33.528881
2010-01-04,43.900002,44.220001,43.439999,43.540001,1421600,33.490422
2010-01-05,43.41,43.790001,42.740002,43.049999,2127200,33.113519
2010-01-06,43.049999,43.599998,43.02,43.23,1531800,33.251973
2010-01-07,43.220001,43.310001,42.610001,42.830002,1210200,32.9443
2010-01-08,42.689999,43.23,42.450001,43.16,948800,33.19813
2010-01-11,43.43,43.779999,43.040001,43.77,1229800,33.667335
2010-01-12,43.59,44.040001,43.310001,43.73,2342800,33.636567
2010-01-13,43.970001,44.18,43.790001,44.119999,1119600,33.936549
2010-01-14,44.139999,44.349998,43.830002,44.290001,1011000,34.067313
2010-01-15,44.18,44.18,43.43,43.93,1350600,33.790405
2010-01-19,44.040001,44.419998,43.939999,44.330002,1124200,34.098081
2010-01-20,43.84,44.049999,43.34,43.880001,1508000,33.751946
2010-01-21,43.779999,44.169998,42.68,42.849998,2047300,32.959681
2010-01-22,42.810001,42.869999,42.009998,42.060001,2046900,32.352025
2010-01-25,42.470001,42.93,41.91,42.66,1676700,32.813537
2010-01-26,42.41,43.349998,42.41,43.040001,1629600,33.105829
2010-01-27,42.93,42.93,42.25,42.75,1079600,32.882764
2010-01-28,42.810001,42.830002,42.25,42.400002,1075200,32.613549
2010-01-29,42.599998,42.77,42.029999,42.040001,1304900,32.336641
2010-02-01,42.23,42.610001,41.82,42.610001,1048400,32.775078
2010-02-02,42.560001,43.049999,42.080002,43.029999,812000,33.098135
2010-02-03,42.939999,43.040001,42.509998,42.68,533100,32.828921
2010-02-04,42.389999,42.57,41.75,41.75,1295800,32.113576
2010-02-05,41.68,41.860001,41.25,41.779999,2091000,32.136651
2010-02-08,41.84,42.009998,41.43,41.5,1257300,31.921279
2010-02-09,41.970001,42.580002,41.59,42.0,1315700,32.305873
2010-02-10,42.029999,42.279999,41.630001,41.950001,1080700,32.267414
2010-02-11,41.810001,42.34,41.310001,42.330002,886300,32.559706
2010-02-12,41.98,42.119999,41.599998,41.950001,1109400,32.267414
2010-02-16,42.310001,43.07,42.23,43.07,824200,33.128903
2010-02-17,43.290001,43.299999,42.75,42.880001,934500,32.982759
2010-02-18,42.720001,43.610001,42.720001,43.59,1161100,33.528881
2010-02-19,43.43,44.900002,43.43,44.599998,2801300,34.305759
2010-02-22,44.68,44.990002,44.470001,44.619999,1267000,34.321143
2010-02-23,44.450001,44.619999,43.880001,43.990002,1860500,33.836557
2010-02-24,44.130001,44.330002,43.57,44.259998,1238400,34.044235
2010-02-25,43.860001,43.990002,43.189999,43.950001,1286900,33.805789
2010-02-26,43.950001,44.099998,43.349998,43.419998,1240000,33.398118
2010-03-01,43.709999,44.369999,43.66,44.310001,1320900,34.082697
2010-03-02,44.529999,44.779999,44.459999,44.650002,964800,34.344221
2010-03-03,44.82,45.23,44.549999,44.59,1410900,34.298069
2010-03-04,44.759998,44.82,44.32,44.700001,999500,34.38268
2010-03-05,44.889999,45.139999,44.68,45.040001,1073100,34.644203
2010-03-08,44.98,45.099998,44.779999,44.84,1158100,34.490365
2010-03-09,44.610001,44.990002,44.509998,44.939999,1566800,34.567283
2010-03-10,44.91,44.950001,44.380001,44.810001,1342700,34.467291
2010-03-11,44.720001,44.91,44.57,44.91,654600,34.544208
2010-03-12,45.09,45.139999,44.52,44.869999,742700,34.51344
2010-03-15,44.759998,45.09,44.720001,45.060001,994700,34.659588
2010-03-16,45.07,45.630001,44.970001,45.610001,926900,35.08264
2010-03-17,45.740002,45.93,45.43,45.82,1270000,35.244169
2010-03-18,45.209999,45.299999,45.029999,45.139999,1164300,35.12744
2010-03-19,45.099998,45.360001,44.759998,45.099998,1348600,35.096312
2010-03-22,44.919998,45.080002,44.740002,44.959999,789200,34.987366
2010-03-23,44.939999,45.32,44.77,45.279999,1044300,35.236386
2010-03-24,45.189999,45.32,44.970001,45.040001,1798000,35.049623
2010-03-25,45.23,45.310001,44.630001,44.689999,1176600,34.777255
2010-03-26,44.700001,45.040001,44.41,44.700001,1124300,34.785038
2010-03-29,44.880001,45.380001,44.799999,45.380001,732100,35.314207
2010-03-30,45.34,45.540001,45.119999,45.200001,1110900,35.174133
2010-03-31,45.07,45.099998,44.419998,44.599998,1536800,34.707218
2010-04-01,44.700001,45.52,44.700001,45.380001,786800,35.314207
2010-04-05,45.459999,45.75,45.279999,45.75,677600,35.602136
2010-04-06,45.52,46.490002,45.009998,46.48,936100,36.170213
2010-04-07,46.48,46.560001,45.869999,46.119999,622500,35.890065
2010-04-08,46.07,46.080002,45.700001,45.880001,782900,35.703301
2010-04-09,45.990002,46.130001,45.509998,46.119999,688900,35.890065
2010-04-12,46.299999,46.470001,46.139999,46.25,638400,35.99123
2010-04-13,46.240002,46.25,45.700001,46.029999,539300,35.820028
2010-04-14,46.040001,46.040001,45.580002,45.990002,1010700,35.788903
2010-04-15,45.990002,46.349998,45.619999,46.119999,1135400,35.890065
2010-04-16,46.049999,46.209999,45.200001,45.639999,1515000,35.516535
2010-04-19,45.490002,46.080002,45.490002,45.900002,1250800,35.718866
2010-04-20,46.169998,46.299999,45.959999,46.209999,880600,35.960102
2010-04-21,46.209999,46.91,46.189999,46.82,1357600,36.434798
2010-04-22,46.639999,47.330002,46.439999,47.259998,1227800,36.7772
2010-04-23,47.299999,47.98,47.009998,47.93,1147700,37.298588
2010-04-26,47.82,47.970001,47.509998,47.549999,874400,37.002875
2010-04-27,47.32,47.68,46.720001,46.869999,1159700,36.473707
2010-04-28,47.209999,48.490002,47.009998,48.290001,1908200,37.578736
2010-04-29,48.450001,48.790001,48.009998,48.07,1534400,37.407534
2010-04-30,48.200001,48.779999,48.0,48.169998,1530400,37.485351
2010-05-03,48.310001,49.049999,48.139999,48.91,1292400,38.061212
2010-05-04,48.349998,48.630001,47.93,48.139999,1735300,37.462007
2010-05-05,47.939999,48.240002,47.41,47.639999,1375100,37.072912
2010-05-06,47.470001,47.669998,43.0,46.549999,2440700,36.224686
2010-05-07,46.52,46.880001,45.490002,45.689999,2631500,35.555444
2010-05-10,47.259998,47.59,46.650002,47.400002,1399700,36.886149
2010-05-11,46.98,48.310001,46.830002,47.720001,1073900,37.135169
2010-05-12,47.759998,48.169998,47.470001,47.950001,954800,37.314152
2010-05-13,47.810001,48.439999,47.599998,47.790001,1346200,37.189642
2010-05-14,47.540001,47.869999,47.060001,47.299999,1631200,36.808328
2010-05-17,47.299999,47.77,46.759998,47.599998,1095500,37.041784
2010-05-18,48.060001,48.259998,47.099998,47.169998,1553000,36.707163
2010-05-19,46.849998,47.150002,46.150002,46.490002,871000,36.177997
2010-05-20,45.509998,46.150002,45.0,45.099998,1863600,35.096312
2010-05-21,44.48,45.389999,44.189999,45.389999,1979800,35.321988
2010-05-24,44.93,45.529999,44.759998,44.860001,877200,34.909548
2010-05-25,43.939999,44.77,43.290001,44.740002,2041200,34.816167
2010-05-26,44.959999,45.380001,44.419998,44.540001,1614200,34.660528
2010-05-27,45.279999,45.540001,44.869999,45.490002,829300,35.399808
2010-05-28,45.529999,46.0,45.400002,45.509998,961800,35.415369
2010-06-01,45.220001,45.790001,44.91,44.91,1140800,34.948457
2010-06-02,45.200001,45.68,44.709999,45.619999,2239300,35.500971
2010-06-03,45.84,46.02,45.369999,45.900002,1342200,35.718866
2010-06-04,45.09,45.32,44.25,44.419998,1538100,34.567144
2010-06-07,44.439999,45.009998,43.990002,44.450001,1628600,34.590491
2010-06-08,44.57,45.169998,44.16,45.07,1861100,35.072967
2010-06-09,45.279999,45.84,44.919998,45.119999,2056100,35.111876
2010-06-10,45.650002,46.23,45.57,46.139999,1388200,35.905629
2010-06-11,45.77,46.18,45.369999,46.09,1464700,35.86672
2010-06-14,46.5,46.900002,46.41,46.5,884400,36.185778
2010-06-15,47.0,47.810001,46.779999,47.759998,1434900,37.166294
2010-06-16,47.549999,48.630001,47.540001,48.240002,1370800,37.539827
2010-06-17,47.73,48.41,47.439999,48.349998,1862700,38.043397
2010-06-18,48.470001,48.470001,48.09,48.349998,1603000,38.043397
2010-06-21,48.720001,48.810001,47.77,48.029999,677500,37.79161
2010-06-22,48.110001,48.189999,46.849998,47.009998,879900,36.98904
2010-06-23,46.959999,47.18,46.299999,46.509998,1093400,36.595623
2010-06-24,46.400002,47.09,46.310001,46.52,1111200,36.603493
2010-06-25,46.5,46.849998,45.939999,46.529999,1054400,36.61136
2010-06-28,46.540001,46.959999,46.189999,46.790001,652300,36.815939
2010-06-29,46.330002,46.380001,45.450001,45.619999,1118000,35.895342
2010-06-30,45.639999,46.25,45.360001,45.610001,1993500,35.887475
2010-07-01,45.459999,45.810001,44.93,45.080002,1357300,35.470454
2010-07-02,45.189999,45.740002,45.060001,45.470001,1251200,35.777319
2010-07-06,45.700001,46.259998,45.490002,45.919998,1076800,36.131391
2010-07-07,46.09,47.360001,45.860001,47.349998,1420700,37.256563
2010-07-08,47.619999,47.75,47.220001,47.400002,1108200,37.295907
2010-07-09,47.349998,47.77,47.09,47.73,957900,37.555561
2010-07-12,47.540001,47.919998,47.310001,47.669998,564500,37.50835
2010-07-13,48.0,48.349998,47.77,48.110001,924000,37.854558
2010-07-14,47.950001,48.02,47.48,47.919998,1245600,37.705058
2010-07-15,47.990002,48.349998,47.610001,48.240002,1074600,37.956848
2010-07-16,48.099998,48.130001,47.040001,47.130001,1364800,37.083462
2010-07-19,47.139999,47.82,46.869999,47.68,718300,37.51622
2010-07-20,46.880001,47.779999,46.610001,47.759998,1600900,37.579165
2010-07-21,47.869999,47.869999,46.529999,46.830002,1376500,36.847413
2010-07-22,47.09,47.830002,47.02,47.700001,1020400,37.531957
2010-07-23,47.720001,48.09,47.34,48.060001,802700,37.815217
2010-07-26,48.200001,48.389999,47.91,48.389999,1127300,38.074871
2010-07-27,48.509998,49.0,48.27,48.970001,2743800,38.531236
2010-07-28,48.799999,48.970001,48.450001,48.669998,1145000,38.295183
2010-07-29,48.950001,49.060001,47.84,48.16,1064200,37.8939
2010-07-30,45.599998,47.240002,45.599998,46.16,3387800,36.320233
2010-08-02,46.59,46.939999,46.0,46.52,2019300,36.603493
2010-08-03,46.299999,46.509998,46.130001,46.279999,1485100,36.414652
2010-08-04,46.369999,46.57,45.990002,46.450001,1550100,36.548415
2010-08-05,46.290001,46.84,46.169998,46.790001,1100600,36.815939
2010-08-06,46.59,46.959999,46.209999,46.830002,1552100,36.847413
2010-08-09,46.950001,47.860001,46.900002,47.330002,1197800,37.240829
2010-08-10,47.02,47.509998,46.630001,47.27,1651400,37.193618
2010-08-11,46.799999,46.799999,46.169998,46.23,1201800,36.375311
2010-08-12,45.169998,46.580002,45.169998,46.18,1280700,36.33597
2010-08-13,45.939999,46.66,45.889999,46.209999,798800,36.359574
2010-08-16,45.98,46.48,45.599998,46.41,1192400,36.516941
2010-08-17,46.740002,46.849998,46.459999,46.610001,2066800,36.674308
2010-08-18,46.669998,46.68,46.080002,46.439999,2150200,36.540545
2010-08-19,46.330002,46.369999,45.5,45.860001,1219800,36.084183
2010-08-20,45.439999,46.0,45.290001,45.91,956100,36.123524
2010-08-23,46.009998,46.580002,45.939999,46.16,729900,36.320233
2010-08-24,45.740002,46.5,45.639999,46.150002,1061300,36.312366
2010-08-25,45.869999,46.32,45.509998,46.16,2229800,36.320233
2010-08-26,46.240002,46.639999,46.009998,46.139999,1058600,36.304496
2010-08-27,46.369999,47.25,45.959999,47.130001,1143100,37.083462
2010-08-30,46.959999,47.279999,46.57,46.619999,745800,36.682175
2010-08-31,46.529999,47.049999,46.150002,46.849998,1462100,36.863147
2010-09-01,47.189999,47.959999,47.09,47.830002,1746300,37.634246
2010-09-02,48.0,48.0,47.169998,47.43,1031500,37.319511
2010-09-03,47.720001,47.790001,47.200001,47.540001,962100,37.406064
2010-09-07,47.200001,47.400002,46.900002,47.18,3323500,37.122803
2010-09-08,47.23,47.349998,46.779999,46.950001,3158900,36.941832
2010-09-09,47.299999,47.349998,46.98,47.099998,892500,37.059855
2010-09-10,47.02,47.560001,46.669998,47.470001,1607800,37.350986
2010-09-13,47.75,47.959999,47.380001,47.84,1265600,37.642113
2010-09-14,47.740002,48.389999,47.610001,48.25,1509900,37.964715
2010-09-15,47.889999,48.419998,47.889999,48.189999,1781500,37.917504
2010-09-16,47.549999,47.549999,46.509998,46.689999,1608400,37.169185
2010-09-17,46.93,47.060001,46.23,46.310001,2211100,36.866675
2010-09-20,46.310001,46.709999,46.27,46.549999,1474300,37.057734
2010-09-21,46.610001,46.689999,45.759998,45.990002,2638900,36.611929
2010-09-22,45.810001,46.459999,45.799999,46.119999,1409000,36.715417
2010-09-23,45.919998,46.040001,45.41,45.470001,1165200,36.197964
2010-09-24,45.759998,46.200001,45.68,45.84,1095500,36.492515
2010-09-27,45.93,46.139999,45.580002,46.009998,1164800,36.627848
2010-09-28,46.049999,46.09,45.5,45.98,1364200,36.603966
2010-09-29,45.830002,46.240002,45.740002,46.16,1232100,36.747261
2010-09-30,46.400002,46.580002,45.77,45.93,1312000,36.564162
2010-10-01,46.220001,46.68,45.919998,46.48,1810700,37.002008
2010-10-04,46.419998,46.720001,46.16,46.34,1104600,36.890557
2010-10-05,46.709999,47.040001,46.470001,47.009998,1426500,37.423932
2010-10-06,47.02,47.259998,46.689999,46.860001,965200,37.304521
2010-10-07,47.029999,47.169998,46.720001,46.830002,914300,37.28064
2010-10-08,46.93,47.310001,46.84,47.220001,1057900,37.591112
2010-10-11,47.189999,47.66,47.189999,47.439999,722800,37.766249
2010-10-12,47.380001,47.380001,46.84,46.98,860900,37.400051
2010-10-13,47.27,47.34,47.02,47.09,1290500,37.48762
2010-10-14,47.09,47.349998,46.720001,46.880001,592200,37.320443
2010-10-15,47.259998,47.290001,46.790001,47.110001,2084300,37.503542
2010-10-18,47.029999,47.470001,47.029999,47.27,609700,37.630916
2010-10-19,46.849998,47.439999,46.700001,46.900002,978400,37.336365
2010-10-20,46.919998,47.599998,46.799999,47.279999,717400,37.638875
2010-10-21,47.439999,47.59,46.709999,46.990002,558800,37.408013
2010-10-22,47.150002,47.240002,46.599998,46.93,881400,37.360247
2010-10-25,47.169998,47.32,46.779999,46.82,841300,37.272677
2010-10-26,46.650002,47.099998,46.580002,47.049999,843700,37.455776
2010-10-27,46.900002,47.080002,46.48,47.060001,662700,37.463739
2010-10-28,47.220001,47.419998,46.830002,47.25,818200,37.614994
2010-10-29,46.900002,46.970001,46.509998,46.759998,1057400,37.224911
2010-11-01,46.860001,47.240002,45.380001,45.669998,1343100,36.357179
2010-11-02,46.009998,46.369999,45.889999,46.310001,1039100,36.866675
2010-11-03,46.259998,46.509998,45.970001,46.34,782400,36.890557
2010-11-04,46.669998,47.139999,46.59,47.099998,824600,37.49558
2010-11-05,47.110001,47.220001,46.759998,46.830002,543700,37.28064
2010-11-08,46.630001,46.810001,46.009998,46.48,644000,37.002008
2010-11-09,46.509998,46.880001,46.119999,46.290001,1007600,36.850753
2010-11-10,46.259998,46.279999,45.84,45.970001,883300,36.596007
2010-11-11,45.759998,46.119999,45.759998,46.07,757200,36.675614
2010-11-12,45.849998,45.919998,45.509998,45.709999,668700,36.389023
2010-11-15,45.77,46.099998,45.720001,45.720001,713500,36.396985
2010-11-16,45.599998,45.709999,44.790001,45.110001,905400,35.911373
2010-11-17,45.16,45.369999,44.900002,44.970001,631700,35.799922
2010-11-18,45.34,45.380001,45.0,45.310001,600900,36.070591
2010-11-19,45.369999,46.0,45.259998,45.709999,1707700,36.389023
2010-11-22,45.509998,45.91,45.389999,45.880001,902400,36.524359
2010-11-23,45.59,45.619999,45.040001,45.139999,1194300,35.935255
2010-11-24,45.439999,45.48,45.139999,45.380001,657100,36.126317
2010-11-26,45.16,45.419998,44.82,45.099998,705800,35.903411
2010-11-29,44.779999,44.810001,44.27,44.810001,1143000,35.672549
2010-11-30,44.459999,44.889999,44.349998,44.549999,3475100,35.465565
2010-12-01,44.970001,45.48,44.939999,45.400002,3109800,36.142239
2010-12-02,45.27,45.619999,45.009998,45.529999,3036900,36.245727
2010-12-03,45.369999,45.59,45.09,45.580002,637800,36.285534
2010-12-06,45.5,45.650002,45.299999,45.299999,1728300,36.062628
2010-12-07,45.599998,46.130001,45.360001,45.459999,1137700,36.190002
2010-12-08,45.43,45.66,45.209999,45.27,966600,36.038747
2010-12-09,45.419998,45.799999,45.279999,45.669998,785500,36.357179
2010-12-10,45.799999,46.18,45.75,46.110001,794300,36.707458
2010-12-13,46.32,46.369999,45.759998,46.209999,1025500,36.787065
2010-12-14,46.360001,46.59,46.110001,46.169998,745300,36.755221
2010-12-15,46.16,46.259998,45.360001,45.41,1356700,36.150198
2010-12-16,45.41,45.709999,45.240002,45.610001,947000,36.309416
2010-12-17,45.450001,45.5,44.939999,45.369999,1776800,36.118354
2010-12-20,45.57,45.75,45.290001,45.610001,851500,36.309416
2010-12-21,45.75,45.869999,45.439999,45.529999,796700,36.245727
2010-12-22,45.130001,45.400002,44.939999,45.389999,555800,36.584247
2010-12-23,45.400002,45.610001,45.32,45.48,510200,36.656787
2010-12-27,45.439999,45.450001,45.060001,45.09,700000,36.342448
2010-12-28,45.23,45.23,44.950001,45.169998,532700,36.406927
2010-12-29,45.099998,45.32,45.040001,45.220001,496000,36.447229
2010-12-30,45.139999,45.540001,45.139999,45.380001,760400,36.576189
2010-12-31,45.380001,45.52,45.18,45.32,827200,36.527828
2011-01-03,45.560001,45.720001,45.32,45.57,780900,36.729327
2011-01-04,45.700001,45.919998,45.34,45.830002,876900,36.938888
2011-01-05,45.689999,45.990002,45.59,45.84,1086600,36.946947
2011-01-06,45.740002,45.740002,45.169998,45.669998,1246700,36.809926
2011-01-07,45.75,46.349998,45.610001,46.34,1485000,37.349946
2011-01-10,46.130001,46.259998,45.82,46.139999,1470500,37.188746
2011-01-11,46.220001,46.689999,46.16,46.439999,1441900,37.430545
2011-01-12,46.740002,46.830002,46.490002,46.66,636100,37.607865
2011-01-13,46.599998,46.880001,46.52,46.720001,1069300,37.656226
2011-01-14,46.700001,46.950001,46.580002,46.849998,958100,37.761004
2011-01-18,47.040001,47.040001,46.610001,46.91,1019500,37.809365
2011-01-19,46.93,46.939999,46.459999,46.560001,683000,37.527266
2011-01-20,46.57,47.0,46.529999,46.75,820400,37.680405
2011-01-21,46.970001,47.0,46.509998,46.52,2000900,37.495026
2011-01-24,46.599998,46.91,46.509998,46.900002,687800,37.801306
2011-01-25,46.849998,46.970001,46.580002,46.889999,693200,37.793244
2011-01-26,46.93,47.16,46.490002,46.529999,719700,37.503084
2011-01-27,46.59,47.139999,46.490002,47.009998,739600,37.889963
2011-01-28,47.009998,47.119999,46.150002,46.220001,753800,37.253227
2011-01-31,46.25,46.57,46.23,46.259998,864600,37.285465
2011-02-01,46.57,46.650002,46.34,46.630001,600000,37.583686
2011-02-02,46.419998,46.470001,46.139999,46.23,847600,37.261286
2011-02-03,46.119999,46.450001,46.02,46.360001,568200,37.366066
2011-02-04,46.32,46.450001,46.060001,46.299999,720200,37.317705
2011-02-07,46.349998,46.610001,46.209999,46.330002,723100,37.341887
2011-02-08,46.400002,46.669998,46.32,46.450001,1187700,37.438606
2011-02-09,46.380001,47.349998,46.290001,46.98,1291800,37.865784
2011-02-10,46.810001,47.220001,46.68,46.889999,769300,37.793244
2011-02-11,46.77,47.02,46.580002,46.939999,801500,37.833543
2011-02-14,46.849998,46.93,46.400002,46.639999,614200,37.591745
2011-02-15,46.450001,46.91,46.439999,46.740002,553200,37.672346
2011-02-16,46.790001,46.990002,46.549999,46.700001,659500,37.640106
2011-02-17,46.599998,47.0,46.599998,46.849998,610500,37.761004
2011-02-18,46.900002,47.34,46.849998,47.130001,906300,37.986685
2011-02-22,46.68,47.110001,46.400002,46.450001,1291800,37.438606
2011-02-23,46.470001,46.799999,46.459999,46.560001,1035300,37.527266
2011-02-24,46.639999,46.860001,46.490002,46.619999,1157800,37.575624
2011-02-25,46.73,47.009998,46.52,46.98,787300,37.865784
2011-02-28,47.040001,47.549999,46.860001,47.080002,953700,37.946386
2011-03-01,47.240002,47.509998,46.57,46.650002,951900,37.599806
2011-03-02,46.68,46.98,46.43,46.950001,963200,37.841605
2011-03-03,47.189999,47.720001,46.970001,47.580002,2959200,38.349385
2011-03-04,47.5,47.720001,47.16,47.720001,3456100,38.462224
2011-03-07,47.779999,48.299999,47.779999,48.09,3632200,38.760442
2011-03-08,48.25,48.779999,48.139999,48.700001,2058200,39.252102
2011-03-09,48.529999,49.25,48.5,49.169998,1795600,39.630919
2011-03-10,48.880001,49.360001,48.509998,48.52,1726600,39.107022
2011-03-11,48.720001,49.060001,48.490002,48.990002,1150500,39.485842
2011-03-14,48.599998,48.700001,48.02,48.470001,1595900,39.066722
2011-03-15,47.650002,48.299999,47.610001,48.18,3502700,38.832982
2011-03-16,48.189999,48.279999,47.540001,47.669998,2833300,38.421922
2011-03-17,47.57,47.75,47.009998,47.25,1537800,38.536105
2011-03-18,47.639999,47.709999,46.849998,47.029999,1651200,38.356676
2011-03-21,47.439999,47.720001,47.259998,47.700001,1062400,38.903116
2011-03-22,47.689999,47.830002,47.400002,47.52,973800,38.756311
2011-03-23,47.490002,47.700001,47.18,47.470001,963900,38.715533
2011-03-24,47.75,47.889999,47.310001,47.689999,716300,38.894958
2011-03-25,47.700001,48.029999,47.52,47.779999,629500,38.968361
2011-03-28,47.900002,48.290001,47.509998,47.509998,809000,38.748154
2011-03-29,47.57,48.150002,47.490002,48.099998,1031100,39.229346
2011-03-30,48.240002,49.110001,48.240002,48.990002,1482200,39.955214
2011-03-31,48.990002,49.279999,48.619999,48.959999,1227000,39.930744
2011-04-01,49.110001,49.419998,49.110001,49.360001,903000,40.256977
2011-04-04,49.419998,49.470001,49.220001,49.369999,662500,40.265131
2011-04-05,49.240002,49.68,49.240002,49.490002,1078100,40.363003
2011-04-06,49.59,49.950001,49.549999,49.639999,841200,40.485338
2011-04-07,49.619999,49.740002,49.360001,49.5,906300,40.371157
2011-04-08,49.639999,49.720001,48.799999,49.209999,753700,40.134639
2011-04-11,49.299999,49.419998,48.549999,48.73,857300,39.743161
2011-04-12,48.619999,48.790001,48.169998,48.349998,736700,39.43324
2011-04-13,48.459999,48.790001,48.389999,48.48,1015900,39.539267
2011-04-14,48.23,48.48,48.060001,48.369999,924200,39.449552
2011-04-15,48.580002,49.48,48.529999,49.34,1095600,40.240665
2011-04-18,48.939999,49.330002,48.630001,48.799999,843800,39.800252
2011-04-19,48.889999,49.0,48.669998,48.700001,585100,39.718695
2011-04-20,49.139999,49.560001,49.07,49.400002,702900,40.289601
2011-04-21,49.459999,49.549999,49.189999,49.470001,525600,40.346691
2011-04-25,49.529999,49.529999,49.049999,49.41,807300,40.297755
2011-04-26,49.450001,49.610001,48.23,48.869999,2392100,39.857342
2011-04-27,49.0,49.75,48.860001,49.619999,1083900,40.469026
2011-04-28,49.509998,50.0,49.490002,49.959999,1156600,40.746323
2011-04-29,49.91,50.580002,49.799999,50.529999,1235800,41.211203
2011-05-02,50.619999,51.169998,50.619999,51.09,1431000,41.667928
2011-05-03,51.0,51.66,50.810001,51.459999,2431600,41.969691
2011-05-04,51.169998,51.52,50.959999,51.470001,1389800,41.977849
2011-05-05,51.290001,51.299999,50.619999,50.84,969000,41.464033
2011-05-06,51.669998,51.68,50.91,51.16,753600,41.725018
2011-05-09,51.060001,51.290001,50.720001,51.189999,1038200,41.749485
2011-05-10,51.360001,52.16,51.290001,51.990002,1121400,42.40195
2011-05-11,51.900002,52.200001,51.669998,51.939999,1685000,42.361169
2011-05-12,51.849998,52.529999,51.799999,52.450001,729000,42.777116
2011-05-13,52.450001,52.720001,52.130001,52.540001,950300,42.850518
2011-05-16,52.290001,52.779999,51.970001,52.049999,846500,42.450883
2011-05-17,52.029999,52.43,51.700001,52.119999,955100,42.507973
2011-05-18,52.139999,52.139999,51.439999,51.68,1081400,42.14912
2011-05-19,51.790001,51.959999,51.619999,51.91,791100,42.336703
2011-05-20,51.799999,52.16,51.560001,51.900002,883400,42.328548
2011-05-23,51.470001,51.889999,51.41,51.470001,955800,41.977849
2011-05-24,51.459999,51.82,51.360001,51.509998,837200,42.01047
2011-05-25,51.290001,51.349998,50.799999,51.119999,1036400,41.692394
2011-05-26,50.98,51.110001,50.610001,51.040001,840600,41.62715
2011-05-27,51.259998,51.389999,50.919998,51.119999,527700,41.692394
2011-05-31,51.580002,51.68,51.16,51.619999,1371700,42.100184
2011-06-01,51.419998,51.580002,50.849998,50.849998,756300,41.472188
2011-06-02,50.869999,50.880001,50.200001,50.709999,854200,41.358007
2011-06-03,50.0,50.540001,49.900002,50.259998,536600,40.990996
2011-06-06,50.240002,50.240002,49.790001,50.0,509900,40.778947
2011-06-07,50.080002,50.41,49.950001,49.959999,683700,40.746323
2011-06-08,49.830002,50.09,49.41,49.779999,1088600,40.599519
2011-06-09,49.720001,49.84,49.34,49.57,982900,40.428248
2011-06-10,49.459999,49.639999,49.310001,49.34,904600,40.240665
2011-06-13,49.380001,49.900002,49.200001,49.669998,742000,40.509804
2011-06-14,49.950001,50.150002,49.68,49.799999,1075800,40.61583
2011-06-15,49.560001,49.950001,49.25,49.419998,1093100,40.30591
2011-06-16,48.939999,49.080002,48.650002,49.02,1276800,40.461085
2011-06-17,49.279999,49.48,49.080002,49.240002,1228100,40.642674
2011-06-20,49.060001,49.330002,48.68,49.25,851000,40.650926
2011-06-21,49.41,49.98,49.200001,49.689999,1077700,41.014101
2011-06-22,49.439999,49.560001,49.150002,49.220001,781900,40.626165
2011-06-23,48.790001,48.869999,48.330002,48.689999,965900,40.188701
2011-06-24,48.830002,49.349998,48.77,49.040001,1183700,40.477593
2011-06-27,49.029999,49.560001,49.029999,49.48,687900,40.840768
2011-06-28,49.52,50.040001,49.450001,49.73,748400,41.047118
2011-06-29,49.91,50.060001,49.720001,49.990002,740000,41.261723
2011-06-30,50.029999,50.110001,49.73,50.02,554400,41.286484
2011-07-01,50.130001,50.849998,50.07,50.799999,735300,41.930295
2011-07-05,50.799999,50.98,50.509998,50.610001,752200,41.77347
2011-07-06,50.360001,50.700001,50.23,50.5,630900,41.682676
2011-07-07,50.880001,50.880001,50.48,50.639999,559700,41.798231
2011-07-08,50.200001,50.470001,50.09,50.369999,564400,41.575373
2011-07-11,49.880001,49.970001,49.599998,49.709999,600700,41.030609
2011-07-12,49.689999,50.360001,49.639999,50.009998,750900,41.278229
2011-07-13,50.259998,50.349998,49.700001,49.779999,749400,41.088387
2011-07-14,49.889999,50.169998,49.73,49.860001,1172400,41.15442
2011-07-15,50.169998,50.369999,49.73,50.330002,1304900,41.542359
2011-07-18,50.310001,50.310001,49.470001,49.790001,908100,41.096643
2011-07-19,49.860001,50.099998,49.439999,50.049999,803700,41.311245
2011-07-20,50.080002,50.599998,49.939999,50.52,746800,41.699184
2011-07-21,50.759998,51.830002,50.580002,51.68,1170400,42.656647
2011-07-22,51.380001,51.630001,51.139999,51.23,642700,42.285217
2011-07-25,50.82,51.439999,50.75,51.279999,581100,42.326486
2011-07-26,51.349998,51.349998,50.919998,51.080002,544600,42.161409
2011-07-27,51.009998,51.080002,50.580002,50.709999,751300,41.856009
2011-07-28,51.259998,51.639999,50.41,50.880001,1125300,41.996328
2011-07-29,50.52,50.66,49.73,49.84,1176300,41.137912
2011-08-01,50.299999,50.389999,49.080002,49.330002,1250000,40.71696
2011-08-02,49.119999,49.200001,48.400002,48.400002,1128200,39.949338
2011-08-03,48.389999,48.529999,47.77,48.48,1278500,40.015368
2011-08-04,48.029999,48.380001,47.09,47.09,1753400,38.868063
2011-08-05,47.52,47.740002,46.200001,47.130001,2443200,38.90108
2011-08-08,46.209999,46.799999,43.849998,44.029999,2256100,36.34234
2011-08-09,44.32,45.880001,43.220001,45.84,4094800,37.836314
2011-08-10,45.07,46.32,44.860001,45.169998,2504500,37.283295
2011-08-11,45.310001,47.900002,45.150002,47.389999,2007000,39.115683
2011-08-12,47.59,47.849998,46.700001,46.950001,1544500,38.752508
2011-08-15,47.23,48.43,47.189999,48.360001,1381600,39.916321
2011-08-16,47.959999,48.360001,47.639999,48.23,1285900,39.809018
2011-08-17,48.43,49.07,48.299999,48.439999,1083800,39.982352
2011-08-18,47.66,48.040001,47.240002,47.759998,1908300,39.42108
2011-08-19,47.380001,47.959999,47.18,47.509998,1547800,39.21473
2011-08-22,48.099998,48.23,47.139999,47.259998,1512200,39.00838
2011-08-23,47.43,48.939999,47.169998,48.939999,2221000,40.395051
2011-08-24,49.0,50.0,48.790001,49.93,1474500,41.212198
2011-08-25,50.040001,50.049999,48.900002,49.360001,1581300,40.741721
2011-08-26,49.060001,49.650002,48.080002,49.369999,1185200,40.749973
2011-08-29,49.91,50.279999,49.68,50.259998,697500,41.484578
2011-08-30,50.130001,50.43,49.889999,50.16,1556000,41.40204
2011-08-31,50.290001,50.790001,50.169998,50.560001,1018600,41.732201
2011-09-01,50.720001,50.810001,49.919998,49.98,1078600,41.253468
2011-09-02,49.619999,49.98,49.290001,49.639999,1005000,40.972832
2011-09-06,48.580002,48.939999,48.049999,48.869999,1183900,40.337274
2011-09-07,49.290001,49.560001,49.029999,49.509998,971600,40.865529
2011-09-08,49.400002,50.040001,49.279999,49.400002,1784800,40.774737
2011-09-09,49.029999,49.110001,48.16,48.470001,1867300,40.007116
2011-09-12,48.169998,49.200001,48.060001,49.189999,4217200,40.601401
2011-09-13,49.349998,49.59,48.84,49.540001,1370900,40.890293
2011-09-14,49.689999,50.119999,49.150002,49.619999,1423500,40.956323
2011-09-15,49.360001,50.09,48.939999,50.09,2211700,41.840071
2011-09-16,50.169998,50.880001,50.169998,50.560001,1455400,42.232662
2011-09-19,49.810001,50.52,49.810001,50.34,1103800,42.048896
2011-09-20,50.599998,52.0,50.52,50.990002,1437100,42.59184
2011-09-21,50.91,50.91,49.5,49.5,1390500,41.347245
2011-09-22,48.240002,48.860001,47.82,48.130001,1753300,40.202888
2011-09-23,48.060001,48.720001,48.060001,48.470001,1476800,40.486889
2011-09-26,48.959999,49.18,48.389999,49.119999,1992100,41.029831
2011-09-27,49.43,49.959999,49.16,49.369999,1221600,41.238656
2011-09-28,49.34,49.700001,48.470001,48.560001,1199000,40.562066
2011-09-29,49.209999,49.639999,48.810001,49.450001,989700,41.305481
2011-09-30,49.09,49.77,49.009998,49.02,1190100,40.946303
2011-10-03,49.02,49.610001,48.060001,48.060001,1377400,40.144417
2011-10-04,47.700001,48.759998,47.029999,48.709999,3000000,40.687359
2011-10-05,48.709999,48.950001,47.990002,48.900002,1369400,40.846068
2011-10-06,48.799999,49.880001,48.630001,49.84,1040500,41.631247
2011-10-07,50.099998,50.34,49.630001,49.91,1408400,41.689717
2011-10-10,50.560001,51.02,50.32,51.02,794900,42.616898
2011-10-11,50.650002,50.82,50.18,50.540001,944500,42.215956
2011-10-12,50.75,50.759998,50.02,50.07,1026900,41.823365
2011-10-13,49.939999,50.369999,49.549999,50.32,1146000,42.032189
2011-10-14,50.82,50.849998,50.349998,50.580002,930500,42.249368
2011-10-17,50.529999,50.880001,50.439999,50.490002,1203100,42.174191
2011-10-18,50.610001,51.150002,49.98,50.830002,1097200,42.458193
2011-10-19,50.889999,51.610001,50.740002,50.919998,848200,42.533367
2011-10-20,51.049999,51.529999,50.959999,51.32,1463400,42.867487
2011-10-21,51.84,52.0,51.419998,51.889999,1079800,43.343607
2011-10-24,51.950001,52.169998,51.509998,51.970001,959600,43.410432
2011-10-25,51.779999,51.790001,51.040001,51.130001,814700,42.708782
2011-10-26,51.32,51.470001,50.689999,51.0,1040200,42.600192
2011-10-27,52.610001,52.619999,51.720001,52.169998,1138900,43.577489
2011-10-28,52.23,52.400002,51.669998,52.299999,1073200,43.686079
2011-10-31,51.990002,52.82,51.779999,52.110001,1476900,43.527373
2011-11-01,50.970001,51.669998,50.59,50.700001,1221500,42.349603
2011-11-02,51.509998,52.389999,51.509998,51.889999,1368800,43.343607
2011-11-03,52.07,52.549999,51.689999,52.189999,2052200,43.594195
2011-11-04,52.139999,52.650002,51.549999,52.119999,1349400,43.535725
2011-11-07,51.93,52.130001,51.470001,51.990002,977900,43.427138
2011-11-08,52.240002,52.349998,51.709999,52.290001,1220100,43.677727
2011-11-09,51.540001,51.549999,50.790001,50.889999,1639400,42.508309
2011-11-10,51.299999,51.490002,50.75,51.18,1043200,42.750546
2011-11-11,51.650002,52.259998,51.630001,52.259998,824100,43.652666
2011-11-14,52.150002,52.150002,51.529999,51.650002,868100,43.143137
2011-11-15,51.689999,52.369999,51.48,52.23,940700,43.627608
2011-11-16,51.849998,52.040001,51.279999,51.299999,1109000,42.850781
2011-11-17,51.279999,51.52,50.439999,50.919998,953000,42.533367
2011-11-18,51.049999,51.380001,50.790001,51.209999,708600,42.775604
2011-11-21,50.700001,50.869999,50.16,50.66,1213500,42.316191
2011-11-22,50.529999,50.59,49.860001,50.040001,942600,41.798307
2011-11-23,49.740002,49.740002,49.060001,49.330002,977800,41.205246
2011-11-25,49.290001,49.869999,49.279999,49.43,402500,41.288775
2011-11-28,50.299999,50.73,50.0,50.259998,773400,41.98207
2011-11-29,50.48,51.16,50.380001,50.939999,572700,42.550073
2011-11-30,52.099998,52.68,51.93,52.650002,1123500,43.978435
2011-12-01,52.639999,53.0,52.330002,52.630001,693500,43.961728
2011-12-02,52.860001,52.950001,51.599998,51.689999,1154200,43.176546
2011-12-05,52.220001,52.560001,51.860001,52.310001,1058300,43.694433
2011-12-06,52.450001,52.970001,52.32,52.599998,1104500,43.936667
2011-12-07,52.439999,52.549999,51.93,52.290001,1058200,43.677727
2011-12-08,52.200001,52.200001,51.349998,51.459999,1124700,42.984428
2011-12-09,51.639999,52.32,51.639999,52.18,1037800,43.585844
2011-12-12,52.0,52.200001,51.419998,51.93,3630200,43.377019
2011-12-13,52.150002,52.599998,51.799999,51.990002,1031000,43.427138
2011-12-14,52.009998,52.27,51.509998,51.720001,1338600,43.201608
2011-12-15,51.66,51.77,51.330002,51.509998,1375000,43.520976
2011-12-16,51.669998,52.02,51.310001,51.439999,1428600,43.461833
2011-12-19,52.049999,52.349998,51.869999,52.23,1706800,44.129308
2011-12-20,52.610001,53.68,52.59,53.59,1218200,45.278377
2011-12-21,53.66,54.380001,53.66,54.25,956100,45.836013
2011-12-22,54.310001,54.369999,53.970001,54.209999,778300,45.802216
2011-12-23,54.450001,54.990002,54.389999,54.700001,546600,46.21622
2011-12-27,54.700001,55.150002,54.48,55.049999,438800,46.511935
2011-12-28,55.150002,55.209999,54.549999,54.639999,567700,46.165525
2011-12-29,54.810001,55.099998,54.709999,55.02,629400,46.486589
2011-12-30,55.220001,55.279999,54.450001,54.450001,901500,46.004995
2012-01-03,54.939999,55.040001,53.720001,53.869999,1080500,45.514949
2012-01-04,53.880001,54.119999,53.5,53.599998,813800,45.286825
2012-01-05,53.57,54.169998,53.259998,53.990002,940800,45.61634
2012-01-06,54.0,54.02,53.400002,53.52,689700,45.219234
2012-01-09,53.68,53.73,53.279999,53.52,545500,45.219234
2012-01-10,54.009998,54.099998,53.599998,53.759998,866500,45.422009
2012-01-11,53.689999,53.849998,53.450001,53.580002,628400,45.269929
2012-01-12,53.610001,53.849998,53.459999,53.580002,563900,45.269929
2012-01-13,53.360001,53.560001,52.98,53.48,696700,45.185437
2012-01-17,53.889999,54.080002,53.389999,53.57,744300,45.261479
2012-01-18,53.610001,53.610001,53.130001,53.529999,659100,45.227682
2012-01-19,53.490002,53.549999,52.790001,52.990002,756300,44.771436
2012-01-20,53.07,53.630001,53.0,53.630001,765500,45.312174
2012-01-23,53.610001,53.849998,53.07,53.27,875000,45.008008
2012-01-24,53.080002,53.279999,52.77,52.959999,553300,44.746087
2012-01-25,52.82,54.099998,52.459999,54.060001,922300,45.675483
2012-01-26,54.099998,54.490002,53.880001,54.34,869600,45.912055
2012-01-27,54.25,54.25,53.34,53.599998,960000,45.286825
2012-01-30,53.34,53.470001,52.970001,53.16,754500,44.915068
2012-01-31,53.43,53.580002,53.040001,53.209999,827000,44.957313
2012-02-01,53.41,53.610001,53.25,53.450001,714900,45.160091
2012-02-02,53.509998,53.720001,53.290001,53.549999,433000,45.24458
2012-02-03,53.919998,54.139999,53.48,53.709999,655300,45.379765
2012-02-06,53.419998,53.560001,53.040001,53.169998,582800,44.923516
2012-02-07,53.16,54.470001,53.060001,54.380001,1285500,45.945852
2012-02-08,54.369999,54.560001,54.110001,54.52,649500,46.064138
2012-02-09,54.5,54.529999,53.990002,54.259998,537600,45.844461
2012-02-10,54.049999,54.240002,53.810001,53.950001,603900,45.582543
2012-02-13,54.150002,54.27,53.599998,53.720001,806000,45.388215
2012-02-14,53.709999,53.82,53.049999,53.389999,1033100,45.109396
2012-02-15,53.41,53.549999,52.759998,53.209999,1296500,44.957313
2012-02-16,53.490002,54.279999,53.490002,54.0,1374800,45.624787
2012-02-17,54.18,54.599998,54.110001,54.299999,1099700,45.878258
2012-02-21,54.360001,54.59,54.150002,54.34,847900,45.912055
2012-02-22,54.48,54.610001,54.110001,54.380001,1092300,45.945852
2012-02-23,54.450001,54.950001,54.240002,54.810001,1008900,46.30916
2012-02-24,54.830002,55.060001,54.68,54.849998,670500,46.342954
2012-02-27,54.639999,54.720001,54.220001,54.32,1690400,45.895156
2012-02-28,54.549999,54.68,54.139999,54.389999,821200,45.954299
2012-02-29,54.330002,54.439999,53.669998,53.990002,981700,45.61634
2012-03-01,54.099998,54.580002,53.919998,54.41,914200,45.971198
2012-03-02,54.360001,54.509998,54.09,54.349998,668800,45.920502
2012-03-05,54.200001,54.470001,53.73,54.360001,583800,45.928953
2012-03-06,54.099998,54.18,53.75,53.869999,885800,45.514949
2012-03-07,53.860001,54.32,53.59,54.290001,936700,45.86981
2012-03-08,54.5,55.049999,54.369999,55.029999,2953900,46.495037
2012-03-09,55.029999,55.439999,54.830002,55.380001,2568200,46.790755
2012-03-12,55.41,55.990002,55.41,55.880001,2461900,47.213207
2012-03-13,56.0,56.490002,55.880001,56.459999,1274300,47.703249
2012-03-14,56.470001,56.52,55.189999,55.259998,1760800,46.689364
2012-03-15,54.919998,54.919998,54.189999,54.720001,1019600,46.730361
2012-03-16,54.709999,55.110001,54.43,55.040001,1653300,47.003638
2012-03-19,55.049999,55.189999,54.580002,54.669998,994400,46.687659
2012-03-20,54.5,54.810001,54.41,54.580002,685500,46.610803
2012-03-21,54.580002,54.73,54.23,54.23,806100,46.311904
2012-03-22,54.060001,54.25,53.869999,54.18,1274200,46.269205
2012-03-23,54.290001,54.720001,54.25,54.66,1392500,46.67912
2012-03-26,55.259998,55.529999,55.16,55.439999,2093300,47.345232
2012-03-27,55.43,55.619999,55.200001,55.34,1220700,47.259834
2012-03-28,55.360001,55.549999,54.57,54.82,908600,46.815759
2012-03-29,54.619999,54.950001,54.32,54.860001,1443000,46.849919
2012-03-30,55.099998,55.349998,54.84,55.029999,1223100,46.995096
2012-04-02,55.049999,55.599998,54.919998,55.200001,1305200,47.140276
2012-04-03,55.290001,55.43,54.810001,55.220001,1400500,47.157356
2012-04-04,54.849998,55.32,54.799999,55.189999,894400,47.131734
2012-04-05,55.0,55.029999,54.610001,54.779999,627600,46.781598
2012-04-09,54.32,54.68,54.259998,54.48,982500,46.525402
2012-04-10,54.310001,54.34,53.720001,53.830002,1291600,45.97031
2012-04-11,54.240002,54.240002,53.880001,54.119999,1055500,46.217965
2012-04-12,54.099998,54.580002,53.700001,54.52,755500,46.559562
2012-04-13,54.369999,54.84,54.25,54.25,1493300,46.328984
2012-04-16,54.490002,55.150002,54.380001,55.009998,961500,46.978016
2012-04-17,55.32,55.43,54.720001,55.360001,704200,47.276914
2012-04-18,55.09,55.34,54.91,55.130001,864100,47.080497
2012-04-19,55.139999,55.139999,54.529999,54.720001,1004200,46.730361
2012-04-20,54.900002,55.650002,54.740002,55.459999,1253800,47.362312
2012-04-23,55.130001,55.32,54.900002,55.27,891100,47.200055
2012-04-24,55.389999,56.02,55.349998,55.98,860100,47.806388
2012-04-25,56.240002,56.43,55.849998,56.240002,839200,48.028427
2012-04-26,56.200001,56.599998,55.860001,56.529999,899400,48.276082
2012-04-27,56.5,56.650002,55.84,56.400002,833100,48.165065
2012-04-30,56.400002,56.779999,56.220001,56.380001,1057300,48.147985
2012-05-01,56.490002,57.0,56.09,56.799999,877200,48.506659
2012-05-02,56.66,56.66,56.139999,56.310001,740000,48.088206
2012-05-03,56.150002,56.73,56.049999,56.150002,665000,47.951568
2012-05-04,55.91,56.439999,55.689999,55.759998,1007500,47.618509
2012-05-07,55.709999,55.860001,55.380001,55.48,862200,47.379392
2012-05-08,55.23,55.889999,55.169998,55.689999,925000,47.55873
2012-05-09,55.23,55.75,55.189999,55.580002,1158000,47.464793
2012-05-10,55.880001,56.48,55.790001,56.34,807900,48.113825
2012-05-11,56.200001,56.639999,56.049999,56.34,447000,48.113825
2012-05-14,55.849998,56.43,55.82,56.279999,831500,48.062584
2012-05-15,56.5,56.560001,55.580002,55.84,1170400,47.686829
2012-05-16,55.889999,56.049999,55.630001,55.889999,548600,47.729528
2012-05-17,56.0,56.0,55.040001,55.07,961200,47.029256
2012-05-18,55.23,55.540001,54.950001,55.060001,921700,47.020718
2012-05-21,55.130001,55.759998,55.0,55.73,786100,47.59289
2012-05-22,55.869999,56.34,55.700001,56.150002,773400,47.951568
2012-05-23,55.970001,56.330002,55.560001,55.900002,881000,47.73807
2012-05-24,55.939999,56.459999,55.869999,56.450001,737100,48.207764
2012-05-25,56.450001,56.799999,56.419998,56.560001,533400,48.301704
2012-05-29,56.849998,56.849998,56.389999,56.84,387500,48.54082
2012-05-30,56.610001,56.919998,56.16,56.25,527200,48.036965
2012-05-31,56.23,57.380001,56.169998,56.830002,1344600,48.532281
2012-06-01,56.290001,56.75,56.200001,56.360001,600900,48.130905
2012-06-04,56.349998,56.82,56.18,56.799999,859600,48.506659
2012-06-05,56.610001,57.5,56.439999,57.150002,696200,48.805558
2012-06-06,57.369999,57.759998,57.080002,57.759998,670700,49.32649
2012-06-07,58.0,58.029999,57.540001,57.59,2446000,49.181313
2012-06-08,57.380001,58.060001,57.380001,57.990002,2481900,49.52291
2012-06-11,58.27,58.700001,58.09,58.139999,2441900,49.651007
2012-06-12,58.419998,58.650002,58.029999,58.639999,870000,50.078002
2012-06-13,58.490002,58.990002,58.310001,58.77,1026400,50.189022
2012-06-14,58.790001,59.549999,58.68,59.470001,1090900,50.786816
2012-06-15,59.84,60.25,59.68,60.09,1534500,51.316289
2012-06-18,59.57,60.02,59.310001,59.939999,876300,51.69403
2012-06-19,59.889999,60.139999,59.389999,59.459999,771600,51.280064
2012-06-20,59.610001,59.610001,58.889999,59.080002,799500,50.952343
2012-06-21,59.34,59.689999,58.419998,58.48,832000,50.434884
2012-06-22,58.580002,58.759998,58.369999,58.419998,862800,50.383137
2012-06-25,58.07,58.279999,57.830002,58.150002,543300,50.150284
2012-06-26,58.290001,58.459999,57.919998,58.169998,625200,50.167529
2012-06-27,58.400002,58.849998,58.310001,58.650002,628500,50.581498
2012-06-28,58.299999,59.049999,58.200001,59.02,652100,50.900596
2012-06-29,59.790001,59.849998,58.950001,59.330002,881200,51.167951
2012-07-02,58.779999,59.970001,58.779999,59.380001,1340100,51.211072
2012-07-03,59.360001,59.580002,59.259998,59.549999,373600,51.357683
2012-07-05,59.34,59.75,59.189999,59.189999,716300,51.047208
2012-07-06,58.889999,59.349998,58.779999,59.240002,542000,51.090332
2012-07-09,59.18,59.310001,58.599998,58.970001,667600,50.857476
2012-07-10,59.0,59.27,58.869999,58.990002,490300,50.874725
2012-07-11,59.029999,59.27,58.759998,59.09,713600,50.960966
2012-07-12,59.029999,59.419998,58.830002,59.23,480500,51.081706
2012-07-13,59.389999,60.189999,59.259998,59.990002,719700,51.737154
2012-07-16,59.990002,60.549999,59.84,60.240002,856400,51.952762
2012-07-17,60.389999,60.779999,60.16,60.599998,763400,52.263234
2012-07-18,60.57,60.869999,60.52,60.860001,445000,52.487467
2012-07-19,60.869999,60.98,60.130001,60.68,778700,52.33223
2012-07-20,60.509998,61.25,60.439999,61.029999,703500,52.634079
2012-07-23,60.049999,60.73,60.040001,60.169998,701600,51.892389
2012-07-24,60.0,60.150002,59.099998,59.369999,1097300,51.202446
2012-07-25,59.540001,59.860001,59.07,59.330002,592300,51.167951
2012-07-26,60.060001,60.549999,59.82,60.119999,996500,51.849268
2012-07-27,61.349998,62.080002,60.880001,61.150002,1170600,52.737573
2012-07-30,61.150002,62.220001,61.150002,61.66,842900,53.17741
2012-07-31,61.689999,61.959999,61.32,61.369999,1077500,52.927305
2012-08-01,61.43,62.560001,61.150002,61.200001,894600,52.780693
2012-08-02,60.790001,61.389999,60.419998,60.939999,791300,52.55646
2012-08-03,61.709999,61.790001,61.119999,61.650002,796000,53.168787
2012-08-06,61.849998,62.189999,61.349998,61.450001,594100,52.996301
2012-08-07,61.720001,61.75,60.779999,60.799999,726700,52.43572
2012-08-08,60.790001,60.880001,60.369999,60.700001,525700,52.349479
2012-08-09,60.68,60.689999,60.060001,60.220001,512900,51.935513
2012-08-10,60.200001,60.59,60.029999,60.509998,598600,52.185615
2012-08-13,60.369999,60.439999,60.09,60.209999,592500,51.926887
2012-08-14,60.330002,60.599998,59.880001,60.009998,708300,51.7544
2012-08-15,60.0,60.310001,59.75,60.240002,694000,51.952762
2012-08-16,60.34,60.43,60.0,60.389999,767500,52.082124
2012-08-17,60.389999,60.560001,60.220001,60.529999,837900,52.202864
2012-08-20,60.470001,60.540001,60.150002,60.450001,555100,52.133871
2012-08-21,60.599998,60.610001,59.849998,59.860001,646100,51.625038
2012-08-22,59.759998,60.009998,59.459999,59.490002,443900,51.305939
2012-08-23,59.419998,59.450001,58.459999,58.529999,763400,50.478005
2012-08-24,58.450001,58.830002,58.349998,58.740002,1015900,50.659117
2012-08-27,58.740002,59.09,58.669998,58.98,473400,50.866099
2012-08-28,59.029999,59.080002,58.68,58.970001,424800,50.857476
2012-08-29,58.900002,59.060001,58.68,58.860001,417900,50.762608
2012-08-30,58.720001,58.790001,58.419998,58.580002,396600,50.521129
2012-08-31,58.740002,58.77,58.220001,58.400002,1930400,50.365891
2012-09-04,58.599998,59.450001,58.419998,59.419998,2314000,51.245566
2012-09-05,59.369999,59.57,59.02,59.099998,676900,50.969589
2012-09-06,59.41,59.75,59.290001,59.689999,431200,51.478423
2012-09-07,59.689999,59.799999,59.360001,59.490002,440900,51.305939
2012-09-10,59.68,59.68,59.439999,59.48,355700,51.297313
2012-09-11,59.610001,59.849998,59.450001,59.610001,742900,51.40943
2012-09-12,59.669998,59.669998,59.119999,59.240002,1004900,51.090332
2012-09-13,58.68,59.290001,58.57,59.27,759300,51.656841
2012-09-14,59.169998,59.52,58.610001,58.810001,767300,51.255928
2012-09-17,58.779999,59.02,58.310001,58.52,721900,51.003178
2012-09-18,58.52,58.59,58.060001,58.459999,938000,50.950883
2012-09-19,58.459999,58.720001,58.369999,58.560001,644900,51.03804
2012-09-20,58.439999,58.91,58.349998,58.779999,588600,51.229779
2012-09-21,58.919998,58.919998,58.529999,58.810001,1078300,51.255928
2012-09-24,58.790001,59.599998,58.709999,59.549999,515600,51.900874
2012-09-25,59.610001,60.09,59.34,59.709999,796000,52.040322
2012-09-26,59.849998,60.900002,59.799999,60.0,769800,52.293073
2012-09-27,60.110001,60.110001,59.419998,59.759998,966500,52.083899
2012-09-28,59.689999,60.09,59.330002,59.939999,1038800,52.240779
2012-10-01,59.93,60.16,59.470001,59.509998,527000,51.866011
2012-10-02,59.639999,59.98,59.509998,59.799999,487800,52.118762
2012-10-03,59.919998,60.25,59.810001,60.23,700800,52.493529
2012-10-04,60.43,60.959999,60.32,60.580002,355300,52.798574
2012-10-05,60.75,61.080002,60.57,60.669998,473100,52.877011
2012-10-08,60.639999,60.889999,60.400002,60.68,233900,52.885728
2012-10-09,60.560001,60.880001,60.470001,60.720001,232600,52.920591
2012-10-10,60.82,61.009998,60.400002,60.59,632900,52.807288
2012-10-11,60.91,61.029999,60.529999,60.759998,754000,52.95545
2012-10-12,60.939999,60.939999,60.25,60.380001,447700,52.624263
2012-10-15,60.5,60.810001,60.130001,60.779999,531000,52.972882
2012-10-16,60.91,61.259998,60.669998,60.939999,450800,53.11233
2012-10-17,61.060001,61.689999,61.060001,61.59,542000,53.67884
2012-10-18,61.560001,61.919998,61.509998,61.689999,575200,53.765993
2012-10-19,61.610001,61.970001,61.169998,61.41,564700,53.52196
2012-10-22,61.419998,61.639999,61.110001,61.549999,580900,53.643977
2012-10-23,61.16,61.34,60.43,60.740002,788000,52.938022
2012-10-24,61.130001,61.66,60.91,61.02,749100,53.182056
2012-10-25,61.220001,61.619999,60.790001,61.599998,619300,53.687554
2012-10-26,61.610001,61.830002,61.18,61.66,670600,53.739848
2012-10-31,61.799999,62.490002,61.799999,62.099998,561500,54.123329
2012-11-01,62.200001,62.32,61.529999,61.619999,656800,53.704985
2012-11-02,61.830002,62.09,61.220001,61.279999,459800,53.408657
2012-11-05,61.130001,61.139999,60.380001,60.389999,754600,52.632977
2012-11-06,60.52,61.189999,60.48,60.759998,686900,52.95545
2012-11-07,60.439999,60.560001,58.900002,59.459999,891700,51.822434
2012-11-08,59.450001,60.099998,59.18,59.310001,623500,51.691704
2012-11-09,59.09,59.720001,59.080002,59.189999,547600,51.587115
2012-11-12,59.150002,59.27,58.330002,58.560001,463100,51.03804
2012-11-13,58.330002,59.259998,58.299999,58.950001,887200,51.377945
2012-11-14,59.080002,59.200001,58.59,58.759998,946200,51.212348
2012-11-15,58.73,59.209999,58.200001,58.639999,832000,51.107763
2012-11-16,58.689999,59.34,58.34,59.299999,851400,51.682986
2012-11-19,59.619999,59.73,58.849998,59.18,779600,51.578401
2012-11-20,59.209999,59.380001,58.66,59.290001,675300,51.674272
2012-11-21,59.389999,59.400002,58.450001,59.02,761800,51.438953
2012-11-23,59.040001,59.16,58.540001,58.880001,335000,51.316937
2012-11-26,58.77,59.740002,58.73,59.27,591400,51.656841
2012-11-27,59.27,59.73,59.130001,59.259998,512900,51.648124
2012-11-28,59.259998,59.700001,59.009998,59.580002,514700,51.927023
2012-11-29,59.689999,59.900002,59.349998,59.889999,524200,52.197202
2012-11-30,60.450001,60.689999,59.91,60.580002,905200,52.798574
2012-12-03,60.509998,60.75,59.84,60.580002,690800,52.798574
2012-12-04,60.610001,60.98,60.450001,60.490002,834600,52.720134
2012-12-05,60.529999,61.900002,60.5,61.57,908300,53.661408
2012-12-06,61.68,61.810001,61.049999,61.200001,735200,53.338935
2012-12-07,61.16,61.459999,60.900002,61.049999,976300,53.208201
2012-12-10,60.959999,61.279999,60.779999,61.150002,873700,53.295358
2012-12-11,61.23,61.450001,61.049999,61.290001,711200,53.417375
2012-12-12,61.290001,62.0,61.139999,61.549999,946400,53.643977
2012-12-13,61.389999,61.48,60.75,60.939999,658600,53.11233
2012-12-14,60.869999,61.18,60.529999,60.549999,909600,52.772425
2012-12-17,60.189999,61.220001,60.049999,61.209999,893300,53.89955
2012-12-18,61.209999,61.549999,60.93,61.310001,833300,53.987609
2012-12-19,61.41,61.41,60.830002,60.900002,394400,53.626576
2012-12-20,60.970001,61.27,60.759998,61.18,535500,53.873134
2012-12-21,60.66,61.279999,60.23,61.130001,1885600,53.829106
2012-12-24,61.040001,61.110001,60.580002,60.950001,191600,53.670604
2012-12-26,61.009998,61.150002,60.200001,60.279999,436100,53.080622
2012-12-27,60.189999,60.5,59.400002,60.080002,587200,52.904511
2012-12-28,59.889999,60.27,59.380001,59.41,965500,52.314529
2012-12-31,59.209999,60.080002,58.860001,60.049999,916400,52.878091
2013-01-02,60.830002,61.48,60.490002,61.48,662400,54.137304
2013-01-03,61.450001,61.759998,61.189999,61.43,548100,54.093276
2013-01-04,61.43,61.77,61.240002,61.639999,581800,54.278194
2013-01-07,61.380001,61.549999,60.860001,60.950001,409800,53.670604
2013-01-08,60.91,61.189999,60.66,60.709999,728900,53.459266
2013-01-09,60.740002,60.790001,60.330002,60.790001,677300,53.529713
2013-01-10,61.150002,61.48,60.810001,61.41,624900,54.075664
2013-01-11,61.369999,61.560001,61.220001,61.459999,349300,54.119692
2013-01-14,61.369999,61.59,61.209999,61.310001,344200,53.987609
2013-01-15,61.240002,61.349998,60.860001,61.330002,547400,54.00522
2013-01-16,61.18,61.5,60.91,61.009998,391600,53.723436
2013-01-17,61.169998,61.560001,61.060001,61.279999,417100,53.961189
2013-01-18,61.41,61.91,61.200001,61.900002,708300,54.507144
2013-01-22,61.869999,62.650002,61.810001,62.650002,497500,55.16757
2013-01-23,62.5,62.5,62.049999,62.34,623600,54.894592
2013-01-24,62.470001,62.98,62.380001,62.5,405200,55.035483
2013-01-25,62.630001,62.790001,62.110001,62.75,385800,55.255625
2013-01-28,62.939999,62.939999,62.119999,62.459999,386000,55.00026
2013-01-29,62.470001,62.860001,62.349998,62.849998,623700,55.34368
2013-01-30,62.849998,63.43,62.700001,63.369999,636300,55.801576
2013-01-31,63.310001,63.48,63.060001,63.310001,631800,55.748744
2013-02-01,63.490002,63.990002,63.360001,63.970001,561300,56.329919
2013-02-04,63.84,63.84,63.540001,63.639999,406200,56.03933
2013-02-05,63.84,64.279999,63.759998,63.869999,680800,56.24186
2013-02-06,63.700001,64.089996,63.349998,64.040001,558700,56.391558
2013-02-07,63.880001,64.43,63.639999,64.160004,537500,56.497229
2013-02-08,64.25,64.279999,63.779999,64.279999,480600,56.602893
2013-02-11,64.209999,64.519997,64.199997,64.400002,261000,56.708563
2013-02-12,64.230003,64.559998,63.919998,64.510002,552600,56.805426
2013-02-13,64.480003,64.68,64.25,64.400002,407400,56.708563
2013-02-14,64.239998,64.559998,63.889999,64.360001,699000,56.67334
2013-02-15,64.370003,64.589996,64.25,64.419998,588300,56.726172
2013-02-19,64.559998,65.139999,64.470001,64.75,977200,57.01676
2013-02-20,64.540001,65.370003,64.239998,64.860001,745900,57.113623
2013-02-21,64.849998,64.910004,64.449997,64.830002,767300,57.087208
2013-02-22,65.029999,65.639999,64.93,65.620003,614900,57.782857
2013-02-25,65.769997,66.18,65.290001,65.339996,1715600,57.536292
2013-02-26,65.459999,65.809998,65.07,65.790001,1190700,57.932552
2013-02-27,65.800003,66.290001,65.699997,66.260002,769900,58.34642
2013-02-28,66.300003,67.010002,66.18,66.800003,1183200,58.821927
2013-03-01,66.660004,66.739998,66.080002,66.43,1316900,58.496115
2013-03-04,66.370003,67.449997,66.370003,67.080002,976500,59.068485
2013-03-05,67.269997,67.779999,67.209999,67.519997,1066300,59.45593
2013-03-06,67.699997,67.699997,66.610001,66.809998,977900,58.830728
2013-03-07,66.82,67.25,66.480003,66.489998,688600,58.548946
2013-03-08,66.610001,66.760002,66.080002,66.650002,2052300,58.689841
2013-03-11,66.580002,66.839996,66.519997,66.75,2648000,58.777896
2013-03-12,66.639999,66.699997,66.32,66.660004,3571400,58.698648
2013-03-13,66.739998,67.0,66.519997,66.889999,466500,58.901175
2013-03-14,66.360001,66.660004,66.18,66.410004,678800,59.025613
2013-03-15,66.150002,66.620003,66.019997,66.360001,1161100,58.98117
2013-03-18,66.0,66.360001,65.870003,66.099998,616200,58.750078
2013-03-19,66.260002,66.519997,65.739998,66.019997,778800,58.678972
2013-03-20,66.349998,66.68,66.300003,66.470001,627500,59.078939
2013-03-21,66.279999,66.5,66.07,66.199997,553300,58.838957
2013-03-22,66.269997,66.629997,66.139999,66.279999,458800,58.910064
2013-03-25,66.620003,66.949997,65.82,66.059998,719500,58.714525
2013-03-26,66.370003,66.82,66.349998,66.82,579200,59.39002
2013-03-27,66.470001,67.019997,66.279999,66.989998,795900,59.541115
2013-03-28,66.970001,68.379997,66.870003,68.339996,1241300,60.741002
2013-04-01,68.339996,68.639999,68.129997,68.389999,592300,60.785445
2013-04-02,68.480003,68.919998,68.239998,68.529999,791200,60.909877
2013-04-03,68.580002,68.910004,68.220001,68.43,645000,60.820998
2013-04-04,68.5,68.910004,68.459999,68.839996,463300,61.185405
2013-04-05,68.43,68.879997,68.330002,68.830002,561400,61.176522
2013-04-08,68.739998,69.470001,68.559998,69.449997,509600,61.727577
2013-04-09,69.43,69.5,68.540001,68.580002,961100,60.95432
2013-04-10,68.669998,69.269997,68.669998,69.239998,787100,61.540929
2013-04-11,69.309998,69.610001,69.029999,69.550003,644100,61.816463
2013-04-12,69.43,70.419998,69.43,70.349998,766700,62.527504
2013-04-15,70.169998,70.860001,70.050003,70.389999,1630600,62.563057
2013-04-16,70.5,71.400002,69.949997,71.360001,1450400,63.4252
2013-04-17,71.059998,72.029999,70.870003,71.949997,1737700,63.949592
2013-04-18,71.93,72.480003,71.650002,72.050003,1409700,64.038478
2013-04-19,72.089996,72.550003,71.879997,72.260002,1431400,64.225127
2013-04-22,72.260002,73.050003,71.959999,72.900002,891800,64.793962
2013-04-23,73.099998,73.32,72.349998,72.769997,1143300,64.678413
2013-04-24,72.919998,73.160004,72.57,72.68,1123800,64.598424
2013-04-25,72.959999,73.089996,72.089996,72.25,1863900,64.216237
2013-04-26,72.32,72.959999,71.120003,72.260002,1706300,64.225127
2013-04-29,72.699997,73.239998,72.019997,72.190002,1860200,64.162911
2013-04-30,72.269997,73.07,72.07,72.879997,1529900,64.776182
2013-05-01,72.860001,73.209999,72.309998,72.440002,1237400,64.385112
2013-05-02,72.389999,72.720001,72.120003,72.379997,772300,64.331779
2013-05-03,72.629997,73.0,72.300003,72.599998,983500,64.527318
2013-05-06,72.519997,72.699997,71.459999,71.459999,614000,63.514079
2013-05-07,71.900002,72.25,71.650002,71.980003,1309700,63.976262
2013-05-08,71.849998,72.209999,71.440002,71.629997,1151800,63.665175
2013-05-09,71.629997,71.830002,70.029999,70.209999,895800,62.403072
2013-05-10,70.209999,70.32,69.419998,70.300003,1307700,62.483068
2013-05-13,69.989998,70.169998,69.57,69.879997,895400,62.109764
2013-05-14,69.900002,70.849998,69.709999,70.68,945800,62.820812
2013-05-15,70.669998,71.690002,70.32,71.389999,883600,63.451863
2013-05-16,71.239998,71.260002,70.790001,71.029999,881200,63.131892
2013-05-17,71.040001,71.769997,70.949997,71.769997,1113100,63.789607
2013-05-20,71.660004,71.870003,71.300003,71.540001,734500,63.585185
2013-05-21,71.709999,71.870003,70.980003,71.510002,790100,63.558522
2013-05-22,71.360001,72.18,69.860001,70.300003,1247200,62.483068
2013-05-23,69.889999,69.889999,68.370003,69.279999,1116600,61.576482
2013-05-24,68.949997,69.110001,68.019997,68.269997,764300,60.678786
2013-05-28,68.519997,68.970001,67.300003,67.690002,1266000,60.163283
2013-05-29,67.290001,67.290001,65.449997,66.260002,1752000,58.89229
2013-05-30,66.5,68.139999,66.5,67.449997,1816500,59.949965
2013-05-31,67.25,68.080002,66.589996,66.610001,839100,59.203371
2013-06-03,66.589996,67.279999,65.779999,66.809998,766200,59.38113
2013-06-04,66.699997,67.050003,66.040001,66.489998,826000,59.096712
2013-06-05,66.32,66.480003,65.629997,65.980003,593100,58.643426
2013-06-06,66.07,66.800003,65.900002,66.779999,664100,59.354467
2013-06-07,66.980003,67.559998,66.57,67.510002,3141800,60.003298
2013-06-10,67.540001,67.610001,66.989998,67.120003,3208700,59.656664
2013-06-11,66.720001,67.389999,66.580002,67.0,2903700,59.550005
2013-06-12,67.309998,67.589996,66.220001,66.349998,614400,58.97228
2013-06-13,65.989998,67.120003,65.400002,67.040001,901600,60.179644
2013-06-14,66.959999,67.339996,66.650002,66.870003,706000,60.027042
2013-06-17,67.290001,67.760002,66.730003,67.050003,728600,60.188622
2013-06-18,67.059998,67.589996,66.730003,67.589996,544100,60.673357
2013-06-19,67.419998,67.720001,66.040001,66.080002,1192200,59.317884
2013-06-20,65.650002,65.720001,63.849998,64.0,1435300,57.450733
2013-06-21,64.400002,65.029999,63.380001,64.669998,1660300,58.052169
2013-06-24,64.18,64.879997,63.68,64.309998,1116100,57.729008
2013-06-25,64.599998,65.459999,64.080002,65.300003,846400,58.617704
2013-06-26,65.739998,66.639999,65.720001,66.389999,1336400,59.596158
2013-06-27,66.610001,67.269997,66.57,66.660004,756000,59.838533
2013-06-28,66.370003,67.150002,65.919998,67.010002,1072900,60.152715
2013-07-01,67.599998,67.660004,65.550003,65.82,789500,59.084488
2013-07-02,65.82,66.459999,65.720001,66.010002,698000,59.255047
2013-07-03,65.589996,66.110001,65.440002,65.900002,431100,59.156303
2013-07-05,65.919998,66.050003,64.709999,65.769997,733300,59.039602
2013-07-08,65.980003,66.849998,65.809998,66.410004,793900,59.614116
2013-07-09,66.790001,66.940002,66.089996,66.830002,1848900,59.991134
2013-07-10,66.470001,67.599998,66.43,67.57,1123600,60.655407
2013-07-11,68.150002,68.779999,68.059998,68.739998,735400,61.705676
2013-07-12,68.720001,69.019997,68.150002,68.989998,856300,61.930093
2013-07-15,68.870003,69.830002,68.790001,69.809998,1194900,62.66618
2013-07-16,69.970001,70.07,69.330002,69.559998,597900,62.441763
2013-07-17,69.900002,70.080002,69.169998,69.599998,853700,62.477671
2013-07-18,69.779999,70.610001,69.599998,70.529999,569700,63.312502
2013-07-19,70.68,70.769997,70.139999,70.269997,572300,63.079107
2013-07-22,70.269997,70.75,70.139999,70.480003,504700,63.267623
2013-07-23,70.5,70.93,70.389999,70.839996,788000,63.590777
2013-07-24,70.82,70.940002,69.160004,69.650002,672300,62.522557
2013-07-25,69.540001,70.279999,69.330002,70.019997,752800,62.85469
2013-07-26,69.68,70.220001,68.989998,70.150002,818600,62.971391
2013-07-29,69.839996,71.010002,69.75,70.599998,889600,63.375339
2013-07-30,70.970001,71.589996,70.849998,71.230003,1161100,63.940874
2013-07-31,70.980003,71.199997,70.260002,70.699997,1124000,63.465104
2013-08-01,71.07,71.629997,70.93,71.589996,771000,64.264028
2013-08-02,71.580002,71.769997,71.089996,71.639999,546200,64.308914
2013-08-05,71.389999,71.389999,70.800003,71.050003,649700,63.779293
2013-08-06,71.050003,71.190002,70.699997,70.730003,1382200,63.49204
2013-08-07,70.389999,71.0,70.239998,70.629997,659700,63.402268
2013-08-08,70.760002,71.279999,70.43,71.07,533300,63.797244
2013-08-09,71.07,71.080002,70.339996,70.800003,1001500,63.554876
2013-08-12,70.349998,70.5,70.050003,70.449997,597200,63.240687
2013-08-13,70.449997,70.599998,69.690002,69.919998,780000,62.764924
2013-08-14,69.860001,70.010002,69.169998,69.370003,744600,62.271211
2013-08-15,69.019997,69.089996,68.300003,68.459999,847800,61.45433
2013-08-16,68.300003,68.379997,67.190002,67.589996,840200,60.673357
2013-08-19,67.349998,67.93,66.739998,67.160004,797400,60.287366
2013-08-20,67.139999,68.019997,66.809998,67.589996,734900,60.673357
2013-08-21,67.360001,67.449997,66.470001,66.779999,995700,59.946248
2013-08-22,66.879997,67.220001,66.610001,66.93,422500,60.0809
2013-08-23,66.970001,67.510002,66.720001,67.379997,582700,60.484848
2013-08-26,67.339996,67.660004,66.839996,67.040001,709300,60.179644
2013-08-27,66.470001,67.5,66.470001,67.199997,859000,60.323267
2013-08-28,67.290001,67.610001,66.949997,67.300003,913600,60.413039
2013-08-29,67.279999,67.449997,66.730003,67.019997,706300,60.161687
2013-08-30,67.010002,67.349998,66.580002,66.870003,669300,60.027042
2013-09-03,67.279999,67.629997,65.669998,65.860001,854000,59.120396
2013-09-04,65.849998,65.889999,65.029999,65.739998,1082500,59.012673
2013-09-05,65.739998,66.0,64.919998,65.0,1117100,58.348401
2013-09-06,65.290001,65.989998,65.230003,65.559998,2880600,58.851093
2013-09-09,65.559998,66.239998,65.269997,66.099998,2468700,59.335834
2013-09-10,66.239998,66.709999,65.980003,66.709999,2901800,59.883412
2013-09-11,66.709999,66.900002,65.75,66.860001,1521600,60.018063
2013-09-12,66.400002,67.019997,65.599998,65.690002,771900,59.551193
2013-09-13,65.879997,66.339996,65.709999,65.82,516600,59.669042
2013-09-16,66.589996,67.040001,65.75,65.910004,1104600,59.750635
2013-09-17,66.099998,66.459999,65.940002,66.220001,736700,60.031663
2013-09-18,66.360001,68.43,66.029999,68.199997,1046700,61.826625
2013-09-19,68.099998,68.650002,67.599998,67.910004,843100,61.563732
2013-09-20,67.910004,68.099998,66.970001,67.18,1464700,60.901949
2013-09-23,67.129997,68.150002,66.669998,67.599998,1393100,61.282697
2013-09-24,67.690002,67.879997,67.110001,67.18,1479800,60.901949
2013-09-25,67.279999,67.480003,66.349998,66.550003,1229900,60.330825
2013-09-26,66.690002,67.059998,66.309998,66.559998,760600,60.339886
2013-09-27,66.199997,66.629997,65.800003,66.059998,794700,59.886611
2013-09-30,65.660004,66.07,65.529999,65.980003,955100,59.814093
2013-10-01,66.160004,66.400002,65.889999,66.129997,568000,59.95007
2013-10-02,65.959999,66.349998,65.5,66.32,941800,60.122316
2013-10-03,66.07,66.07,64.980003,65.190002,767200,59.097918
2013-10-04,65.18,65.519997,64.980003,65.07,570600,58.98913
2013-10-07,64.75,65.160004,64.449997,64.529999,953500,58.499593
2013-10-08,64.75,65.550003,64.57,65.07,1910800,58.98913
2013-10-09,65.269997,66.260002,64.970001,65.620003,1238400,59.487735
2013-10-10,66.0,66.550003,65.150002,66.519997,875500,60.303623
2013-10-11,66.559998,66.959999,66.349998,66.830002,567400,60.584658
2013-10-14,66.470001,66.690002,65.559998,66.489998,923000,60.276428
2013-10-15,66.379997,66.620003,65.690002,65.709999,1414900,59.569321
2013-10-16,65.940002,66.389999,65.709999,66.260002,985800,60.067925
2013-10-17,66.080002,67.339996,65.709999,67.220001,1286900,60.938211
2013-10-18,67.400002,67.720001,67.059998,67.209999,967000,60.929144
2013-10-21,67.160004,67.379997,66.610001,66.839996,732200,60.593718
2013-10-22,66.910004,67.650002,66.760002,67.419998,889000,61.119518
2013-10-23,67.400002,68.889999,67.239998,68.260002,1815900,61.881023
2013-10-24,68.269997,68.32,67.300003,67.599998,1174900,61.282697
2013-10-25,67.129997,69.470001,66.580002,69.440002,1816300,62.950751
2013-10-28,69.559998,70.190002,69.290001,69.639999,1557100,63.132058
2013-10-29,70.209999,70.220001,69.290001,69.790001,1251100,63.268041
2013-10-30,69.940002,70.309998,69.230003,69.339996,1080900,62.86009
2013-10-31,69.25,69.480003,68.190002,69.139999,1178600,62.678783
2013-11-01,69.260002,69.68,68.980003,69.440002,842700,62.950751
2013-11-04,69.68,70.169998,69.190002,70.099998,1513300,63.549069
2013-11-05,69.949997,70.620003,69.650002,69.760002,1498600,63.240846
2013-11-06,69.849998,70.449997,69.849998,70.190002,1107100,63.630662
2013-11-07,70.32,70.639999,69.330002,69.360001,1440900,62.878225
2013-11-08,68.980003,69.370003,68.010002,69.339996,1495400,62.86009
2013-11-11,69.440002,69.660004,68.860001,69.18,684900,62.715046
2013-11-12,68.860001,69.18,67.949997,68.290001,1108700,61.908218
2013-11-13,67.800003,68.18,67.410004,68.160004,1509100,61.790369
2013-11-14,68.470001,69.410004,68.419998,69.150002,705800,62.687851
2013-11-15,69.0,69.5,68.769997,69.489998,824700,62.996074
2013-11-18,69.739998,69.790001,69.169998,69.370003,699700,62.887293
2013-11-19,69.260002,69.309998,68.709999,68.790001,932400,62.361493
2013-11-20,69.0,69.220001,68.559998,68.769997,1473400,62.343358
2013-11-21,68.900002,69.269997,68.610001,68.919998,962400,62.479342
2013-11-22,68.800003,69.18,68.589996,68.860001,1042800,62.424951
2013-11-25,68.860001,69.010002,68.089996,68.169998,796600,61.79943
2013-11-26,68.089996,68.279999,67.089996,67.190002,1012300,60.911016
2013-11-27,67.260002,67.279999,66.790001,66.919998,881400,60.666244
2013-11-29,66.800003,67.099998,66.660004,66.739998,451100,60.503065
2013-12-02,66.860001,66.970001,66.050003,66.779999,876500,60.539328
2013-12-03,66.529999,66.949997,66.379997,66.849998,846700,60.602786
2013-12-04,66.5,66.940002,66.160004,66.830002,816600,60.584658
2013-12-05,66.709999,66.830002,66.290001,66.379997,951600,60.176707
2013-12-06,66.639999,67.650002,66.629997,67.610001,1014500,61.291765
2013-12-09,67.540001,67.589996,66.879997,67.220001,1021700,60.938211
2013-12-10,67.120003,67.139999,66.599998,66.629997,1398400,60.403344
2013-12-11,66.650002,66.660004,65.660004,66.0,1637600,59.832221
2013-12-12,65.349998,66.080002,65.209999,65.360001,1079200,59.845954
2013-12-13,65.550003,65.720001,65.230003,65.360001,509000,59.845954
2013-12-16,65.5,66.330002,65.419998,66.050003,921600,60.477745
2013-12-17,65.949997,65.989998,65.040001,65.279999,1902400,59.772702
2013-12-18,65.25,66.279999,64.519997,66.150002,1446000,60.569307
2013-12-19,65.949997,65.980003,64.989998,65.599998,1210500,60.065705
2013-12-20,65.709999,67.419998,65.699997,66.610001,2240300,60.990499
2013-12-23,66.830002,67.019997,66.360001,66.550003,836600,60.935563
2013-12-24,66.459999,66.839996,66.019997,66.68,374000,61.054593
2013-12-26,66.599998,66.669998,65.919998,66.160004,619300,60.578466
2013-12-27,66.120003,66.519997,65.889999,66.360001,740800,60.76159
2013-12-30,66.279999,66.650002,65.980003,66.32,866600,60.724964
2013-12-31,66.32,66.5,65.879997,66.389999,1902700,60.789058
2014-01-02,66.400002,66.440002,65.220001,65.260002,1415300,59.754392
2014-01-03,66.029999,66.050003,64.839996,65.129997,1281400,59.635355
2014-01-06,65.150002,65.519997,64.959999,65.190002,1067600,59.690298
2014-01-07,65.199997,65.860001,65.120003,65.760002,1100000,60.21221
2014-01-08,65.75,65.75,64.919998,65.099998,1297200,59.607887
2014-01-09,65.389999,65.82,65.18,65.68,1135300,60.138957
2014-01-10,66.18,67.339996,66.059998,66.669998,1132100,61.045435
2014-01-13,66.480003,66.669998,65.919998,66.050003,733500,60.477745
2014-01-14,66.160004,66.449997,65.830002,66.169998,579900,60.587617
2014-01-15,66.389999,66.389999,65.470001,65.669998,960100,60.129799
2014-01-16,65.690002,65.910004,65.32,65.910004,847200,60.349557
2014-01-17,65.970001,66.269997,65.629997,65.849998,842800,60.294614
2014-01-21,66.300003,66.660004,66.129997,66.610001,649900,60.990499
2014-01-22,66.580002,66.940002,66.480003,66.870003,841400,61.228566
2014-01-23,66.610001,66.779999,66.18,66.459999,1035900,60.853152
2014-01-24,66.290001,66.760002,65.470001,65.470001,1583000,59.946675
2014-01-27,65.589996,66.419998,65.489998,65.959999,1681200,60.395334
2014-01-28,66.059998,66.379997,65.910004,66.370003,1118000,60.770748
2014-01-29,66.239998,66.650002,66.019997,66.330002,1118400,60.734122
2014-01-30,66.650002,67.449997,66.610001,67.279999,686600,61.603973
2014-01-31,66.730003,68.339996,66.660004,68.220001,1404600,62.464673
2014-02-03,68.230003,69.059998,67.82,67.970001,2089800,62.235764
2014-02-04,68.25,68.339996,66.779999,67.459999,1723500,61.768788
2014-02-05,67.25,67.290001,66.830002,67.050003,1113300,61.393381
2014-02-06,67.199997,67.650002,66.870003,67.580002,917400,61.878667
2014-02-07,67.690002,67.989998,67.480003,67.889999,1063300,62.162511
2014-02-10,67.690002,68.260002,67.260002,68.230003,925500,62.473831
2014-02-11,68.110001,69.110001,68.059998,69.099998,1188200,63.27043
2014-02-12,69.089996,69.339996,68.769997,68.900002,963000,63.087306
2014-02-13,68.639999,69.639999,68.449997,69.57,1516500,63.70078
2014-02-14,69.57,71.860001,69.190002,71.730003,2449700,65.678556
2014-02-18,71.980003,72.269997,71.779999,72.120003,1479000,66.035654
2014-02-19,72.129997,72.449997,71.339996,71.470001,1765700,65.440489
2014-02-20,71.57,72.540001,71.57,72.330002,1822300,66.227937
2014-02-21,72.389999,72.949997,72.290001,72.290001,1482700,66.19131
2014-02-24,72.540001,72.650002,71.830002,71.860001,1109500,65.797587
2014-02-25,71.940002,72.459999,71.589996,71.830002,873100,65.770119
2014-02-26,72.050003,72.209999,71.419998,71.510002,748900,65.477115
2014-02-27,71.470001,71.980003,71.0,71.239998,750500,65.22989
2014-02-28,71.440002,72.0,71.349998,71.760002,837200,65.706024
2014-03-03,71.410004,71.800003,70.849998,70.900002,807100,64.918577
2014-03-04,71.400002,71.620003,71.190002,71.470001,655700,65.440489
2014-03-05,71.410004,71.480003,70.720001,70.900002,901800,64.918577
2014-03-06,71.220001,71.260002,70.07,70.349998,885000,64.414975
2014-03-07,70.239998,70.400002,69.580002,70.330002,901700,64.396665
2014-03-10,70.309998,70.610001,69.900002,70.370003,941400,64.433291
2014-03-11,70.309998,70.489998,69.690002,69.940002,632800,64.039568
2014-03-12,69.900002,71.260002,69.82,71.169998,2391800,65.165796
2014-03-13,70.610001,71.580002,70.360001,71.389999,1420900,65.97442
2014-03-14,71.43,72.0,71.029999,71.650002,1507200,66.214699
2014-03-17,71.760002,72.059998,71.480003,71.980003,1266100,66.519667
2014-03-18,72.040001,72.220001,71.650002,71.800003,577700,66.353322
2014-03-19,71.75,72.059998,70.349998,70.650002,970600,65.290558
2014-03-20,70.5,70.830002,69.849998,70.769997,1013200,65.401451
2014-03-21,71.190002,72.050003,71.190002,71.519997,1363200,66.094556
2014-03-24,71.769997,72.129997,71.279999,71.940002,1158400,66.482701
2014-03-25,72.040001,72.370003,71.660004,72.190002,918700,66.713736
2014-03-26,72.300003,72.849998,72.080002,72.279999,1340800,66.796905
2014-03-27,72.209999,72.959999,71.870003,72.919998,886500,67.388355
2014-03-28,72.839996,73.540001,72.480003,73.190002,909400,67.637877
2014-03-31,73.949997,74.610001,73.650002,74.290001,1283000,68.654431
2014-04-01,74.230003,74.57,73.830002,74.540001,1305400,68.885466
2014-04-02,74.529999,74.589996,73.739998,74.410004,998300,68.76533
2014-04-03,74.620003,74.849998,74.209999,74.650002,600100,68.987122
2014-04-04,74.839996,75.660004,74.669998,74.739998,721400,69.070291
2014-04-07,74.760002,75.32,74.279999,74.300003,1255800,68.663674
2014-04-08,74.160004,75.389999,73.650002,75.169998,1040900,69.467672
2014-04-09,75.25,75.440002,74.410004,75.260002,2190700,69.550848
2014-04-10,75.260002,75.779999,74.879997,75.169998,1328100,69.467672
2014-04-11,74.870003,75.489998,74.629997,74.860001,1033500,69.181191
2014-04-14,75.300003,75.959999,74.699997,75.519997,1095400,69.79112
2014-04-15,75.68,76.860001,75.540001,76.839996,1341200,71.010986
2014-04-16,77.059998,77.18,76.279999,77.18,1272600,71.325197
2014-04-17,76.870003,77.559998,76.519997,76.620003,1411400,70.807681
2014-04-21,76.620003,76.940002,75.769997,76.18,868800,70.401056
2014-04-22,76.059998,76.629997,75.699997,76.5,1219500,70.696781
2014-04-23,76.5,77.470001,76.220001,76.889999,1191200,71.057196
2014-04-24,76.93,77.190002,76.269997,77.150002,1090300,71.297474
2014-04-25,78.25,78.699997,77.599998,78.379997,1761900,72.434164
2014-04-28,78.349998,78.580002,77.5,78.010002,1237500,72.092236
2014-04-29,78.139999,78.389999,77.419998,77.669998,1052500,71.778024
2014-04-30,77.760002,78.330002,77.559998,78.139999,1259000,72.212372
2014-05-01,78.290001,78.400002,77.43,78.190002,976000,72.258582
2014-05-02,77.830002,78.0,76.529999,77.0,1301000,71.158852
2014-05-05,76.989998,77.940002,76.949997,77.93,929600,72.018303
2014-05-06,77.68,78.300003,77.419998,77.790001,1010900,71.888924
2014-05-07,77.910004,79.43,77.779999,79.32,1152700,73.302858
2014-05-08,79.239998,79.449997,77.660004,77.970001,997800,72.055269
2014-05-09,77.809998,78.190002,76.519997,76.629997,1000500,70.816917
2014-05-12,76.779999,77.0,75.730003,75.980003,846900,70.216231
2014-05-13,75.870003,76.620003,75.849998,76.139999,1150500,70.36409
2014-05-14,76.269997,77.050003,75.93,76.150002,722900,70.373333
2014-05-15,76.290001,76.470001,75.690002,75.849998,871100,70.096088
2014-05-16,75.870003,76.459999,75.5,76.440002,920500,70.641335
2014-05-19,76.309998,76.309998,74.669998,74.699997,951300,69.033325
2014-05-20,74.779999,75.290001,73.989998,74.459999,931300,68.811533
2014-05-21,74.510002,74.660004,74.07,74.360001,606300,68.71912
2014-05-22,74.370003,75.199997,74.370003,75.150002,492800,69.449192
2014-05-23,75.129997,75.360001,74.860001,74.879997,520900,69.19967
2014-05-27,75.360001,75.730003,75.110001,75.279999,820500,69.569328
2014-05-28,75.360001,75.739998,75.18,75.360001,911000,69.643261
2014-05-29,75.699997,75.760002,74.949997,75.370003,705300,69.652504
2014-05-30,75.470001,76.169998,75.300003,76.120003,681000,70.34561
2014-06-02,75.980003,76.43,75.790001,76.18,543300,70.401056
2014-06-03,76.0,76.459999,75.760002,76.220001,597200,70.438023
2014-06-04,76.110001,76.360001,75.800003,76.220001,661800,70.438023
2014-06-05,76.620003,76.82,76.099998,76.540001,757400,70.733748
2014-06-06,76.599998,77.059998,76.199997,76.239998,611600,70.456503
2014-06-09,75.93,76.209999,75.419998,75.519997,995100,69.79112
2014-06-10,75.410004,75.489998,74.919998,75.099998,735600,69.402982
2014-06-11,74.900002,75.139999,74.190002,74.209999,877800,68.580498
2014-06-12,73.669998,74.220001,72.760002,74.18,857400,69.16323
2014-06-13,74.099998,74.739998,73.690002,74.470001,639600,69.433618
2014-06-16,74.440002,75.720001,74.349998,75.25,951900,70.160865
2014-06-17,74.940002,75.25,74.57,74.970001,628500,69.899803
2014-06-18,74.919998,76.870003,74.879997,76.839996,880200,71.643331
2014-06-19,77.080002,77.720001,76.849998,77.669998,931900,72.4172
2014-06-20,77.959999,78.050003,77.540001,77.629997,998300,72.379904
2014-06-23,77.610001,77.970001,77.040001,77.470001,548600,72.230729
2014-06-24,77.330002,77.980003,77.300003,77.709999,461500,72.454496
2014-06-25,77.360001,78.18,77.360001,78.040001,822700,72.762179
2014-06-26,77.900002,78.050003,77.169998,77.739998,1353400,72.482466
2014-06-27,77.589996,78.080002,77.269997,77.739998,946100,72.482466
2014-06-30,77.800003,78.199997,77.470001,77.870003,1921900,72.603678
2014-07-01,77.959999,78.099998,77.110001,77.190002,1420100,71.969666
2014-07-02,76.949997,77.099998,75.360001,75.68,1308200,70.561785
2014-07-03,75.309998,75.330002,74.739998,75.110001,877000,70.030334
2014-07-07,75.220001,75.870003,75.099998,75.400002,981100,70.300722
2014-07-08,75.269997,76.18,75.080002,75.970001,671100,70.832173
2014-07-09,75.910004,76.18,75.110001,75.419998,966900,70.319367
2014-07-10,75.339996,76.400002,75.25,76.360001,957000,71.195797
2014-07-11,76.18,76.489998,75.839996,75.910004,626200,70.776233
2014-07-14,76.010002,76.290001,75.389999,75.400002,656300,70.300722
2014-07-15,75.459999,76.18,75.370003,76.059998,1407100,70.916083
2014-07-16,76.220001,76.25,75.389999,76.190002,691300,71.037296
2014-07-17,75.889999,76.400002,75.760002,75.839996,1209600,70.710961
2014-07-18,76.150002,76.769997,75.589996,76.57,763500,71.391594
2014-07-21,76.68,76.68,75.800003,75.919998,1036200,70.785552
2014-07-22,76.239998,76.239998,75.720001,76.089996,716000,70.944053
2014-07-23,76.18,76.580002,75.779999,76.57,1365500,71.391594
2014-07-24,76.589996,77.300003,76.279999,77.260002,1479500,72.034932
2014-07-25,76.620003,76.959999,75.620003,76.0,1046400,70.860143
2014-07-28,75.730003,77.209999,75.720001,77.029999,797400,71.820483
2014-07-29,76.949997,77.400002,76.5,76.650002,1642500,71.466185
2014-07-30,76.589996,77.010002,75.209999,75.400002,1479100,70.300722
2014-07-31,75.379997,75.480003,73.739998,73.82,1107800,68.827576
2014-08-01,73.599998,74.68,73.449997,74.129997,843300,69.116608
2014-08-04,74.18,74.300003,72.440002,73.540001,1392900,68.566513
2014-08-05,73.220001,73.599998,71.879997,72.110001,1111100,67.233223
2014-08-06,71.779999,72.480003,71.599998,72.07,2854200,67.195928
2014-08-07,72.510002,73.57,72.510002,73.07,1482400,68.128298
2014-08-08,73.330002,74.769997,72.949997,74.720001,1028700,69.66671
2014-08-11,74.760002,75.160004,74.400002,74.629997,592000,69.582793
2014-08-12,74.400002,74.760002,74.239998,74.389999,774300,69.359026
2014-08-13,74.610001,75.239998,74.389999,75.129997,619800,70.048978
2014-08-14,75.419998,75.940002,75.220001,75.919998,660100,70.785552
2014-08-15,76.0,76.550003,75.620003,76.360001,1150900,71.195797
2014-08-18,76.470001,76.760002,76.089996,76.300003,988000,71.139857
2014-08-19,76.349998,77.290001,76.150002,77.239998,619500,72.01628
2014-08-20,77.150002,77.419998,76.68,77.360001,670000,72.128167
2014-08-21,77.25,77.82,77.139999,77.330002,984300,72.100197
2014-08-22,77.379997,77.620003,76.440002,76.889999,821300,71.689952
2014-08-25,77.07,77.559998,76.849998,77.449997,790100,72.212077
2014-08-26,77.599998,77.779999,76.279999,76.309998,782500,71.149176
2014-08-27,76.5,76.980003,76.43,76.93,789300,71.727248
2014-08-28,76.889999,77.940002,76.599998,77.910004,817900,72.640974
2014-08-29,77.940002,78.260002,77.709999,78.25,827500,72.957976
2014-09-02,78.129997,78.300003,76.970001,77.419998,878900,72.184107
2014-09-03,77.550003,77.970001,77.339996,77.739998,700800,72.482466
2014-09-04,77.720001,77.879997,77.190002,77.75,596100,72.491791
2014-09-05,77.790001,78.849998,77.790001,78.830002,656200,73.498753
2014-09-08,78.889999,78.889999,78.059998,78.449997,662400,73.144448
2014-09-09,78.449997,78.449997,77.849998,77.870003,716700,72.603678
2014-09-10,77.790001,77.959999,76.989998,77.32,774000,72.090872
2014-09-11,76.809998,77.349998,76.419998,77.239998,520200,72.664739
2014-09-12,76.919998,76.989998,75.32,75.57,1289600,71.093662
2014-09-15,75.889999,76.339996,75.75,76.040001,492900,71.535823
2014-09-16,76.040001,77.239998,75.919998,76.900002,583600,72.344882
2014-09-17,76.940002,77.260002,76.120003,76.589996,546600,72.05324
2014-09-18,76.610001,77.059998,75.400002,75.75,745100,71.263
2014-09-19,76.050003,76.419998,75.800003,76.300003,1195000,71.780424
2014-09-22,76.150002,76.519997,75.620003,75.800003,943700,71.310041
2014-09-23,75.650002,76.050003,75.410004,75.860001,935400,71.366485
2014-09-24,76.040001,76.040001,75.230003,75.760002,861600,71.27241
2014-09-25,75.870003,76.190002,75.300003,75.379997,1108500,70.914914
2014-09-26,75.510002,75.790001,74.620003,75.480003,593900,71.008997
2014-09-29,75.239998,76.029999,75.050003,75.959999,671800,71.46056
2014-09-30,76.059998,76.809998,75.709999,76.080002,992100,71.573455
2014-10-01,76.220001,77.209999,76.080002,76.279999,834700,71.761605
2014-10-02,76.190002,76.949997,76.059998,76.269997,912200,71.752195
2014-10-03,76.410004,76.959999,75.860001,76.870003,860700,72.31666
2014-10-06,76.919998,77.370003,76.489998,76.849998,614000,72.297841
2014-10-07,76.669998,77.699997,76.629997,77.019997,843500,72.457769
2014-10-08,76.949997,79.239998,76.949997,79.099998,1696100,74.414564
2014-10-09,79.290001,80.199997,77.800003,77.870003,1966400,73.257426
2014-10-10,78.279999,79.360001,78.139999,78.730003,1549000,74.066485
2014-10-13,78.68,79.879997,78.440002,78.900002,1290000,74.226413
2014-10-14,79.379997,80.199997,78.82,79.510002,2131200,74.800281
2014-10-15,79.559998,80.25,76.349998,77.900002,1690200,73.285648
2014-10-16,77.300003,77.720001,76.43,76.879997,2571800,72.326063
2014-10-17,77.050003,77.419998,75.760002,76.980003,2901100,72.420145
2014-10-20,77.0,78.739998,77.0,78.639999,1372600,73.981812
2014-10-21,79.129997,79.849998,78.769997,79.75,1386700,75.026063
2014-10-22,79.970001,80.779999,79.589996,79.860001,969100,75.129548
2014-10-23,80.349998,80.849998,79.830002,80.0,1238200,75.261254
2014-10-24,80.120003,80.959999,79.860001,80.199997,1547800,75.449405
2014-10-27,80.0,81.150002,80.0,80.610001,1482200,75.835122
2014-10-28,80.639999,81.209999,80.099998,81.199997,1530700,76.39017
2014-10-29,80.449997,81.089996,79.330002,80.050003,1431300,75.308295
2014-10-30,80.220001,82.010002,80.129997,81.989998,1355400,77.133376
2014-10-31,82.330002,82.330002,81.470001,82.160004,1135000,77.293312
2014-11-03,82.360001,82.989998,82.279999,82.800003,967700,77.895401
2014-11-04,82.940002,83.470001,82.169998,82.389999,643600,77.509684
2014-11-05,82.949997,84.419998,82.480003,84.160004,1896400,79.174843
2014-11-06,83.889999,83.889999,82.160004,82.669998,2236000,77.773097
2014-11-07,82.730003,83.339996,82.5,83.309998,850300,78.375186
2014-11-10,83.050003,83.910004,82.830002,83.849998,720500,78.883201
2014-11-11,83.610001,83.669998,82.449997,82.790001,1170300,77.885991
2014-11-12,82.07,82.239998,80.610001,80.900002,1580000,76.107945
2014-11-13,81.120003,81.480003,79.620003,79.779999,1650100,75.054285
2014-11-14,79.800003,80.220001,79.540001,79.870003,1030700,75.138957
2014-11-17,79.589996,81.129997,79.589996,81.099998,1020300,76.296095
2014-11-18,81.389999,81.940002,80.669998,81.510002,1795800,76.681812
2014-11-19,81.220001,81.550003,80.68,81.209999,1130700,76.39958
2014-11-20,81.120003,81.25,80.419998,80.639999,953800,75.863344
2014-11-21,81.25,81.459999,79.800003,80.650002,1220400,75.872753
2014-11-24,80.790001,81.040001,80.419998,80.529999,1088100,75.759859
2014-11-25,80.639999,80.639999,79.889999,80.389999,627300,75.628152
2014-11-26,80.629997,80.959999,80.300003,80.669998,677700,75.891566
2014-11-28,81.080002,82.150002,80.720001,81.459999,554000,76.634771
2014-12-01,81.059998,82.339996,80.809998,81.540001,1182900,76.710034
2014-12-02,81.230003,82.379997,80.709999,82.269997,989000,77.396789
2014-12-03,82.190002,82.540001,81.529999,82.449997,949500,77.566127
2014-12-04,82.480003,82.910004,82.0,82.650002,896900,77.754285
2014-12-05,82.190002,82.75,81.690002,82.0,710700,77.142786
2014-12-08,82.139999,83.43,81.970001,82.690002,1332900,77.791916
2014-12-09,82.459999,83.57,82.309998,83.309998,1100000,78.375186
2014-12-10,83.360001,84.220001,81.919998,81.980003,1238100,77.123974
2014-12-11,81.790001,83.730003,81.599998,82.730003,887000,78.490176
2014-12-12,82.940002,83.830002,81.849998,81.889999,936300,77.693221
2014-12-15,82.209999,82.760002,80.910004,81.540001,1221100,77.36116
2014-12-16,81.620003,83.470001,81.129997,82.07,906700,77.863997
2014-12-17,82.300003,83.989998,82.300003,83.75,1167500,79.457899
2014-12-18,83.860001,85.480003,83.470001,85.480003,828000,81.099241
2014-12-19,85.739998,86.489998,85.400002,85.75,1872700,81.355401
2014-12-22,85.75,86.239998,85.199997,86.230003,723100,81.810805
2014-12-23,86.540001,86.860001,86.209999,86.410004,700100,81.98158
2014-12-24,86.480003,88.150002,86.480003,87.940002,457200,83.433168
2014-12-26,88.0,89.43,88.0,89.32,877800,84.742442
2014-12-29,89.190002,90.769997,89.080002,90.18,1080300,85.558368
2014-12-30,89.809998,89.830002,87.82,87.970001,714900,83.461629
2014-12-31,88.370003,88.5,86.25,86.370003,1094700,81.943629
2015-01-02,86.830002,87.239998,85.980003,87.010002,872700,82.550829
2015-01-05,86.910004,87.279999,85.82,86.160004,1101200,81.744392
2015-01-06,86.449997,87.82,85.959999,86.029999,1234200,81.62105
2015-01-07,86.309998,87.379997,85.690002,87.050003,932900,82.58878
2015-01-08,87.349998,87.900002,87.07,87.449997,681200,82.968275
2015-01-09,87.459999,87.599998,86.290001,86.800003,674900,82.351593
2015-01-12,87.190002,87.410004,86.019997,86.730003,840400,82.28518
2015-01-13,87.449997,88.720001,86.57,87.220001,643500,82.750066
2015-01-14,86.440002,88.260002,86.419998,88.160004,754600,83.641894
2015-01-15,88.629997,89.18,88.029999,88.970001,799500,84.410381
2015-01-16,88.800003,90.050003,88.550003,89.959999,663800,85.349642
2015-01-20,90.25,90.349998,89.139999,90.080002,697400,85.463495
2015-01-21,89.760002,90.980003,89.07,90.870003,668600,86.213009
2015-01-22,90.980003,91.419998,90.029999,90.699997,539400,86.051716
2015-01-23,90.980003,91.660004,90.769997,91.239998,443600,86.564042
2015-01-26,91.019997,91.019997,89.980003,90.93,710700,86.269932
2015-01-27,90.709999,91.699997,90.589996,91.300003,544400,86.620972
2015-01-28,91.160004,92.269997,89.949997,90.230003,698900,85.605809
2015-01-29,90.230003,91.739998,89.75,91.540001,572500,86.84867
2015-01-30,91.199997,91.510002,89.559998,89.660004,884900,85.065021
2015-02-02,89.860001,90.779999,88.93,90.480003,749100,85.842997
2015-02-03,90.199997,90.82,89.639999,90.029999,1076000,85.416054
2015-02-04,89.919998,89.949997,88.370003,88.620003,1018200,84.078319
2015-02-05,89.120003,89.660004,88.269997,89.57,956700,84.97963
2015-02-06,89.360001,89.879997,84.830002,85.25,1234800,80.881026
2015-02-09,85.080002,85.800003,84.519997,84.910004,1070700,80.558454
2015-02-10,84.910004,86.779999,84.910004,86.699997,970700,82.256712
2015-02-11,86.230003,86.309998,84.510002,84.699997,946600,80.35921
2015-02-12,84.699997,84.879997,83.779999,83.989998,1528900,79.685597
2015-02-13,84.519997,84.519997,80.629997,81.559998,2446300,77.380132
2015-02-17,81.410004,82.940002,81.260002,81.910004,2444100,77.712201
2015-02-18,82.059998,84.5,81.879997,84.5,1873700,80.169462
2015-02-19,84.970001,84.970001,83.160004,83.400002,1100000,79.125838
2015-02-20,83.489998,83.709999,82.019997,83.199997,1311400,78.936083
2015-02-23,83.309998,83.919998,83.150002,83.900002,966600,79.600213
2015-02-24,83.690002,84.889999,83.5,84.199997,1049800,79.884834
2015-02-25,84.309998,84.309998,82.650002,82.760002,951300,78.518637
2015-02-26,82.959999,83.169998,81.839996,81.959999,1236100,77.759634
2015-02-27,82.169998,82.220001,81.620003,82.029999,1074300,77.826046
2015-03-02,81.910004,82.010002,79.870003,80.440002,1195600,76.317535
2015-03-03,80.279999,80.940002,79.809998,80.720001,1542700,76.583184
2015-03-04,80.519997,80.760002,80.300003,80.580002,1059200,76.45036
2015-03-05,80.900002,81.470001,80.690002,81.139999,788700,76.981658
2015-03-06,80.150002,80.379997,78.0,78.410004,1157700,74.391572
2015-03-09,78.449997,79.040001,78.019997,78.470001,1114400,74.448495
2015-03-10,78.279999,79.550003,78.150002,78.779999,1119900,74.742605
2015-03-11,78.82,79.160004,78.129997,78.150002,840500,74.144895
2015-03-12,77.860001,78.779999,77.68,78.449997,1605500,75.092519
2015-03-13,78.349998,78.379997,76.839996,77.720001,1422700,74.393765
2015-03-16,78.199997,79.510002,77.980003,78.970001,1249300,75.590268
2015-03-17,78.699997,79.139999,78.169998,78.620003,1153500,75.255249
2015-03-18,78.639999,80.730003,78.370003,80.199997,2156100,76.767623
2015-03-19,79.940002,80.82,79.510002,79.580002,1410000,76.174162
2015-03-20,80.0,81.690002,79.82,81.57,2395700,78.078993
2015-03-23,81.400002,82.0,81.300003,81.389999,848600,77.906696
2015-03-24,81.199997,81.779999,80.360001,80.379997,771800,76.939919
2015-03-25,80.550003,80.949997,79.510002,79.540001,922100,76.135873
2015-03-26,79.650002,80.260002,78.970001,79.449997,1585700,76.049721
2015-03-27,79.410004,80.540001,79.220001,80.160004,1292000,76.729341
2015-03-30,80.339996,81.029999,79.949997,80.730003,665400,77.274946
2015-03-31,80.279999,81.349998,80.150002,80.690002,1205400,77.236657
2015-04-01,80.620003,81.379997,79.68,81.379997,777200,77.897122
2015-04-02,81.349998,82.360001,81.169998,82.080002,1520500,78.567168
2015-04-06,82.330002,84.269997,82.160004,83.379997,1859800,79.811526
2015-04-07,83.290001,83.389999,82.059998,82.150002,1199300,78.634172
2015-04-08,82.019997,82.360001,81.239998,81.809998,981100,78.308719
2015-04-09,81.849998,81.860001,80.879997,81.389999,990700,77.906696
2015-04-10,81.809998,82.279999,81.260002,81.730003,772300,78.232148
2015-04-13,81.739998,81.830002,81.0,81.050003,1006800,77.581251
2015-04-14,81.07,81.599998,80.93,81.419998,841200,77.935411
2015-04-15,81.459999,82.269997,81.440002,81.480003,1035600,77.992848
2015-04-16,81.300003,81.339996,80.110001,80.940002,851900,77.475958
2015-04-17,80.339996,81.389999,80.339996,80.699997,670600,77.246224
2015-04-20,80.900002,82.830002,80.900002,82.029999,869500,78.519305
2015-04-21,82.169998,82.709999,80.860001,81.169998,670800,77.69611
2015-04-22,81.889999,82.099998,81.18,81.919998,827200,78.414012
2015-04-23,82.029999,82.93,81.910004,82.82,1401900,79.275495
2015-04-24,81.93,83.660004,80.669998,82.809998,1406300,79.265921
2015-04-27,83.190002,83.32,81.25,81.470001,1232600,77.983274
2015-04-28,81.120003,81.989998,80.739998,81.870003,847100,78.366156
2015-04-29,81.150002,81.489998,80.580002,81.290001,959200,77.810977
2015-04-30,81.059998,81.059998,79.190002,79.629997,1497600,76.222018
2015-05-01,79.82,80.110001,79.150002,80.080002,906800,76.652763
2015-05-04,80.269997,81.290001,80.099998,80.610001,649600,77.160079
2015-05-05,80.660004,80.660004,78.580002,78.690002,978800,75.322253
2015-05-06,78.68,79.010002,77.190002,77.949997,1475400,74.613918
2015-05-07,78.25,79.040001,78.220001,78.389999,956600,75.035089
2015-05-08,79.300003,79.860001,78.849998,79.209999,1220200,75.819995
2015-05-11,79.019997,80.099998,78.699997,78.779999,863300,75.408397
2015-05-12,78.25,78.720001,77.709999,78.260002,993000,74.910655
2015-05-13,78.480003,78.919998,76.779999,77.190002,1402200,73.886449
2015-05-14,77.68,78.370003,77.489998,78.089996,1014500,74.747925
2015-05-15,78.339996,79.239998,78.220001,79.139999,1834300,75.752991
2015-05-18,78.790001,79.760002,78.790001,79.730003,891300,76.317744
2015-05-19,79.349998,79.940002,79.099998,79.529999,702700,76.126299
2015-05-20,79.589996,80.290001,79.360001,79.720001,752100,76.30817
2015-05-21,79.650002,79.889999,79.080002,79.660004,565800,76.25074
2015-05-22,79.510002,79.870003,78.989998,79.610001,636200,76.202877
2015-05-26,79.589996,79.589996,78.790001,79.160004,680200,75.772139
2015-05-27,79.410004,79.510002,78.940002,79.199997,1174300,75.81042
2015-05-28,79.32,79.769997,78.980003,79.529999,775600,76.126299
2015-05-29,79.519997,79.739998,79.0,79.230003,867500,75.839143
2015-06-01,79.330002,79.720001,79.059998,79.260002,666200,75.867858
2015-06-02,78.870003,78.900002,77.330002,77.839996,1105600,74.508625
2015-06-03,77.699997,77.980003,76.120003,76.669998,1128400,73.3887
2015-06-04,76.360001,77.110001,76.25,76.68,1530500,73.398274
2015-06-05,75.940002,76.040001,74.82,74.940002,1838900,71.732744
2015-06-08,74.940002,75.139999,74.510002,74.529999,1126800,71.340287
2015-06-09,74.449997,74.849998,74.339996,74.519997,1479700,71.330713
2015-06-10,74.959999,75.300003,74.5,75.029999,1461400,71.818889
2015-06-11,74.860001,75.300003,74.449997,74.809998,1304100,72.272947
2015-06-12,74.410004,74.800003,74.059998,74.080002,777100,71.567708
2015-06-15,74.059998,74.339996,73.540001,73.779999,915100,71.277879
2015-06-16,73.629997,74.150002,73.230003,74.099998,949900,71.587026
2015-06-17,74.080002,75.129997,74.010002,74.980003,1228300,72.437187
2015-06-18,75.019997,76.279999,75.019997,76.050003,1140400,73.4709
2015-06-19,76.07,76.410004,75.629997,75.690002,1775700,73.123108
2015-06-22,75.839996,75.989998,75.110001,75.389999,605000,72.833279
2015-06-23,75.150002,75.25,74.029999,74.360001,895700,71.838211
2015-06-24,74.379997,74.68,73.75,73.849998,941200,71.345505
2015-06-25,74.0,74.18,73.68,73.889999,985100,71.384149
2015-06-26,73.699997,74.970001,73.389999,74.959999,2025400,72.417862
2015-06-29,75.0,75.849998,74.599998,74.639999,1684200,72.108714
2015-06-30,74.93,75.0,74.43,74.639999,1447900,72.108714
2015-07-01,74.75,75.260002,74.529999,75.239998,1050900,72.688365
2015-07-02,75.620003,76.410004,75.389999,76.220001,1327700,73.635133
2015-07-06,76.080002,76.639999,75.82,76.470001,1333200,73.876655
2015-07-07,76.919998,78.900002,76.599998,78.559998,2166700,75.895772
2015-07-08,78.260002,78.879997,77.849998,77.959999,1401200,75.316122
2015-07-09,78.169998,78.459999,76.720001,76.860001,1190700,74.253428
2015-07-10,77.709999,78.400002,76.5,77.510002,971600,74.881386
2015-07-13,77.809998,77.900002,76.75,77.260002,984000,74.639864
2015-07-14,77.25,77.830002,76.940002,77.099998,632400,74.485287
2015-07-15,77.120003,77.57,76.629997,77.5,779900,74.871723
2015-07-16,77.68,78.669998,77.480003,78.540001,770500,75.876454
2015-07-17,78.230003,78.489998,77.5,77.510002,1212600,74.881386
2015-07-20,77.440002,77.440002,76.580002,77.410004,1015000,74.784778
2015-07-21,77.410004,77.559998,76.339996,76.660004,809600,74.060213
2015-07-22,76.760002,77.519997,76.610001,77.139999,773900,74.523931
2015-07-23,76.860001,77.059998,75.589996,76.169998,943500,73.586826
2015-07-24,76.540001,78.040001,76.540001,77.360001,1805900,74.736471
2015-07-27,77.339996,79.300003,77.32,78.68,1433100,76.011705
2015-07-28,78.57,78.779999,78.190002,78.620003,1365400,75.953743
2015-07-29,78.459999,79.379997,77.900002,79.309998,1108000,76.620337
2015-07-30,79.029999,79.949997,78.900002,79.550003,1045300,76.852204
2015-07-31,79.910004,81.269997,79.910004,80.459999,881800,77.731339
2015-08-03,80.5,81.139999,79.970001,80.360001,812300,77.634731
2015-08-04,80.07,80.330002,78.970001,79.089996,1022400,76.407797
2015-08-05,79.400002,79.68,78.919998,79.209999,586400,76.52373
2015-08-06,79.32,79.949997,78.440002,79.889999,997100,77.180669
2015-08-07,79.860001,81.599998,79.43,81.220001,1454200,78.465567
2015-08-10,81.269997,81.489998,80.379997,80.639999,758400,77.905235
2015-08-11,80.790001,81.75,80.330002,81.160004,1077400,78.407604
2015-08-12,81.010002,83.309998,80.709999,83.019997,1817100,80.204518
2015-08-13,82.699997,83.480003,82.050003,83.139999,1067100,80.320451
2015-08-14,82.870003,83.790001,82.379997,83.650002,887500,80.813158
2015-08-17,83.730003,84.330002,83.209999,84.120003,855500,81.26722
2015-08-18,83.900002,84.110001,83.279999,83.599998,802200,80.76485
2015-08-19,83.410004,84.529999,83.169998,84.379997,1409000,81.518397
2015-08-20,83.870003,85.120003,83.349998,84.269997,1450800,81.412127
2015-08-21,83.629997,84.209999,83.150002,83.150002,1920700,80.330114
2015-08-24,82.07,82.07,78.830002,79.220001,2028600,76.533393
2015-08-25,79.809998,80.589996,76.540001,76.559998,1692600,73.963599
2015-08-26,77.339996,78.0,76.089996,77.870003,1626200,75.229178
2015-08-27,78.309998,78.989998,77.669998,78.970001,1212800,76.291871
2015-08-28,78.940002,79.129997,77.739998,78.830002,1031000,76.15662
2015-08-31,78.650002,78.709999,77.25,78.059998,1672800,75.412729
2015-09-01,77.209999,77.550003,75.690002,76.120003,1249000,73.538526
2015-09-02,76.879997,76.93,75.370003,76.010002,899900,73.432256
2015-09-03,76.510002,76.919998,76.059998,76.379997,684900,73.789703
2015-09-04,75.5,75.900002,74.639999,75.010002,841200,72.466169
2015-09-08,75.889999,76.529999,75.559998,76.279999,860600,73.693096
2015-09-09,76.379997,76.82,75.040001,75.150002,1006800,72.60142
2015-09-10,74.739998,75.849998,74.739998,75.07,837200,72.524132
2015-09-11,74.839996,75.949997,74.559998,75.940002,747200,73.36463
2015-09-14,76.059998,76.529999,75.68,75.879997,662000,73.30666
2015-09-15,76.059998,76.589996,75.279999,76.5,893900,73.905636
2015-09-16,76.260002,77.75,76.230003,77.629997,1320200,74.997311
2015-09-17,77.0,79.279999,76.730003,78.150002,1502800,76.21639
2015-09-18,77.540001,78.669998,77.410004,77.800003,1446700,75.875052
2015-09-21,77.949997,78.360001,77.660004,77.980003,771300,76.050598
2015-09-22,77.589996,78.089996,77.07,77.269997,1048100,75.358159
2015-09-23,77.370003,78.449997,76.919998,78.330002,1114400,76.391937
2015-09-24,77.989998,78.860001,77.809998,78.760002,1054200,76.811298
2015-09-25,78.980003,80.389999,78.389999,79.269997,1614900,77.308674
2015-09-28,79.269997,79.75,78.68,78.769997,1364200,76.821045
2015-09-29,78.919998,79.169998,77.739998,78.230003,1926500,76.294413
2015-09-30,78.790001,80.470001,78.519997,80.370003,1574600,78.381464
2015-10-01,80.489998,80.629997,78.389999,79.370003,1227600,77.406206
2015-10-02,80.220001,80.599998,79.019997,80.599998,1014900,78.605769
2015-10-05,81.0,81.32,80.089996,81.120003,824100,79.112907
2015-10-06,80.93,81.18,80.169998,80.720001,1142400,78.722802
2015-10-07,80.889999,80.980003,80.080002,80.360001,848500,78.371709
2015-10-08,80.199997,81.5,80.0,81.370003,655000,79.356721
2015-10-09,81.269997,81.389999,80.800003,81.139999,830900,79.132409
2015-10-12,81.349998,82.129997,81.169998,81.599998,708900,79.581026
2015-10-13,81.370003,82.209999,81.029999,81.349998,1017900,79.337212
2015-10-14,81.5,82.269997,81.150002,81.760002,725900,79.737071
2015-10-15,82.099998,83.510002,81.660004,83.260002,1150900,81.199958
2015-10-16,83.660004,83.980003,83.0,83.349998,809700,81.287727
2015-10-19,83.440002,83.669998,82.839996,83.639999,807700,81.570553
2015-10-20,83.139999,84.199997,83.059998,83.82,587700,81.7461
2015-10-21,84.25,84.639999,83.599998,83.779999,707300,81.707088
2015-10-22,83.93,85.040001,83.769997,84.870003,859300,82.770123
2015-10-23,84.220001,85.360001,82.980003,83.330002,966000,81.268225
2015-10-26,83.57,83.669998,82.330002,83.5,964900,81.434018
2015-10-27,83.230003,83.639999,82.709999,83.489998,797500,81.424263
2015-10-28,83.470001,83.82,81.32,82.169998,974400,80.136923
2015-10-29,81.660004,82.139999,80.120003,81.150002,908400,79.142163
2015-10-30,81.379997,82.07,80.980003,81.589996,761300,79.571272
2015-11-02,81.599998,82.269997,81.120003,82.160004,834300,80.127176
2015-11-03,81.779999,82.519997,81.470001,82.459999,851800,80.419749
2015-11-04,82.459999,83.18,82.25,82.709999,676900,80.663563
2015-11-05,82.529999,83.480003,82.379997,83.0,1225800,80.946389
2015-11-06,81.730003,81.809998,79.190002,79.389999,2058200,77.425708
2015-11-09,79.0,79.769997,78.709999,79.300003,1444000,77.337938
2015-11-10,79.459999,80.410004,79.220001,80.199997,1182700,78.215664
2015-11-11,80.339996,81.029999,80.169998,81.0,1100600,78.995873
2015-11-12,80.760002,81.540001,79.800003,80.029999,965300,78.049872
2015-11-13,80.209999,80.800003,79.330002,79.529999,918700,77.562243
2015-11-16,79.389999,81.099998,79.360001,81.059998,1119700,79.054386
2015-11-17,80.800003,81.440002,79.32,79.550003,843500,77.581753
2015-11-18,79.290001,80.029999,78.260002,79.879997,1571500,77.903582
2015-11-19,80.339996,81.379997,80.07,80.93,1092100,78.927606
2015-11-20,81.290001,81.889999,81.019997,81.379997,1452900,79.366469
2015-11-23,81.339996,81.669998,80.360001,80.529999,649900,78.537501
2015-11-24,80.150002,80.400002,79.360001,80.209999,922000,78.225419
2015-11-25,80.209999,80.209999,79.480003,79.879997,590100,77.903582
2015-11-27,79.879997,80.620003,79.580002,80.169998,297600,78.186408
2015-11-30,80.190002,81.120003,80.139999,80.489998,1307600,78.49849
2015-12-01,80.940002,81.050003,80.0,80.669998,1166300,78.674036
2015-12-02,80.400002,80.510002,78.610001,78.68,1349800,76.733276
2015-12-03,78.699997,78.959999,77.949997,78.269997,1682900,76.333416
2015-12-04,78.760002,80.800003,78.529999,80.529999,1352100,78.537501
2015-12-07,80.32,81.199997,80.019997,81.18,1071400,79.17142
2015-12-08,81.0,81.220001,80.0,80.620003,857400,78.625278
2015-12-09,80.339996,81.349998,79.779999,80.209999,1689300,78.225419
2015-12-10,80.139999,80.269997,78.610001,78.919998,1266700,76.967335
2015-12-11,78.610001,79.25,78.239998,78.330002,1161300,76.391937
2015-12-14,78.339996,78.720001,77.349998,78.470001,1373300,76.528472
2015-12-15,78.660004,79.849998,78.660004,79.120003,767800,77.162391
2015-12-16,79.489998,81.050003,79.220001,80.889999,1057400,78.888594
2015-12-17,80.300003,80.660004,79.690002,79.949997,1156100,78.681922
2015-12-18,79.870003,79.970001,78.5,78.879997,1607600,77.628893
2015-12-21,79.160004,79.610001,77.980003,78.660004,1085800,77.412389
2015-12-22,78.870003,79.300003,77.970001,79.080002,890600,77.825725
2015-12-23,79.349998,80.129997,79.269997,80.010002,669000,78.740975
2015-12-24,79.82,80.230003,79.699997,79.879997,327900,78.613032
2015-12-28,79.800003,80.690002,79.589996,80.660004,759900,79.380667
2015-12-29,80.970001,81.879997,80.790001,81.440002,878000,80.148294
2015-12-30,81.589996,81.93,81.230003,81.540001,1153500,80.246707
2015-12-31,81.43,81.669998,79.339996,80.190002,979900,78.91812
2016-01-04,79.5,79.669998,78.419998,79.139999,1408300,77.884771
2016-01-05,78.959999,80.099998,78.010002,79.949997,1259100,78.681922
2016-01-06,79.370003,80.07,79.129997,79.589996,2098600,78.327631
2016-01-07,78.779999,79.489998,78.489998,78.720001,1421400,77.471435
2016-01-08,78.720001,79.160004,78.25,78.379997,1581300,77.136823
2016-01-11,78.589996,79.370003,78.580002,79.150002,1846500,77.894615
2016-01-12,79.769997,79.769997,78.459999,79.599998,1526200,78.337474
2016-01-13,80.419998,81.18,80.010002,80.25,1830800,78.977166
2016-01-14,80.190002,81.82,79.870003,81.32,1152600,80.030195
2016-01-15,80.290001,81.199997,79.82,80.540001,1471700,79.262568
2016-01-19,81.260002,82.43,80.870003,82.230003,1704300,80.925765
2016-01-20,81.709999,82.389999,79.529999,80.190002,2033400,78.91812
2016-01-21,80.18,80.760002,78.720001,79.25,1446400,77.993027
2016-01-22,79.940002,81.419998,79.379997,81.330002,1372700,80.040038
2016-01-25,81.370003,81.43,80.529999,80.760002,862300,79.479079
2016-01-26,81.110001,82.269997,80.849998,81.699997,953800,80.404165
2016-01-27,81.260002,82.540001,81.040001,82.0,988200,80.69941
2016-01-28,82.0,83.900002,81.589996,83.25,770300,81.929584
2016-01-29,84.0,85.18,82.809998,85.010002,1528200,83.661671
2016-02-01,84.510002,85.839996,84.290001,85.309998,1089200,83.956908
2016-02-02,85.150002,86.309998,84.980003,86.220001,1255400,84.852478
2016-02-03,86.669998,87.839996,86.099998,87.089996,1776200,85.708674
2016-02-04,86.940002,87.559998,86.440002,86.610001,1388300,85.236292
2016-02-05,86.18,86.860001,85.040001,86.449997,1776500,85.078826
2016-02-08,86.839996,87.809998,85.239998,86.220001,1758000,84.852478
2016-02-09,86.029999,87.120003,85.790001,86.849998,1460700,85.472483
2016-02-10,85.629997,86.779999,83.800003,85.790001,2244400,84.429298
2016-02-11,85.93,86.449997,84.029999,84.080002,1503100,82.746421
2016-02-12,83.739998,84.510002,82.93,83.720001,1005100,82.39213
2016-02-16,83.639999,84.629997,83.230003,84.540001,1353700,83.199124
2016-02-17,84.550003,84.830002,83.57,84.220001,1315100,82.8842
2016-02-18,84.370003,85.690002,84.040001,85.139999,997900,83.789606
2016-02-19,84.949997,85.209999,84.110001,84.720001,873500,83.37627
2016-02-22,85.019997,85.75,84.690002,85.389999,800000,84.035641
2016-02-23,84.970001,86.050003,84.720001,85.760002,664000,84.399775
2016-02-24,85.690002,86.389999,85.199997,86.059998,685700,84.695012
2016-02-25,86.330002,87.040001,86.0,86.970001,568900,85.590583
2016-02-26,86.459999,86.730003,84.260002,84.290001,1152800,82.953089
2016-02-29,84.199997,85.010002,84.010002,84.120003,1250100,82.785788
2016-03-01,84.610001,84.800003,83.150002,83.830002,1358800,82.500386
2016-03-02,83.459999,84.150002,81.75,84.059998,1067100,82.726734
2016-03-03,84.25,84.25,82.599998,84.010002,1183800,82.677532
2016-03-04,83.580002,85.080002,83.269997,84.860001,918500,83.514048
2016-03-07,84.529999,86.18,84.389999,86.169998,1258400,84.803268
2016-03-08,86.220001,87.599998,85.730003,87.260002,1489700,85.875984
2016-03-09,88.330002,88.580002,87.589996,87.93,1117000,86.535355
2016-03-10,87.699997,88.32,87.190002,88.0,810900,86.604245
2016-03-11,88.480003,88.830002,87.849998,88.25,951800,86.850279
2016-03-14,88.150002,88.529999,87.629997,88.059998,603600,86.663291
2016-03-15,87.75,88.720001,87.690002,88.370003,692500,86.968379
2016-03-16,87.959999,89.720001,87.32,89.480003,1148700,88.060774
2016-03-17,89.099998,89.709999,88.309998,89.459999,1432100,88.765257
2016-03-18,89.669998,89.790001,88.620003,88.910004,2058900,88.219533
2016-03-21,88.489998,89.309998,87.720001,88.910004,687800,88.219533
2016-03-22,88.800003,89.309998,88.260002,88.370003,846900,87.683726
2016-03-23,88.440002,89.709999,87.919998,89.389999,956100,88.695801
2016-03-24,88.989998,89.620003,88.739998,89.459999,739100,88.765257
2016-03-28,89.5,90.029999,88.910004,89.279999,594700,88.586655
2016-03-29,89.260002,90.910004,88.940002,90.870003,891300,90.164311
2016-03-30,90.93,91.0,90.25,90.720001,679700,90.015474
2016-03-31,90.720001,90.93,90.190002,90.660004,1087000,89.955943
2016-04-01,90.620003,91.199997,89.940002,91.050003,1110800,90.342913
2016-04-04,91.050003,91.230003,89.839996,90.720001,939000,90.015474
2016-04-05,90.5,90.720001,88.919998,89.050003,1298600,88.358445
2016-04-06,88.93,89.239998,88.43,88.989998,790400,88.298906
2016-04-07,88.660004,89.32,88.540001,88.769997,999000,88.080613
2016-04-08,89.0,89.779999,88.550003,89.0,663600,88.308831
2016-04-11,89.080002,89.690002,88.559998,88.589996,848000,87.902011
2016-04-12,88.940002,89.230003,88.599998,89.089996,725600,88.398128
2016-04-13,89.400002,89.459999,88.0,88.690002,829400,88.00124
2016-04-14,88.57,88.900002,88.099998,88.279999,814600,87.594421
2016-04-15,88.580002,89.290001,88.139999,89.120003,813300,88.427901
2016-04-18,89.110001,89.32,88.489998,89.239998,753100,88.546965
2016-04-19,89.260002,89.580002,88.989998,89.550003,641600,88.854562
2016-04-20,89.5,89.800003,86.93,87.059998,699400,86.383894
2016-04-21,86.800003,86.959999,84.769997,85.07,1154400,84.40935
2016-04-22,85.550003,86.239998,85.209999,85.769997,778800,85.103911
2016-04-25,85.690002,86.279999,85.370003,86.269997,839700,85.600028
2016-04-26,86.190002,87.040001,85.470001,86.07,866300,85.401584
2016-04-27,86.459999,88.029999,85.830002,87.449997,944100,86.770865
2016-04-28,86.470001,88.129997,86.360001,88.050003,751300,87.366211
2016-04-29,87.559998,89.32,86.980003,89.160004,1633600,88.467592
2016-05-02,89.089996,90.489998,88.779999,90.129997,1383800,89.430052
2016-05-03,90.040001,90.540001,89.290001,89.699997,894100,89.003391
2016-05-04,89.510002,91.949997,89.510002,91.209999,1091100,90.501667
2016-05-05,90.949997,92.32,90.709999,91.099998,953300,90.392521
2016-05-06,91.080002,91.080002,89.559998,90.040001,1338300,89.340755
2016-05-09,90.230003,90.489998,89.809998,90.339996,1151900,89.638421
2016-05-10,90.639999,90.790001,90.050003,90.279999,793800,89.578889
2016-05-11,90.410004,90.82,89.669998,90.690002,765000,89.985709
2016-05-12,90.809998,91.57,90.239998,91.330002,628100,90.620738
2016-05-13,91.290001,91.410004,90.370003,90.870003,533000,90.164311
2016-05-16,90.709999,91.029999,90.160004,90.879997,481000,90.174228
2016-05-17,90.599998,90.760002,88.699997,89.120003,789500,88.427901
2016-05-18,88.519997,89.68,87.339996,87.720001,960100,87.038772
2016-05-19,87.389999,88.68,86.809998,88.650002,629800,87.96155
2016-05-20,88.970001,88.970001,88.120003,88.690002,773300,88.00124
2016-05-23,88.699997,88.790001,87.690002,87.75,478000,87.068538
2016-05-24,88.099998,89.349998,88.0,89.220001,687800,88.527123
2016-05-25,89.0,89.099998,88.360001,88.690002,757100,88.00124
2016-05-26,88.75,89.900002,88.43,89.720001,604300,89.02324
2016-05-27,89.809998,90.239998,89.440002,90.209999,564500,89.509433
2016-05-31,90.040001,90.769997,89.830002,90.68,1127800,89.975784
2016-06-01,90.599998,91.139999,90.419998,91.120003,698300,90.412369
2016-06-02,90.910004,91.110001,90.019997,91.110001,528800,90.402445
2016-06-03,92.0,93.269997,91.940002,92.830002,641200,92.109089
2016-06-06,92.830002,93.139999,92.139999,92.589996,633900,91.870947
2016-06-07,92.790001,93.260002,92.510002,92.699997,546600,91.980094
2016-06-08,92.709999,93.459999,92.370003,93.379997,606700,92.654813
2016-06-09,93.389999,94.230003,93.349998,94.050003,939500,93.319616
2016-06-10,93.989998,94.440002,93.529999,93.910004,669900,93.180703
2016-06-13,94.0,94.370003,93.709999,93.830002,775200,93.101323
2016-06-14,93.919998,95.029999,93.43,94.980003,1010700,94.242394
2016-06-15,95.029999,95.029999,93.559998,94.0,835100,93.270001
2016-06-16,92.779999,94.160004,92.779999,93.940002,919400,93.940002
2016-06-17,94.07,94.489998,93.330002,94.379997,1271300,94.379997
2016-06-20,94.290001,94.489998,93.089996,93.910004,817500,93.910004
2016-06-21,93.910004,94.610001,93.349998,94.029999,614100,94.029999
2016-06-22,94.269997,94.269997,93.580002,93.75,677400,93.75
2016-06-23,93.910004,94.080002,93.279999,94.059998,867200,94.059998
2016-06-24,93.449997,96.529999,93.349998,95.580002,1862700,95.580002
2016-06-27,95.360001,96.949997,95.360001,96.489998,1479100,96.489998
2016-06-28,96.489998,96.900002,95.410004,96.790001,1277800,96.790001
2016-06-29,97.139999,97.57,96.739998,97.099998,813500,97.099998
2016-06-30,97.279999,99.129997,97.059998,99.120003,1432000,99.120003
2016-07-01,99.639999,100.0,98.269997,99.279999,1142900,99.279999
2016-07-05,99.379997,100.260002,99.269997,100.099998,1038700,100.099998
2016-07-06,100.139999,100.449997,99.339996,99.949997,1038500,99.949997
2016-07-07,99.690002,100.019997,97.940002,98.190002,752400,98.190002
2016-07-08,97.889999,99.169998,97.019997,99.139999,841900,99.139999
2016-07-11,98.75,99.019997,97.660004,98.959999,497400,98.959999
2016-07-12,98.150002,98.669998,97.32,97.68,712500,97.68
2016-07-13,98.18,98.470001,97.870003,98.099998,965100,98.099998
2016-07-14,97.489998,97.980003,96.870003,97.089996,1159300,97.089996
2016-07-15,97.260002,97.800003,97.099998,97.660004,1001300,97.660004
2016-07-18,97.860001,98.400002,97.790001,97.980003,556400,97.980003
2016-07-19,98.059998,98.400002,97.589996,98.050003,562700,98.050003
2016-07-20,98.0,98.290001,97.349998,97.529999,427700,97.529999
2016-07-21,97.25,98.480003,96.959999,98.360001,724300,98.360001
2016-07-22,98.290001,99.699997,98.18,99.410004,956500,99.410004
2016-07-25,99.120003,99.400002,98.529999,98.82,1223100,98.82
2016-07-26,99.18,99.290001,97.879997,98.0,1255900,98.0
2016-07-27,98.029999,98.110001,96.57,97.230003,1282700,97.230003
2016-07-28,97.269997,97.68,96.949997,97.099998,1835400,97.099998
2016-07-29,97.019997,97.68,97.019997,97.519997,2468600,97.519997
